-image-yazkc-11,-image-yazkc-11_2,text-sm,inline-block,text-xs/sp14,font-medium,truncate,img,text-xs/sp14_2,text-xs,pointer-events-none,pointer-events-none_2,align-middle,w-auto,text-white,text-shopee-primary,pointer-events-none_3,_container,_container_link
https://down-id.img.susercontent.com/file/id-11134207-82251-mitwphkmcqo7e3,https://down-id.img.susercontent.com/file/id-11134258-7ra0q-mbesqwmkb0gu9c,Asus Zenfone Go 1/8 Gb WIFI ONLY | NEW,https://deo.shopeemobile.com/shopee/modules-federation/live/0/shopee__item-card-standard-v2/0.2.8/pc/a425c915798471b33e5d.png,Rp,199.000,Produk Baru,https://deo.shopeemobile.com/shopee/modules-federation/live/0/shopee__item-card-standard-v2/0.2.8/pc/d7099d3fd1dfdaf705ab.svg,5.0,8 Terjual,https://deo.shopeemobile.com/shopee/modules-federation/live/0/shopee__item-card-standard-v2/0.2.8/pc/76dff349290d20891fc1.svg,https://deo.shopeemobile.com/shopee/modules-federation/live/0/shopee__item-card-standard-v2/0.2.8/pc/5dd7b4560d0e2d3190e8.svg,Jakarta Barat,,,,,"Scrape to BigSeller
Asus Zenfone Go 1/8 Gb WIFI ONLY | NEW
Rp
199.000
Produk Baru
5.0
8 Terjual
3-4 Hari
Jakarta Barat",https://shopee.co.id/Asus-Zenfone-Go-1-8-Gb-WIFI-ONLY-NEW-i.729746479.42527627650?extraParams=%7B%22display_model_id%22%3A400369535242%2C%22model_selection_logic%22%3A3%7D&sp_atk=895a326a-cf07-4db1-9143-7aae4d4e5e17&xptdk=895a326a-cf07-4db1-9143-7aae4d4e5e17
https://down-id.img.susercontent.com/file/id-11134207-82250-mjcdx40um03rfa,https://down-id.img.susercontent.com/file/id-11134258-822wr-mlx67rtd6r602f,Handphone Asus Z007 ZENFONE C 1/8 GB Second Original,https://deo.shopeemobile.com/shopee/modules-federation/live/0/shopee__item-card-standard-v2/0.2.8/pc/a425c915798471b33e5d.png,Rp,135.000,Produk Baru,https://deo.shopeemobile.com/shopee/modules-federation/live/0/shopee__item-card-standard-v2/0.2.8/pc/d7099d3fd1dfdaf705ab.svg,5.0,4 Terjual,https://deo.shopeemobile.com/shopee/modules-federation/live/0/shopee__item-card-standard-v2/0.2.8/pc/76dff349290d20891fc1.svg,https://deo.shopeemobile.com/shopee/modules-federation/live/0/shopee__item-card-standard-v2/0.2.8/pc/5dd7b4560d0e2d3190e8.svg,Kab. Bogor,,,,,"Scrape to BigSeller
Handphone Asus Z007 ZENFONE C 1/8 GB Second Original
Rp
135.000
Produk Baru
5.0
4 Terjual
3-4 Hari
Kab. Bogor",https://shopee.co.id/Handphone-Asus-Z007-ZENFONE-C-1-8-GB-Second-Original-i.445423666.55254448541?extraParams=%7B%22display_model_id%22%3A355417321264%2C%22model_selection_logic%22%3A3%7D&sp_atk=9ecd2c7f-0cbb-4e06-aa5b-28bd80bf5e38&xptdk=9ecd2c7f-0cbb-4e06-aa5b-28bd80bf5e38
https://down-id.img.susercontent.com/file/id-11134207-7rbkc-m9ed3u1ard9p4b,https://down-id.img.susercontent.com/file/id-11134258-7ra0q-mbesqwmkb0gu9c,ASUS ZENFONE 4 MAX 3/32GB & ASUS ZENFONE 4 MAX PRO 3/32GB,https://deo.shopeemobile.com/shopee/modules-federation/live/0/shopee__item-card-standard-v2/0.2.8/pc/a425c915798471b33e5d.png,Rp,399.000,,https://deo.shopeemobile.com/shopee/modules-federation/live/0/shopee__item-card-standard-v2/0.2.8/pc/d7099d3fd1dfdaf705ab.svg,3.9,20 Terjual,https://deo.shopeemobile.com/shopee/modules-federation/live/0/shopee__item-card-standard-v2/0.2.8/pc/38e203dc86172a6c6560.svg,https://deo.shopeemobile.com/shopee/modules-federation/live/0/shopee__item-card-standard-v2/0.2.8/pc/5dd7b4560d0e2d3190e8.svg,Jakarta Barat,https://deo.shopeemobile.com/shopee/modules-federation/live/0/shopee__item-card-standard-v2/0.2.8/pc/0614b8f0a8fdde22942d.svg,< 2 Hari,,,"Scrape to BigSeller
ASUS ZENFONE 4 MAX 3/32GB & ASUS ZENFONE 4 MAX PRO 3/32GB
Rp
399.000
3.9
20 Terjual
< 2 Hari
Jakarta Barat",https://shopee.co.id/ASUS-ZENFONE-4-MAX-3-32GB-ASUS-ZENFONE-4-MAX-PRO-3-32GB-i.729746479.24195005421?extraParams=%7B%22display_model_id%22%3A248416035849%2C%22model_selection_logic%22%3A3%7D&sp_atk=bef901f6-d9f7-4d0b-9d0c-5fa945c02f8b&xptdk=bef901f6-d9f7-4d0b-9d0c-5fa945c02f8b
https://down-id.img.susercontent.com/file/id-11134207-8224s-mjnmdpyx7xtt39,https://down-id.img.susercontent.com/file/id-11134258-8224v-mkvw0cu9r7k1a5,Asus Zenfone Max M2 Android Gaming SD Gen6,,Rp,455.000,,https://deo.shopeemobile.com/shopee/modules-federation/live/0/shopee__item-card-standard-v2/0.2.8/pc/d7099d3fd1dfdaf705ab.svg,5.0,2 Terjual,https://deo.shopeemobile.com/shopee/modules-federation/live/0/shopee__item-card-standard-v2/0.2.8/pc/38e203dc86172a6c6560.svg,https://deo.shopeemobile.com/shopee/modules-federation/live/0/shopee__item-card-standard-v2/0.2.8/pc/5dd7b4560d0e2d3190e8.svg,Kab. Bogor,https://deo.shopeemobile.com/shopee/modules-federation/live/0/shopee__item-card-standard-v2/0.2.8/pc/0614b8f0a8fdde22942d.svg,< 2 Hari,,,"Scrape to BigSeller
Asus Zenfone Max M2 Android Gaming SD Gen6
Rp
455.000
5.0
2 Terjual
< 2 Hari
Kab. Bogor",https://shopee.co.id/Asus-Zenfone-Max-M2-Android-Gaming-SD-Gen6-i.140878459.45504930799?extraParams=%7B%22display_model_id%22%3A216357818104%2C%22model_selection_logic%22%3A3%7D&sp_atk=ccc1f0d4-8666-4ec4-a00f-ba05c8b2166d&xptdk=ccc1f0d4-8666-4ec4-a00f-ba05c8b2166d
https://down-id.img.susercontent.com/file/id-11134207-7ra0k-mdl37y86va9g10,https://down-id.img.susercontent.com/file/id-11134258-7ra0q-mbesqwmkb0gu9c,ASUS ZENFONE 2 LASER 3/32GB NEW,https://deo.shopeemobile.com/shopee/modules-federation/live/0/shopee__item-card-standard-v2/0.2.8/pc/a425c915798471b33e5d.png,Rp,349.000,,https://deo.shopeemobile.com/shopee/modules-federation/live/0/shopee__item-card-standard-v2/0.2.8/pc/d7099d3fd1dfdaf705ab.svg,4.3,7 Terjual,https://deo.shopeemobile.com/shopee/modules-federation/live/0/shopee__item-card-standard-v2/0.2.8/pc/38e203dc86172a6c6560.svg,https://deo.shopeemobile.com/shopee/modules-federation/live/0/shopee__item-card-standard-v2/0.2.8/pc/5dd7b4560d0e2d3190e8.svg,Jakarta Barat,https://deo.shopeemobile.com/shopee/modules-federation/live/0/shopee__item-card-standard-v2/0.2.8/pc/0614b8f0a8fdde22942d.svg,< 2 Hari,,,"Scrape to BigSeller
ASUS ZENFONE 2 LASER 3/32GB NEW
Rp
349.000
4.3
7 Terjual
< 2 Hari
Jakarta Barat",https://shopee.co.id/ASUS-ZENFONE-2-LASER-3-32GB-NEW-i.729746479.42113848800?extraParams=%7B%22display_model_id%22%3A281144727668%2C%22model_selection_logic%22%3A3%7D&sp_atk=d33b720c-c1d6-4815-9cee-4d39d5b144c5&xptdk=d33b720c-c1d6-4815-9cee-4d39d5b144c5
https://down-id.img.susercontent.com/file/39363a696e573a873597d85574bda048,https://down-id.img.susercontent.com/file/id-11134258-822wr-mlx67rtd6r602f,ASUS Zenfone Flash,https://deo.shopeemobile.com/shopee/modules-federation/live/0/shopee__item-card-standard-v2/0.2.8/pc/e4734dab67ee2f9ebd5a.png,Rp,9.000,,https://deo.shopeemobile.com/shopee/modules-federation/live/0/shopee__item-card-standard-v2/0.2.8/pc/d7099d3fd1dfdaf705ab.svg,4.9,155 Terjual,https://deo.shopeemobile.com/shopee/modules-federation/live/0/shopee__item-card-standard-v2/0.2.8/pc/38e203dc86172a6c6560.svg,https://deo.shopeemobile.com/shopee/modules-federation/live/0/shopee__item-card-standard-v2/0.2.8/pc/5dd7b4560d0e2d3190e8.svg,Jakarta Pusat,https://deo.shopeemobile.com/shopee/modules-federation/live/0/shopee__item-card-standard-v2/0.2.8/pc/0614b8f0a8fdde22942d.svg,< 2 Hari,,,"Scrape to BigSeller
ASUS Zenfone Flash
Rp
9.000
4.9
155 Terjual
< 2 Hari
Jakarta Pusat",https://shopee.co.id/ASUS-Zenfone-Flash-i.33282566.894355700?extraParams=%7B%22display_model_id%22%3A31161715678%2C%22model_selection_logic%22%3A2%7D&sp_atk=e194e4ef-34b3-442f-a6b3-18f3e8c99ab5&xptdk=e194e4ef-34b3-442f-a6b3-18f3e8c99ab5
https://down-id.img.susercontent.com/file/id-11134207-8224r-mgt3alnt340bd3,https://down-id.img.susercontent.com/file/id-11134258-7ra0q-mbesqwmkb0gu9c,ASUS ZENFONE 2 2/16 GB | (ZE550ML),https://deo.shopeemobile.com/shopee/modules-federation/live/0/shopee__item-card-standard-v2/0.2.8/pc/a425c915798471b33e5d.png,Rp,299.000,,https://deo.shopeemobile.com/shopee/modules-federation/live/0/shopee__item-card-standard-v2/0.2.8/pc/0614b8f0a8fdde22942d.svg,,< 2 Hari,https://deo.shopeemobile.com/shopee/modules-federation/live/0/shopee__item-card-standard-v2/0.2.8/pc/38e203dc86172a6c6560.svg,https://deo.shopeemobile.com/shopee/modules-federation/live/0/shopee__item-card-standard-v2/0.2.8/pc/5dd7b4560d0e2d3190e8.svg,Jakarta Barat,https://deo.shopeemobile.com/shopee/modules-federation/live/0/shopee__item-card-standard-v2/0.2.8/pc/0614b8f0a8fdde22942d.svg,< 2 Hari,,,"Scrape to BigSeller
ASUS ZENFONE 2 2/16 GB | (ZE550ML)
Rp
299.000
< 2 Hari
Jakarta Barat",https://shopee.co.id/ASUS-ZENFONE-2-2-16-GB-(ZE550ML)-i.729746479.52451018158?extraParams=%7B%22display_model_id%22%3A365092433462%2C%22model_selection_logic%22%3A3%7D&sp_atk=2e0e1bf5-c5bf-4249-b225-c5402cfb864a&xptdk=2e0e1bf5-c5bf-4249-b225-c5402cfb864a
https://down-id.img.susercontent.com/file/id-11134207-822wp-mmerlsgdyio80f,https://down-id.img.susercontent.com/file/id-11134258-8224v-mkvw0cu9r7k1a5,Asus Zenfone Live,,Rp,275.000,,https://deo.shopeemobile.com/shopee/modules-federation/live/0/shopee__item-card-standard-v2/0.2.8/pc/0614b8f0a8fdde22942d.svg,,< 2 Hari,https://deo.shopeemobile.com/shopee/modules-federation/live/0/shopee__item-card-standard-v2/0.2.8/pc/38e203dc86172a6c6560.svg,https://deo.shopeemobile.com/shopee/modules-federation/live/0/shopee__item-card-standard-v2/0.2.8/pc/5dd7b4560d0e2d3190e8.svg,Kab. Bogor,https://deo.shopeemobile.com/shopee/modules-federation/live/0/shopee__item-card-standard-v2/0.2.8/pc/0614b8f0a8fdde22942d.svg,< 2 Hari,,,"Scrape to BigSeller
Asus Zenfone Live
Rp
275.000
< 2 Hari
Kab. Bogor",https://shopee.co.id/Asus-Zenfone-Live-i.140878459.42129604751?extraParams=%7B%22display_model_id%22%3A59602913925%2C%22model_selection_logic%22%3A3%7D&sp_atk=92974eaa-6e47-4393-8e6a-6fd5f6a55b97&xptdk=92974eaa-6e47-4393-8e6a-6fd5f6a55b97
https://down-id.img.susercontent.com/file/sg-11134201-22090-8ern53kqvthv1c,https://down-id.img.susercontent.com/file/id-11134258-8224v-mkvw0cu9r7k1a5,ASSUS ZENFONE C/ASSUS_Z007 NORMAL SIAP PAKAI,,Rp,200.000,,https://deo.shopeemobile.com/shopee/modules-federation/live/0/shopee__item-card-standard-v2/0.2.8/pc/d7099d3fd1dfdaf705ab.svg,5.0,2 Terjual,https://deo.shopeemobile.com/shopee/modules-federation/live/0/shopee__item-card-standard-v2/0.2.8/pc/76dff349290d20891fc1.svg,https://deo.shopeemobile.com/shopee/modules-federation/live/0/shopee__item-card-standard-v2/0.2.8/pc/5dd7b4560d0e2d3190e8.svg,Kab. Cirebon,,,,,"Scrape to BigSeller
ASSUS ZENFONE C/ASSUS_Z007 NORMAL SIAP PAKAI
Rp
200.000
5.0
2 Terjual
3-4 Hari
Kab. Cirebon",https://shopee.co.id/ASSUS-ZENFONE-C-ASSUS_Z007-NORMAL-SIAP-PAKAI-i.865048652.19148946633?extraParams=%7B%22display_model_id%22%3A164574696574%2C%22model_selection_logic%22%3A3%7D&sp_atk=a91def88-af34-4fe5-ad97-fa3c25d581b9&xptdk=a91def88-af34-4fe5-ad97-fa3c25d581b9
https://down-id.img.susercontent.com/file/id-11134207-7rbk3-m9gwf175vouq1e,https://down-id.img.susercontent.com/file/id-11134258-7ra0q-mbesqwmkb0gu9c,ASUS ZENFONE MAX PLUS 4/64GB NEW 100%,https://deo.shopeemobile.com/shopee/modules-federation/live/0/shopee__item-card-standard-v2/0.2.8/pc/a425c915798471b33e5d.png,Rp,599.000,,https://deo.shopeemobile.com/shopee/modules-federation/live/0/shopee__item-card-standard-v2/0.2.8/pc/d7099d3fd1dfdaf705ab.svg,3.0,6 Terjual,https://deo.shopeemobile.com/shopee/modules-federation/live/0/shopee__item-card-standard-v2/0.2.8/pc/38e203dc86172a6c6560.svg,https://deo.shopeemobile.com/shopee/modules-federation/live/0/shopee__item-card-standard-v2/0.2.8/pc/5dd7b4560d0e2d3190e8.svg,Jakarta Barat,https://deo.shopeemobile.com/shopee/modules-federation/live/0/shopee__item-card-standard-v2/0.2.8/pc/0614b8f0a8fdde22942d.svg,< 2 Hari,,,"Scrape to BigSeller
ASUS ZENFONE MAX PLUS 4/64GB NEW 100%
Rp
599.000
3.0
6 Terjual
< 2 Hari
Jakarta Barat",https://shopee.co.id/ASUS-ZENFONE-MAX-PLUS-4-64GB-NEW-100--i.729746479.26836293962?extraParams=%7B%22display_model_id%22%3A186073867091%2C%22model_selection_logic%22%3A3%7D&sp_atk=65109d70-a5c1-4729-98b5-24794735ab31&xptdk=65109d70-a5c1-4729-98b5-24794735ab31
https://down-id.img.susercontent.com/file/id-11134207-822ws-mm91ea0ivojo9a,https://down-id.img.susercontent.com/file/id-11134258-7r98w-lyezzaurybot13,Asus Zenfone L1 2/16 (Android 8),,Rp,250.000,,,,4-8 Hari,https://deo.shopeemobile.com/shopee/modules-federation/live/0/shopee__item-card-standard-v2/0.2.8/pc/76dff349290d20891fc1.svg,https://deo.shopeemobile.com/shopee/modules-federation/live/0/shopee__item-card-standard-v2/0.2.8/pc/5dd7b4560d0e2d3190e8.svg,Jakarta Timur,,,,,"Scrape to BigSeller
Asus Zenfone L1 2/16 (Android 8)
Rp
250.000
4-8 Hari
Jakarta Timur",https://shopee.co.id/Asus-Zenfone-L1-2-16-(Android-8)-i.184154009.40829512094?extraParams=%7B%22display_model_id%22%3A420684707290%2C%22model_selection_logic%22%3A3%7D&sp_atk=60eb4196-58ad-4f0f-92e2-7e93e01c8777&xptdk=60eb4196-58ad-4f0f-92e2-7e93e01c8777
https://down-id.img.susercontent.com/file/id-11134207-8224w-mjmfq2gbpm9x3a,https://down-id.img.susercontent.com/file/id-11134258-822wr-mlx67rtd6r602f,Asus Z007 ZENFONE C 1/8 GB Second Original,https://deo.shopeemobile.com/shopee/modules-federation/live/0/shopee__item-card-standard-v2/0.2.8/pc/a425c915798471b33e5d.png,Rp,135.000,Produk Baru,https://deo.shopeemobile.com/shopee/modules-federation/live/0/shopee__item-card-standard-v2/0.2.8/pc/d7099d3fd1dfdaf705ab.svg,3.5,4 Terjual,https://deo.shopeemobile.com/shopee/modules-federation/live/0/shopee__item-card-standard-v2/0.2.8/pc/38e203dc86172a6c6560.svg,https://deo.shopeemobile.com/shopee/modules-federation/live/0/shopee__item-card-standard-v2/0.2.8/pc/5dd7b4560d0e2d3190e8.svg,Kab. Bogor,https://deo.shopeemobile.com/shopee/modules-federation/live/0/shopee__item-card-standard-v2/0.2.8/pc/0614b8f0a8fdde22942d.svg,< 2 Hari,,,"Scrape to BigSeller
Asus Z007 ZENFONE C 1/8 GB Second Original
Rp
135.000
Produk Baru
3.5
4 Terjual
< 2 Hari
Kab. Bogor",https://shopee.co.id/Asus-Z007-ZENFONE-C-1-8-GB-Second-Original-i.445423666.45254463318?extraParams=%7B%22display_model_id%22%3A445417139367%2C%22model_selection_logic%22%3A3%7D&sp_atk=ddcec8da-5191-472c-a072-0d510832ffde&xptdk=ddcec8da-5191-472c-a072-0d510832ffde
https://down-id.img.susercontent.com/file/id-11134207-8224w-mhmo5g76iy9t44,https://down-id.img.susercontent.com/file/id-11134258-7r98w-lyezzaurybot13,Asus zenfone selfie 3/32GB,,Rp,215.000,,https://deo.shopeemobile.com/shopee/modules-federation/live/0/shopee__item-card-standard-v2/0.2.8/pc/0614b8f0a8fdde22942d.svg,,< 2 Hari,https://deo.shopeemobile.com/shopee/modules-federation/live/0/shopee__item-card-standard-v2/0.2.8/pc/38e203dc86172a6c6560.svg,https://deo.shopeemobile.com/shopee/modules-federation/live/0/shopee__item-card-standard-v2/0.2.8/pc/5dd7b4560d0e2d3190e8.svg,Kab. Bogor,https://deo.shopeemobile.com/shopee/modules-federation/live/0/shopee__item-card-standard-v2/0.2.8/pc/0614b8f0a8fdde22942d.svg,< 2 Hari,,,"Scrape to BigSeller
Asus zenfone selfie 3/32GB
Rp
215.000
< 2 Hari
Kab. Bogor",https://shopee.co.id/Asus-zenfone-selfie-3-32GB-i.1090067830.51852298610?extraParams=%7B%22display_model_id%22%3A415222510281%2C%22model_selection_logic%22%3A3%7D&sp_atk=a479cf81-8c53-4084-ac91-837badbd6278&xptdk=a479cf81-8c53-4084-ac91-837badbd6278
https://down-id.img.susercontent.com/file/id-11134207-822wu-mmzn45tfc8ardb,https://down-id.img.susercontent.com/file/id-11134258-822wr-mlx5y0tebegw04,"Asus Zenfone 5Q 4/64 - Warna White, Ex Garansi Resmi",https://deo.shopeemobile.com/shopee/modules-federation/live/0/shopee__item-card-standard-v2/0.2.8/pc/e4734dab67ee2f9ebd5a.png,Rp,625.000,,https://deo.shopeemobile.com/shopee/modules-federation/live/0/shopee__item-card-standard-v2/0.2.8/pc/0614b8f0a8fdde22942d.svg,,Besok 10:00,https://deo.shopeemobile.com/shopee/modules-federation/live/0/shopee__item-card-standard-v2/0.2.8/pc/38e203dc86172a6c6560.svg,https://deo.shopeemobile.com/shopee/modules-federation/live/0/shopee__item-card-standard-v2/0.2.8/pc/5dd7b4560d0e2d3190e8.svg,Surabaya,https://deo.shopeemobile.com/shopee/modules-federation/live/0/shopee__item-card-standard-v2/0.2.8/pc/0614b8f0a8fdde22942d.svg,Besok 10:00,,,"Scrape to BigSeller
Asus Zenfone 5Q 4/64 - Warna White, Ex Garansi Resmi
Rp
625.000
Besok 10:00
Surabaya",https://shopee.co.id/Asus-Zenfone-5Q-4-64-Warna-White-Ex-Garansi-Resmi-i.53835126.45008745222?extraParams=%7B%22display_model_id%22%3A360773642670%2C%22model_selection_logic%22%3A3%7D&sp_atk=58bb6067-f89f-4828-97ff-8529467abef5&xptdk=58bb6067-f89f-4828-97ff-8529467abef5
https://down-id.img.susercontent.com/file/id-11134207-8224w-mgvtsdim86bs07,https://down-id.img.susercontent.com/file/id-11134258-7r98w-lyezzaurybot13,Asus Zenfone 4 Selfie Pro ZD552KL Smartphone - Deepsea Black [64 GB/4 GB],,Rp,500.000,,https://deo.shopeemobile.com/shopee/modules-federation/live/0/shopee__item-card-standard-v2/0.2.8/pc/d7099d3fd1dfdaf705ab.svg,4.9,24 Terjual,,https://deo.shopeemobile.com/shopee/modules-federation/live/0/shopee__item-card-standard-v2/0.2.8/pc/5dd7b4560d0e2d3190e8.svg,Bandung,,,,,"Scrape to BigSeller
Asus Zenfone 4 Selfie Pro ZD552KL Smartphone - Deepsea Black [64 GB/4 GB]
Rp
500.000
4.9
24 Terjual
Bandung",https://shopee.co.id/Asus-Zenfone-4-Selfie-Pro-ZD552KL-Smartphone-Deepsea-Black-64-GB-4-GB--i.1672921671.45801120706?extraParams=%7B%22display_model_id%22%3A355099107868%2C%22model_selection_logic%22%3A3%7D&sp_atk=195300a0-8566-46f7-b86a-371f2671c212&xptdk=195300a0-8566-46f7-b86a-371f2671c212
https://down-id.img.susercontent.com/file/id-11134207-7rbk8-maqsz19fxp6ce4,https://down-id.img.susercontent.com/file/id-11134258-8224v-mkvw0cu9r7k1a5,Asus Zenfone max pro m1,https://deo.shopeemobile.com/shopee/modules-federation/live/0/shopee__item-card-standard-v2/0.2.8/pc/a425c915798471b33e5d.png,Rp,965.000,,https://deo.shopeemobile.com/shopee/modules-federation/live/0/shopee__item-card-standard-v2/0.2.8/pc/d7099d3fd1dfdaf705ab.svg,4.9,45 Terjual,https://deo.shopeemobile.com/shopee/modules-federation/live/0/shopee__item-card-standard-v2/0.2.8/pc/76dff349290d20891fc1.svg,https://deo.shopeemobile.com/shopee/modules-federation/live/0/shopee__item-card-standard-v2/0.2.8/pc/5dd7b4560d0e2d3190e8.svg,Kab. Banyumas,,,,,"Scrape to BigSeller
Asus Zenfone max pro m1
Rp
965.000
4.9
45 Terjual
3-4 Hari
Kab. Banyumas",https://shopee.co.id/Asus-Zenfone-max-pro-m1-i.218859869.27184450554?extraParams=%7B%22display_model_id%22%3A296096157119%2C%22model_selection_logic%22%3A3%7D&sp_atk=cf34a3e3-9f8b-496e-adde-32c12d651b0b&xptdk=cf34a3e3-9f8b-496e-adde-32c12d651b0b
https://down-id.img.susercontent.com/file/id-11134207-7rbk4-m8uhos7555al1c,https://down-id.img.susercontent.com/file/id-11134258-8224v-mkvw0cu9r7k1a5,ASUS ZENFONE MAX PRO M1 Ram 3/32,https://deo.shopeemobile.com/shopee/modules-federation/live/0/shopee__item-card-standard-v2/0.2.8/pc/a425c915798471b33e5d.png,Rp,482.000,,https://deo.shopeemobile.com/shopee/modules-federation/live/0/shopee__item-card-standard-v2/0.2.8/pc/d7099d3fd1dfdaf705ab.svg,4.7,43 Terjual,https://deo.shopeemobile.com/shopee/modules-federation/live/0/shopee__item-card-standard-v2/0.2.8/pc/76dff349290d20891fc1.svg,https://deo.shopeemobile.com/shopee/modules-federation/live/0/shopee__item-card-standard-v2/0.2.8/pc/5dd7b4560d0e2d3190e8.svg,Kab. Banyumas,,,,,"Scrape to BigSeller
ASUS ZENFONE MAX PRO M1 Ram 3/32
Rp
482.000
4.7
43 Terjual
3-4 Hari
Kab. Banyumas",https://shopee.co.id/ASUS-ZENFONE-MAX-PRO-M1-Ram-3-32-i.218859869.26984292874?extraParams=%7B%22display_model_id%22%3A109478525028%2C%22model_selection_logic%22%3A3%7D&sp_atk=b03c57f4-03e7-448d-984e-f4725b9a7462&xptdk=b03c57f4-03e7-448d-984e-f4725b9a7462
https://down-id.img.susercontent.com/file/sg-11134201-7rdws-md8nsck3svny0d,https://down-id.img.susercontent.com/file/id-11134258-8224v-mkvw0cu9r7k1a5,Asus Zenfone 2 ZE551ML 4GB 32GB Original Resmi Eks Garansi TAM,https://deo.shopeemobile.com/shopee/modules-federation/live/0/shopee__item-card-standard-v2/0.2.8/pc/a425c915798471b33e5d.png,Rp,599.000,,https://deo.shopeemobile.com/shopee/modules-federation/live/0/shopee__item-card-standard-v2/0.2.8/pc/0614b8f0a8fdde22942d.svg,,1 Terjual,https://deo.shopeemobile.com/shopee/modules-federation/live/0/shopee__item-card-standard-v2/0.2.8/pc/38e203dc86172a6c6560.svg,https://deo.shopeemobile.com/shopee/modules-federation/live/0/shopee__item-card-standard-v2/0.2.8/pc/5dd7b4560d0e2d3190e8.svg,Jakarta Barat,https://deo.shopeemobile.com/shopee/modules-federation/live/0/shopee__item-card-standard-v2/0.2.8/pc/0614b8f0a8fdde22942d.svg,< 2 Hari,,,"Scrape to BigSeller
Asus Zenfone 2 ZE551ML 4GB 32GB Original Resmi Eks Garansi TAM
Rp
599.000
1 Terjual
< 2 Hari
Jakarta Barat",https://shopee.co.id/Asus-Zenfone-2-ZE551ML-4GB-32GB-Original-Resmi-Eks-Garansi-TAM-i.736803387.40962173891?extraParams=%7B%22display_model_id%22%3A216197665577%2C%22model_selection_logic%22%3A3%7D&sp_atk=cf3ca122-4e2c-4a61-aef3-588a552d1b3a&xptdk=cf3ca122-4e2c-4a61-aef3-588a552d1b3a
https://down-id.img.susercontent.com/file/id-11134207-7quky-lijf5belchyk03,https://down-id.img.susercontent.com/file/id-11134258-7r98w-lyezzaurybot13,Asus Go,,Rp,98.999,Grosir,https://deo.shopeemobile.com/shopee/modules-federation/live/0/shopee__item-card-standard-v2/0.2.8/pc/d7099d3fd1dfdaf705ab.svg,1.0,3 Terjual,https://deo.shopeemobile.com/shopee/modules-federation/live/0/shopee__item-card-standard-v2/0.2.8/pc/76dff349290d20891fc1.svg,https://deo.shopeemobile.com/shopee/modules-federation/live/0/shopee__item-card-standard-v2/0.2.8/pc/5dd7b4560d0e2d3190e8.svg,Kab. Banyuwangi,,,,,"Scrape to BigSeller
Asus Go
Rp
98.999
Grosir
1.0
3 Terjual
2-3 Hari
Kab. Banyuwangi",https://shopee.co.id/Asus-Go-i.1022787150.22246612625?extraParams=%7B%22display_model_id%22%3A231747695567%2C%22model_selection_logic%22%3A3%7D&sp_atk=18e167f6-b9f2-4d31-9a6a-b34cc086d345&xptdk=18e167f6-b9f2-4d31-9a6a-b34cc086d345
https://down-id.img.susercontent.com/file/id-11134207-7r98w-lt3scq69mav1ce,https://down-id.img.susercontent.com/file/id-11134258-7r98w-lyezzaurybot13,ASUS ZENFONE MAX M2 stuck Fastboot,,Rp,250.000,,,,4-7 Hari,https://deo.shopeemobile.com/shopee/modules-federation/live/0/shopee__item-card-standard-v2/0.2.8/pc/76dff349290d20891fc1.svg,https://deo.shopeemobile.com/shopee/modules-federation/live/0/shopee__item-card-standard-v2/0.2.8/pc/5dd7b4560d0e2d3190e8.svg,Kab. Kendal,,,,,"Scrape to BigSeller
ASUS ZENFONE MAX M2 stuck Fastboot
Rp
250.000
4-7 Hari
Kab. Kendal",https://shopee.co.id/ASUS-ZENFONE-MAX-M2-stuck-Fastboot-i.30628655.25620003955?extraParams=%7B%22display_model_id%22%3A178115931936%2C%22model_selection_logic%22%3A3%7D&sp_atk=1545bf00-0174-4314-bacc-1ffe3d06625e&xptdk=1545bf00-0174-4314-bacc-1ffe3d06625e
https://down-id.img.susercontent.com/file/id-11134207-7rbk3-m8le0l1c4x6q60,https://down-id.img.susercontent.com/file/id-11134258-8224v-mkvw0cu9r7k1a5,Asus_Z00LDD Jaringan 4g ( Mentok Logo ),,Rp,85.000,,,,3-4 Hari,https://deo.shopeemobile.com/shopee/modules-federation/live/0/shopee__item-card-standard-v2/0.2.8/pc/76dff349290d20891fc1.svg,https://deo.shopeemobile.com/shopee/modules-federation/live/0/shopee__item-card-standard-v2/0.2.8/pc/5dd7b4560d0e2d3190e8.svg,Kab. Pemalang,,,,,"Scrape to BigSeller
Asus_Z00LDD Jaringan 4g ( Mentok Logo )
Rp
85.000
3-4 Hari
Kab. Pemalang",https://shopee.co.id/Asus_Z00LDD-Jaringan-4g-(-Mentok-Logo-)-i.742943218.28433468514?extraParams=%7B%22display_model_id%22%3A218426618643%2C%22model_selection_logic%22%3A3%7D&sp_atk=76a5c45e-7a80-448c-86d4-3fc95ea3f3ac&xptdk=76a5c45e-7a80-448c-86d4-3fc95ea3f3ac
https://down-id.img.susercontent.com/file/id-11134207-7r98q-lyz1q901lip43a,https://down-id.img.susercontent.com/file/id-11134258-8224v-mkvw0cu9r7k1a5,Asus Zenfone 2 Z008D keadaan nyala tampil logo saja,,Rp,120.000,,https://deo.shopeemobile.com/shopee/modules-federation/live/0/shopee__item-card-standard-v2/0.2.8/pc/d7099d3fd1dfdaf705ab.svg,5.0,9 Terjual,https://deo.shopeemobile.com/shopee/modules-federation/live/0/shopee__item-card-standard-v2/0.2.8/pc/76dff349290d20891fc1.svg,https://deo.shopeemobile.com/shopee/modules-federation/live/0/shopee__item-card-standard-v2/0.2.8/pc/5dd7b4560d0e2d3190e8.svg,Kab. Cirebon,,,,,"Scrape to BigSeller
Asus Zenfone 2 Z008D keadaan nyala tampil logo saja
Rp
120.000
5.0
9 Terjual
3-4 Hari
Kab. Cirebon",https://shopee.co.id/Asus-Zenfone-2-Z008D-keadaan-nyala-tampil-logo-saja-i.1078014028.29657991045?extraParams=%7B%22display_model_id%22%3A215525616002%2C%22model_selection_logic%22%3A3%7D&sp_atk=df78acc7-11da-4f51-b7f5-eda7d531d74a&xptdk=df78acc7-11da-4f51-b7f5-eda7d531d74a
https://down-id.img.susercontent.com/file/id-11134207-7qukz-lira9k2djqi56f,https://down-id.img.susercontent.com/file/id-11134258-822wr-mlx5y0tebegw04,ASUS ZEN3 MAX ZC553KL 2/32 GB 3/32GB ORIGINAL SEGEL,,Rp,699.000,,,,2-3 Hari,https://deo.shopeemobile.com/shopee/modules-federation/live/0/shopee__item-card-standard-v2/0.2.8/pc/76dff349290d20891fc1.svg,https://deo.shopeemobile.com/shopee/modules-federation/live/0/shopee__item-card-standard-v2/0.2.8/pc/5dd7b4560d0e2d3190e8.svg,Kab. Trenggalek,,,-46%,,"Scrape to BigSeller
ASUS ZEN3 MAX ZC553KL 2/32 GB 3/32GB ORIGINAL SEGEL
Rp
699.000
-46%
2-3 Hari
Kab. Trenggalek",https://shopee.co.id/ASUS-ZEN3-MAX-ZC553KL-2-32-GB-3-32GB-ORIGINAL-SEGEL-i.300033486.22147084039?extraParams=%7B%22display_model_id%22%3A167733891239%2C%22model_selection_logic%22%3A3%7D&sp_atk=43399313-757a-4fcd-97f1-9cba62297a1c&xptdk=43399313-757a-4fcd-97f1-9cba62297a1c
https://down-id.img.susercontent.com/file/id-11134207-7ra0k-mckh3oimafjr33,https://down-id.img.susercontent.com/file/id-11134258-8224v-mkvw0cu9r7k1a5,Asus ZenFone Live (L1) ZA550KL HP ANDROID SECOND NORMAL,https://deo.shopeemobile.com/shopee/modules-federation/live/0/shopee__item-card-standard-v2/0.2.8/pc/a425c915798471b33e5d.png,Rp,340.000,,https://deo.shopeemobile.com/shopee/modules-federation/live/0/shopee__item-card-standard-v2/0.2.8/pc/d7099d3fd1dfdaf705ab.svg,5.0,5 Terjual,https://deo.shopeemobile.com/shopee/modules-federation/live/0/shopee__item-card-standard-v2/0.2.8/pc/38e203dc86172a6c6560.svg,https://deo.shopeemobile.com/shopee/modules-federation/live/0/shopee__item-card-standard-v2/0.2.8/pc/5dd7b4560d0e2d3190e8.svg,Kab. Kudus,https://deo.shopeemobile.com/shopee/modules-federation/live/0/shopee__item-card-standard-v2/0.2.8/pc/0614b8f0a8fdde22942d.svg,< 2 Hari,,,"Scrape to BigSeller
Asus ZenFone Live (L1) ZA550KL HP ANDROID SECOND NORMAL
Rp
340.000
5.0
5 Terjual
< 2 Hari
Kab. Kudus",https://shopee.co.id/Asus-ZenFone-Live-(L1)-ZA550KL-HP-ANDROID-SECOND-NORMAL-i.333519876.15497722816?extraParams=%7B%22display_model_id%22%3A214390951461%2C%22model_selection_logic%22%3A3%7D&sp_atk=034dca69-42fa-48ac-ace4-82090776892d&xptdk=034dca69-42fa-48ac-ace4-82090776892d
https://down-id.img.susercontent.com/file/id-11134207-82251-mhfkui4932fec4,https://down-id.img.susercontent.com/file/id-11134258-8224v-mkvw0cu9r7k1a5,Hp Asus Zenfone Max M2,,Rp,700.000,,,,2-3 Hari,https://deo.shopeemobile.com/shopee/modules-federation/live/0/shopee__item-card-standard-v2/0.2.8/pc/76dff349290d20891fc1.svg,https://deo.shopeemobile.com/shopee/modules-federation/live/0/shopee__item-card-standard-v2/0.2.8/pc/5dd7b4560d0e2d3190e8.svg,Kab. Sidoarjo,,,,,"Scrape to BigSeller
Hp Asus Zenfone Max M2
Rp
700.000
2-3 Hari
Kab. Sidoarjo",https://shopee.co.id/Hp-Asus-Zenfone-Max-M2-i.265182382.55252015582?extraParams=%7B%22display_model_id%22%3A277196213312%2C%22model_selection_logic%22%3A3%7D&sp_atk=79e51437-3d1b-46fa-b579-0e04baac4442&xptdk=79e51437-3d1b-46fa-b579-0e04baac4442
https://down-id.img.susercontent.com/file/id-11134207-822wr-mmmuv22mnw27b3,https://down-id.img.susercontent.com/file/id-11134258-8224v-mkvw0cu9r7k1a5,Asus max 1 minus lcd dan bledor belakang,,Rp,249.000,,,,6 Terjual,https://deo.shopeemobile.com/shopee/modules-federation/live/0/shopee__item-card-standard-v2/0.2.8/pc/76dff349290d20891fc1.svg,https://deo.shopeemobile.com/shopee/modules-federation/live/0/shopee__item-card-standard-v2/0.2.8/pc/5dd7b4560d0e2d3190e8.svg,Kab. Cirebon,,,,,"Scrape to BigSeller
Asus max 1 minus lcd dan bledor belakang
Rp
249.000
6 Terjual
3-4 Hari
Kab. Cirebon",https://shopee.co.id/Asus-max-1-minus-lcd-dan-bledor-belakang-i.194658837.28388695274?extraParams=%7B%22display_model_id%22%3A295718826792%2C%22model_selection_logic%22%3A3%7D&sp_atk=4f121f9f-37f1-4a97-b6f9-b4a1dc158815&xptdk=4f121f9f-37f1-4a97-b6f9-b4a1dc158815
https://down-id.img.susercontent.com/file/id-11134207-7rasb-m4zc2h76ms43f6,https://down-id.img.susercontent.com/file/id-11134258-8224v-mkvw0cu9r7k1a5,UNIT HP ASUS T00G PRELOVED,,Rp,245.000,,,,3-5 Hari,https://deo.shopeemobile.com/shopee/modules-federation/live/0/shopee__item-card-standard-v2/0.2.8/pc/76dff349290d20891fc1.svg,https://deo.shopeemobile.com/shopee/modules-federation/live/0/shopee__item-card-standard-v2/0.2.8/pc/5dd7b4560d0e2d3190e8.svg,Tasikmalaya,,,,,"Scrape to BigSeller
UNIT HP ASUS T00G PRELOVED
Rp
245.000
3-5 Hari
Tasikmalaya",https://shopee.co.id/UNIT-HP-ASUS-T00G-PRELOVED-i.7446115.26323451477?extraParams=%7B%22display_model_id%22%3A223704244509%2C%22model_selection_logic%22%3A3%7D&sp_atk=5b51bd87-7b86-4fec-9339-58d0f0288d65&xptdk=5b51bd87-7b86-4fec-9339-58d0f0288d65
https://down-id.img.susercontent.com/file/974c2677a5f0e125ca0565d797bd0927,https://down-id.img.susercontent.com/file/id-11134258-8224v-mkvw0cu9r7k1a5,Asus rog phone 2 8/128gb fullset second,https://deo.shopeemobile.com/shopee/modules-federation/live/0/shopee__item-card-standard-v2/0.2.8/pc/a425c915798471b33e5d.png,Rp,2.650.000,,https://deo.shopeemobile.com/shopee/modules-federation/live/0/shopee__item-card-standard-v2/0.2.8/pc/d7099d3fd1dfdaf705ab.svg,4.6,80 Terjual,https://deo.shopeemobile.com/shopee/modules-federation/live/0/shopee__item-card-standard-v2/0.2.8/pc/38e203dc86172a6c6560.svg,https://deo.shopeemobile.com/shopee/modules-federation/live/0/shopee__item-card-standard-v2/0.2.8/pc/5dd7b4560d0e2d3190e8.svg,Bekasi,https://deo.shopeemobile.com/shopee/modules-federation/live/0/shopee__item-card-standard-v2/0.2.8/pc/0614b8f0a8fdde22942d.svg,< 2 Hari,,,"Scrape to BigSeller
Asus rog phone 2 8/128gb fullset second
Rp
2.650.000
4.6
80 Terjual
< 2 Hari
Bekasi",https://shopee.co.id/Asus-rog-phone-2-8-128gb-fullset-second-i.43877791.11384615786?extraParams=%7B%22display_model_id%22%3A176770000404%2C%22model_selection_logic%22%3A3%7D&sp_atk=16eb7586-87c6-4e1c-bf01-a8dae49c2cad&xptdk=16eb7586-87c6-4e1c-bf01-a8dae49c2cad
https://down-id.img.susercontent.com/file/0274a1cec37d94a388f553ad97ca80af,https://down-id.img.susercontent.com/file/id-11134258-8224v-mkvw0cu9r7k1a5,PROMO Asus Zenfone 2 ZE551ML RAM 4GB Internal 32GB - Resmi TAM,https://deo.shopeemobile.com/shopee/modules-federation/live/0/shopee__item-card-standard-v2/0.2.8/pc/a425c915798471b33e5d.png,Rp,699.000,,https://deo.shopeemobile.com/shopee/modules-federation/live/0/shopee__item-card-standard-v2/0.2.8/pc/d7099d3fd1dfdaf705ab.svg,4.5,7 Terjual,https://deo.shopeemobile.com/shopee/modules-federation/live/0/shopee__item-card-standard-v2/0.2.8/pc/38e203dc86172a6c6560.svg,https://deo.shopeemobile.com/shopee/modules-federation/live/0/shopee__item-card-standard-v2/0.2.8/pc/5dd7b4560d0e2d3190e8.svg,Jakarta Barat,https://deo.shopeemobile.com/shopee/modules-federation/live/0/shopee__item-card-standard-v2/0.2.8/pc/0614b8f0a8fdde22942d.svg,< 2 Hari,,,"Scrape to BigSeller
PROMO Asus Zenfone 2 ZE551ML RAM 4GB Internal 32GB - Resmi TAM
Rp
699.000
4.5
7 Terjual
< 2 Hari
Jakarta Barat",https://shopee.co.id/PROMO-Asus-Zenfone-2-ZE551ML-RAM-4GB-Internal-32GB-Resmi-TAM-i.232312483.11469011164?extraParams=%7B%22display_model_id%22%3A103715859035%2C%22model_selection_logic%22%3A3%7D&sp_atk=5e94d2a1-eaa9-42f1-bd79-2596744ed522&xptdk=5e94d2a1-eaa9-42f1-bd79-2596744ed522
https://down-id.img.susercontent.com/file/id-11134207-8224v-mjmke79v14hz21,https://down-id.img.susercontent.com/file/id-11134258-8224v-mkvw0cu9r7k1a5,ASUS ZENFONE MAX PRO M2,https://deo.shopeemobile.com/shopee/modules-federation/live/0/shopee__item-card-standard-v2/0.2.8/pc/a425c915798471b33e5d.png,Rp,1.075.000,,https://deo.shopeemobile.com/shopee/modules-federation/live/0/shopee__item-card-standard-v2/0.2.8/pc/d7099d3fd1dfdaf705ab.svg,5.0,9 Terjual,https://deo.shopeemobile.com/shopee/modules-federation/live/0/shopee__item-card-standard-v2/0.2.8/pc/76dff349290d20891fc1.svg,https://deo.shopeemobile.com/shopee/modules-federation/live/0/shopee__item-card-standard-v2/0.2.8/pc/5dd7b4560d0e2d3190e8.svg,Kab. Banyumas,,,,,"Scrape to BigSeller
ASUS ZENFONE MAX PRO M2
Rp
1.075.000
5.0
9 Terjual
3-4 Hari
Kab. Banyumas",https://shopee.co.id/ASUS-ZENFONE-MAX-PRO-M2-i.218859869.41710272556?extraParams=%7B%22display_model_id%22%3A267294885116%2C%22model_selection_logic%22%3A3%7D&sp_atk=4b6cafb2-dbab-4db5-a469-f6cf55b1f7d9&xptdk=4b6cafb2-dbab-4db5-a469-f6cf55b1f7d9
https://down-id.img.susercontent.com/file/id-11134207-7r98w-lvh4ldnfxec2c9,https://down-id.img.susercontent.com/file/id-11134258-8224v-mkvw0cu9r7k1a5,Asus Zenfone Max Pro M1 Ram 4/64Gb Fullset Terlaris Bergaransi,https://deo.shopeemobile.com/shopee/modules-federation/live/0/shopee__item-card-standard-v2/0.2.8/pc/e4734dab67ee2f9ebd5a.png,Rp,849.000,Cicilan,https://deo.shopeemobile.com/shopee/modules-federation/live/0/shopee__item-card-standard-v2/0.2.8/pc/d7099d3fd1dfdaf705ab.svg,4.7,196 Terjual,https://deo.shopeemobile.com/shopee/modules-federation/live/0/shopee__item-card-standard-v2/0.2.8/pc/76dff349290d20891fc1.svg,https://deo.shopeemobile.com/shopee/modules-federation/live/0/shopee__item-card-standard-v2/0.2.8/pc/5dd7b4560d0e2d3190e8.svg,Kab. Bekasi,,,,,"Scrape to BigSeller
Asus Zenfone Max Pro M1 Ram 4/64Gb Fullset Terlaris Bergaransi
Rp
849.000
Cicilan
4.7
196 Terjual
12-17 Hari
Kab. Bekasi",https://shopee.co.id/Asus-Zenfone-Max-Pro-M1-Ram-4-64Gb-Fullset-Terlaris-Bergaransi-i.61482812.3453924101?extraParams=%7B%22display_model_id%22%3A141902957921%2C%22model_selection_logic%22%3A3%7D&sp_atk=e2e6628b-1ba6-43dc-a766-e0767d3cc38f&xptdk=e2e6628b-1ba6-43dc-a766-e0767d3cc38f
https://down-id.img.susercontent.com/file/a5b6baeb21e9efe89cac4a1187f78062,https://down-id.img.susercontent.com/file/id-11134258-8224v-mkvw0cu9r7k1a5,Asus Zenfone 2 ZE551ML 4GB 32GB Original Ex Resmi Tam Erajaya,https://deo.shopeemobile.com/shopee/modules-federation/live/0/shopee__item-card-standard-v2/0.2.8/pc/a425c915798471b33e5d.png,Rp,799.000,Cicilan,https://deo.shopeemobile.com/shopee/modules-federation/live/0/shopee__item-card-standard-v2/0.2.8/pc/d7099d3fd1dfdaf705ab.svg,4.8,15 Terjual,https://deo.shopeemobile.com/shopee/modules-federation/live/0/shopee__item-card-standard-v2/0.2.8/pc/38e203dc86172a6c6560.svg,https://deo.shopeemobile.com/shopee/modules-federation/live/0/shopee__item-card-standard-v2/0.2.8/pc/5dd7b4560d0e2d3190e8.svg,Jakarta Barat,https://deo.shopeemobile.com/shopee/modules-federation/live/0/shopee__item-card-standard-v2/0.2.8/pc/0614b8f0a8fdde22942d.svg,< 2 Hari,,,"Scrape to BigSeller
Asus Zenfone 2 ZE551ML 4GB 32GB Original Ex Resmi Tam Erajaya
Rp
799.000
Cicilan
4.8
15 Terjual
< 2 Hari
Jakarta Barat",https://shopee.co.id/Asus-Zenfone-2-ZE551ML-4GB-32GB-Original-Ex-Resmi-Tam-Erajaya-i.295911248.4252200078?extraParams=%7B%22display_model_id%22%3A50988893744%2C%22model_selection_logic%22%3A3%7D&sp_atk=9aeee143-4adf-461a-abe2-4ff8f0db2779&xptdk=9aeee143-4adf-461a-abe2-4ff8f0db2779
https://down-id.img.susercontent.com/file/id-11134207-8224u-mjmke79d2z9f8f,https://down-id.img.susercontent.com/file/id-11134258-8224v-mkvw0cu9r7k1a5,ASUS ZENFONE MAX M2,https://deo.shopeemobile.com/shopee/modules-federation/live/0/shopee__item-card-standard-v2/0.2.8/pc/a425c915798471b33e5d.png,Rp,755.000,Produk Baru,,,2 Terjual,https://deo.shopeemobile.com/shopee/modules-federation/live/0/shopee__item-card-standard-v2/0.2.8/pc/76dff349290d20891fc1.svg,https://deo.shopeemobile.com/shopee/modules-federation/live/0/shopee__item-card-standard-v2/0.2.8/pc/5dd7b4560d0e2d3190e8.svg,Kab. Banyumas,,,,,"Scrape to BigSeller
ASUS ZENFONE MAX M2
Rp
755.000
Produk Baru
2 Terjual
3-4 Hari
Kab. Banyumas",https://shopee.co.id/ASUS-ZENFONE-MAX-M2-i.218859869.57404465887?extraParams=%7B%22display_model_id%22%3A370418412754%2C%22model_selection_logic%22%3A3%7D&sp_atk=f975bc7c-8063-46a1-8d8c-08a8d3fca716&xptdk=f975bc7c-8063-46a1-8d8c-08a8d3fca716
https://down-id.img.susercontent.com/file/id-11134207-7r98y-lm4gs6w6bqn5a9,https://down-id.img.susercontent.com/file/id-11134258-822wr-mlx67rtd6r602f,Tam | Asus Zenfone 10 | 9 | 16/512GB 256GB 8/256GB 128GB Garansi Resmi,https://deo.shopeemobile.com/shopee/modules-federation/live/0/shopee__item-card-standard-v2/0.2.8/pc/a425c915798471b33e5d.png,Rp,4.784.000,,https://deo.shopeemobile.com/shopee/modules-federation/live/0/shopee__item-card-standard-v2/0.2.8/pc/d7099d3fd1dfdaf705ab.svg,4.9,49 Terjual,https://deo.shopeemobile.com/shopee/modules-federation/live/0/shopee__item-card-standard-v2/0.2.8/pc/38e203dc86172a6c6560.svg,https://deo.shopeemobile.com/shopee/modules-federation/live/0/shopee__item-card-standard-v2/0.2.8/pc/5dd7b4560d0e2d3190e8.svg,Tangerang Selatan,https://deo.shopeemobile.com/shopee/modules-federation/live/0/shopee__item-card-standard-v2/0.2.8/pc/0614b8f0a8fdde22942d.svg,< 2 Hari,-1%,https://deo.shopeemobile.com/shopee/modules-federation/live/0/shopee__item-card-standard-v2/0.2.8/pc/b4d1b8a78b3621dbdf4a.svg,"Scrape to BigSeller
Tam | Asus Zenfone 10 | 9 | 16/512GB 256GB 8/256GB 128GB Garansi Resmi
Rp
4.784.000
-1%
4.9
49 Terjual
< 2 Hari
Tangerang Selatan",https://shopee.co.id/Tam-Asus-Zenfone-10-9-16-512GB-256GB-8-256GB-128GB-Garansi-Resmi-i.274506086.22481517297?extraParams=%7B%22display_model_id%22%3A137714893906%2C%22model_selection_logic%22%3A3%7D&sp_atk=dee5f79e-59d5-4811-856f-a0354d82cd8d&xptdk=dee5f79e-59d5-4811-856f-a0354d82cd8d
https://down-id.img.susercontent.com/file/id-11134207-81ztk-mf0s2cqmfuvc39,https://down-id.img.susercontent.com/file/id-11134258-8224v-mkvw0cu9r7k1a5,HP MURAH ASUS ZENFONE LIVE L2 RAM 2/16 GB HANDPHONE ANDROID SECOND TERMURAH,,Rp,245.000,,https://deo.shopeemobile.com/shopee/modules-federation/live/0/shopee__item-card-standard-v2/0.2.8/pc/d7099d3fd1dfdaf705ab.svg,5.0,4 Terjual,https://deo.shopeemobile.com/shopee/modules-federation/live/0/shopee__item-card-standard-v2/0.2.8/pc/76dff349290d20891fc1.svg,https://deo.shopeemobile.com/shopee/modules-federation/live/0/shopee__item-card-standard-v2/0.2.8/pc/5dd7b4560d0e2d3190e8.svg,Kab. Cirebon,,,,,"Scrape to BigSeller
HP MURAH ASUS ZENFONE LIVE L2 RAM 2/16 GB HANDPHONE ANDROID SECOND TERMURAH
Rp
245.000
5.0
4 Terjual
3-4 Hari
Kab. Cirebon",https://shopee.co.id/HP-MURAH-ASUS-ZENFONE-LIVE-L2-RAM-2-16-GB-HANDPHONE-ANDROID-SECOND-TERMURAH-i.865048652.28961147323?extraParams=%7B%22display_model_id%22%3A196281200149%2C%22model_selection_logic%22%3A3%7D&sp_atk=e5041242-b867-482c-9ec5-022e83acf900&xptdk=e5041242-b867-482c-9ec5-022e83acf900
https://down-id.img.susercontent.com/file/id-11134207-822wu-mn30mj7lc5j84c,https://down-id.img.susercontent.com/file/id-11134258-7r98w-lyezzaurybot13,ZENFONE 5 4/64 (2018),,Rp,650.000,,,,4-7 Hari,https://deo.shopeemobile.com/shopee/modules-federation/live/0/shopee__item-card-standard-v2/0.2.8/pc/76dff349290d20891fc1.svg,https://deo.shopeemobile.com/shopee/modules-federation/live/0/shopee__item-card-standard-v2/0.2.8/pc/5dd7b4560d0e2d3190e8.svg,Kab. Bekasi,,,,,"Scrape to BigSeller
ZENFONE 5 4/64 (2018)
Rp
650.000
4-7 Hari
Kab. Bekasi",https://shopee.co.id/ZENFONE-5-4-64-(2018)-i.22178947.22809235527?extraParams=%7B%22display_model_id%22%3A175279058943%2C%22model_selection_logic%22%3A3%7D&sp_atk=52db160b-9b32-4b9d-88ea-404a9f0bd367&xptdk=52db160b-9b32-4b9d-88ea-404a9f0bd367
https://down-id.img.susercontent.com/file/id-11134207-7r992-lzsntcltsjby27,https://down-id.img.susercontent.com/file/id-11134258-8224v-mkvw0cu9r7k1a5,ASUS ZENFONE MAX M1 3/32 NORMAL BERKUALITAS SIAP PAKAI,https://deo.shopeemobile.com/shopee/modules-federation/live/0/shopee__item-card-standard-v2/0.2.8/pc/a425c915798471b33e5d.png,Rp,590.000,,https://deo.shopeemobile.com/shopee/modules-federation/live/0/shopee__item-card-standard-v2/0.2.8/pc/d7099d3fd1dfdaf705ab.svg,5.0,9 Terjual,https://deo.shopeemobile.com/shopee/modules-federation/live/0/shopee__item-card-standard-v2/0.2.8/pc/76dff349290d20891fc1.svg,https://deo.shopeemobile.com/shopee/modules-federation/live/0/shopee__item-card-standard-v2/0.2.8/pc/5dd7b4560d0e2d3190e8.svg,Kab. Kudus,,,,,"Scrape to BigSeller
ASUS ZENFONE MAX M1 3/32 NORMAL BERKUALITAS SIAP PAKAI
Rp
590.000
5.0
9 Terjual
3-4 Hari
Kab. Kudus",https://shopee.co.id/ASUS-ZENFONE-MAX-M1-3-32-NORMAL-BERKUALITAS-SIAP-PAKAI-i.333519876.25320316372?extraParams=%7B%22display_model_id%22%3A226159283579%2C%22model_selection_logic%22%3A3%7D&sp_atk=f136a08c-6138-4a30-ae49-4d1c245c342a&xptdk=f136a08c-6138-4a30-ae49-4d1c245c342a
https://down-id.img.susercontent.com/file/id-11134207-7r98r-lphconfh8tfb41,https://down-id.img.susercontent.com/file/id-11134258-8224v-mkvw0cu9r7k1a5,Asus Zenfone 2 laser 5 inchi 4G LTE model Z00D/Z00ED Ram 2/16GB second normal Original,,Rp,255.000,,https://deo.shopeemobile.com/shopee/modules-federation/live/0/shopee__item-card-standard-v2/0.2.8/pc/d7099d3fd1dfdaf705ab.svg,4.9,23 Terjual,https://deo.shopeemobile.com/shopee/modules-federation/live/0/shopee__item-card-standard-v2/0.2.8/pc/38e203dc86172a6c6560.svg,https://deo.shopeemobile.com/shopee/modules-federation/live/0/shopee__item-card-standard-v2/0.2.8/pc/5dd7b4560d0e2d3190e8.svg,Jakarta Timur,https://deo.shopeemobile.com/shopee/modules-federation/live/0/shopee__item-card-standard-v2/0.2.8/pc/0614b8f0a8fdde22942d.svg,< 2 Hari,,,"Scrape to BigSeller
Asus Zenfone 2 laser 5 inchi 4G LTE model Z00D/Z00ED Ram 2/16GB second normal Original
Rp
255.000
4.9
23 Terjual
< 2 Hari
Jakarta Timur",https://shopee.co.id/Asus-Zenfone-2-laser-5-inchi-4G-LTE-model-Z00D-Z00ED-Ram-2-16GB-second-normal-Original-i.287908499.20217150914?extraParams=%7B%22display_model_id%22%3A29368668216%2C%22model_selection_logic%22%3A3%7D&sp_atk=b7f44e75-2f44-4790-b320-f23c654c27b4&xptdk=b7f44e75-2f44-4790-b320-f23c654c27b4
https://down-id.img.susercontent.com/file/id-11134207-7qul5-lix5xq5qkh0hec,https://down-id.img.susercontent.com/file/id-11134258-8224v-mkvw0cu9r7k1a5,Asus Zenfone 3 Max ZC520TL Termurah Bergaransi,https://deo.shopeemobile.com/shopee/modules-federation/live/0/shopee__item-card-standard-v2/0.2.8/pc/e4734dab67ee2f9ebd5a.png,Rp,435.000,Cicilan,https://deo.shopeemobile.com/shopee/modules-federation/live/0/shopee__item-card-standard-v2/0.2.8/pc/d7099d3fd1dfdaf705ab.svg,5.0,4 Terjual,https://deo.shopeemobile.com/shopee/modules-federation/live/0/shopee__item-card-standard-v2/0.2.8/pc/38e203dc86172a6c6560.svg,https://deo.shopeemobile.com/shopee/modules-federation/live/0/shopee__item-card-standard-v2/0.2.8/pc/5dd7b4560d0e2d3190e8.svg,Kab. Bekasi,https://deo.shopeemobile.com/shopee/modules-federation/live/0/shopee__item-card-standard-v2/0.2.8/pc/0614b8f0a8fdde22942d.svg,< 2 Hari,,,"Scrape to BigSeller
Asus Zenfone 3 Max ZC520TL Termurah Bergaransi
Rp
435.000
Cicilan
5.0
4 Terjual
< 2 Hari
Kab. Bekasi",https://shopee.co.id/Asus-Zenfone-3-Max-ZC520TL-Termurah-Bergaransi-i.61482812.8807276289?extraParams=%7B%22display_model_id%22%3A73062958311%2C%22model_selection_logic%22%3A3%7D&sp_atk=c572bd68-294b-4f2f-a01f-45721043921d&xptdk=c572bd68-294b-4f2f-a01f-45721043921d
https://down-id.img.susercontent.com/file/id-11134207-822wp-mn6vukk8pwcg6a,https://down-id.img.susercontent.com/file/id-11134258-7r98w-lyezzaurybot13,asus zenfone 5z 6/128gb,,Rp,1.400.000,,,,5-9 Hari,https://deo.shopeemobile.com/shopee/modules-federation/live/0/shopee__item-card-standard-v2/0.2.8/pc/76dff349290d20891fc1.svg,https://deo.shopeemobile.com/shopee/modules-federation/live/0/shopee__item-card-standard-v2/0.2.8/pc/5dd7b4560d0e2d3190e8.svg,Bandar Lampung,,,,,"Scrape to BigSeller
asus zenfone 5z 6/128gb
Rp
1.400.000
5-9 Hari
Bandar Lampung",https://shopee.co.id/asus-zenfone-5z-6-128gb-i.309803355.47109080028?extraParams=%7B%22display_model_id%22%3A370802349489%2C%22model_selection_logic%22%3A3%7D&sp_atk=c6be243f-613e-4832-96c8-6a45b229d153&xptdk=c6be243f-613e-4832-96c8-6a45b229d153
https://down-id.img.susercontent.com/file/03cf9f697a6e5892189f30b42b5b1162,https://down-id.img.susercontent.com/file/id-11134258-7r98w-lyezzaurybot13,HP ASUS ZENFON C,,Rp,250.000,,,,3-4 Hari,https://deo.shopeemobile.com/shopee/modules-federation/live/0/shopee__item-card-standard-v2/0.2.8/pc/76dff349290d20891fc1.svg,https://deo.shopeemobile.com/shopee/modules-federation/live/0/shopee__item-card-standard-v2/0.2.8/pc/5dd7b4560d0e2d3190e8.svg,Kab. Bantul,,,,,"Scrape to BigSeller
HP ASUS ZENFON C
Rp
250.000
3-4 Hari
Kab. Bantul",https://shopee.co.id/HP-ASUS-ZENFON-C-i.372170239.3397824869?extraParams=%7B%22display_model_id%22%3A84511635305%2C%22model_selection_logic%22%3A3%7D&sp_atk=9aa2081b-6f86-4f0a-8416-c2429da71f1f&xptdk=9aa2081b-6f86-4f0a-8416-c2429da71f1f
https://down-id.img.susercontent.com/file/id-11134207-8224o-miskb4a42yo4c4,https://down-id.img.susercontent.com/file/id-11134258-8224v-mkvw0cu9r7k1a5,Asus t00f........zenfone5,https://deo.shopeemobile.com/shopee/modules-federation/live/0/shopee__item-card-standard-v2/0.2.8/pc/a425c915798471b33e5d.png,Rp,35.000,,https://deo.shopeemobile.com/shopee/modules-federation/live/0/shopee__item-card-standard-v2/0.2.8/pc/d7099d3fd1dfdaf705ab.svg,5.0,2 Terjual,https://deo.shopeemobile.com/shopee/modules-federation/live/0/shopee__item-card-standard-v2/0.2.8/pc/76dff349290d20891fc1.svg,https://deo.shopeemobile.com/shopee/modules-federation/live/0/shopee__item-card-standard-v2/0.2.8/pc/5dd7b4560d0e2d3190e8.svg,Kab. Jember,,,,,"Scrape to BigSeller
Asus t00f........zenfone5
Rp
35.000
5.0
2 Terjual
3-4 Hari
Kab. Jember",https://shopee.co.id/Asus-t00f........zenfone5-i.1016391083.41761499069?extraParams=%7B%22display_model_id%22%3A295965580807%2C%22model_selection_logic%22%3A2%7D&sp_atk=5a735323-edec-4487-ab27-acd6d872f37d&xptdk=5a735323-edec-4487-ab27-acd6d872f37d
https://down-id.img.susercontent.com/file/sg-11134201-22110-aqmir87f5fjv8f,https://down-id.img.susercontent.com/file/id-11134258-8224v-mkvw0cu9r7k1a5,Asus Zenfone 2 ZE551ML 4/32GB - Silver,https://deo.shopeemobile.com/shopee/modules-federation/live/0/shopee__item-card-standard-v2/0.2.8/pc/e4734dab67ee2f9ebd5a.png,Rp,799.000,,https://deo.shopeemobile.com/shopee/modules-federation/live/0/shopee__item-card-standard-v2/0.2.8/pc/d7099d3fd1dfdaf705ab.svg,5.0,10 Terjual,https://deo.shopeemobile.com/shopee/modules-federation/live/0/shopee__item-card-standard-v2/0.2.8/pc/38e203dc86172a6c6560.svg,https://deo.shopeemobile.com/shopee/modules-federation/live/0/shopee__item-card-standard-v2/0.2.8/pc/5dd7b4560d0e2d3190e8.svg,Jakarta Barat,https://deo.shopeemobile.com/shopee/modules-federation/live/0/shopee__item-card-standard-v2/0.2.8/pc/0614b8f0a8fdde22942d.svg,< 2 Hari,,,"Scrape to BigSeller
Asus Zenfone 2 ZE551ML 4/32GB - Silver
Rp
799.000
5.0
10 Terjual
< 2 Hari
Jakarta Barat",https://shopee.co.id/Asus-Zenfone-2-ZE551ML-4-32GB-Silver-i.871943631.21759871511?extraParams=%7B%22display_model_id%22%3A59160007499%2C%22model_selection_logic%22%3A3%7D&sp_atk=20f26f66-b4ea-4098-a91d-6e689b7d4e5e&xptdk=20f26f66-b4ea-4098-a91d-6e689b7d4e5e
https://down-id.img.susercontent.com/file/id-11134207-81ztp-mdwo83egxekm80,https://down-id.img.susercontent.com/file/id-11134258-8224v-mkvw0cu9r7k1a5,asus zenfon live L2 ram 2/16 normal second,,Rp,300.000,,,,1 Terjual,https://deo.shopeemobile.com/shopee/modules-federation/live/0/shopee__item-card-standard-v2/0.2.8/pc/76dff349290d20891fc1.svg,https://deo.shopeemobile.com/shopee/modules-federation/live/0/shopee__item-card-standard-v2/0.2.8/pc/5dd7b4560d0e2d3190e8.svg,Kab. Cirebon,,,,,"Scrape to BigSeller
asus zenfon live L2 ram 2/16 normal second
Rp
300.000
1 Terjual
3-4 Hari
Kab. Cirebon",https://shopee.co.id/asus-zenfon-live-L2-ram-2-16-normal-second-i.865048652.20896241209?extraParams=%7B%22display_model_id%22%3A79388485511%2C%22model_selection_logic%22%3A3%7D&sp_atk=c8997173-c569-466e-9fd7-4cc3e986e35e&xptdk=c8997173-c569-466e-9fd7-4cc3e986e35e
https://down-id.img.susercontent.com/file/id-11134207-7rasl-m11gjks93e3sc1,https://down-id.img.susercontent.com/file/id-11134258-7r98w-lyezzaurybot13,ASUS ZENFONE L2 [WAJIB BACA DESKRIPSI],,Rp,400.000,,https://deo.shopeemobile.com/shopee/modules-federation/live/0/shopee__item-card-standard-v2/0.2.8/pc/d7099d3fd1dfdaf705ab.svg,5.0,1 Terjual,https://deo.shopeemobile.com/shopee/modules-federation/live/0/shopee__item-card-standard-v2/0.2.8/pc/76dff349290d20891fc1.svg,https://deo.shopeemobile.com/shopee/modules-federation/live/0/shopee__item-card-standard-v2/0.2.8/pc/5dd7b4560d0e2d3190e8.svg,Tangerang,,,,,"Scrape to BigSeller
ASUS ZENFONE L2 [WAJIB BACA DESKRIPSI]
Rp
400.000
5.0
1 Terjual
3-4 Hari
Tangerang",https://shopee.co.id/ASUS-ZENFONE-L2-WAJIB-BACA-DESKRIPSI--i.603877849.27302038127?extraParams=%7B%22display_model_id%22%3A380733895975%2C%22model_selection_logic%22%3A3%7D&sp_atk=fb8c10a4-d67d-440f-bdd1-6679fdda48b1&xptdk=fb8c10a4-d67d-440f-bdd1-6679fdda48b1
https://down-id.img.susercontent.com/file/id-11134207-7r992-lt0x9jzy6otjcf,https://down-id.img.susercontent.com/file/id-11134258-8224v-mkvw0cu9r7k1a5,handphon Asus minus X013D,,Rp,50.000,,,,4-9 Hari,https://deo.shopeemobile.com/shopee/modules-federation/live/0/shopee__item-card-standard-v2/0.2.8/pc/76dff349290d20891fc1.svg,https://deo.shopeemobile.com/shopee/modules-federation/live/0/shopee__item-card-standard-v2/0.2.8/pc/5dd7b4560d0e2d3190e8.svg,Jakarta Barat,,,,,"Scrape to BigSeller
handphon Asus minus X013D
Rp
50.000
4-9 Hari
Jakarta Barat",https://shopee.co.id/handphon-Asus-minus-X013D-i.401919192.25919651527?extraParams=%7B%22display_model_id%22%3A158557625216%2C%22model_selection_logic%22%3A2%7D&sp_atk=fc02f3b7-c859-4ec5-aca4-8efc89955209&xptdk=fc02f3b7-c859-4ec5-aca4-8efc89955209
https://down-id.img.susercontent.com/file/7b0e6296a712e37df578c7b1b0a31239,https://down-id.img.susercontent.com/file/id-11134258-8224v-mkvw0cu9r7k1a5,ASUS Zenfone Max ZC550KL,https://deo.shopeemobile.com/shopee/modules-federation/live/0/shopee__item-card-standard-v2/0.2.8/pc/e4734dab67ee2f9ebd5a.png,Rp,560.000,Cicilan,https://deo.shopeemobile.com/shopee/modules-federation/live/0/shopee__item-card-standard-v2/0.2.8/pc/d7099d3fd1dfdaf705ab.svg,5.0,1 Terjual,https://deo.shopeemobile.com/shopee/modules-federation/live/0/shopee__item-card-standard-v2/0.2.8/pc/38e203dc86172a6c6560.svg,https://deo.shopeemobile.com/shopee/modules-federation/live/0/shopee__item-card-standard-v2/0.2.8/pc/5dd7b4560d0e2d3190e8.svg,Kab. Bekasi,https://deo.shopeemobile.com/shopee/modules-federation/live/0/shopee__item-card-standard-v2/0.2.8/pc/0614b8f0a8fdde22942d.svg,< 2 Hari,,,"Scrape to BigSeller
ASUS Zenfone Max ZC550KL
Rp
560.000
Cicilan
5.0
1 Terjual
< 2 Hari
Kab. Bekasi",https://shopee.co.id/ASUS-Zenfone-Max-ZC550KL-i.61482812.7669248016?extraParams=%7B%22display_model_id%22%3A23189692685%2C%22model_selection_logic%22%3A3%7D&sp_atk=d3b12b40-287c-4f6b-b781-5cdcb97774b4&xptdk=d3b12b40-287c-4f6b-b781-5cdcb97774b4
https://down-id.img.susercontent.com/file/id-11134207-7ras8-m3smcjl51pjk69,https://down-id.img.susercontent.com/file/id-11134258-8224v-mkvw0cu9r7k1a5,Asus zenfone 5,,Rp,109.000,,,,3-5 Hari,https://deo.shopeemobile.com/shopee/modules-federation/live/0/shopee__item-card-standard-v2/0.2.8/pc/76dff349290d20891fc1.svg,https://deo.shopeemobile.com/shopee/modules-federation/live/0/shopee__item-card-standard-v2/0.2.8/pc/5dd7b4560d0e2d3190e8.svg,Kab. Sidoarjo,,,,,"Scrape to BigSeller
Asus zenfone 5
Rp
109.000
3-5 Hari
Kab. Sidoarjo",https://shopee.co.id/Asus-zenfone-5-i.22061027.28470730145?extraParams=%7B%22display_model_id%22%3A242257035297%2C%22model_selection_logic%22%3A3%7D&sp_atk=27a410f9-78c5-49f7-8302-fef0d52ade24&xptdk=27a410f9-78c5-49f7-8302-fef0d52ade24
https://down-id.img.susercontent.com/file/id-11134207-822ws-mmtzgqdhbs3p37,https://down-id.img.susercontent.com/file/id-11134258-7r98w-lyezzaurybot13,Asus zenfone selfie z00udh 3/32 Gb Android 11,,Rp,400.000,,https://deo.shopeemobile.com/shopee/modules-federation/live/0/shopee__item-card-standard-v2/0.2.8/pc/d7099d3fd1dfdaf705ab.svg,5.0,2 Terjual,https://deo.shopeemobile.com/shopee/modules-federation/live/0/shopee__item-card-standard-v2/0.2.8/pc/38e203dc86172a6c6560.svg,https://deo.shopeemobile.com/shopee/modules-federation/live/0/shopee__item-card-standard-v2/0.2.8/pc/5dd7b4560d0e2d3190e8.svg,Tangerang Selatan,https://deo.shopeemobile.com/shopee/modules-federation/live/0/shopee__item-card-standard-v2/0.2.8/pc/0614b8f0a8fdde22942d.svg,< 2 Hari,,,"Scrape to BigSeller
Asus zenfone selfie z00udh 3/32 Gb Android 11
Rp
400.000
5.0
2 Terjual
< 2 Hari
Tangerang Selatan",https://shopee.co.id/Asus-zenfone-selfie-z00udh-3-32-Gb-Android-11-i.1343671633.27367077580?extraParams=%7B%22display_model_id%22%3A197960687973%2C%22model_selection_logic%22%3A3%7D&sp_atk=03c7d0ba-33d8-43f2-b0e1-5a770e83df76&xptdk=03c7d0ba-33d8-43f2-b0e1-5a770e83df76
https://down-id.img.susercontent.com/file/id-11134207-7ra0o-mcxy2n4lk3dz25,https://down-id.img.susercontent.com/file/id-11134258-8224v-mkvw0cu9r7k1a5,Asus Max pro(M2) 3/32 | 4/64 | 6/64 Second Mulus,,Rp,825.000,,https://deo.shopeemobile.com/shopee/modules-federation/live/0/shopee__item-card-standard-v2/0.2.8/pc/d7099d3fd1dfdaf705ab.svg,5.0,24 Terjual,https://deo.shopeemobile.com/shopee/modules-federation/live/0/shopee__item-card-standard-v2/0.2.8/pc/38e203dc86172a6c6560.svg,https://deo.shopeemobile.com/shopee/modules-federation/live/0/shopee__item-card-standard-v2/0.2.8/pc/5dd7b4560d0e2d3190e8.svg,Bekasi,https://deo.shopeemobile.com/shopee/modules-federation/live/0/shopee__item-card-standard-v2/0.2.8/pc/0614b8f0a8fdde22942d.svg,< 2 Hari,,,"Scrape to BigSeller
Asus Max pro(M2) 3/32 | 4/64 | 6/64 Second Mulus
Rp
825.000
5.0
24 Terjual
< 2 Hari
Bekasi",https://shopee.co.id/Asus-Max-pro(M2)-3-32-4-64-6-64-Second-Mulus-i.1356254762.42456091539?extraParams=%7B%22display_model_id%22%3A281054295391%2C%22model_selection_logic%22%3A3%7D&sp_atk=e8ab9bd1-d5f0-435e-86f6-eb6ae00149b5&xptdk=e8ab9bd1-d5f0-435e-86f6-eb6ae00149b5
https://down-id.img.susercontent.com/file/a4ef47365a2ee964ac3262d810ff05c8,https://down-id.img.susercontent.com/file/id-11134258-8224v-mkvw0cu9r7k1a5,Asus Zenfone 6 cakep layar gedeee,,Rp,750.000,Cicilan,,,3-4 Hari,https://deo.shopeemobile.com/shopee/modules-federation/live/0/shopee__item-card-standard-v2/0.2.8/pc/76dff349290d20891fc1.svg,https://deo.shopeemobile.com/shopee/modules-federation/live/0/shopee__item-card-standard-v2/0.2.8/pc/5dd7b4560d0e2d3190e8.svg,Jakarta Selatan,,,,,"Scrape to BigSeller
Asus Zenfone 6 cakep layar gedeee
Rp
750.000
Cicilan
3-4 Hari
Jakarta Selatan",https://shopee.co.id/Asus-Zenfone-6-cakep-layar-gedeee-i.9429234.6961739496?extraParams=%7B%22display_model_id%22%3A41733535758%2C%22model_selection_logic%22%3A3%7D&sp_atk=ef2cd41c-24e5-488b-8dad-4910a0ddb088&xptdk=ef2cd41c-24e5-488b-8dad-4910a0ddb088
https://down-id.img.susercontent.com/file/4e99a9d3b3a3edf14a699149def68174,https://down-id.img.susercontent.com/file/id-11134258-8224v-mkvw0cu9r7k1a5,PROMO Asus Zenfone 2 ZE551ML RAM 2GB Internal 16GB - Garansi Resmi,https://deo.shopeemobile.com/shopee/modules-federation/live/0/shopee__item-card-standard-v2/0.2.8/pc/a425c915798471b33e5d.png,Rp,650.000,,https://deo.shopeemobile.com/shopee/modules-federation/live/0/shopee__item-card-standard-v2/0.2.8/pc/0614b8f0a8fdde22942d.svg,,1 Terjual,https://deo.shopeemobile.com/shopee/modules-federation/live/0/shopee__item-card-standard-v2/0.2.8/pc/38e203dc86172a6c6560.svg,https://deo.shopeemobile.com/shopee/modules-federation/live/0/shopee__item-card-standard-v2/0.2.8/pc/5dd7b4560d0e2d3190e8.svg,Jakarta Barat,https://deo.shopeemobile.com/shopee/modules-federation/live/0/shopee__item-card-standard-v2/0.2.8/pc/0614b8f0a8fdde22942d.svg,< 2 Hari,,,"Scrape to BigSeller
PROMO Asus Zenfone 2 ZE551ML RAM 2GB Internal 16GB - Garansi Resmi
Rp
650.000
1 Terjual
< 2 Hari
Jakarta Barat",https://shopee.co.id/PROMO-Asus-Zenfone-2-ZE551ML-RAM-2GB-Internal-16GB-Garansi-Resmi-i.232312483.12644843576?extraParams=%7B%22display_model_id%22%3A95723841175%2C%22model_selection_logic%22%3A3%7D&sp_atk=571e5f0b-9f7b-411a-9a70-b4075cca2448&xptdk=571e5f0b-9f7b-411a-9a70-b4075cca2448
https://down-id.img.susercontent.com/file/id-11134207-7rasa-m289ift6echv92,https://down-id.img.susercontent.com/file/id-11134258-8224v-mkvw0cu9r7k1a5,Asus zenfone 4 pro zs551kl,,Rp,200.000,,https://deo.shopeemobile.com/shopee/modules-federation/live/0/shopee__item-card-standard-v2/0.2.8/pc/0614b8f0a8fdde22942d.svg,,< 2 Hari,https://deo.shopeemobile.com/shopee/modules-federation/live/0/shopee__item-card-standard-v2/0.2.8/pc/38e203dc86172a6c6560.svg,https://deo.shopeemobile.com/shopee/modules-federation/live/0/shopee__item-card-standard-v2/0.2.8/pc/5dd7b4560d0e2d3190e8.svg,Madiun,https://deo.shopeemobile.com/shopee/modules-federation/live/0/shopee__item-card-standard-v2/0.2.8/pc/0614b8f0a8fdde22942d.svg,< 2 Hari,,,"Scrape to BigSeller
Asus zenfone 4 pro zs551kl
Rp
200.000
< 2 Hari
Madiun",https://shopee.co.id/Asus-zenfone-4-pro-zs551kl-i.53787863.29860908166?extraParams=%7B%22display_model_id%22%3A217797863560%2C%22model_selection_logic%22%3A3%7D&sp_atk=2847e915-7b83-4de9-8217-a18585515c0c&xptdk=2847e915-7b83-4de9-8217-a18585515c0c
https://down-id.img.susercontent.com/file/id-11134207-822wg-mn9ihgc4onb568,https://down-id.img.susercontent.com/file/id-11134258-822wr-mlx67rtd6r602f,Asus Zenfone Max Pro M1 3/32GB Second Ori,https://deo.shopeemobile.com/shopee/modules-federation/live/0/shopee__item-card-standard-v2/0.2.8/pc/a425c915798471b33e5d.png,Rp,550.000,,https://deo.shopeemobile.com/shopee/modules-federation/live/0/shopee__item-card-standard-v2/0.2.8/pc/d7099d3fd1dfdaf705ab.svg,5.0,4 Terjual,https://deo.shopeemobile.com/shopee/modules-federation/live/0/shopee__item-card-standard-v2/0.2.8/pc/76dff349290d20891fc1.svg,https://deo.shopeemobile.com/shopee/modules-federation/live/0/shopee__item-card-standard-v2/0.2.8/pc/5dd7b4560d0e2d3190e8.svg,Bandung,,,,,"Scrape to BigSeller
Asus Zenfone Max Pro M1 3/32GB Second Ori
Rp
550.000
5.0
4 Terjual
2-4 Hari
Bandung",https://shopee.co.id/Asus-Zenfone-Max-Pro-M1-3-32GB-Second-Ori-i.85277250.43266791121?extraParams=%7B%22display_model_id%22%3A297553793786%2C%22model_selection_logic%22%3A3%7D&sp_atk=350f2193-375f-4394-82d3-5a3baeab66b5&xptdk=350f2193-375f-4394-82d3-5a3baeab66b5
https://down-id.img.susercontent.com/file/id-11134207-7r98r-lyyqqrhwnlwt3d,https://down-id.img.susercontent.com/file/id-11134258-7r98w-lyezzaurybot13,Asus Zenfone Z008,,Rp,300.000,,,,2-3 Hari,https://deo.shopeemobile.com/shopee/modules-federation/live/0/shopee__item-card-standard-v2/0.2.8/pc/76dff349290d20891fc1.svg,https://deo.shopeemobile.com/shopee/modules-federation/live/0/shopee__item-card-standard-v2/0.2.8/pc/5dd7b4560d0e2d3190e8.svg,Kab. Banyuwangi,,,,,"Scrape to BigSeller
Asus Zenfone Z008
Rp
300.000
2-3 Hari
Kab. Banyuwangi",https://shopee.co.id/Asus-Zenfone-Z008-i.9148983.29207967266?extraParams=%7B%22display_model_id%22%3A233103622360%2C%22model_selection_logic%22%3A3%7D&sp_atk=22bc9b1c-cc37-49a3-985f-c159050ec0d5&xptdk=22bc9b1c-cc37-49a3-985f-c159050ec0d5
https://down-id.img.susercontent.com/file/0578b44c65a311345c6961ced62b0333,https://down-id.img.susercontent.com/file/id-11134258-8224v-mkvw0cu9r7k1a5,"ASUS ZENFONE MAX PRO M1 6/64,4/64 EX TAM",,Rp,1.600.000,Cicilan,https://deo.shopeemobile.com/shopee/modules-federation/live/0/shopee__item-card-standard-v2/0.2.8/pc/d7099d3fd1dfdaf705ab.svg,4.4,55 Terjual,https://deo.shopeemobile.com/shopee/modules-federation/live/0/shopee__item-card-standard-v2/0.2.8/pc/76dff349290d20891fc1.svg,https://deo.shopeemobile.com/shopee/modules-federation/live/0/shopee__item-card-standard-v2/0.2.8/pc/5dd7b4560d0e2d3190e8.svg,Jakarta Barat,,,,,"Scrape to BigSeller
ASUS ZENFONE MAX PRO M1 6/64,4/64 EX TAM
Rp
1.600.000
Cicilan
4.4
55 Terjual
3-5 Hari
Jakarta Barat",https://shopee.co.id/ASUS-ZENFONE-MAX-PRO-M1-6-64-4-64-EX-TAM-i.12182751.1320580148?extraParams=%7B%22display_model_id%22%3A108909045883%2C%22model_selection_logic%22%3A3%7D&sp_atk=97f10b31-621a-4f63-9e6f-c4763141fcd6&xptdk=97f10b31-621a-4f63-9e6f-c4763141fcd6
https://down-id.img.susercontent.com/file/id-11134207-82250-mj7m8xufliir52,https://down-id.img.susercontent.com/file/id-11134258-8224v-mkvw0cu9r7k1a5,asus max pr0m1 5000mah normal resmi ram 3gb 32gb hp game garansi resmi bagus samsung a21s a20s,https://deo.shopeemobile.com/shopee/modules-federation/live/0/shopee__item-card-standard-v2/0.2.8/pc/e4734dab67ee2f9ebd5a.png,Rp,592.000,,https://deo.shopeemobile.com/shopee/modules-federation/live/0/shopee__item-card-standard-v2/0.2.8/pc/d7099d3fd1dfdaf705ab.svg,4.8,11 Terjual,https://deo.shopeemobile.com/shopee/modules-federation/live/0/shopee__item-card-standard-v2/0.2.8/pc/76dff349290d20891fc1.svg,https://deo.shopeemobile.com/shopee/modules-federation/live/0/shopee__item-card-standard-v2/0.2.8/pc/5dd7b4560d0e2d3190e8.svg,Jakarta Timur,,,,,"Scrape to BigSeller
asus max pr0m1 5000mah normal resmi ram 3gb 32gb hp game garansi resmi bagus samsung a21s a20s
Rp
592.000
4.8
11 Terjual
3-4 Hari
Jakarta Timur",https://shopee.co.id/asus-max-pr0m1-5000mah-normal-resmi-ram-3gb-32gb-hp-game-garansi-resmi-bagus-samsung-a21s-a20s-i.193315282.23737295725?extraParams=%7B%22display_model_id%22%3A194171671547%2C%22model_selection_logic%22%3A3%7D&sp_atk=9c16ee68-9acf-45a3-9694-b78c3e95c583&xptdk=9c16ee68-9acf-45a3-9694-b78c3e95c583
https://down-id.img.susercontent.com/file/id-11134207-7qul6-lgssd1bk8j8ubd,https://down-id.img.susercontent.com/file/id-11134258-8224v-mkvw0cu9r7k1a5,Asus Zenfone 9 8/256gb,,Rp,5.390.000,,https://deo.shopeemobile.com/shopee/modules-federation/live/0/shopee__item-card-standard-v2/0.2.8/pc/d7099d3fd1dfdaf705ab.svg,4.6,49 Terjual,https://deo.shopeemobile.com/shopee/modules-federation/live/0/shopee__item-card-standard-v2/0.2.8/pc/76dff349290d20891fc1.svg,https://deo.shopeemobile.com/shopee/modules-federation/live/0/shopee__item-card-standard-v2/0.2.8/pc/5dd7b4560d0e2d3190e8.svg,Jakarta Barat,,,-40%,,"Scrape to BigSeller
Asus Zenfone 9 8/256gb
Rp
5.390.000
-40%
4.6
49 Terjual
3-5 Hari
Jakarta Barat",https://shopee.co.id/Asus-Zenfone-9-8-256gb-i.12182751.18169676027?extraParams=%7B%22display_model_id%22%3A89361755930%2C%22model_selection_logic%22%3A3%7D&sp_atk=b6006da6-fb0b-4eb2-9bd6-ea3a8f975327&xptdk=b6006da6-fb0b-4eb2-9bd6-ea3a8f975327
https://down-id.img.susercontent.com/file/id-11134207-822wl-mn6oacxzsz5wc3,https://down-id.img.susercontent.com/file/id-11134258-7ra0r-mbetcosmf42z25,Asus Zenfone 9 8GB/256GB Resmi TAM,,Rp,4.899.000,,https://deo.shopeemobile.com/shopee/modules-federation/live/0/shopee__item-card-standard-v2/0.2.8/pc/d7099d3fd1dfdaf705ab.svg,4.8,7 Terjual,https://deo.shopeemobile.com/shopee/modules-federation/live/0/shopee__item-card-standard-v2/0.2.8/pc/76dff349290d20891fc1.svg,https://deo.shopeemobile.com/shopee/modules-federation/live/0/shopee__item-card-standard-v2/0.2.8/pc/5dd7b4560d0e2d3190e8.svg,Bekasi,,,,,"Scrape to BigSeller
Asus Zenfone 9 8GB/256GB Resmi TAM
Rp
4.899.000
4.8
7 Terjual
3-4 Hari
Bekasi",https://shopee.co.id/Asus-Zenfone-9-8GB-256GB-Resmi-TAM-i.15985497.23038278870?extraParams=%7B%22display_model_id%22%3A221456485635%2C%22model_selection_logic%22%3A3%7D&sp_atk=8999642c-21cf-4299-a90b-4050ebab058f&xptdk=8999642c-21cf-4299-a90b-4050ebab058f
https://down-id.img.susercontent.com/file/c893494454d512e381e3ab642f18d85a,https://down-id.img.susercontent.com/file/id-11134258-8224v-mkvw0cu9r7k1a5,"Asus Zenfone Max Pro M2 6/64,4/64 Gb",,Rp,980.000,Cicilan,https://deo.shopeemobile.com/shopee/modules-federation/live/0/shopee__item-card-standard-v2/0.2.8/pc/d7099d3fd1dfdaf705ab.svg,4.6,7 Terjual,https://deo.shopeemobile.com/shopee/modules-federation/live/0/shopee__item-card-standard-v2/0.2.8/pc/76dff349290d20891fc1.svg,https://deo.shopeemobile.com/shopee/modules-federation/live/0/shopee__item-card-standard-v2/0.2.8/pc/5dd7b4560d0e2d3190e8.svg,Jakarta Barat,,,-1%,,"Scrape to BigSeller
Asus Zenfone Max Pro M2 6/64,4/64 Gb
Rp
980.000
-1%
Cicilan
4.6
7 Terjual
3-5 Hari
Jakarta Barat",https://shopee.co.id/Asus-Zenfone-Max-Pro-M2-6-64-4-64-Gb-i.12182751.5834051243?extraParams=%7B%22display_model_id%22%3A285003794062%2C%22model_selection_logic%22%3A3%7D&sp_atk=25b8ba6c-6b53-45f1-b089-defdfa309e29&xptdk=25b8ba6c-6b53-45f1-b089-defdfa309e29