-image-yazkc-11,-image-yazkc-11_2,text-sm,text-xs/sp14,font-medium,pointer-events-none,w-auto,text-white,pointer-events-none_2,align-middle,text-shopee-green,truncate,inline-block,img,text-xs/sp14_2,text-shopee-primary,pointer-events-none_3,_container,_container_link
https://down-id.img.susercontent.com/file/id-11134207-822wl-mn8184jv045efe,https://down-id.img.susercontent.com/file/id-11134258-7r98w-lyezzaurybot13,black shark 4 pro,Rp,900.000,https://deo.shopeemobile.com/shopee/modules-federation/live/0/shopee__item-card-standard-v2/0.2.8/pc/38e203dc86172a6c6560.svg,https://deo.shopeemobile.com/shopee/modules-federation/live/0/shopee__item-card-standard-v2/0.2.8/pc/0614b8f0a8fdde22942d.svg,Besok,https://deo.shopeemobile.com/shopee/modules-federation/live/0/shopee__item-card-standard-v2/0.2.8/pc/5dd7b4560d0e2d3190e8.svg,Kab. Sleman,Besok,,,https://deo.shopeemobile.com/shopee/modules-federation/live/0/shopee__item-card-standard-v2/0.2.8/pc/0614b8f0a8fdde22942d.svg,,,,"Scrape to BigSeller
black shark 4 pro
Rp
900.000
Besok
Kab. Sleman",https://shopee.co.id/black-shark-4-pro-i.1330733329.57359079952?extraParams=%7B%22display_model_id%22%3A315806245095%2C%22model_selection_logic%22%3A3%7D&sp_atk=25ea7d49-8f6d-4175-b23e-5ad190cf4cc5&xptdk=25ea7d49-8f6d-4175-b23e-5ad190cf4cc5
https://down-id.img.susercontent.com/file/id-11134207-822wg-mn5xlro3jdvmfe,https://down-id.img.susercontent.com/file/id-11134258-7r98w-lyezzaurybot13,BLACK SHARK 4 8/128GB SECOND (CEK DESKRIPSI),Rp,850.000,https://deo.shopeemobile.com/shopee/modules-federation/live/0/shopee__item-card-standard-v2/0.2.8/pc/76dff349290d20891fc1.svg,,,https://deo.shopeemobile.com/shopee/modules-federation/live/0/shopee__item-card-standard-v2/0.2.8/pc/5dd7b4560d0e2d3190e8.svg,Kab. Bojonegoro,3-6 Hari,,,,,,,"Scrape to BigSeller
BLACK SHARK 4 8/128GB SECOND (CEK DESKRIPSI)
Rp
850.000
3-6 Hari
Kab. Bojonegoro",https://shopee.co.id/BLACK-SHARK-4-8-128GB-SECOND-(CEK-DESKRIPSI)-i.484668737.54909026087?extraParams=%7B%22display_model_id%22%3A380799740466%2C%22model_selection_logic%22%3A3%7D&sp_atk=60899644-2c29-48a4-9eb3-b3e3b26e6ce9&xptdk=60899644-2c29-48a4-9eb3-b3e3b26e6ce9
https://down-id.img.susercontent.com/file/id-11134207-822wm-mn9s9of3yrrc34,https://down-id.img.susercontent.com/file/id-11134258-7r98w-lyezzaurybot13,Black shark 2 Second,Rp,1.500.000,https://deo.shopeemobile.com/shopee/modules-federation/live/0/shopee__item-card-standard-v2/0.2.8/pc/76dff349290d20891fc1.svg,,,https://deo.shopeemobile.com/shopee/modules-federation/live/0/shopee__item-card-standard-v2/0.2.8/pc/5dd7b4560d0e2d3190e8.svg,Pontianak,6-15 Hari,,,,,,,"Scrape to BigSeller
Black shark 2 Second
Rp
1.500.000
6-15 Hari
Pontianak",https://shopee.co.id/Black-shark-2-Second-i.26960988.44509176576?extraParams=%7B%22display_model_id%22%3A302553223276%2C%22model_selection_logic%22%3A3%7D&sp_atk=d6fb5231-da8b-4aed-9bf5-ca860d7dda8d&xptdk=d6fb5231-da8b-4aed-9bf5-ca860d7dda8d
https://down-id.img.susercontent.com/file/id-11134207-822wp-mmsmwnimwmip3e,https://down-id.img.susercontent.com/file/id-11134258-8224v-mkvw0cu9r7k1a5,Xiaomi Black Shark 4 5G Mirror Black 12/128 | NFC | Unit Only Ori Resmi |,Rp,2.500.000,https://deo.shopeemobile.com/shopee/modules-federation/live/0/shopee__item-card-standard-v2/0.2.8/pc/38e203dc86172a6c6560.svg,https://deo.shopeemobile.com/shopee/modules-federation/live/0/shopee__item-card-standard-v2/0.2.8/pc/0614b8f0a8fdde22942d.svg,Besok,https://deo.shopeemobile.com/shopee/modules-federation/live/0/shopee__item-card-standard-v2/0.2.8/pc/5dd7b4560d0e2d3190e8.svg,Kab. Sukoharjo,Besok,,,https://deo.shopeemobile.com/shopee/modules-federation/live/0/shopee__item-card-standard-v2/0.2.8/pc/0614b8f0a8fdde22942d.svg,,,,"Scrape to BigSeller
Xiaomi Black Shark 4 5G Mirror Black 12/128 | NFC | Unit Only Ori Resmi |
Rp
2.500.000
Besok
Kab. Sukoharjo",https://shopee.co.id/Xiaomi-Black-Shark-4-5G-Mirror-Black-12-128-NFC-Unit-Only-Ori-Resmi--i.1571243151.51058405749?extraParams=%7B%22display_model_id%22%3A380745315590%2C%22model_selection_logic%22%3A3%7D&sp_atk=09a5c282-2ce3-406a-b82e-abbb0c0e0355&xptdk=09a5c282-2ce3-406a-b82e-abbb0c0e0355
https://down-id.img.susercontent.com/file/id-11134207-822wm-mlydjvmgcwlgb5,,"Xiaomi Black Shark 2 4G Black 8/128 | LCD Lokal, Finger Off | Minus bezel lecet wajar | Unit Only Ori Resmi | Imei 866713040355548",Rp,1.475.000,https://deo.shopeemobile.com/shopee/modules-federation/live/0/shopee__item-card-standard-v2/0.2.8/pc/76dff349290d20891fc1.svg,,,https://deo.shopeemobile.com/shopee/modules-federation/live/0/shopee__item-card-standard-v2/0.2.8/pc/5dd7b4560d0e2d3190e8.svg,Kab. Sukoharjo,1-3 Hari,,,,,,,"Scrape to BigSeller
Xiaomi Black Shark 2 4G Black 8/128 | LCD Lokal, Finger Off | Minus bezel lecet wajar | Unit Only Ori Resmi | Imei 866713040355548
Rp
1.475.000
1-3 Hari
Kab. Sukoharjo",https://shopee.co.id/Xiaomi-Black-Shark-2-4G-Black-8-128-LCD-Lokal-Finger-Off-Minus-bezel-lecet-wajar-Unit-Only-Ori-Resmi-Imei-866713040355548-i.1730394944.55357370960?extraParams=%7B%22display_model_id%22%3A335655183455%2C%22model_selection_logic%22%3A3%7D&sp_atk=99eb6fa3-a4fe-4133-9d37-f369c3529a8a&xptdk=99eb6fa3-a4fe-4133-9d37-f369c3529a8a
https://down-id.img.susercontent.com/file/id-11134207-8224z-mj4wa14ptpmr81,https://down-id.img.susercontent.com/file/id-11134258-7r98w-lyezzaurybot13,Hp black shark 2,Rp,1.900.000,https://deo.shopeemobile.com/shopee/modules-federation/live/0/shopee__item-card-standard-v2/0.2.8/pc/38e203dc86172a6c6560.svg,https://deo.shopeemobile.com/shopee/modules-federation/live/0/shopee__item-card-standard-v2/0.2.8/pc/0614b8f0a8fdde22942d.svg,< 2 Hari,https://deo.shopeemobile.com/shopee/modules-federation/live/0/shopee__item-card-standard-v2/0.2.8/pc/5dd7b4560d0e2d3190e8.svg,Kab. Sidoarjo,< 2 Hari,Produk Baru,,https://deo.shopeemobile.com/shopee/modules-federation/live/0/shopee__item-card-standard-v2/0.2.8/pc/0614b8f0a8fdde22942d.svg,,,,"Scrape to BigSeller
Hp black shark 2
Rp
1.900.000
Produk Baru
< 2 Hari
Kab. Sidoarjo",https://shopee.co.id/Hp-black-shark-2-i.78820267.56554161976?extraParams=%7B%22display_model_id%22%3A395395444444%2C%22model_selection_logic%22%3A3%7D&sp_atk=34982bd5-be83-4f1c-81cb-d4d504651ad0&xptdk=34982bd5-be83-4f1c-81cb-d4d504651ad0
https://down-id.img.susercontent.com/file/id-11134207-822wh-mmhhw00ogrnl73,https://down-id.img.susercontent.com/file/id-11134258-7r98w-lyezzaurybot13,Xiaomi Black Shark Blackshark 2 Pro RAM 8GB ROM 128GB,Rp,1.800.000,https://deo.shopeemobile.com/shopee/modules-federation/live/0/shopee__item-card-standard-v2/0.2.8/pc/38e203dc86172a6c6560.svg,https://deo.shopeemobile.com/shopee/modules-federation/live/0/shopee__item-card-standard-v2/0.2.8/pc/0614b8f0a8fdde22942d.svg,Besok,https://deo.shopeemobile.com/shopee/modules-federation/live/0/shopee__item-card-standard-v2/0.2.8/pc/5dd7b4560d0e2d3190e8.svg,Kab. Pacitan,Besok,,,https://deo.shopeemobile.com/shopee/modules-federation/live/0/shopee__item-card-standard-v2/0.2.8/pc/0614b8f0a8fdde22942d.svg,,,,"Scrape to BigSeller
Xiaomi Black Shark Blackshark 2 Pro RAM 8GB ROM 128GB
Rp
1.800.000
Besok
Kab. Pacitan",https://shopee.co.id/Xiaomi-Black-Shark-Blackshark-2-Pro-RAM-8GB-ROM-128GB-i.15801856.47258035656?extraParams=%7B%22display_model_id%22%3A224668369556%2C%22model_selection_logic%22%3A3%7D&sp_atk=a61d4d2f-dcb1-4cba-a5ad-368c0d9c9f3b&xptdk=a61d4d2f-dcb1-4cba-a5ad-368c0d9c9f3b
https://down-id.img.susercontent.com/file/cc349ea60a66312d8a88a3f4822f143f,https://down-id.img.susercontent.com/file/id-11134258-8224v-mkvw0cu9r7k1a5,xiaomi blackshark black shark 3 8/128gb second fullset,Rp,2.850.000,https://deo.shopeemobile.com/shopee/modules-federation/live/0/shopee__item-card-standard-v2/0.2.8/pc/38e203dc86172a6c6560.svg,https://deo.shopeemobile.com/shopee/modules-federation/live/0/shopee__item-card-standard-v2/0.2.8/pc/0614b8f0a8fdde22942d.svg,Besok,https://deo.shopeemobile.com/shopee/modules-federation/live/0/shopee__item-card-standard-v2/0.2.8/pc/5dd7b4560d0e2d3190e8.svg,Bekasi,4 Terjual,,https://deo.shopeemobile.com/shopee/modules-federation/live/0/shopee__item-card-standard-v2/0.2.8/pc/a425c915798471b33e5d.png,https://deo.shopeemobile.com/shopee/modules-federation/live/0/shopee__item-card-standard-v2/0.2.8/pc/d7099d3fd1dfdaf705ab.svg,5.0,,,"Scrape to BigSeller
xiaomi blackshark black shark 3 8/128gb second fullset
Rp
2.850.000
5.0
4 Terjual
Besok
Bekasi",https://shopee.co.id/xiaomi-blackshark-black-shark-3-8-128gb-second-fullset-i.43877791.18040094189?extraParams=%7B%22display_model_id%22%3A182039775887%2C%22model_selection_logic%22%3A3%7D&sp_atk=95ce4941-1540-4125-a0cb-3771ba0af9b2&xptdk=95ce4941-1540-4125-a0cb-3771ba0af9b2
https://down-id.img.susercontent.com/file/id-11134207-822ws-mm8spliktyiw0d,https://down-id.img.susercontent.com/file/id-11134258-8224v-mkvw0cu9r7k1a5,BLACK SHARK 8/128 SNAPDRAGON 845 (Baca Deskripsi),Rp,1.250.000,https://deo.shopeemobile.com/shopee/modules-federation/live/0/shopee__item-card-standard-v2/0.2.8/pc/38e203dc86172a6c6560.svg,https://deo.shopeemobile.com/shopee/modules-federation/live/0/shopee__item-card-standard-v2/0.2.8/pc/0614b8f0a8fdde22942d.svg,Besok,https://deo.shopeemobile.com/shopee/modules-federation/live/0/shopee__item-card-standard-v2/0.2.8/pc/5dd7b4560d0e2d3190e8.svg,Kab. Klaten,Besok,,,https://deo.shopeemobile.com/shopee/modules-federation/live/0/shopee__item-card-standard-v2/0.2.8/pc/0614b8f0a8fdde22942d.svg,,,,"Scrape to BigSeller
BLACK SHARK 8/128 SNAPDRAGON 845 (Baca Deskripsi)
Rp
1.250.000
Besok
Kab. Klaten",https://shopee.co.id/BLACK-SHARK-8-128-SNAPDRAGON-845-(Baca-Deskripsi)-i.144116326.47507731919?extraParams=%7B%22display_model_id%22%3A360685930472%2C%22model_selection_logic%22%3A3%7D&sp_atk=e4a1e32c-0f62-486f-af41-5446683eddc7&xptdk=e4a1e32c-0f62-486f-af41-5446683eddc7
https://down-id.img.susercontent.com/file/id-11134207-822wu-mlx9aebt0irsed,https://down-id.img.susercontent.com/file/id-11134258-8224v-mkvw0cu9r7k1a5,Blackshark 2 8/128gb HP only,Rp,1.344.000,https://deo.shopeemobile.com/shopee/modules-federation/live/0/shopee__item-card-standard-v2/0.2.8/pc/38e203dc86172a6c6560.svg,https://deo.shopeemobile.com/shopee/modules-federation/live/0/shopee__item-card-standard-v2/0.2.8/pc/0614b8f0a8fdde22942d.svg,Besok,https://deo.shopeemobile.com/shopee/modules-federation/live/0/shopee__item-card-standard-v2/0.2.8/pc/5dd7b4560d0e2d3190e8.svg,Bogor,Besok,,,https://deo.shopeemobile.com/shopee/modules-federation/live/0/shopee__item-card-standard-v2/0.2.8/pc/0614b8f0a8fdde22942d.svg,,,,"Scrape to BigSeller
Blackshark 2 8/128gb HP only
Rp
1.344.000
Besok
Bogor",https://shopee.co.id/Blackshark-2-8-128gb-HP-only-i.59421805.54957304175?extraParams=%7B%22display_model_id%22%3A272460458702%2C%22model_selection_logic%22%3A3%7D&sp_atk=228cbba4-c26a-4e71-8507-67d7828b51ec&xptdk=228cbba4-c26a-4e71-8507-67d7828b51ec
https://down-id.img.susercontent.com/file/id-11134207-7rasc-m2nj56e0n1vj5d,https://down-id.img.susercontent.com/file/id-11134258-7r98w-lyezzaurybot13,black shark 1,Rp,150.000,https://deo.shopeemobile.com/shopee/modules-federation/live/0/shopee__item-card-standard-v2/0.2.8/pc/38e203dc86172a6c6560.svg,https://deo.shopeemobile.com/shopee/modules-federation/live/0/shopee__item-card-standard-v2/0.2.8/pc/0614b8f0a8fdde22942d.svg,Besok,https://deo.shopeemobile.com/shopee/modules-federation/live/0/shopee__item-card-standard-v2/0.2.8/pc/5dd7b4560d0e2d3190e8.svg,Kab. Solok Selatan,3 Terjual,,,https://deo.shopeemobile.com/shopee/modules-federation/live/0/shopee__item-card-standard-v2/0.2.8/pc/d7099d3fd1dfdaf705ab.svg,5.0,,,"Scrape to BigSeller
black shark 1
Rp
150.000
5.0
3 Terjual
Besok
Kab. Solok Selatan",https://shopee.co.id/black-shark-1-i.4165005.26317769329?extraParams=%7B%22display_model_id%22%3A148887815733%2C%22model_selection_logic%22%3A2%7D&sp_atk=1ddb9bcb-9f5e-4449-ba31-ee4b9f11b567&xptdk=1ddb9bcb-9f5e-4449-ba31-ee4b9f11b567
https://down-id.img.susercontent.com/file/id-11134207-7rbk1-m65o6bg2fw6522,https://down-id.img.susercontent.com/file/id-11134258-7r98w-lyezzaurybot13,xiaomi Black shark 3 minus mesin aman,Rp,1.000.000,https://deo.shopeemobile.com/shopee/modules-federation/live/0/shopee__item-card-standard-v2/0.2.8/pc/38e203dc86172a6c6560.svg,https://deo.shopeemobile.com/shopee/modules-federation/live/0/shopee__item-card-standard-v2/0.2.8/pc/0614b8f0a8fdde22942d.svg,Besok,https://deo.shopeemobile.com/shopee/modules-federation/live/0/shopee__item-card-standard-v2/0.2.8/pc/5dd7b4560d0e2d3190e8.svg,Kab. Mesuji,Besok,,,https://deo.shopeemobile.com/shopee/modules-federation/live/0/shopee__item-card-standard-v2/0.2.8/pc/0614b8f0a8fdde22942d.svg,,,,"Scrape to BigSeller
xiaomi Black shark 3 minus mesin aman
Rp
1.000.000
Besok
Kab. Mesuji",https://shopee.co.id/xiaomi-Black-shark-3-minus-mesin-aman-i.80317397.28575969095?extraParams=%7B%22display_model_id%22%3A233794819257%2C%22model_selection_logic%22%3A3%7D&sp_atk=2bf96535-2d27-4ef8-808e-67e5f7b5c4c1&xptdk=2bf96535-2d27-4ef8-808e-67e5f7b5c4c1
https://down-id.img.susercontent.com/file/id-11134207-8224v-mgunthiagpoo24,https://down-id.img.susercontent.com/file/id-11134258-7r98w-lyezzaurybot13,Black Shark 3,Rp,2.250.000,https://deo.shopeemobile.com/shopee/modules-federation/live/0/shopee__item-card-standard-v2/0.2.8/pc/76dff349290d20891fc1.svg,,,https://deo.shopeemobile.com/shopee/modules-federation/live/0/shopee__item-card-standard-v2/0.2.8/pc/5dd7b4560d0e2d3190e8.svg,Kab. Ciamis,1 Terjual,,,https://deo.shopeemobile.com/shopee/modules-federation/live/0/shopee__item-card-standard-v2/0.2.8/pc/d7099d3fd1dfdaf705ab.svg,5.0,,,"Scrape to BigSeller
Black Shark 3
Rp
2.250.000
5.0
1 Terjual
4-9 Hari
Kab. Ciamis",https://shopee.co.id/Black-Shark-3-i.268855761.22320773159?extraParams=%7B%22display_model_id%22%3A213765437931%2C%22model_selection_logic%22%3A3%7D&sp_atk=2613423f-e7f8-4dfc-b39c-9306f6b54fa0&xptdk=2613423f-e7f8-4dfc-b39c-9306f6b54fa0
https://down-id.img.susercontent.com/file/02e592b4c6555afa1a3b13a006341397,https://down-id.img.susercontent.com/file/id-11134258-8224v-mkvw0cu9r7k1a5,"BLACK SHARK 1, BLACK SHARK HELO, BLACK SHARK 2, BLACK SHARK 2 PRO ,BLACK SHARK 3, BLACK SHARK 3 PRO, BLACK SHARK 3S, BLACK SHARK 4, BLACK SHARK 4 PRO HYDROGEL VIVAN FILM PELINDUNG LAYAR ANTI GORES HIDROGEL VIVAN",Rp,30.000,https://deo.shopeemobile.com/shopee/modules-federation/live/0/shopee__item-card-standard-v2/0.2.8/pc/38e203dc86172a6c6560.svg,https://deo.shopeemobile.com/shopee/modules-federation/live/0/shopee__item-card-standard-v2/0.2.8/pc/0614b8f0a8fdde22942d.svg,Besok,https://deo.shopeemobile.com/shopee/modules-federation/live/0/shopee__item-card-standard-v2/0.2.8/pc/5dd7b4560d0e2d3190e8.svg,Depok,4 Terjual,,https://deo.shopeemobile.com/shopee/modules-federation/live/0/shopee__item-card-standard-v2/0.2.8/pc/e4734dab67ee2f9ebd5a.png,https://deo.shopeemobile.com/shopee/modules-federation/live/0/shopee__item-card-standard-v2/0.2.8/pc/d7099d3fd1dfdaf705ab.svg,4.5,,,"Scrape to BigSeller
BLACK SHARK 1, BLACK SHARK HELO, BLACK SHARK 2, BLACK SHARK 2 PRO ,BLACK SHARK 3, BLACK SHARK 3 PRO, BLACK SHARK 3S, BLACK SHARK 4, BLACK SHARK 4 PRO HYDROGEL VIVAN FILM PELINDUNG LAYAR ANTI GORES HIDROGEL VIVAN
Rp
30.000
4.5
4 Terjual
Besok
Depok",https://shopee.co.id/BLACK-SHARK-1-BLACK-SHARK-HELO-BLACK-SHARK-2-BLACK-SHARK-2-PRO-BLACK-SHARK-3-BLACK-SHARK-3-PRO-BLACK-SHARK-3S-BLACK-SHARK-4-BLACK-SHARK-4-PRO-HYDROGEL-VIVAN-FILM-PELINDUNG-LAYAR-ANTI-GORES-HIDROGEL-VIVAN-i.122574064.8390611819?extraParams=%7B%22display_model_id%22%3A111731328259%2C%22model_selection_logic%22%3A2%7D&sp_atk=c874da6f-9e18-4b85-99c0-215d736dd277&xptdk=c874da6f-9e18-4b85-99c0-215d736dd277
https://down-id.img.susercontent.com/file/id-11134207-8224r-mjjgcq6wsnwj09,https://down-id.img.susercontent.com/file/id-11134258-7r98w-lyezzaurybot13,Black Shark S1 Classic Bekas - Fullset - second,Rp,450.000,https://deo.shopeemobile.com/shopee/modules-federation/live/0/shopee__item-card-standard-v2/0.2.8/pc/38e203dc86172a6c6560.svg,https://deo.shopeemobile.com/shopee/modules-federation/live/0/shopee__item-card-standard-v2/0.2.8/pc/0614b8f0a8fdde22942d.svg,Besok,https://deo.shopeemobile.com/shopee/modules-federation/live/0/shopee__item-card-standard-v2/0.2.8/pc/5dd7b4560d0e2d3190e8.svg,Jakarta Pusat,Besok,,https://deo.shopeemobile.com/shopee/modules-federation/live/0/shopee__item-card-standard-v2/0.2.8/pc/e4734dab67ee2f9ebd5a.png,https://deo.shopeemobile.com/shopee/modules-federation/live/0/shopee__item-card-standard-v2/0.2.8/pc/0614b8f0a8fdde22942d.svg,,,,"Scrape to BigSeller
Black Shark S1 Classic Bekas - Fullset - second
Rp
450.000
Besok
Jakarta Pusat",https://shopee.co.id/Black-Shark-S1-Classic-Bekas-Fullset-second-i.30817255.52304766421?extraParams=%7B%22display_model_id%22%3A287338675795%2C%22model_selection_logic%22%3A3%7D&sp_atk=487a0fe3-ff74-47b7-ab84-a05819edd7ce&xptdk=487a0fe3-ff74-47b7-ab84-a05819edd7ce
https://down-id.img.susercontent.com/file/id-11134207-8224r-mkcl5bhrecxs36,https://down-id.img.susercontent.com/file/id-11134258-7r98w-lyezzaurybot13,Black shark 4S pro,Rp,2.500.000,https://deo.shopeemobile.com/shopee/modules-federation/live/0/shopee__item-card-standard-v2/0.2.8/pc/76dff349290d20891fc1.svg,,,https://deo.shopeemobile.com/shopee/modules-federation/live/0/shopee__item-card-standard-v2/0.2.8/pc/5dd7b4560d0e2d3190e8.svg,Kab. Tegal,2-3 Hari,,,,,,,"Scrape to BigSeller
Black shark 4S pro
Rp
2.500.000
2-3 Hari
Kab. Tegal",https://shopee.co.id/Black-shark-4S-pro-i.585052875.51255876175?extraParams=%7B%22display_model_id%22%3A440530961800%2C%22model_selection_logic%22%3A3%7D&sp_atk=5ef50f66-6d54-4dab-b136-e2e1fca5c446&xptdk=5ef50f66-6d54-4dab-b136-e2e1fca5c446
https://down-id.img.susercontent.com/file/sg-11134201-22100-5zwy4qy5e8iv19,https://down-id.img.susercontent.com/file/id-11134258-8224v-mkvw0cu9r7k1a5,BLACK SHARK 4-BLACK SHARK 4 PRO-BLACK SHARK 5 -BLACK SHARK 5 PRO-BLACK SHARK 5 RS-MI 0 LITE 5G-MI 10 YOUTH 5G-MI 8 LITE-MI 8 PRO-MI 9 LITE-MI 9 PRO -MI 9 PRO 5G TEMPERED GLASS ANTI MINYAK GM ACC,Rp,4.500,https://deo.shopeemobile.com/shopee/modules-federation/live/0/shopee__item-card-standard-v2/0.2.8/pc/38e203dc86172a6c6560.svg,https://deo.shopeemobile.com/shopee/modules-federation/live/0/shopee__item-card-standard-v2/0.2.8/pc/0614b8f0a8fdde22942d.svg,Besok,https://deo.shopeemobile.com/shopee/modules-federation/live/0/shopee__item-card-standard-v2/0.2.8/pc/5dd7b4560d0e2d3190e8.svg,Tangerang,18 Terjual,,https://deo.shopeemobile.com/shopee/modules-federation/live/0/shopee__item-card-standard-v2/0.2.8/pc/e4734dab67ee2f9ebd5a.png,https://deo.shopeemobile.com/shopee/modules-federation/live/0/shopee__item-card-standard-v2/0.2.8/pc/d7099d3fd1dfdaf705ab.svg,4.2,,,"Scrape to BigSeller
BLACK SHARK 4-BLACK SHARK 4 PRO-BLACK SHARK 5 -BLACK SHARK 5 PRO-BLACK SHARK 5 RS-MI 0 LITE 5G-MI 10 YOUTH 5G-MI 8 LITE-MI 8 PRO-MI 9 LITE-MI 9 PRO -MI 9 PRO 5G TEMPERED GLASS ANTI MINYAK GM ACC
Rp
4.500
4.2
18 Terjual
Besok
Tangerang",https://shopee.co.id/BLACK-SHARK-4-BLACK-SHARK-4-PRO-BLACK-SHARK-5-BLACK-SHARK-5-PRO-BLACK-SHARK-5-RS-MI-0-LITE-5G-MI-10-YOUTH-5G-MI-8-LITE-MI-8-PRO-MI-9-LITE-MI-9-PRO-MI-9-PRO-5G-TEMPERED-GLASS-ANTI-MINYAK-GM-ACC-i.180769575.18831295901?extraParams=%7B%22display_model_id%22%3A126450688293%2C%22model_selection_logic%22%3A2%7D&sp_atk=9cdc4c36-5684-4cfc-a56e-100ef7765e67&xptdk=9cdc4c36-5684-4cfc-a56e-100ef7765e67
https://down-id.img.susercontent.com/file/id-11134207-7ra0n-mcdlggbv3ie6b9,https://down-id.img.susercontent.com/file/id-11134258-7r98w-lyezzaurybot13,black shark 3,Rp,1.400.000,https://deo.shopeemobile.com/shopee/modules-federation/live/0/shopee__item-card-standard-v2/0.2.8/pc/76dff349290d20891fc1.svg,,,https://deo.shopeemobile.com/shopee/modules-federation/live/0/shopee__item-card-standard-v2/0.2.8/pc/5dd7b4560d0e2d3190e8.svg,Kab. Rokan Hulu,5-11 Hari,,,,,,,"Scrape to BigSeller
black shark 3
Rp
1.400.000
5-11 Hari
Kab. Rokan Hulu",https://shopee.co.id/black-shark-3-i.583709125.40659132063?extraParams=%7B%22display_model_id%22%3A305764305268%2C%22model_selection_logic%22%3A3%7D&sp_atk=073c3ddf-6a0e-498c-965c-e20ec09e5d38&xptdk=073c3ddf-6a0e-498c-965c-e20ec09e5d38
https://down-id.img.susercontent.com/file/id-11134207-822wr-mmcm08dvq9z553,,Black Shark 4 Pro 12/256,Rp,2.890.000,https://deo.shopeemobile.com/shopee/modules-federation/live/0/shopee__item-card-standard-v2/0.2.8/pc/76dff349290d20891fc1.svg,,,https://deo.shopeemobile.com/shopee/modules-federation/live/0/shopee__item-card-standard-v2/0.2.8/pc/5dd7b4560d0e2d3190e8.svg,Yogyakarta,4-7 Hari,,,,,,,"Scrape to BigSeller
Black Shark 4 Pro 12/256
Rp
2.890.000
4-7 Hari
Yogyakarta",https://shopee.co.id/Black-Shark-4-Pro-12-256-i.53935300.40379577283?extraParams=%7B%22display_model_id%22%3A310696048081%2C%22model_selection_logic%22%3A3%7D&sp_atk=be35afec-63b3-43b8-bcc4-4f1859798bf5&xptdk=be35afec-63b3-43b8-bcc4-4f1859798bf5
https://down-id.img.susercontent.com/file/id-11134207-8224s-mkc4200tbnd06d,https://down-id.img.susercontent.com/file/id-11134258-822wp-mlyjp115kz5tc6,Blackshark 5 ram 8/128gb,Rp,3.300.000,https://deo.shopeemobile.com/shopee/modules-federation/live/0/shopee__item-card-standard-v2/0.2.8/pc/38e203dc86172a6c6560.svg,https://deo.shopeemobile.com/shopee/modules-federation/live/0/shopee__item-card-standard-v2/0.2.8/pc/0614b8f0a8fdde22942d.svg,< 2 Hari,https://deo.shopeemobile.com/shopee/modules-federation/live/0/shopee__item-card-standard-v2/0.2.8/pc/5dd7b4560d0e2d3190e8.svg,Surabaya,< 2 Hari,,https://deo.shopeemobile.com/shopee/modules-federation/live/0/shopee__item-card-standard-v2/0.2.8/pc/a425c915798471b33e5d.png,https://deo.shopeemobile.com/shopee/modules-federation/live/0/shopee__item-card-standard-v2/0.2.8/pc/0614b8f0a8fdde22942d.svg,,,,"Scrape to BigSeller
Blackshark 5 ram 8/128gb
Rp
3.300.000
< 2 Hari
Surabaya",https://shopee.co.id/Blackshark-5-ram-8-128gb-i.214295724.51005850493?extraParams=%7B%22display_model_id%22%3A350528814571%2C%22model_selection_logic%22%3A3%7D&sp_atk=939cdac9-bf67-47b7-a342-44461dd89c13&xptdk=939cdac9-bf67-47b7-a342-44461dd89c13
https://down-id.img.susercontent.com/file/id-11134207-822wo-mmub2bhl105d6a,https://down-id.img.susercontent.com/file/id-11134258-822wr-mlx67rtd6r602f,BLACK SHARK 2 PRO RAM 12/256GB Resmi,Rp,3.150.000,https://deo.shopeemobile.com/shopee/modules-federation/live/0/shopee__item-card-standard-v2/0.2.8/pc/38e203dc86172a6c6560.svg,https://deo.shopeemobile.com/shopee/modules-federation/live/0/shopee__item-card-standard-v2/0.2.8/pc/0614b8f0a8fdde22942d.svg,Besok,https://deo.shopeemobile.com/shopee/modules-federation/live/0/shopee__item-card-standard-v2/0.2.8/pc/5dd7b4560d0e2d3190e8.svg,Jakarta Selatan,Besok,,https://deo.shopeemobile.com/shopee/modules-federation/live/0/shopee__item-card-standard-v2/0.2.8/pc/e4734dab67ee2f9ebd5a.png,https://deo.shopeemobile.com/shopee/modules-federation/live/0/shopee__item-card-standard-v2/0.2.8/pc/0614b8f0a8fdde22942d.svg,,,,"Scrape to BigSeller
BLACK SHARK 2 PRO RAM 12/256GB Resmi
Rp
3.150.000
Besok
Jakarta Selatan",https://shopee.co.id/BLACK-SHARK-2-PRO-RAM-12-256GB-Resmi-i.259954982.54858493529?extraParams=%7B%22display_model_id%22%3A430754421949%2C%22model_selection_logic%22%3A3%7D&sp_atk=36bf8770-bd70-41a4-92d4-379ff592f137&xptdk=36bf8770-bd70-41a4-92d4-379ff592f137
https://down-id.img.susercontent.com/file/sg-11134201-22100-amrrmw28f8iv69,https://down-id.img.susercontent.com/file/id-11134258-8224v-mkvw0cu9r7k1a5,BLACK SHARK 4-BLACK SHARK 4 PRO-BLACK SHARK 5 -BLACK SHARK 5 PRO-BLACK SHARK 5 RS-MI 10 LITE 5G-MI 10 YOUTH 5G-MI 8 LITE-MI 8 PRO-MI 9 LITE-MI 9 PRO -MI 9 PRO 5G TEMPERED GLASS 5D GM ACC,Rp,3.500,https://deo.shopeemobile.com/shopee/modules-federation/live/0/shopee__item-card-standard-v2/0.2.8/pc/38e203dc86172a6c6560.svg,https://deo.shopeemobile.com/shopee/modules-federation/live/0/shopee__item-card-standard-v2/0.2.8/pc/0614b8f0a8fdde22942d.svg,Besok,https://deo.shopeemobile.com/shopee/modules-federation/live/0/shopee__item-card-standard-v2/0.2.8/pc/5dd7b4560d0e2d3190e8.svg,Tangerang,19 Terjual,,https://deo.shopeemobile.com/shopee/modules-federation/live/0/shopee__item-card-standard-v2/0.2.8/pc/e4734dab67ee2f9ebd5a.png,https://deo.shopeemobile.com/shopee/modules-federation/live/0/shopee__item-card-standard-v2/0.2.8/pc/d7099d3fd1dfdaf705ab.svg,4.5,,,"Scrape to BigSeller
BLACK SHARK 4-BLACK SHARK 4 PRO-BLACK SHARK 5 -BLACK SHARK 5 PRO-BLACK SHARK 5 RS-MI 10 LITE 5G-MI 10 YOUTH 5G-MI 8 LITE-MI 8 PRO-MI 9 LITE-MI 9 PRO -MI 9 PRO 5G TEMPERED GLASS 5D GM ACC
Rp
3.500
4.5
19 Terjual
Besok
Tangerang",https://shopee.co.id/BLACK-SHARK-4-BLACK-SHARK-4-PRO-BLACK-SHARK-5-BLACK-SHARK-5-PRO-BLACK-SHARK-5-RS-MI-10-LITE-5G-MI-10-YOUTH-5G-MI-8-LITE-MI-8-PRO-MI-9-LITE-MI-9-PRO-MI-9-PRO-5G-TEMPERED-GLASS-5D-GM-ACC-i.180769575.21358417335?extraParams=%7B%22display_model_id%22%3A192969904295%2C%22model_selection_logic%22%3A2%7D&sp_atk=aeb32833-c696-4b67-8b68-4cf0878136b7&xptdk=aeb32833-c696-4b67-8b68-4cf0878136b7
https://down-id.img.susercontent.com/file/id-11134207-822wu-mmrhbp9iudxcc1,https://down-id.img.susercontent.com/file/id-11134258-7r98w-lyezzaurybot13,blackshark 4 pro 12/256 second mulus,Rp,3.150.000,https://deo.shopeemobile.com/shopee/modules-federation/live/0/shopee__item-card-standard-v2/0.2.8/pc/76dff349290d20891fc1.svg,,,https://deo.shopeemobile.com/shopee/modules-federation/live/0/shopee__item-card-standard-v2/0.2.8/pc/5dd7b4560d0e2d3190e8.svg,Kab. Sumedang,4-7 Hari,,,,,,,"Scrape to BigSeller
blackshark 4 pro 12/256 second mulus
Rp
3.150.000
4-7 Hari
Kab. Sumedang",https://shopee.co.id/blackshark-4-pro-12-256-second-mulus-i.928681624.48608359424?extraParams=%7B%22display_model_id%22%3A177391803254%2C%22model_selection_logic%22%3A3%7D&sp_atk=cdc29c50-ee07-4502-ab58-90056a74517e&xptdk=cdc29c50-ee07-4502-ab58-90056a74517e
https://down-id.img.susercontent.com/file/aabc05e8686bfcf6c938bb44e746b82e,https://down-id.img.susercontent.com/file/id-11134258-8224v-mkvw0cu9r7k1a5,xiaomi black shark 4 blackshark 4 12/256gb second original,Rp,3.850.000,https://deo.shopeemobile.com/shopee/modules-federation/live/0/shopee__item-card-standard-v2/0.2.8/pc/38e203dc86172a6c6560.svg,https://deo.shopeemobile.com/shopee/modules-federation/live/0/shopee__item-card-standard-v2/0.2.8/pc/0614b8f0a8fdde22942d.svg,Besok,https://deo.shopeemobile.com/shopee/modules-federation/live/0/shopee__item-card-standard-v2/0.2.8/pc/5dd7b4560d0e2d3190e8.svg,Bekasi,6 Terjual,,https://deo.shopeemobile.com/shopee/modules-federation/live/0/shopee__item-card-standard-v2/0.2.8/pc/a425c915798471b33e5d.png,https://deo.shopeemobile.com/shopee/modules-federation/live/0/shopee__item-card-standard-v2/0.2.8/pc/d7099d3fd1dfdaf705ab.svg,5.0,,,"Scrape to BigSeller
xiaomi black shark 4 blackshark 4 12/256gb second original
Rp
3.850.000
5.0
6 Terjual
Besok
Bekasi",https://shopee.co.id/xiaomi-black-shark-4-blackshark-4-12-256gb-second-original-i.43877791.18133985594?extraParams=%7B%22display_model_id%22%3A211746362212%2C%22model_selection_logic%22%3A3%7D&sp_atk=20f4364a-3013-4f42-a5f1-d4c396a93d1e&xptdk=20f4364a-3013-4f42-a5f1-d4c396a93d1e
https://down-id.img.susercontent.com/file/sg-11134201-22100-0qcw3bn4f8iv4a,https://down-id.img.susercontent.com/file/id-11134258-8224v-mkvw0cu9r7k1a5,BLACK SHARK 4-BLACK SHARK 4 PRO-BLACK SHARK 5 -BLACK SHARK 5 PRO-BLACK SHARK 5 RS-MI 10 LITE 5G-MI 10 YOUTH 5G-MI 8 LITE-MI 8 PRO-MI 9 LITE-MI 9 PRO -MI 9 PRO 5G TEMPERED GLASS ANTI BLUE GM ACC,Rp,4.500,https://deo.shopeemobile.com/shopee/modules-federation/live/0/shopee__item-card-standard-v2/0.2.8/pc/38e203dc86172a6c6560.svg,https://deo.shopeemobile.com/shopee/modules-federation/live/0/shopee__item-card-standard-v2/0.2.8/pc/0614b8f0a8fdde22942d.svg,Besok,https://deo.shopeemobile.com/shopee/modules-federation/live/0/shopee__item-card-standard-v2/0.2.8/pc/5dd7b4560d0e2d3190e8.svg,Tangerang,Besok,,https://deo.shopeemobile.com/shopee/modules-federation/live/0/shopee__item-card-standard-v2/0.2.8/pc/e4734dab67ee2f9ebd5a.png,https://deo.shopeemobile.com/shopee/modules-federation/live/0/shopee__item-card-standard-v2/0.2.8/pc/0614b8f0a8fdde22942d.svg,,,,"Scrape to BigSeller
BLACK SHARK 4-BLACK SHARK 4 PRO-BLACK SHARK 5 -BLACK SHARK 5 PRO-BLACK SHARK 5 RS-MI 10 LITE 5G-MI 10 YOUTH 5G-MI 8 LITE-MI 8 PRO-MI 9 LITE-MI 9 PRO -MI 9 PRO 5G TEMPERED GLASS ANTI BLUE GM ACC
Rp
4.500
Besok
Tangerang",https://shopee.co.id/BLACK-SHARK-4-BLACK-SHARK-4-PRO-BLACK-SHARK-5-BLACK-SHARK-5-PRO-BLACK-SHARK-5-RS-MI-10-LITE-5G-MI-10-YOUTH-5G-MI-8-LITE-MI-8-PRO-MI-9-LITE-MI-9-PRO-MI-9-PRO-5G-TEMPERED-GLASS-ANTI-BLUE-GM-ACC-i.180769575.21358417597?extraParams=%7B%22display_model_id%22%3A127022196241%2C%22model_selection_logic%22%3A2%7D&sp_atk=7876e309-ff1a-40cd-bcae-b74fd068736e&xptdk=7876e309-ff1a-40cd-bcae-b74fd068736e
https://down-id.img.susercontent.com/file/sg-11134201-22100-aam8t109f8iv8e,https://down-id.img.susercontent.com/file/id-11134258-8224v-mkvw0cu9r7k1a5,BLACK SHARK 4-BLACK SHARK 4 PRO-BLACK SHARK 5 -BLACK SHARK 5 PRO-BLACK SHARK 5 RS-MI 10 LITE 5G-MI 10 YOUTH 5G-MI 8 LITE-MI 8 PRO-MI 9 LITE-MI 9 PRO -MI 9 PRO 5G  TEMPERED GLASS ANTI SPY GM ACC,Rp,8.000,https://deo.shopeemobile.com/shopee/modules-federation/live/0/shopee__item-card-standard-v2/0.2.8/pc/38e203dc86172a6c6560.svg,https://deo.shopeemobile.com/shopee/modules-federation/live/0/shopee__item-card-standard-v2/0.2.8/pc/0614b8f0a8fdde22942d.svg,Besok,https://deo.shopeemobile.com/shopee/modules-federation/live/0/shopee__item-card-standard-v2/0.2.8/pc/5dd7b4560d0e2d3190e8.svg,Tangerang,1 Terjual,,https://deo.shopeemobile.com/shopee/modules-federation/live/0/shopee__item-card-standard-v2/0.2.8/pc/e4734dab67ee2f9ebd5a.png,https://deo.shopeemobile.com/shopee/modules-federation/live/0/shopee__item-card-standard-v2/0.2.8/pc/0614b8f0a8fdde22942d.svg,,,,"Scrape to BigSeller
BLACK SHARK 4-BLACK SHARK 4 PRO-BLACK SHARK 5 -BLACK SHARK 5 PRO-BLACK SHARK 5 RS-MI 10 LITE 5G-MI 10 YOUTH 5G-MI 8 LITE-MI 8 PRO-MI 9 LITE-MI 9 PRO -MI 9 PRO 5G TEMPERED GLASS ANTI SPY GM ACC
Rp
8.000
1 Terjual
Besok
Tangerang",https://shopee.co.id/BLACK-SHARK-4-BLACK-SHARK-4-PRO-BLACK-SHARK-5-BLACK-SHARK-5-PRO-BLACK-SHARK-5-RS-MI-10-LITE-5G-MI-10-YOUTH-5G-MI-8-LITE-MI-8-PRO-MI-9-LITE-MI-9-PRO-MI-9-PRO-5G-TEMPERED-GLASS-ANTI-SPY-GM-ACC-i.180769575.20458419363?extraParams=%7B%22display_model_id%22%3A230139044117%2C%22model_selection_logic%22%3A2%7D&sp_atk=30bb8f00-9ec0-4fa1-a5fa-f38c174ef7bd&xptdk=30bb8f00-9ec0-4fa1-a5fa-f38c174ef7bd
https://down-id.img.susercontent.com/file/id-11134207-822wh-mmhtl2rqclxg79,https://down-id.img.susercontent.com/file/id-11134258-7r98w-lyezzaurybot13,blackshark 5 8 / 256,Rp,3.100.000,https://deo.shopeemobile.com/shopee/modules-federation/live/0/shopee__item-card-standard-v2/0.2.8/pc/38e203dc86172a6c6560.svg,https://deo.shopeemobile.com/shopee/modules-federation/live/0/shopee__item-card-standard-v2/0.2.8/pc/0614b8f0a8fdde22942d.svg,Besok,https://deo.shopeemobile.com/shopee/modules-federation/live/0/shopee__item-card-standard-v2/0.2.8/pc/5dd7b4560d0e2d3190e8.svg,Semarang,Besok,,,https://deo.shopeemobile.com/shopee/modules-federation/live/0/shopee__item-card-standard-v2/0.2.8/pc/0614b8f0a8fdde22942d.svg,,,,"Scrape to BigSeller
blackshark 5 8 / 256
Rp
3.100.000
Besok
Semarang",https://shopee.co.id/blackshark-5-8-256-i.85885813.53308014056?extraParams=%7B%22display_model_id%22%3A425712977205%2C%22model_selection_logic%22%3A3%7D&sp_atk=89de3b98-b7d9-4b39-abda-fddcd756047f&xptdk=89de3b98-b7d9-4b39-abda-fddcd756047f
https://down-id.img.susercontent.com/file/id-11134207-822wj-mlt3173ctbm03e,https://down-id.img.susercontent.com/file/id-11134258-8224v-mkvw0cu9r7k1a5,Blackshark V2X White (BNIB),Rp,458.100,https://deo.shopeemobile.com/shopee/modules-federation/live/0/shopee__item-card-standard-v2/0.2.8/pc/76dff349290d20891fc1.svg,,,https://deo.shopeemobile.com/shopee/modules-federation/live/0/shopee__item-card-standard-v2/0.2.8/pc/5dd7b4560d0e2d3190e8.svg,Bandung,2-6 Hari,,,,,-34%,https://deo.shopeemobile.com/shopee/modules-federation/live/0/shopee__item-card-standard-v2/0.2.8/pc/b4d1b8a78b3621dbdf4a.svg,"Scrape to BigSeller
Blackshark V2X White (BNIB)
Rp
458.100
-34%
2-6 Hari
Bandung",https://shopee.co.id/Blackshark-V2X-White-(BNIB)-i.50844890.46457231348?extraParams=%7B%22display_model_id%22%3A360641824767%2C%22model_selection_logic%22%3A3%7D&sp_atk=1fd09573-fa49-4165-99dd-67c8521e6b9e&xptdk=1fd09573-fa49-4165-99dd-67c8521e6b9e
https://down-id.img.susercontent.com/file/id-11134207-822ws-mm08kaqan4en54,https://down-id.img.susercontent.com/file/id-11134258-8224v-mkvw0cu9r7k1a5,HP second Xiaomi Black Shark 3 8/128GB Normal tested,Rp,2.650.000,https://deo.shopeemobile.com/shopee/modules-federation/live/0/shopee__item-card-standard-v2/0.2.8/pc/38e203dc86172a6c6560.svg,https://deo.shopeemobile.com/shopee/modules-federation/live/0/shopee__item-card-standard-v2/0.2.8/pc/0614b8f0a8fdde22942d.svg,Besok,https://deo.shopeemobile.com/shopee/modules-federation/live/0/shopee__item-card-standard-v2/0.2.8/pc/5dd7b4560d0e2d3190e8.svg,Kab. Malang,1 Terjual,,https://deo.shopeemobile.com/shopee/modules-federation/live/0/shopee__item-card-standard-v2/0.2.8/pc/e4734dab67ee2f9ebd5a.png,https://deo.shopeemobile.com/shopee/modules-federation/live/0/shopee__item-card-standard-v2/0.2.8/pc/0614b8f0a8fdde22942d.svg,,,,"Scrape to BigSeller
HP second Xiaomi Black Shark 3 8/128GB Normal tested
Rp
2.650.000
1 Terjual
Besok
Kab. Malang",https://shopee.co.id/HP-second-Xiaomi-Black-Shark-3-8-128GB-Normal-tested-i.32871829.45357433564?extraParams=%7B%22display_model_id%22%3A435659549959%2C%22model_selection_logic%22%3A3%7D&sp_atk=1cb9f000-1d34-4cbc-b18d-cbdd8561b4d1&xptdk=1cb9f000-1d34-4cbc-b18d-cbdd8561b4d1
https://down-id.img.susercontent.com/file/ab607030eb1024f4faa6d7c5f71abf76,https://down-id.img.susercontent.com/file/id-11134258-7r98w-lyezzaurybot13,xiaomi Blackshark 1,Rp,500.000,,,,https://deo.shopeemobile.com/shopee/modules-federation/live/0/shopee__item-card-standard-v2/0.2.8/pc/5dd7b4560d0e2d3190e8.svg,Makassar,,,,,,,,"Scrape to BigSeller
xiaomi Blackshark 1
Rp
500.000
Makassar",https://shopee.co.id/xiaomi-Blackshark-1-i.663236316.15244135438?extraParams=%7B%22display_model_id%22%3A142059743724%2C%22model_selection_logic%22%3A3%7D&sp_atk=d61ee6c4-ee78-40a1-9ade-38e6df6182cd&xptdk=d61ee6c4-ee78-40a1-9ade-38e6df6182cd
https://down-id.img.susercontent.com/file/id-11134207-7rbk6-m7jhx5xrk68l8c,https://down-id.img.susercontent.com/file/id-11134258-8224v-mkvw0cu9r7k1a5,Black shark 3 Garansi Resmi Indonesia Blackshark 3 HP Game Dengan Game P@d,Rp,3.999.000,https://deo.shopeemobile.com/shopee/modules-federation/live/0/shopee__item-card-standard-v2/0.2.8/pc/38e203dc86172a6c6560.svg,https://deo.shopeemobile.com/shopee/modules-federation/live/0/shopee__item-card-standard-v2/0.2.8/pc/0614b8f0a8fdde22942d.svg,Hari ini,https://deo.shopeemobile.com/shopee/modules-federation/live/0/shopee__item-card-standard-v2/0.2.8/pc/5dd7b4560d0e2d3190e8.svg,Surabaya,Hari ini,,,https://deo.shopeemobile.com/shopee/modules-federation/live/0/shopee__item-card-standard-v2/0.2.8/pc/0614b8f0a8fdde22942d.svg,,,,"Scrape to BigSeller
Black shark 3 Garansi Resmi Indonesia Blackshark 3 HP Game Dengan Game P@d
Rp
3.999.000
Hari ini
Surabaya",https://shopee.co.id/Black-shark-3-Garansi-Resmi-Indonesia-Blackshark-3-HP-Game-Dengan-Game-P-d-i.198773392.26730168733?extraParams=%7B%22display_model_id%22%3A320679045175%2C%22model_selection_logic%22%3A3%7D&sp_atk=370bce6e-54dd-48d8-aa48-d7df4722d3a6&xptdk=370bce6e-54dd-48d8-aa48-d7df4722d3a6
https://down-id.img.susercontent.com/file/id-11134207-8224x-mjkauxuk7ytg56,https://down-id.img.susercontent.com/file/id-11134258-7r98w-lyezzaurybot13,Black shark 3 8/128gb,Rp,2.350.000,https://deo.shopeemobile.com/shopee/modules-federation/live/0/shopee__item-card-standard-v2/0.2.8/pc/76dff349290d20891fc1.svg,,,https://deo.shopeemobile.com/shopee/modules-federation/live/0/shopee__item-card-standard-v2/0.2.8/pc/5dd7b4560d0e2d3190e8.svg,Kab. Banjarnegara,2-5 Hari,,,,,,,"Scrape to BigSeller
Black shark 3 8/128gb
Rp
2.350.000
2-5 Hari
Kab. Banjarnegara",https://shopee.co.id/Black-shark-3-8-128gb-i.28675347.51854789900?extraParams=%7B%22display_model_id%22%3A335444255343%2C%22model_selection_logic%22%3A3%7D&sp_atk=60ac988a-b066-40b2-89a5-6b016fa831c8&xptdk=60ac988a-b066-40b2-89a5-6b016fa831c8
https://down-id.img.susercontent.com/file/id-11134207-822wh-mmcu5fow1udf55,https://down-id.img.susercontent.com/file/id-11134258-822wr-mlx67rtd6r602f,BLACK SHARK S3 CLASSIC GARANSI RESMI,Rp,749.000,https://deo.shopeemobile.com/shopee/modules-federation/live/0/shopee__item-card-standard-v2/0.2.8/pc/38e203dc86172a6c6560.svg,https://deo.shopeemobile.com/shopee/modules-federation/live/0/shopee__item-card-standard-v2/0.2.8/pc/0614b8f0a8fdde22942d.svg,Besok,https://deo.shopeemobile.com/shopee/modules-federation/live/0/shopee__item-card-standard-v2/0.2.8/pc/5dd7b4560d0e2d3190e8.svg,Yogyakarta,Besok,,https://deo.shopeemobile.com/shopee/modules-federation/live/0/shopee__item-card-standard-v2/0.2.8/pc/e4734dab67ee2f9ebd5a.png,https://deo.shopeemobile.com/shopee/modules-federation/live/0/shopee__item-card-standard-v2/0.2.8/pc/0614b8f0a8fdde22942d.svg,,,,"Scrape to BigSeller
BLACK SHARK S3 CLASSIC GARANSI RESMI
Rp
749.000
Besok
Yogyakarta",https://shopee.co.id/BLACK-SHARK-S3-CLASSIC-GARANSI-RESMI-i.57690309.47957794363?extraParams=%7B%22display_model_id%22%3A277486685723%2C%22model_selection_logic%22%3A3%7D&sp_atk=f136073b-18d0-4b62-80d9-28e73462fb14&xptdk=f136073b-18d0-4b62-80d9-28e73462fb14
https://down-id.img.susercontent.com/file/id-11134207-7r992-llq2752cwh7ob8,https://down-id.img.susercontent.com/file/id-11134258-8224v-mkvw0cu9r7k1a5,Xiaomi Black Shark 4 8/128 6/128 Second Fullset Original,Rp,4.249.000,https://deo.shopeemobile.com/shopee/modules-federation/live/0/shopee__item-card-standard-v2/0.2.8/pc/38e203dc86172a6c6560.svg,https://deo.shopeemobile.com/shopee/modules-federation/live/0/shopee__item-card-standard-v2/0.2.8/pc/0614b8f0a8fdde22942d.svg,Besok,https://deo.shopeemobile.com/shopee/modules-federation/live/0/shopee__item-card-standard-v2/0.2.8/pc/5dd7b4560d0e2d3190e8.svg,Jakarta Barat,2 Terjual,,https://deo.shopeemobile.com/shopee/modules-federation/live/0/shopee__item-card-standard-v2/0.2.8/pc/e4734dab67ee2f9ebd5a.png,https://deo.shopeemobile.com/shopee/modules-federation/live/0/shopee__item-card-standard-v2/0.2.8/pc/d7099d3fd1dfdaf705ab.svg,5.0,,,"Scrape to BigSeller
Xiaomi Black Shark 4 8/128 6/128 Second Fullset Original
Rp
4.249.000
5.0
2 Terjual
Besok
Jakarta Barat",https://shopee.co.id/Xiaomi-Black-Shark-4-8-128-6-128-Second-Fullset-Original-i.203572497.19184218165?extraParams=%7B%22display_model_id%22%3A194590472954%2C%22model_selection_logic%22%3A3%7D&sp_atk=44d1f2de-8ea8-46a0-8c3d-905c5921aab6&xptdk=44d1f2de-8ea8-46a0-8c3d-905c5921aab6
https://down-id.img.susercontent.com/file/id-11134207-822wm-mmzmwmjdwqo4ae,https://down-id.img.susercontent.com/file/id-11134258-7r98w-lyezzaurybot13,blackshark 2,Rp,2.000.000,https://deo.shopeemobile.com/shopee/modules-federation/live/0/shopee__item-card-standard-v2/0.2.8/pc/76dff349290d20891fc1.svg,,,https://deo.shopeemobile.com/shopee/modules-federation/live/0/shopee__item-card-standard-v2/0.2.8/pc/5dd7b4560d0e2d3190e8.svg,Kab. Tegal,2-3 Hari,,https://deo.shopeemobile.com/shopee/modules-federation/live/0/shopee__item-card-standard-v2/0.2.8/pc/a425c915798471b33e5d.png,,,,,"Scrape to BigSeller
blackshark 2
Rp
2.000.000
2-3 Hari
Kab. Tegal",https://shopee.co.id/blackshark-2-i.597652478.50258720795?extraParams=%7B%22display_model_id%22%3A410773576127%2C%22model_selection_logic%22%3A3%7D&sp_atk=eb9d776e-ba7b-4d52-b790-da2ce079b55c&xptdk=eb9d776e-ba7b-4d52-b790-da2ce079b55c
https://down-id.img.susercontent.com/file/id-11134207-82252-mh57chdqoaa32a,https://down-id.img.susercontent.com/file/id-11134258-8224v-mkvw0cu9r7k1a5,Blackshark 2 Pro + Gamepad Garansi Resmi Black Shark 2 Fullset Ori,Rp,4.599.000,https://deo.shopeemobile.com/shopee/modules-federation/live/0/shopee__item-card-standard-v2/0.2.8/pc/38e203dc86172a6c6560.svg,https://deo.shopeemobile.com/shopee/modules-federation/live/0/shopee__item-card-standard-v2/0.2.8/pc/0614b8f0a8fdde22942d.svg,Hari ini,https://deo.shopeemobile.com/shopee/modules-federation/live/0/shopee__item-card-standard-v2/0.2.8/pc/5dd7b4560d0e2d3190e8.svg,Surabaya,Hari ini,,,https://deo.shopeemobile.com/shopee/modules-federation/live/0/shopee__item-card-standard-v2/0.2.8/pc/0614b8f0a8fdde22942d.svg,,,,"Scrape to BigSeller
Blackshark 2 Pro + Gamepad Garansi Resmi Black Shark 2 Fullset Ori
Rp
4.599.000
Hari ini
Surabaya",https://shopee.co.id/Blackshark-2-Pro-Gamepad-Garansi-Resmi-Black-Shark-2-Fullset-Ori-i.198773392.53301494578?extraParams=%7B%22display_model_id%22%3A390138585631%2C%22model_selection_logic%22%3A3%7D&sp_atk=51778720-2c65-4d3a-b4b5-72e1d5e91336&xptdk=51778720-2c65-4d3a-b4b5-72e1d5e91336
https://down-id.img.susercontent.com/file/sg-11134201-7rbk0-lks3mxwhee7ifb,https://down-id.img.susercontent.com/file/id-11134258-8224v-mkvw0cu9r7k1a5,XIAOMI BLACK SHARK 2 PRO Ram 8/128Gb FULLSET - rog phone,Rp,4.550.000,https://deo.shopeemobile.com/shopee/modules-federation/live/0/shopee__item-card-standard-v2/0.2.8/pc/38e203dc86172a6c6560.svg,https://deo.shopeemobile.com/shopee/modules-federation/live/0/shopee__item-card-standard-v2/0.2.8/pc/0614b8f0a8fdde22942d.svg,Besok,https://deo.shopeemobile.com/shopee/modules-federation/live/0/shopee__item-card-standard-v2/0.2.8/pc/5dd7b4560d0e2d3190e8.svg,Jakarta Pusat,35 Terjual,Cicilan,,https://deo.shopeemobile.com/shopee/modules-federation/live/0/shopee__item-card-standard-v2/0.2.8/pc/d7099d3fd1dfdaf705ab.svg,4.8,-10%,,"Scrape to BigSeller
XIAOMI BLACK SHARK 2 PRO Ram 8/128Gb FULLSET - rog phone
Rp
4.550.000
-10%
Cicilan
4.8
35 Terjual
Besok
Jakarta Pusat",https://shopee.co.id/XIAOMI-BLACK-SHARK-2-PRO-Ram-8-128Gb-FULLSET-rog-phone-i.64979891.6434124837?extraParams=%7B%22display_model_id%22%3A74480827183%2C%22model_selection_logic%22%3A3%7D&sp_atk=f02eee80-5f37-4544-88aa-ea86957f002c&xptdk=f02eee80-5f37-4544-88aa-ea86957f002c
https://down-id.img.susercontent.com/file/sg-11134201-22110-6o2jduwmrekv45,https://down-id.img.susercontent.com/file/id-11134258-8224v-mkvw0cu9r7k1a5,Xiaomi Blackshark 1 8/128gb Second,Rp,3.500.000,https://deo.shopeemobile.com/shopee/modules-federation/live/0/shopee__item-card-standard-v2/0.2.8/pc/38e203dc86172a6c6560.svg,https://deo.shopeemobile.com/shopee/modules-federation/live/0/shopee__item-card-standard-v2/0.2.8/pc/0614b8f0a8fdde22942d.svg,Besok,https://deo.shopeemobile.com/shopee/modules-federation/live/0/shopee__item-card-standard-v2/0.2.8/pc/5dd7b4560d0e2d3190e8.svg,Jakarta Timur,2 Terjual,Cicilan,,https://deo.shopeemobile.com/shopee/modules-federation/live/0/shopee__item-card-standard-v2/0.2.8/pc/d7099d3fd1dfdaf705ab.svg,5.0,,,"Scrape to BigSeller
Xiaomi Blackshark 1 8/128gb Second
Rp
3.500.000
Cicilan
5.0
2 Terjual
Besok
Jakarta Timur",https://shopee.co.id/Xiaomi-Blackshark-1-8-128gb-Second-i.174110882.8961599510?extraParams=%7B%22display_model_id%22%3A82428270159%2C%22model_selection_logic%22%3A3%7D&sp_atk=39c89a1f-e523-45b6-b23b-841fd3e83fed&xptdk=39c89a1f-e523-45b6-b23b-841fd3e83fed
https://down-id.img.susercontent.com/file/78a95f78c2f78e9e7aeae549733297fd,https://down-id.img.susercontent.com/file/id-11134258-8224v-mkvw0cu9r7k1a5,xiaomi black shark 2 blackshark 2 12/256gb second fullset original,Rp,3.500.000,https://deo.shopeemobile.com/shopee/modules-federation/live/0/shopee__item-card-standard-v2/0.2.8/pc/38e203dc86172a6c6560.svg,https://deo.shopeemobile.com/shopee/modules-federation/live/0/shopee__item-card-standard-v2/0.2.8/pc/0614b8f0a8fdde22942d.svg,Besok,https://deo.shopeemobile.com/shopee/modules-federation/live/0/shopee__item-card-standard-v2/0.2.8/pc/5dd7b4560d0e2d3190e8.svg,Bekasi,3 Terjual,,https://deo.shopeemobile.com/shopee/modules-federation/live/0/shopee__item-card-standard-v2/0.2.8/pc/a425c915798471b33e5d.png,https://deo.shopeemobile.com/shopee/modules-federation/live/0/shopee__item-card-standard-v2/0.2.8/pc/d7099d3fd1dfdaf705ab.svg,3.0,,,"Scrape to BigSeller
xiaomi black shark 2 blackshark 2 12/256gb second fullset original
Rp
3.500.000
3.0
3 Terjual
Besok
Bekasi",https://shopee.co.id/xiaomi-black-shark-2-blackshark-2-12-256gb-second-fullset-original-i.43877791.13573688165?extraParams=%7B%22display_model_id%22%3A152155538873%2C%22model_selection_logic%22%3A3%7D&sp_atk=70375d0d-283c-4a6a-8b61-76a50f8e1863&xptdk=70375d0d-283c-4a6a-8b61-76a50f8e1863
https://down-id.img.susercontent.com/file/id-11134207-82251-mkwfl5sxjb43e2,https://down-id.img.susercontent.com/file/id-11134258-7ra0q-mbesqwmkb0gu9c,Xiaomi Black Shark 4 5G Mirror Black 6/128 | NFC | Unit + Dus + Case |,Rp,4.000.000,https://deo.shopeemobile.com/shopee/modules-federation/live/0/shopee__item-card-standard-v2/0.2.8/pc/38e203dc86172a6c6560.svg,https://deo.shopeemobile.com/shopee/modules-federation/live/0/shopee__item-card-standard-v2/0.2.8/pc/0614b8f0a8fdde22942d.svg,Besok,https://deo.shopeemobile.com/shopee/modules-federation/live/0/shopee__item-card-standard-v2/0.2.8/pc/5dd7b4560d0e2d3190e8.svg,Kab. Boyolali,Besok,,https://deo.shopeemobile.com/shopee/modules-federation/live/0/shopee__item-card-standard-v2/0.2.8/pc/a425c915798471b33e5d.png,https://deo.shopeemobile.com/shopee/modules-federation/live/0/shopee__item-card-standard-v2/0.2.8/pc/0614b8f0a8fdde22942d.svg,,,,"Scrape to BigSeller
Xiaomi Black Shark 4 5G Mirror Black 6/128 | NFC | Unit + Dus + Case |
Rp
4.000.000
Besok
Kab. Boyolali",https://shopee.co.id/Xiaomi-Black-Shark-4-5G-Mirror-Black-6-128-NFC-Unit-Dus-Case--i.1540821378.47606310112?extraParams=%7B%22display_model_id%22%3A320568916797%2C%22model_selection_logic%22%3A3%7D&sp_atk=a69c0c02-dc25-4c0f-a14d-5a45b09c1997&xptdk=a69c0c02-dc25-4c0f-a14d-5a45b09c1997
https://down-id.img.susercontent.com/file/id-11134207-8224s-mh57chdqegazdd,https://down-id.img.susercontent.com/file/id-11134258-8224v-mkvw0cu9r7k1a5,Black Shark 2 Blue 8/128 GB HP Game Xiaomi Blackshark 2 Biru Langka,Rp,3.799.000,https://deo.shopeemobile.com/shopee/modules-federation/live/0/shopee__item-card-standard-v2/0.2.8/pc/38e203dc86172a6c6560.svg,https://deo.shopeemobile.com/shopee/modules-federation/live/0/shopee__item-card-standard-v2/0.2.8/pc/0614b8f0a8fdde22942d.svg,Hari ini,https://deo.shopeemobile.com/shopee/modules-federation/live/0/shopee__item-card-standard-v2/0.2.8/pc/5dd7b4560d0e2d3190e8.svg,Surabaya,Hari ini,,,https://deo.shopeemobile.com/shopee/modules-federation/live/0/shopee__item-card-standard-v2/0.2.8/pc/0614b8f0a8fdde22942d.svg,,,,"Scrape to BigSeller
Black Shark 2 Blue 8/128 GB HP Game Xiaomi Blackshark 2 Biru Langka
Rp
3.799.000
Hari ini
Surabaya",https://shopee.co.id/Black-Shark-2-Blue-8-128-GB-HP-Game-Xiaomi-Blackshark-2-Biru-Langka-i.198773392.48701528924?extraParams=%7B%22display_model_id%22%3A292162844230%2C%22model_selection_logic%22%3A3%7D&sp_atk=492d77ee-6fee-4267-a877-79b13cdddbc9&xptdk=492d77ee-6fee-4267-a877-79b13cdddbc9
https://down-id.img.susercontent.com/file/id-11134207-7rask-m1u447hwonjv9c,https://down-id.img.susercontent.com/file/id-11134258-7r98w-lyezzaurybot13,Blackshark - S1 - Black,Rp,577.150,https://deo.shopeemobile.com/shopee/modules-federation/live/0/shopee__item-card-standard-v2/0.2.8/pc/76dff349290d20891fc1.svg,,,https://deo.shopeemobile.com/shopee/modules-federation/live/0/shopee__item-card-standard-v2/0.2.8/pc/5dd7b4560d0e2d3190e8.svg,Jakarta Selatan,4-7 Hari,,,,,,,"Scrape to BigSeller
Blackshark - S1 - Black
Rp
577.150
4-7 Hari
Jakarta Selatan",https://shopee.co.id/Blackshark-S1-Black-i.3555588.27315632912?extraParams=%7B%22display_model_id%22%3A233381611145%2C%22model_selection_logic%22%3A3%7D&sp_atk=458604d0-0d6e-4c16-aace-89ae0d2cd4c9&xptdk=458604d0-0d6e-4c16-aace-89ae0d2cd4c9
https://down-id.img.susercontent.com/file/id-11134207-7r992-lnvn68lwg21i0d,https://down-id.img.susercontent.com/file/id-11134258-7r98w-lyezzaurybot13,Xiaomi black shark 2 8/128 mulus fullshet!!! baca deskripsi!!!,Rp,3.500.000,https://deo.shopeemobile.com/shopee/modules-federation/live/0/shopee__item-card-standard-v2/0.2.8/pc/76dff349290d20891fc1.svg,,,https://deo.shopeemobile.com/shopee/modules-federation/live/0/shopee__item-card-standard-v2/0.2.8/pc/5dd7b4560d0e2d3190e8.svg,Jakarta Barat,4 Terjual,,,https://deo.shopeemobile.com/shopee/modules-federation/live/0/shopee__item-card-standard-v2/0.2.8/pc/d7099d3fd1dfdaf705ab.svg,5.0,,,"Scrape to BigSeller
Xiaomi black shark 2 8/128 mulus fullshet!!! baca deskripsi!!!
Rp
3.500.000
5.0
4 Terjual
2-3 Hari
Jakarta Barat",https://shopee.co.id/Xiaomi-black-shark-2-8-128-mulus-fullshet!!!-baca-deskripsi!!!-i.146210471.15932914275?extraParams=%7B%22display_model_id%22%3A86521410741%2C%22model_selection_logic%22%3A3%7D&sp_atk=bd60fc18-4472-4293-861e-686683f4e03c&xptdk=bd60fc18-4472-4293-861e-686683f4e03c
https://down-id.img.susercontent.com/file/id-11134207-7r98q-ltny25yuyhdx66,https://down-id.img.susercontent.com/file/id-11134258-8224v-mkvw0cu9r7k1a5,Xiaomi Blackshark 2 + Gamepad Garansi Resmi Black Shark 2 HP Game,Rp,2.999.000,https://deo.shopeemobile.com/shopee/modules-federation/live/0/shopee__item-card-standard-v2/0.2.8/pc/38e203dc86172a6c6560.svg,https://deo.shopeemobile.com/shopee/modules-federation/live/0/shopee__item-card-standard-v2/0.2.8/pc/0614b8f0a8fdde22942d.svg,Hari ini,https://deo.shopeemobile.com/shopee/modules-federation/live/0/shopee__item-card-standard-v2/0.2.8/pc/5dd7b4560d0e2d3190e8.svg,Surabaya,Hari ini,,,https://deo.shopeemobile.com/shopee/modules-federation/live/0/shopee__item-card-standard-v2/0.2.8/pc/0614b8f0a8fdde22942d.svg,,,,"Scrape to BigSeller
Xiaomi Blackshark 2 + Gamepad Garansi Resmi Black Shark 2 HP Game
Rp
2.999.000
Hari ini
Surabaya",https://shopee.co.id/Xiaomi-Blackshark-2-Gamepad-Garansi-Resmi-Black-Shark-2-HP-Game-i.198773392.25359554745?extraParams=%7B%22display_model_id%22%3A108284601477%2C%22model_selection_logic%22%3A3%7D&sp_atk=76571415-472a-4816-bde4-3dc8cc4d8c8a&xptdk=76571415-472a-4816-bde4-3dc8cc4d8c8a
https://down-id.img.susercontent.com/file/id-11134207-7r98o-lkvtbvslsc6ja7,https://down-id.img.susercontent.com/file/id-11134258-8224v-mkvw0cu9r7k1a5,BLACKSHARK 4 5G 12/256GB DAN BLACKSHARK 3 5G,Rp,3.550.000,https://deo.shopeemobile.com/shopee/modules-federation/live/0/shopee__item-card-standard-v2/0.2.8/pc/76dff349290d20891fc1.svg,,,https://deo.shopeemobile.com/shopee/modules-federation/live/0/shopee__item-card-standard-v2/0.2.8/pc/5dd7b4560d0e2d3190e8.svg,Kab. Tangerang,6 Terjual,,,https://deo.shopeemobile.com/shopee/modules-federation/live/0/shopee__item-card-standard-v2/0.2.8/pc/d7099d3fd1dfdaf705ab.svg,4.5,,,"Scrape to BigSeller
BLACKSHARK 4 5G 12/256GB DAN BLACKSHARK 3 5G
Rp
3.550.000
4.5
6 Terjual
3-6 Hari
Kab. Tangerang",https://shopee.co.id/BLACKSHARK-4-5G-12-256GB-DAN-BLACKSHARK-3-5G-i.34649569.22744784975?extraParams=%7B%22display_model_id%22%3A158344419991%2C%22model_selection_logic%22%3A3%7D&sp_atk=877ad4e7-f9f2-477d-8869-4e256df647a1&xptdk=877ad4e7-f9f2-477d-8869-4e256df647a1
https://down-id.img.susercontent.com/file/id-11134207-81ztg-mdzttgpot1c591,https://down-id.img.susercontent.com/file/id-11134258-7r98w-lyezzaurybot13,SECOND ASUS BLACKSHARK 3 5G RAM 8/128GB WARNA BLACK,Rp,3.400.000,https://deo.shopeemobile.com/shopee/modules-federation/live/0/shopee__item-card-standard-v2/0.2.8/pc/38e203dc86172a6c6560.svg,https://deo.shopeemobile.com/shopee/modules-federation/live/0/shopee__item-card-standard-v2/0.2.8/pc/0614b8f0a8fdde22942d.svg,Besok,https://deo.shopeemobile.com/shopee/modules-federation/live/0/shopee__item-card-standard-v2/0.2.8/pc/5dd7b4560d0e2d3190e8.svg,Kab. Tangerang,Besok,,,https://deo.shopeemobile.com/shopee/modules-federation/live/0/shopee__item-card-standard-v2/0.2.8/pc/0614b8f0a8fdde22942d.svg,,,,"Scrape to BigSeller
SECOND ASUS BLACKSHARK 3 5G RAM 8/128GB WARNA BLACK
Rp
3.400.000
Besok
Kab. Tangerang",https://shopee.co.id/SECOND-ASUS-BLACKSHARK-3-5G-RAM-8-128GB-WARNA-BLACK-i.137580060.28840648455?extraParams=%7B%22display_model_id%22%3A306297706609%2C%22model_selection_logic%22%3A3%7D&sp_atk=5bb6cae7-5428-444a-8af2-efb0d7d64136&xptdk=5bb6cae7-5428-444a-8af2-efb0d7d64136
https://down-id.img.susercontent.com/file/8f8b6f385e365276fbc787376769c02f,https://down-id.img.susercontent.com/file/id-11134258-8224v-mkvw0cu9r7k1a5,XIAOMI BLACK SHARK 2 PRO 12/256GB 8/128GB GARANSI RESMI TERMURAH,Rp,8.999.000,https://deo.shopeemobile.com/shopee/modules-federation/live/0/shopee__item-card-standard-v2/0.2.8/pc/76dff349290d20891fc1.svg,,,https://deo.shopeemobile.com/shopee/modules-federation/live/0/shopee__item-card-standard-v2/0.2.8/pc/5dd7b4560d0e2d3190e8.svg,Jakarta Barat,10 Terjual,Cicilan,,https://deo.shopeemobile.com/shopee/modules-federation/live/0/shopee__item-card-standard-v2/0.2.8/pc/d7099d3fd1dfdaf705ab.svg,5.0,,,"Scrape to BigSeller
XIAOMI BLACK SHARK 2 PRO 12/256GB 8/128GB GARANSI RESMI TERMURAH
Rp
8.999.000
Cicilan
5.0
10 Terjual
4-7 Hari
Jakarta Barat",https://shopee.co.id/XIAOMI-BLACK-SHARK-2-PRO-12-256GB-8-128GB-GARANSI-RESMI-TERMURAH-i.135949182.5720738106?extraParams=%7B%22display_model_id%22%3A14997890909%2C%22model_selection_logic%22%3A3%7D&sp_atk=56b0d55f-4d67-4ecc-a1d5-1735efe6309c&xptdk=56b0d55f-4d67-4ecc-a1d5-1735efe6309c
https://down-id.img.susercontent.com/file/id-11134207-7qul2-ljgjjiuee78bfa,,Xiaomi Black Shark 2 8/128 GB Gaming Phone Garansi Resmi Indonesia Ori,Rp,3.090.000,https://deo.shopeemobile.com/shopee/modules-federation/live/0/shopee__item-card-standard-v2/0.2.8/pc/38e203dc86172a6c6560.svg,https://deo.shopeemobile.com/shopee/modules-federation/live/0/shopee__item-card-standard-v2/0.2.8/pc/0614b8f0a8fdde22942d.svg,Besok,https://deo.shopeemobile.com/shopee/modules-federation/live/0/shopee__item-card-standard-v2/0.2.8/pc/5dd7b4560d0e2d3190e8.svg,Jakarta Utara,1 Terjual,,https://deo.shopeemobile.com/shopee/modules-federation/live/0/shopee__item-card-standard-v2/0.2.8/pc/e4734dab67ee2f9ebd5a.png,https://deo.shopeemobile.com/shopee/modules-federation/live/0/shopee__item-card-standard-v2/0.2.8/pc/d7099d3fd1dfdaf705ab.svg,5.0,,,"Scrape to BigSeller
Xiaomi Black Shark 2 8/128 GB Gaming Phone Garansi Resmi Indonesia Ori
Rp
3.090.000
5.0
1 Terjual
Besok
Jakarta Utara",https://shopee.co.id/Xiaomi-Black-Shark-2-8-128-GB-Gaming-Phone-Garansi-Resmi-Indonesia-Ori-i.304735900.23749004956?extraParams=%7B%22display_model_id%22%3A231834137732%2C%22model_selection_logic%22%3A3%7D&sp_atk=2d529e4d-6da2-4c7f-8d6a-9315903c1dae&xptdk=2d529e4d-6da2-4c7f-8d6a-9315903c1dae
https://down-id.img.susercontent.com/file/c89177a646e3b2fd10f336ca81b7bc0b,https://down-id.img.susercontent.com/file/id-11134258-8224v-mkvw0cu9r7k1a5,Black Shark 6gb/64gb,Rp,2.299.000,https://deo.shopeemobile.com/shopee/modules-federation/live/0/shopee__item-card-standard-v2/0.2.8/pc/38e203dc86172a6c6560.svg,https://deo.shopeemobile.com/shopee/modules-federation/live/0/shopee__item-card-standard-v2/0.2.8/pc/0614b8f0a8fdde22942d.svg,Besok,https://deo.shopeemobile.com/shopee/modules-federation/live/0/shopee__item-card-standard-v2/0.2.8/pc/5dd7b4560d0e2d3190e8.svg,Jakarta Barat,3 Terjual,Cicilan,,https://deo.shopeemobile.com/shopee/modules-federation/live/0/shopee__item-card-standard-v2/0.2.8/pc/d7099d3fd1dfdaf705ab.svg,3.7,,,"Scrape to BigSeller
Black Shark 6gb/64gb
Rp
2.299.000
Cicilan
3.7
3 Terjual
Besok
Jakarta Barat",https://shopee.co.id/Black-Shark-6gb-64gb-i.161228771.6570454103?extraParams=%7B%22display_model_id%22%3A98491614124%2C%22model_selection_logic%22%3A3%7D&sp_atk=b6074926-2689-4807-8695-7ffc6cd61ba3&xptdk=b6074926-2689-4807-8695-7ffc6cd61ba3
https://down-id.img.susercontent.com/file/sg-11134201-22110-g7iyh2vtrekv46,https://down-id.img.susercontent.com/file/id-11134258-8224v-mkvw0cu9r7k1a5,Xiaomi Blackshark 1 6/64Gb second,Rp,2.700.000,https://deo.shopeemobile.com/shopee/modules-federation/live/0/shopee__item-card-standard-v2/0.2.8/pc/38e203dc86172a6c6560.svg,https://deo.shopeemobile.com/shopee/modules-federation/live/0/shopee__item-card-standard-v2/0.2.8/pc/0614b8f0a8fdde22942d.svg,Besok,https://deo.shopeemobile.com/shopee/modules-federation/live/0/shopee__item-card-standard-v2/0.2.8/pc/5dd7b4560d0e2d3190e8.svg,Jakarta Timur,Besok,Cicilan,,https://deo.shopeemobile.com/shopee/modules-federation/live/0/shopee__item-card-standard-v2/0.2.8/pc/0614b8f0a8fdde22942d.svg,,,,"Scrape to BigSeller
Xiaomi Blackshark 1 6/64Gb second
Rp
2.700.000
Cicilan
Besok
Jakarta Timur",https://shopee.co.id/Xiaomi-Blackshark-1-6-64Gb-second-i.174110882.11440389052?extraParams=%7B%22display_model_id%22%3A39418409354%2C%22model_selection_logic%22%3A3%7D&sp_atk=d4664848-538c-4dcd-a00b-9f7afffbe3a5&xptdk=d4664848-538c-4dcd-a00b-9f7afffbe3a5
https://down-id.img.susercontent.com/file/9848759a84d1002856388d64f18bcafa,https://down-id.img.susercontent.com/file/id-11134258-8224v-mkvw0cu9r7k1a5,XIAOMI BLACKSHARK 3 RAM 12GB INTERNAL 256 GB EX GRNSI RESMI TAM MULUSS,Rp,9.499.000,https://deo.shopeemobile.com/shopee/modules-federation/live/0/shopee__item-card-standard-v2/0.2.8/pc/38e203dc86172a6c6560.svg,https://deo.shopeemobile.com/shopee/modules-federation/live/0/shopee__item-card-standard-v2/0.2.8/pc/0614b8f0a8fdde22942d.svg,Besok,https://deo.shopeemobile.com/shopee/modules-federation/live/0/shopee__item-card-standard-v2/0.2.8/pc/5dd7b4560d0e2d3190e8.svg,Jakarta Barat,Besok,Cicilan,,https://deo.shopeemobile.com/shopee/modules-federation/live/0/shopee__item-card-standard-v2/0.2.8/pc/0614b8f0a8fdde22942d.svg,,,,"Scrape to BigSeller
XIAOMI BLACKSHARK 3 RAM 12GB INTERNAL 256 GB EX GRNSI RESMI TAM MULUSS
Rp
9.499.000
Cicilan
Besok
Jakarta Barat",https://shopee.co.id/XIAOMI-BLACKSHARK-3-RAM-12GB-INTERNAL-256-GB-EX-GRNSI-RESMI-TAM-MULUSS-i.218103747.16459824157?extraParams=%7B%22display_model_id%22%3A172343975146%2C%22model_selection_logic%22%3A3%7D&sp_atk=fbd30821-8918-4e72-bba6-74451c6bca5f&xptdk=fbd30821-8918-4e72-bba6-74451c6bca5f
https://down-id.img.susercontent.com/file/7ca57709bb4e125020cd79ddbb19a5c4,https://down-id.img.susercontent.com/file/id-11134258-8224v-mkvw0cu9r7k1a5,Xiaomi Black Shark 5 Pro 16GB 512GB Snapdragon8 Gen1 Inter,Rp,13.700.000,,,,https://deo.shopeemobile.com/shopee/modules-federation/live/0/shopee__item-card-standard-v2/0.2.8/pc/5dd7b4560d0e2d3190e8.svg,Dumai,8 Terjual,,,https://deo.shopeemobile.com/shopee/modules-federation/live/0/shopee__item-card-standard-v2/0.2.8/pc/d7099d3fd1dfdaf705ab.svg,5.0,,,"Scrape to BigSeller
Xiaomi Black Shark 5 Pro 16GB 512GB Snapdragon8 Gen1 Inter
Rp
13.700.000
5.0
8 Terjual
Dumai",https://shopee.co.id/Xiaomi-Black-Shark-5-Pro-16GB-512GB-Snapdragon8-Gen1-Inter-i.4854119.17940461140?extraParams=%7B%22display_model_id%22%3A116094692965%2C%22model_selection_logic%22%3A3%7D&sp_atk=4e56793b-29af-4e72-ba02-4e1e718920c8&xptdk=4e56793b-29af-4e72-ba02-4e1e718920c8
https://down-id.img.susercontent.com/file/e17becc4d3f41b948839e7750ec37f6b,https://down-id.img.susercontent.com/file/id-11134258-7r98w-lyezzaurybot13,XIAOMI BLACK SHARK 4 RAM 8GB 128GB GARANSI RESMI TAM - BONUS,Rp,5.839.000,https://deo.shopeemobile.com/shopee/modules-federation/live/0/shopee__item-card-standard-v2/0.2.8/pc/38e203dc86172a6c6560.svg,https://deo.shopeemobile.com/shopee/modules-federation/live/0/shopee__item-card-standard-v2/0.2.8/pc/0614b8f0a8fdde22942d.svg,Besok,https://deo.shopeemobile.com/shopee/modules-federation/live/0/shopee__item-card-standard-v2/0.2.8/pc/5dd7b4560d0e2d3190e8.svg,Tangerang,Besok,,https://deo.shopeemobile.com/shopee/modules-federation/live/0/shopee__item-card-standard-v2/0.2.8/pc/a425c915798471b33e5d.png,https://deo.shopeemobile.com/shopee/modules-federation/live/0/shopee__item-card-standard-v2/0.2.8/pc/0614b8f0a8fdde22942d.svg,,-1%,https://deo.shopeemobile.com/shopee/modules-federation/live/0/shopee__item-card-standard-v2/0.2.8/pc/b4d1b8a78b3621dbdf4a.svg,"Scrape to BigSeller
XIAOMI BLACK SHARK 4 RAM 8GB 128GB GARANSI RESMI TAM - BONUS
Rp
5.839.000
-1%
Besok
Tangerang",https://shopee.co.id/XIAOMI-BLACK-SHARK-4-RAM-8GB-128GB-GARANSI-RESMI-TAM-BONUS-i.2075581.8786894109?extraParams=%7B%22display_model_id%22%3A94011287383%2C%22model_selection_logic%22%3A3%7D&sp_atk=7c76abec-fe06-4d86-bd2e-0094d889f3a0&xptdk=7c76abec-fe06-4d86-bd2e-0094d889f3a0
https://down-id.img.susercontent.com/file/sg-11134201-7r98o-lks3mm20qh6929,https://down-id.img.susercontent.com/file/id-11134258-8224v-mkvw0cu9r7k1a5,XIAOMI BLACK SHARK 2 PRO 8/128 LIKE NEW SUPER MULUSS FULSET,Rp,4.350.000,https://deo.shopeemobile.com/shopee/modules-federation/live/0/shopee__item-card-standard-v2/0.2.8/pc/38e203dc86172a6c6560.svg,https://deo.shopeemobile.com/shopee/modules-federation/live/0/shopee__item-card-standard-v2/0.2.8/pc/0614b8f0a8fdde22942d.svg,Besok,https://deo.shopeemobile.com/shopee/modules-federation/live/0/shopee__item-card-standard-v2/0.2.8/pc/5dd7b4560d0e2d3190e8.svg,Jakarta Pusat,4 Terjual,Cicilan,,https://deo.shopeemobile.com/shopee/modules-federation/live/0/shopee__item-card-standard-v2/0.2.8/pc/d7099d3fd1dfdaf705ab.svg,4.3,-11%,,"Scrape to BigSeller
XIAOMI BLACK SHARK 2 PRO 8/128 LIKE NEW SUPER MULUSS FULSET
Rp
4.350.000
-11%
Cicilan
4.3
4 Terjual
Besok
Jakarta Pusat",https://shopee.co.id/XIAOMI-BLACK-SHARK-2-PRO-8-128-LIKE-NEW-SUPER-MULUSS-FULSET-i.64979891.7142308854?extraParams=%7B%22display_model_id%22%3A30296301687%2C%22model_selection_logic%22%3A3%7D&sp_atk=3376e8bd-0ad2-4a9e-ad80-e430ac4946ac&xptdk=3376e8bd-0ad2-4a9e-ad80-e430ac4946ac
https://down-id.img.susercontent.com/file/id-11134207-7rasc-m5xg0su4n7qg26,https://down-id.img.susercontent.com/file/id-11134258-7r98w-lyezzaurybot13,Xiaomi Black Shark 3 8/128gb Second Resmi,Rp,3.000.000,https://deo.shopeemobile.com/shopee/modules-federation/live/0/shopee__item-card-standard-v2/0.2.8/pc/38e203dc86172a6c6560.svg,https://deo.shopeemobile.com/shopee/modules-federation/live/0/shopee__item-card-standard-v2/0.2.8/pc/0614b8f0a8fdde22942d.svg,Besok,https://deo.shopeemobile.com/shopee/modules-federation/live/0/shopee__item-card-standard-v2/0.2.8/pc/5dd7b4560d0e2d3190e8.svg,Jakarta Selatan,Besok,,,https://deo.shopeemobile.com/shopee/modules-federation/live/0/shopee__item-card-standard-v2/0.2.8/pc/0614b8f0a8fdde22942d.svg,,,,"Scrape to BigSeller
Xiaomi Black Shark 3 8/128gb Second Resmi
Rp
3.000.000
Besok
Jakarta Selatan",https://shopee.co.id/Xiaomi-Black-Shark-3-8-128gb-Second-Resmi-i.89332646.24891109676?extraParams=%7B%22display_model_id%22%3A218194914664%2C%22model_selection_logic%22%3A3%7D&sp_atk=1bda7a4a-d886-4d0c-8b58-b851c24817ef&xptdk=1bda7a4a-d886-4d0c-8b58-b851c24817ef
https://down-id.img.susercontent.com/file/6b047aef16954830675e1e932091c24c,,Black Shark 3 8/128 GB Gaming Phone Resmi TAM Fullset Second Bekas,Rp,5.490.000,https://deo.shopeemobile.com/shopee/modules-federation/live/0/shopee__item-card-standard-v2/0.2.8/pc/38e203dc86172a6c6560.svg,https://deo.shopeemobile.com/shopee/modules-federation/live/0/shopee__item-card-standard-v2/0.2.8/pc/0614b8f0a8fdde22942d.svg,Besok,https://deo.shopeemobile.com/shopee/modules-federation/live/0/shopee__item-card-standard-v2/0.2.8/pc/5dd7b4560d0e2d3190e8.svg,Jakarta Utara,2 Terjual,,https://deo.shopeemobile.com/shopee/modules-federation/live/0/shopee__item-card-standard-v2/0.2.8/pc/e4734dab67ee2f9ebd5a.png,https://deo.shopeemobile.com/shopee/modules-federation/live/0/shopee__item-card-standard-v2/0.2.8/pc/d7099d3fd1dfdaf705ab.svg,5.0,,,"Scrape to BigSeller
Black Shark 3 8/128 GB Gaming Phone Resmi TAM Fullset Second Bekas
Rp
5.490.000
5.0
2 Terjual
Besok
Jakarta Utara",https://shopee.co.id/Black-Shark-3-8-128-GB-Gaming-Phone-Resmi-TAM-Fullset-Second-Bekas-i.304735900.21704290140?extraParams=%7B%22display_model_id%22%3A190241983760%2C%22model_selection_logic%22%3A3%7D&sp_atk=bba4a4ad-9559-4f32-9ac6-d4c65269ebd7&xptdk=bba4a4ad-9559-4f32-9ac6-d4c65269ebd7
https://down-id.img.susercontent.com/file/1a3219c23f78358b3c41520299a725c9,https://down-id.img.susercontent.com/file/id-11134258-8224v-mkvw0cu9r7k1a5,XIAOMI BLACK SHARK 2 6/128GB GARANSI RESMI BLACKSHARK INDONESIA,Rp,4.949.000,https://deo.shopeemobile.com/shopee/modules-federation/live/0/shopee__item-card-standard-v2/0.2.8/pc/76dff349290d20891fc1.svg,,,https://deo.shopeemobile.com/shopee/modules-federation/live/0/shopee__item-card-standard-v2/0.2.8/pc/5dd7b4560d0e2d3190e8.svg,Kab. Tangerang,4-8 Hari,Cicilan,,,,,,"Scrape to BigSeller
XIAOMI BLACK SHARK 2 6/128GB GARANSI RESMI BLACKSHARK INDONESIA
Rp
4.949.000
Cicilan
4-8 Hari
Kab. Tangerang",https://shopee.co.id/XIAOMI-BLACK-SHARK-2-6-128GB-GARANSI-RESMI-BLACKSHARK-INDONESIA-i.251344613.10148069882?extraParams=%7B%22display_model_id%22%3A57276859959%2C%22model_selection_logic%22%3A3%7D&sp_atk=a41c55d6-5072-46f3-8061-ce7f1834529d&xptdk=a41c55d6-5072-46f3-8061-ce7f1834529d
https://down-id.img.susercontent.com/file/id-11134207-7r98x-lnocf1pk7v5oc4,https://down-id.img.susercontent.com/file/id-11134258-8224v-mkvw0cu9r7k1a5,black shark 4 ram 8 / 128 resmi fullset original,Rp,3.799.900,https://deo.shopeemobile.com/shopee/modules-federation/live/0/shopee__item-card-standard-v2/0.2.8/pc/38e203dc86172a6c6560.svg,https://deo.shopeemobile.com/shopee/modules-federation/live/0/shopee__item-card-standard-v2/0.2.8/pc/0614b8f0a8fdde22942d.svg,Besok,https://deo.shopeemobile.com/shopee/modules-federation/live/0/shopee__item-card-standard-v2/0.2.8/pc/5dd7b4560d0e2d3190e8.svg,Bandung,Besok,,,https://deo.shopeemobile.com/shopee/modules-federation/live/0/shopee__item-card-standard-v2/0.2.8/pc/0614b8f0a8fdde22942d.svg,,,,"Scrape to BigSeller
black shark 4 ram 8 / 128 resmi fullset original
Rp
3.799.900
Besok
Bandung",https://shopee.co.id/black-shark-4-ram-8-128-resmi-fullset-original-i.13724858.25650138845?extraParams=%7B%22display_model_id%22%3A255003419528%2C%22model_selection_logic%22%3A3%7D&sp_atk=048627ba-9ce9-42f0-9ecb-bc38a5b8702d&xptdk=048627ba-9ce9-42f0-9ecb-bc38a5b8702d
https://down-id.img.susercontent.com/file/16900cafe7d537874229bf37288daead,https://down-id.img.susercontent.com/file/id-11134258-8224v-mkvw0cu9r7k1a5,XIAOMI BLACK SHARK 2 6/128GB GARANSI RESMI BLACKSHARK INDONESIA FULL BONUS,Rp,5.499.000,https://deo.shopeemobile.com/shopee/modules-federation/live/0/shopee__item-card-standard-v2/0.2.8/pc/38e203dc86172a6c6560.svg,https://deo.shopeemobile.com/shopee/modules-federation/live/0/shopee__item-card-standard-v2/0.2.8/pc/0614b8f0a8fdde22942d.svg,Besok,https://deo.shopeemobile.com/shopee/modules-federation/live/0/shopee__item-card-standard-v2/0.2.8/pc/5dd7b4560d0e2d3190e8.svg,Tangerang,11 Terjual,Cicilan,,https://deo.shopeemobile.com/shopee/modules-federation/live/0/shopee__item-card-standard-v2/0.2.8/pc/d7099d3fd1dfdaf705ab.svg,5.0,,,"Scrape to BigSeller
XIAOMI BLACK SHARK 2 6/128GB GARANSI RESMI BLACKSHARK INDONESIA FULL BONUS
Rp
5.499.000
Cicilan
5.0
11 Terjual
Besok
Tangerang",https://shopee.co.id/XIAOMI-BLACK-SHARK-2-6-128GB-GARANSI-RESMI-BLACKSHARK-INDONESIA-FULL-BONUS-i.37675336.12303723201?extraParams=%7B%22display_model_id%22%3A94718038157%2C%22model_selection_logic%22%3A3%7D&sp_atk=8972d7ef-e715-438a-87da-2b0c951ed83e&xptdk=8972d7ef-e715-438a-87da-2b0c951ed83e
https://down-id.img.susercontent.com/file/id-11134207-7rasa-m2tkesf13jkl4d,https://down-id.img.susercontent.com/file/id-11134258-8224v-mkvw0cu9r7k1a5,black shark 3 ram 8 / 128 resmi dus unit aja,Rp,3.250.000,https://deo.shopeemobile.com/shopee/modules-federation/live/0/shopee__item-card-standard-v2/0.2.8/pc/38e203dc86172a6c6560.svg,https://deo.shopeemobile.com/shopee/modules-federation/live/0/shopee__item-card-standard-v2/0.2.8/pc/0614b8f0a8fdde22942d.svg,Besok,https://deo.shopeemobile.com/shopee/modules-federation/live/0/shopee__item-card-standard-v2/0.2.8/pc/5dd7b4560d0e2d3190e8.svg,Bandung,Besok,,,https://deo.shopeemobile.com/shopee/modules-federation/live/0/shopee__item-card-standard-v2/0.2.8/pc/0614b8f0a8fdde22942d.svg,,,,"Scrape to BigSeller
black shark 3 ram 8 / 128 resmi dus unit aja
Rp
3.250.000
Besok
Bandung",https://shopee.co.id/black-shark-3-ram-8-128-resmi-dus-unit-aja-i.13724858.29118187115?extraParams=%7B%22display_model_id%22%3A242070578702%2C%22model_selection_logic%22%3A3%7D&sp_atk=5b190940-8bcd-4a1e-89f3-4325b2f09cb0&xptdk=5b190940-8bcd-4a1e-89f3-4325b2f09cb0