-image-yazkc-11,-image-yazkc-11_2,text-sm,text-xs/sp14,font-medium,truncate,img,text-xs/sp14_2,text-xs,pointer-events-none,text-shopee-green,pointer-events-none_2,align-middle,w-auto,text-white,inline-block,text-shopee-primary,pointer-events-none_3,_container,_container_link
https://down-id.img.susercontent.com/file/id-11134207-7r98o-lkucpx275mr6ad,https://down-id.img.susercontent.com/file/id-11134258-7r98w-lyezzaurybot13,LCD BLACK SHARK 3,Rp,895.999,Grosir,https://deo.shopeemobile.com/shopee/modules-federation/live/0/shopee__item-card-standard-v2/0.2.8/pc/d7099d3fd1dfdaf705ab.svg,4.0,5 Terjual,https://deo.shopeemobile.com/shopee/modules-federation/live/0/shopee__item-card-standard-v2/0.2.8/pc/76dff349290d20891fc1.svg,2-5 Hari,https://deo.shopeemobile.com/shopee/modules-federation/live/0/shopee__item-card-standard-v2/0.2.8/pc/5dd7b4560d0e2d3190e8.svg,Kab. Tuban,,,,,,"Scrape to BigSeller
LCD BLACK SHARK 3
Rp
895.999
Grosir
4.0
5 Terjual
2-5 Hari
Kab. Tuban",https://shopee.co.id/LCD-BLACK-SHARK-3-i.269092366.20692312079?extraParams=%7B%22display_model_id%22%3A214533312155%2C%22model_selection_logic%22%3A3%7D&sp_atk=d91d8a7b-0882-4329-8e24-cc989c4b4c8d&xptdk=d91d8a7b-0882-4329-8e24-cc989c4b4c8d
https://down-id.img.susercontent.com/file/id-11134207-7r98x-ln6k788z2a3o38,https://down-id.img.susercontent.com/file/id-11134258-8224v-mkvw0cu9r7k1a5,Xiaomi Blackshark 4 Resmi Indonesia Like New Black Shark 4 HP 5G HP Game,Rp,5.499.000,,https://deo.shopeemobile.com/shopee/modules-federation/live/0/shopee__item-card-standard-v2/0.2.8/pc/0614b8f0a8fdde22942d.svg,,Hari ini,https://deo.shopeemobile.com/shopee/modules-federation/live/0/shopee__item-card-standard-v2/0.2.8/pc/38e203dc86172a6c6560.svg,,https://deo.shopeemobile.com/shopee/modules-federation/live/0/shopee__item-card-standard-v2/0.2.8/pc/5dd7b4560d0e2d3190e8.svg,Surabaya,https://deo.shopeemobile.com/shopee/modules-federation/live/0/shopee__item-card-standard-v2/0.2.8/pc/0614b8f0a8fdde22942d.svg,Hari ini,,,,"Scrape to BigSeller
Xiaomi Blackshark 4 Resmi Indonesia Like New Black Shark 4 HP 5G HP Game
Rp
5.499.000
Hari ini
Surabaya",https://shopee.co.id/Xiaomi-Blackshark-4-Resmi-Indonesia-Like-New-Black-Shark-4-HP-5G-HP-Game-i.198773392.20185555387?extraParams=%7B%22display_model_id%22%3A184671377932%2C%22model_selection_logic%22%3A3%7D&sp_atk=c063779f-1781-43c3-83d3-1dcd8b4ad1cd&xptdk=c063779f-1781-43c3-83d3-1dcd8b4ad1cd
https://down-id.img.susercontent.com/file/720ddc9afe09e4a8f3b90e67da92644b,https://down-id.img.susercontent.com/file/id-11134258-7r98w-lyezzaurybot13,Black Shark 3 5G,Rp,4.700.000,,,,3-6 Hari,https://deo.shopeemobile.com/shopee/modules-federation/live/0/shopee__item-card-standard-v2/0.2.8/pc/76dff349290d20891fc1.svg,3-6 Hari,https://deo.shopeemobile.com/shopee/modules-federation/live/0/shopee__item-card-standard-v2/0.2.8/pc/5dd7b4560d0e2d3190e8.svg,Kab. Trenggalek,,,,,,"Scrape to BigSeller
Black Shark 3 5G
Rp
4.700.000
3-6 Hari
Kab. Trenggalek",https://shopee.co.id/Black-Shark-3-5G-i.21757605.20032869534?extraParams=%7B%22display_model_id%22%3A98116165380%2C%22model_selection_logic%22%3A3%7D&sp_atk=f19991c2-8204-450a-8a75-53d1c9eba8cd&xptdk=f19991c2-8204-450a-8a75-53d1c9eba8cd
https://down-id.img.susercontent.com/file/id-11134207-7r98x-lnocf1pk7v5oc4,https://down-id.img.susercontent.com/file/id-11134258-8224v-mkvw0cu9r7k1a5,black shark 4 ram 8 / 128 resmi fullset original,Rp,3.799.900,,https://deo.shopeemobile.com/shopee/modules-federation/live/0/shopee__item-card-standard-v2/0.2.8/pc/0614b8f0a8fdde22942d.svg,,Besok,https://deo.shopeemobile.com/shopee/modules-federation/live/0/shopee__item-card-standard-v2/0.2.8/pc/38e203dc86172a6c6560.svg,,https://deo.shopeemobile.com/shopee/modules-federation/live/0/shopee__item-card-standard-v2/0.2.8/pc/5dd7b4560d0e2d3190e8.svg,Bandung,https://deo.shopeemobile.com/shopee/modules-federation/live/0/shopee__item-card-standard-v2/0.2.8/pc/0614b8f0a8fdde22942d.svg,Besok,,,,"Scrape to BigSeller
black shark 4 ram 8 / 128 resmi fullset original
Rp
3.799.900
Besok
Bandung",https://shopee.co.id/black-shark-4-ram-8-128-resmi-fullset-original-i.13724858.25650138845?extraParams=%7B%22display_model_id%22%3A255003419528%2C%22model_selection_logic%22%3A3%7D&sp_atk=b7ce5e3d-7818-4337-8817-ddf03dca5ecb&xptdk=b7ce5e3d-7818-4337-8817-ddf03dca5ecb
https://down-id.img.susercontent.com/file/id-11134207-7rask-m5icz8pvpoci1d,https://down-id.img.susercontent.com/file/id-11134258-7r98w-lyezzaurybot13,Battery Baterai Batre Black Shark 5 / 5s / Blackshark 5 Pro BS10FA Original 100%,Rp,329.000,,https://deo.shopeemobile.com/shopee/modules-federation/live/0/shopee__item-card-standard-v2/0.2.8/pc/0614b8f0a8fdde22942d.svg,,Besok,https://deo.shopeemobile.com/shopee/modules-federation/live/0/shopee__item-card-standard-v2/0.2.8/pc/38e203dc86172a6c6560.svg,,https://deo.shopeemobile.com/shopee/modules-federation/live/0/shopee__item-card-standard-v2/0.2.8/pc/5dd7b4560d0e2d3190e8.svg,Jakarta Pusat,https://deo.shopeemobile.com/shopee/modules-federation/live/0/shopee__item-card-standard-v2/0.2.8/pc/0614b8f0a8fdde22942d.svg,Besok,,,,"Scrape to BigSeller
Battery Baterai Batre Black Shark 5 / 5s / Blackshark 5 Pro BS10FA Original 100%
Rp
329.000
Besok
Jakarta Pusat",https://shopee.co.id/Battery-Baterai-Batre-Black-Shark-5-5s-Blackshark-5-Pro-BS10FA-Original-100--i.192186022.28374688555?extraParams=%7B%22display_model_id%22%3A242559023632%2C%22model_selection_logic%22%3A3%7D&sp_atk=bfb7260f-3ee5-45a4-9783-c4b43fcc44c6&xptdk=bfb7260f-3ee5-45a4-9783-c4b43fcc44c6
https://down-id.img.susercontent.com/file/id-11134207-7qul4-lh9vplvegk2k8f,https://down-id.img.susercontent.com/file/id-11134258-8224v-mkvw0cu9r7k1a5,"blackshark 2,2PRO,blackshark  3 dan blackshark 4",Rp,3.650.000,,https://deo.shopeemobile.com/shopee/modules-federation/live/0/shopee__item-card-standard-v2/0.2.8/pc/d7099d3fd1dfdaf705ab.svg,5.0,2 Terjual,https://deo.shopeemobile.com/shopee/modules-federation/live/0/shopee__item-card-standard-v2/0.2.8/pc/76dff349290d20891fc1.svg,3-6 Hari,https://deo.shopeemobile.com/shopee/modules-federation/live/0/shopee__item-card-standard-v2/0.2.8/pc/5dd7b4560d0e2d3190e8.svg,Kab. Tangerang,,,,,,"Scrape to BigSeller
blackshark 2,2PRO,blackshark 3 dan blackshark 4
Rp
3.650.000
5.0
2 Terjual
3-6 Hari
Kab. Tangerang",https://shopee.co.id/blackshark-2-2PRO-blackshark-3-dan-blackshark-4-i.34649569.16494786868?extraParams=%7B%22display_model_id%22%3A59342460966%2C%22model_selection_logic%22%3A3%7D&sp_atk=9ef857da-f101-4f51-ba3f-9668b1525203&xptdk=9ef857da-f101-4f51-ba3f-9668b1525203
https://down-id.img.susercontent.com/file/id-11134207-23010-ka528a26womv99,https://down-id.img.susercontent.com/file/id-11134258-8224v-mkvw0cu9r7k1a5,LCD TOUCHSCREEN XIAOMI BLACKSHARK 2 2 PRO BISA FINGERPRINT,Rp,1.250.000,,,,3-5 Hari,https://deo.shopeemobile.com/shopee/modules-federation/live/0/shopee__item-card-standard-v2/0.2.8/pc/76dff349290d20891fc1.svg,3-5 Hari,https://deo.shopeemobile.com/shopee/modules-federation/live/0/shopee__item-card-standard-v2/0.2.8/pc/5dd7b4560d0e2d3190e8.svg,Surabaya,,,,,,"Scrape to BigSeller
LCD TOUCHSCREEN XIAOMI BLACKSHARK 2 2 PRO BISA FINGERPRINT
Rp
1.250.000
3-5 Hari
Surabaya",https://shopee.co.id/LCD-TOUCHSCREEN-XIAOMI-BLACKSHARK-2-2-PRO-BISA-FINGERPRINT-i.600043835.18771752593?extraParams=%7B%22display_model_id%22%3A59243054149%2C%22model_selection_logic%22%3A3%7D&sp_atk=80beac95-4703-405f-854e-2cc33e38e20b&xptdk=80beac95-4703-405f-854e-2cc33e38e20b
https://down-id.img.susercontent.com/file/e17becc4d3f41b948839e7750ec37f6b,https://down-id.img.susercontent.com/file/id-11134258-7r98w-lyezzaurybot13,XIAOMI BLACK SHARK 4 RAM 8GB 128GB GARANSI RESMI TAM - BONUS,Rp,5.839.000,,https://deo.shopeemobile.com/shopee/modules-federation/live/0/shopee__item-card-standard-v2/0.2.8/pc/0614b8f0a8fdde22942d.svg,,Besok,https://deo.shopeemobile.com/shopee/modules-federation/live/0/shopee__item-card-standard-v2/0.2.8/pc/38e203dc86172a6c6560.svg,,https://deo.shopeemobile.com/shopee/modules-federation/live/0/shopee__item-card-standard-v2/0.2.8/pc/5dd7b4560d0e2d3190e8.svg,Tangerang,https://deo.shopeemobile.com/shopee/modules-federation/live/0/shopee__item-card-standard-v2/0.2.8/pc/0614b8f0a8fdde22942d.svg,Besok,https://deo.shopeemobile.com/shopee/modules-federation/live/0/shopee__item-card-standard-v2/0.2.8/pc/a425c915798471b33e5d.png,-1%,https://deo.shopeemobile.com/shopee/modules-federation/live/0/shopee__item-card-standard-v2/0.2.8/pc/b4d1b8a78b3621dbdf4a.svg,"Scrape to BigSeller
XIAOMI BLACK SHARK 4 RAM 8GB 128GB GARANSI RESMI TAM - BONUS
Rp
5.839.000
-1%
Besok
Tangerang",https://shopee.co.id/XIAOMI-BLACK-SHARK-4-RAM-8GB-128GB-GARANSI-RESMI-TAM-BONUS-i.2075581.8786894109?extraParams=%7B%22display_model_id%22%3A94011287383%2C%22model_selection_logic%22%3A3%7D&sp_atk=3fc29c69-87fe-4576-8069-38fa12a4bfa3&xptdk=3fc29c69-87fe-4576-8069-38fa12a4bfa3
https://down-id.img.susercontent.com/file/id-11134207-7rasa-m2tkesf13jkl4d,https://down-id.img.susercontent.com/file/id-11134258-8224v-mkvw0cu9r7k1a5,black shark 3 ram 8 / 128 resmi dus unit aja,Rp,3.250.000,,https://deo.shopeemobile.com/shopee/modules-federation/live/0/shopee__item-card-standard-v2/0.2.8/pc/0614b8f0a8fdde22942d.svg,,Besok,https://deo.shopeemobile.com/shopee/modules-federation/live/0/shopee__item-card-standard-v2/0.2.8/pc/38e203dc86172a6c6560.svg,,https://deo.shopeemobile.com/shopee/modules-federation/live/0/shopee__item-card-standard-v2/0.2.8/pc/5dd7b4560d0e2d3190e8.svg,Bandung,https://deo.shopeemobile.com/shopee/modules-federation/live/0/shopee__item-card-standard-v2/0.2.8/pc/0614b8f0a8fdde22942d.svg,Besok,,,,"Scrape to BigSeller
black shark 3 ram 8 / 128 resmi dus unit aja
Rp
3.250.000
Besok
Bandung",https://shopee.co.id/black-shark-3-ram-8-128-resmi-dus-unit-aja-i.13724858.29118187115?extraParams=%7B%22display_model_id%22%3A242070578702%2C%22model_selection_logic%22%3A3%7D&sp_atk=871705e2-2d0b-40c9-8e14-aa191fc3baf2&xptdk=871705e2-2d0b-40c9-8e14-aa191fc3baf2
https://down-id.img.susercontent.com/file/id-11134207-7r98w-lrrr1lcq66ppd4,https://down-id.img.susercontent.com/file/id-11134258-8224v-mkvw0cu9r7k1a5,LCD TOUCHSREEN XIAOMI BLACK SHARK 2 / BLACK SHARK 2 PRO Original Fingerpint,Rp,1.275.000,,,,,,,https://deo.shopeemobile.com/shopee/modules-federation/live/0/shopee__item-card-standard-v2/0.2.8/pc/5dd7b4560d0e2d3190e8.svg,Surabaya,,,,,,"Scrape to BigSeller
LCD TOUCHSREEN XIAOMI BLACK SHARK 2 / BLACK SHARK 2 PRO Original Fingerpint
Rp
1.275.000
Surabaya",https://shopee.co.id/LCD-TOUCHSREEN-XIAOMI-BLACK-SHARK-2-BLACK-SHARK-2-PRO-Original-Fingerpint-i.950658652.24813609205?extraParams=%7B%22display_model_id%22%3A147200980366%2C%22model_selection_logic%22%3A3%7D&sp_atk=d6dcfb27-79bc-434e-ad73-af220ee3ea1a&xptdk=d6dcfb27-79bc-434e-ad73-af220ee3ea1a
https://down-id.img.susercontent.com/file/id-11134207-7rbk8-m9wvayfyhgctc0,https://down-id.img.susercontent.com/file/id-11134258-7r98w-lyezzaurybot13,Black Shark 4 Ram 8GB/Rom 128GB Mirror Black,Rp,3.199.000,,https://deo.shopeemobile.com/shopee/modules-federation/live/0/shopee__item-card-standard-v2/0.2.8/pc/0614b8f0a8fdde22942d.svg,,Besok,https://deo.shopeemobile.com/shopee/modules-federation/live/0/shopee__item-card-standard-v2/0.2.8/pc/38e203dc86172a6c6560.svg,,https://deo.shopeemobile.com/shopee/modules-federation/live/0/shopee__item-card-standard-v2/0.2.8/pc/5dd7b4560d0e2d3190e8.svg,Medan,https://deo.shopeemobile.com/shopee/modules-federation/live/0/shopee__item-card-standard-v2/0.2.8/pc/0614b8f0a8fdde22942d.svg,Besok,,,,"Scrape to BigSeller
Black Shark 4 Ram 8GB/Rom 128GB Mirror Black
Rp
3.199.000
Besok
Medan",https://shopee.co.id/Black-Shark-4-Ram-8GB-Rom-128GB-Mirror-Black-i.10257907.44201348487?extraParams=%7B%22display_model_id%22%3A290108989672%2C%22model_selection_logic%22%3A3%7D&sp_atk=40d93391-ba5a-4f60-b71c-8e48523ea1b2&xptdk=40d93391-ba5a-4f60-b71c-8e48523ea1b2
https://down-id.img.susercontent.com/file/8849f466dc64ec90f69d4c8c61c05406,https://down-id.img.susercontent.com/file/id-11134258-8224v-mkvw0cu9r7k1a5,XIAOMI BLACK SHARK 4 8/128GB RAM 8GB ROM 128GB GAMING GARANSI RESMI,Rp,5.899.000,Cicilan,,,4-8 Hari,https://deo.shopeemobile.com/shopee/modules-federation/live/0/shopee__item-card-standard-v2/0.2.8/pc/76dff349290d20891fc1.svg,4-8 Hari,https://deo.shopeemobile.com/shopee/modules-federation/live/0/shopee__item-card-standard-v2/0.2.8/pc/5dd7b4560d0e2d3190e8.svg,Kab. Tangerang,,,,,,"Scrape to BigSeller
XIAOMI BLACK SHARK 4 8/128GB RAM 8GB ROM 128GB GAMING GARANSI RESMI
Rp
5.899.000
Cicilan
4-8 Hari
Kab. Tangerang",https://shopee.co.id/XIAOMI-BLACK-SHARK-4-8-128GB-RAM-8GB-ROM-128GB-GAMING-GARANSI-RESMI-i.251344613.7596754507?extraParams=%7B%22display_model_id%22%3A46824674633%2C%22model_selection_logic%22%3A3%7D&sp_atk=cef7a70a-6ef8-45bc-9f76-9d22e4a11102&xptdk=cef7a70a-6ef8-45bc-9f76-9d22e4a11102
https://down-id.img.susercontent.com/file/0de3df9234b6c8f6adf20bbffc5f08e7,https://down-id.img.susercontent.com/file/id-11134258-8224v-mkvw0cu9r7k1a5,Black Shark 4 - Gaming Smartphone,Rp,9.349.000,,https://deo.shopeemobile.com/shopee/modules-federation/live/0/shopee__item-card-standard-v2/0.2.8/pc/0614b8f0a8fdde22942d.svg,,Besok,https://deo.shopeemobile.com/shopee/modules-federation/live/0/shopee__item-card-standard-v2/0.2.8/pc/38e203dc86172a6c6560.svg,,https://deo.shopeemobile.com/shopee/modules-federation/live/0/shopee__item-card-standard-v2/0.2.8/pc/5dd7b4560d0e2d3190e8.svg,Jakarta Utara,https://deo.shopeemobile.com/shopee/modules-federation/live/0/shopee__item-card-standard-v2/0.2.8/pc/0614b8f0a8fdde22942d.svg,Besok,,,,"Scrape to BigSeller
Black Shark 4 - Gaming Smartphone
Rp
9.349.000
Besok
Jakarta Utara",https://shopee.co.id/Black-Shark-4-Gaming-Smartphone-i.139123738.9985949014?extraParams=%7B%22display_model_id%22%3A56771719137%2C%22model_selection_logic%22%3A3%7D&sp_atk=1c08b3cd-0b7d-45d3-aa99-3bfe7a30ef22&xptdk=1c08b3cd-0b7d-45d3-aa99-3bfe7a30ef22
https://down-id.img.susercontent.com/file/id-11134207-8224u-mfsg6grqgnbe25,https://down-id.img.susercontent.com/file/id-11134258-7r98w-lyezzaurybot13,LCD BS 1 ORI,Rp,200.000,,https://deo.shopeemobile.com/shopee/modules-federation/live/0/shopee__item-card-standard-v2/0.2.8/pc/d7099d3fd1dfdaf705ab.svg,1.0,2 Terjual,https://deo.shopeemobile.com/shopee/modules-federation/live/0/shopee__item-card-standard-v2/0.2.8/pc/76dff349290d20891fc1.svg,3-6 Hari,https://deo.shopeemobile.com/shopee/modules-federation/live/0/shopee__item-card-standard-v2/0.2.8/pc/5dd7b4560d0e2d3190e8.svg,Kab. Gresik,,,,,,"Scrape to BigSeller
LCD BS 1 ORI
Rp
200.000
1.0
2 Terjual
3-6 Hari
Kab. Gresik",https://shopee.co.id/LCD-BS-1-ORI-i.10404069.29042881903?extraParams=%7B%22display_model_id%22%3A286947320875%2C%22model_selection_logic%22%3A3%7D&sp_atk=ebae8afb-748c-4ef4-ad18-92c104da5f2b&xptdk=ebae8afb-748c-4ef4-ad18-92c104da5f2b
https://down-id.img.susercontent.com/file/id-11134207-7r98v-lyam8or4ouh171,https://down-id.img.susercontent.com/file/id-11134258-8224v-mkvw0cu9r7k1a5,[Recommended] Black Shark Funcooler 4 | Pendingin 32°C Super Cepat | TEC 20% Lebih Besar | RGB Lighting | Streaming & Gaming,Rp,229.000,,https://deo.shopeemobile.com/shopee/modules-federation/live/0/shopee__item-card-standard-v2/0.2.8/pc/d7099d3fd1dfdaf705ab.svg,4.8,403 Terjual,https://deo.shopeemobile.com/shopee/modules-federation/live/0/shopee__item-card-standard-v2/0.2.8/pc/76dff349290d20891fc1.svg,2-3 Hari,https://deo.shopeemobile.com/shopee/modules-federation/live/0/shopee__item-card-standard-v2/0.2.8/pc/5dd7b4560d0e2d3190e8.svg,Jakarta Utara,,,https://deo.shopeemobile.com/shopee/modules-federation/live/0/shopee__item-card-standard-v2/0.2.8/pc/7c9110f78e069acbced7.png,-49%,,"Scrape to BigSeller
[Recommended] Black Shark Funcooler 4 | Pendingin 32°C Super Cepat | TEC 20% Lebih Besar | RGB Lighting | Streaming & Gaming
Rp
229.000
-49%
4.8
403 Terjual
2-3 Hari
Jakarta Utara",https://shopee.co.id/-Recommended-Black-Shark-Funcooler-4-Pendingin-32%C2%B0C-Super-Cepat-TEC-20-Lebih-Besar-RGB-Lighting-Streaming-Gaming-i.168862677.26456514235?extraParams=%7B%22display_model_id%22%3A246284858427%2C%22model_selection_logic%22%3A3%7D&sp_atk=2d032600-edf0-49bf-b67e-2a78d9781e54&xptdk=2d032600-edf0-49bf-b67e-2a78d9781e54
https://down-id.img.susercontent.com/file/id-11134207-822wr-mnascxsz5n9d54,https://down-id.img.susercontent.com/file/id-11134258-7r98w-lyezzaurybot13,SPEAKER BUZZER MUSIK BAWAH BLACKSHARK BLACK SHARK 4 ORIGINAL,Rp,100.000,,https://deo.shopeemobile.com/shopee/modules-federation/live/0/shopee__item-card-standard-v2/0.2.8/pc/0614b8f0a8fdde22942d.svg,,Besok,https://deo.shopeemobile.com/shopee/modules-federation/live/0/shopee__item-card-standard-v2/0.2.8/pc/38e203dc86172a6c6560.svg,,https://deo.shopeemobile.com/shopee/modules-federation/live/0/shopee__item-card-standard-v2/0.2.8/pc/5dd7b4560d0e2d3190e8.svg,Kab. Bogor,https://deo.shopeemobile.com/shopee/modules-federation/live/0/shopee__item-card-standard-v2/0.2.8/pc/0614b8f0a8fdde22942d.svg,Besok,https://deo.shopeemobile.com/shopee/modules-federation/live/0/shopee__item-card-standard-v2/0.2.8/pc/a425c915798471b33e5d.png,,,"Scrape to BigSeller
SPEAKER BUZZER MUSIK BAWAH BLACKSHARK BLACK SHARK 4 ORIGINAL
Rp
100.000
Besok
Kab. Bogor",https://shopee.co.id/SPEAKER-BUZZER-MUSIK-BAWAH-BLACKSHARK-BLACK-SHARK-4-ORIGINAL-i.1081420015.54359197310?extraParams=%7B%22display_model_id%22%3A282555642234%2C%22model_selection_logic%22%3A3%7D&sp_atk=97fc2a6d-ed66-4ef2-9c01-72d6e35e5c31&xptdk=97fc2a6d-ed66-4ef2-9c01-72d6e35e5c31
https://down-id.img.susercontent.com/file/id-11134207-7r98u-luiy9k81gilwf9,https://down-id.img.susercontent.com/file/id-11134258-8224v-mkvw0cu9r7k1a5,[Best Selling] Black Shark Lucifer T11 | TWS Metalik Desain Ninja | Suara Imersif & jernih | Peredam Bising (ENC) | Baterai Awet 30 Jam,Rp,349.000,,https://deo.shopeemobile.com/shopee/modules-federation/live/0/shopee__item-card-standard-v2/0.2.8/pc/d7099d3fd1dfdaf705ab.svg,4.9,1RB+ Terjual,https://deo.shopeemobile.com/shopee/modules-federation/live/0/shopee__item-card-standard-v2/0.2.8/pc/76dff349290d20891fc1.svg,2-3 Hari,https://deo.shopeemobile.com/shopee/modules-federation/live/0/shopee__item-card-standard-v2/0.2.8/pc/5dd7b4560d0e2d3190e8.svg,Jakarta Utara,,,https://deo.shopeemobile.com/shopee/modules-federation/live/0/shopee__item-card-standard-v2/0.2.8/pc/7c9110f78e069acbced7.png,-34%,,"Scrape to BigSeller
[Best Selling] Black Shark Lucifer T11 | TWS Metalik Desain Ninja | Suara Imersif & jernih | Peredam Bising (ENC) | Baterai Awet 30 Jam
Rp
349.000
-34%
4.9
1RB+ Terjual
2-3 Hari
Jakarta Utara",https://shopee.co.id/-Best-Selling-Black-Shark-Lucifer-T11-TWS-Metalik-Desain-Ninja-Suara-Imersif-jernih-Peredam-Bising-(ENC)-Baterai-Awet-30-Jam-i.168862677.25826509009?extraParams=%7B%22display_model_id%22%3A222728148494%2C%22model_selection_logic%22%3A3%7D&sp_atk=738719c1-bc16-4766-beda-83748822a3cc&xptdk=738719c1-bc16-4766-beda-83748822a3cc
https://down-id.img.susercontent.com/file/id-11134207-7ras8-m3qqjkdrt2lr75,https://down-id.img.susercontent.com/file/id-11134258-8224v-mkvw0cu9r7k1a5,Buzer Speaker Bawah black shark 4 original,Rp,79.000,,,,1 Terjual,https://deo.shopeemobile.com/shopee/modules-federation/live/0/shopee__item-card-standard-v2/0.2.8/pc/76dff349290d20891fc1.svg,2-5 Hari,https://deo.shopeemobile.com/shopee/modules-federation/live/0/shopee__item-card-standard-v2/0.2.8/pc/5dd7b4560d0e2d3190e8.svg,Kab. Sragen,,,,,,"Scrape to BigSeller
Buzer Speaker Bawah black shark 4 original
Rp
79.000
1 Terjual
2-5 Hari
Kab. Sragen",https://shopee.co.id/Buzer-Speaker-Bawah-black-shark-4-original-i.53833902.26220641051?extraParams=%7B%22display_model_id%22%3A237148990278%2C%22model_selection_logic%22%3A3%7D&sp_atk=ed1abc97-8acc-45e3-a46e-7cb981b77110&xptdk=ed1abc97-8acc-45e3-a46e-7cb981b77110
https://down-id.img.susercontent.com/file/id-11134207-822wr-mnascxsoxmgx20,https://down-id.img.susercontent.com/file/id-11134258-7r98w-lyezzaurybot13,KABEL ANTENA HITAM SINYAL BLACKSHARK BLACK SHARK 4 ORIGINAL,Rp,65.000,,https://deo.shopeemobile.com/shopee/modules-federation/live/0/shopee__item-card-standard-v2/0.2.8/pc/0614b8f0a8fdde22942d.svg,,Besok,https://deo.shopeemobile.com/shopee/modules-federation/live/0/shopee__item-card-standard-v2/0.2.8/pc/38e203dc86172a6c6560.svg,,https://deo.shopeemobile.com/shopee/modules-federation/live/0/shopee__item-card-standard-v2/0.2.8/pc/5dd7b4560d0e2d3190e8.svg,Kab. Bogor,https://deo.shopeemobile.com/shopee/modules-federation/live/0/shopee__item-card-standard-v2/0.2.8/pc/0614b8f0a8fdde22942d.svg,Besok,https://deo.shopeemobile.com/shopee/modules-federation/live/0/shopee__item-card-standard-v2/0.2.8/pc/a425c915798471b33e5d.png,,,"Scrape to BigSeller
KABEL ANTENA HITAM SINYAL BLACKSHARK BLACK SHARK 4 ORIGINAL
Rp
65.000
Besok
Kab. Bogor",https://shopee.co.id/KABEL-ANTENA-HITAM-SINYAL-BLACKSHARK-BLACK-SHARK-4-ORIGINAL-i.1081420015.53859206287?extraParams=%7B%22display_model_id%22%3A380814999282%2C%22model_selection_logic%22%3A3%7D&sp_atk=7f59d2e2-709d-40ac-a0d4-64b07fdf4359&xptdk=7f59d2e2-709d-40ac-a0d4-64b07fdf4359
https://down-id.img.susercontent.com/file/id-11134207-7r991-lvsjf9bqmw66d9,https://down-id.img.susercontent.com/file/id-11134258-8224v-mkvw0cu9r7k1a5,"[Best Selling] Black Shark GS3 | Daya Tahan Militer | Baterai 21 Hari | Tahan Banting, Tahan Air, Tahan Lama | Outdoor Smartwatch | 5 ATM",Rp,844.000,,https://deo.shopeemobile.com/shopee/modules-federation/live/0/shopee__item-card-standard-v2/0.2.8/pc/d7099d3fd1dfdaf705ab.svg,4.9,2RB+ Terjual,https://deo.shopeemobile.com/shopee/modules-federation/live/0/shopee__item-card-standard-v2/0.2.8/pc/76dff349290d20891fc1.svg,2-3 Hari,https://deo.shopeemobile.com/shopee/modules-federation/live/0/shopee__item-card-standard-v2/0.2.8/pc/5dd7b4560d0e2d3190e8.svg,Jakarta Utara,,,https://deo.shopeemobile.com/shopee/modules-federation/live/0/shopee__item-card-standard-v2/0.2.8/pc/7c9110f78e069acbced7.png,-35%,https://deo.shopeemobile.com/shopee/modules-federation/live/0/shopee__item-card-standard-v2/0.2.8/pc/b4d1b8a78b3621dbdf4a.svg,"Scrape to BigSeller
[Best Selling] Black Shark GS3 | Daya Tahan Militer | Baterai 21 Hari | Tahan Banting, Tahan Air, Tahan Lama | Outdoor Smartwatch | 5 ATM
Rp
844.000
-35%
4.9
2RB+ Terjual
2-3 Hari
Jakarta Utara",https://shopee.co.id/-Best-Selling-Black-Shark-GS3-Daya-Tahan-Militer-Baterai-21-Hari-Tahan-Banting-Tahan-Air-Tahan-Lama-Outdoor-Smartwatch-5-ATM-i.168862677.29001044961?extraParams=%7B%22display_model_id%22%3A166492695500%2C%22model_selection_logic%22%3A3%7D&sp_atk=a7798f4c-3605-4673-9730-6b9d84a0dd8d&xptdk=a7798f4c-3605-4673-9730-6b9d84a0dd8d
https://down-id.img.susercontent.com/file/e11b4651b6c9405876d14df69c476a83,,converter blackshark original copotan,Rp,100.000,,https://deo.shopeemobile.com/shopee/modules-federation/live/0/shopee__item-card-standard-v2/0.2.8/pc/0614b8f0a8fdde22942d.svg,,< 2 Hari,https://deo.shopeemobile.com/shopee/modules-federation/live/0/shopee__item-card-standard-v2/0.2.8/pc/38e203dc86172a6c6560.svg,,https://deo.shopeemobile.com/shopee/modules-federation/live/0/shopee__item-card-standard-v2/0.2.8/pc/5dd7b4560d0e2d3190e8.svg,Kab. Tuban,https://deo.shopeemobile.com/shopee/modules-federation/live/0/shopee__item-card-standard-v2/0.2.8/pc/0614b8f0a8fdde22942d.svg,< 2 Hari,,,,"Scrape to BigSeller
converter blackshark original copotan
Rp
100.000
< 2 Hari
Kab. Tuban",https://shopee.co.id/converter-blackshark-original-copotan-i.15078316.9690962141?extraParams=%7B%22display_model_id%22%3A94458308674%2C%22model_selection_logic%22%3A3%7D&sp_atk=b039ad97-34a9-42a6-84e2-84cf1e7ac29d&xptdk=b039ad97-34a9-42a6-84e2-84cf1e7ac29d
https://down-id.img.susercontent.com/file/id-11134207-822wi-mnascxsz2u4h90,https://down-id.img.susercontent.com/file/id-11134258-7r98w-lyezzaurybot13,SPEAKER MUSIK BUZZER ATAS BLACKSHARK BLACK SHARK 4 ORIGINAL,Rp,100.000,,https://deo.shopeemobile.com/shopee/modules-federation/live/0/shopee__item-card-standard-v2/0.2.8/pc/0614b8f0a8fdde22942d.svg,,Besok,https://deo.shopeemobile.com/shopee/modules-federation/live/0/shopee__item-card-standard-v2/0.2.8/pc/38e203dc86172a6c6560.svg,,https://deo.shopeemobile.com/shopee/modules-federation/live/0/shopee__item-card-standard-v2/0.2.8/pc/5dd7b4560d0e2d3190e8.svg,Kab. Bogor,https://deo.shopeemobile.com/shopee/modules-federation/live/0/shopee__item-card-standard-v2/0.2.8/pc/0614b8f0a8fdde22942d.svg,Besok,https://deo.shopeemobile.com/shopee/modules-federation/live/0/shopee__item-card-standard-v2/0.2.8/pc/a425c915798471b33e5d.png,,,"Scrape to BigSeller
SPEAKER MUSIK BUZZER ATAS BLACKSHARK BLACK SHARK 4 ORIGINAL
Rp
100.000
Besok
Kab. Bogor",https://shopee.co.id/SPEAKER-MUSIK-BUZZER-ATAS-BLACKSHARK-BLACK-SHARK-4-ORIGINAL-i.1081420015.52759197318?extraParams=%7B%22display_model_id%22%3A380815083086%2C%22model_selection_logic%22%3A3%7D&sp_atk=11febe2a-4d55-417c-9ec1-f590240e1e01&xptdk=11febe2a-4d55-417c-9ec1-f590240e1e01
https://down-id.img.susercontent.com/file/id-11134207-822wh-mnascxsz9uypcc,https://down-id.img.susercontent.com/file/id-11134258-7r98w-lyezzaurybot13,FLEXIBEL FLEXIBLE TOMBOL R1 L1 BLACKSHARK BLACK SHARK 4,Rp,120.000,,https://deo.shopeemobile.com/shopee/modules-federation/live/0/shopee__item-card-standard-v2/0.2.8/pc/0614b8f0a8fdde22942d.svg,,Besok,https://deo.shopeemobile.com/shopee/modules-federation/live/0/shopee__item-card-standard-v2/0.2.8/pc/38e203dc86172a6c6560.svg,,https://deo.shopeemobile.com/shopee/modules-federation/live/0/shopee__item-card-standard-v2/0.2.8/pc/5dd7b4560d0e2d3190e8.svg,Kab. Bogor,https://deo.shopeemobile.com/shopee/modules-federation/live/0/shopee__item-card-standard-v2/0.2.8/pc/0614b8f0a8fdde22942d.svg,Besok,https://deo.shopeemobile.com/shopee/modules-federation/live/0/shopee__item-card-standard-v2/0.2.8/pc/a425c915798471b33e5d.png,,,"Scrape to BigSeller
FLEXIBEL FLEXIBLE TOMBOL R1 L1 BLACKSHARK BLACK SHARK 4
Rp
120.000
Besok
Kab. Bogor",https://shopee.co.id/FLEXIBEL-FLEXIBLE-TOMBOL-R1-L1-BLACKSHARK-BLACK-SHARK-4-i.1081420015.46809222345?extraParams=%7B%22display_model_id%22%3A370815139575%2C%22model_selection_logic%22%3A3%7D&sp_atk=bafce56c-048f-4a6c-8613-186ccaa36161&xptdk=bafce56c-048f-4a6c-8613-186ccaa36161
https://down-id.img.susercontent.com/file/sg-11134201-22120-oetzv4but7kv57,https://down-id.img.susercontent.com/file/id-11134258-822wp-mlyjp115kz5tc6,Black Shark FunCooler 3 Pro | Kipas Pendingin Hp iOS & Android - Funcooler 3 Pro,Rp,534.000,Hadiah Gratis,https://deo.shopeemobile.com/shopee/modules-federation/live/0/shopee__item-card-standard-v2/0.2.8/pc/d7099d3fd1dfdaf705ab.svg,4.9,50 Terjual,https://deo.shopeemobile.com/shopee/modules-federation/live/0/shopee__item-card-standard-v2/0.2.8/pc/38e203dc86172a6c6560.svg,,https://deo.shopeemobile.com/shopee/modules-federation/live/0/shopee__item-card-standard-v2/0.2.8/pc/5dd7b4560d0e2d3190e8.svg,Kab. Sidoarjo,https://deo.shopeemobile.com/shopee/modules-federation/live/0/shopee__item-card-standard-v2/0.2.8/pc/0614b8f0a8fdde22942d.svg,2 jam,https://deo.shopeemobile.com/shopee/modules-federation/live/0/shopee__item-card-standard-v2/0.2.8/pc/e4734dab67ee2f9ebd5a.png,-18%,https://deo.shopeemobile.com/shopee/modules-federation/live/0/shopee__item-card-standard-v2/0.2.8/pc/b4d1b8a78b3621dbdf4a.svg,"Scrape to BigSeller
Black Shark FunCooler 3 Pro | Kipas Pendingin Hp iOS & Android - Funcooler 3 Pro
Rp
534.000
-18%
Hadiah Gratis
4.9
50 Terjual
2 jam
Kab. Sidoarjo",https://shopee.co.id/Black-Shark-FunCooler-3-Pro-Kipas-Pendingin-Hp-iOS-Android-Funcooler-3-Pro-i.272803577.23411222815?extraParams=%7B%22display_model_id%22%3A137266926853%2C%22model_selection_logic%22%3A3%7D&sp_atk=9e91e7a3-fae8-4ae9-934a-041e18da506c&xptdk=9e91e7a3-fae8-4ae9-934a-041e18da506c
https://down-id.img.susercontent.com/file/id-11134207-822wr-mnascxsz71tt6c,https://down-id.img.susercontent.com/file/id-11134258-7r98w-lyezzaurybot13,TUTUP MESIN NFC BLACKSHARK BLACK SHARK 4 ORIGINAL,Rp,100.000,,https://deo.shopeemobile.com/shopee/modules-federation/live/0/shopee__item-card-standard-v2/0.2.8/pc/0614b8f0a8fdde22942d.svg,,Besok,https://deo.shopeemobile.com/shopee/modules-federation/live/0/shopee__item-card-standard-v2/0.2.8/pc/38e203dc86172a6c6560.svg,,https://deo.shopeemobile.com/shopee/modules-federation/live/0/shopee__item-card-standard-v2/0.2.8/pc/5dd7b4560d0e2d3190e8.svg,Kab. Bogor,https://deo.shopeemobile.com/shopee/modules-federation/live/0/shopee__item-card-standard-v2/0.2.8/pc/0614b8f0a8fdde22942d.svg,Besok,https://deo.shopeemobile.com/shopee/modules-federation/live/0/shopee__item-card-standard-v2/0.2.8/pc/a425c915798471b33e5d.png,,,"Scrape to BigSeller
TUTUP MESIN NFC BLACKSHARK BLACK SHARK 4 ORIGINAL
Rp
100.000
Besok
Kab. Bogor",https://shopee.co.id/TUTUP-MESIN-NFC-BLACKSHARK-BLACK-SHARK-4-ORIGINAL-i.1081420015.50509202199?extraParams=%7B%22display_model_id%22%3A315815688695%2C%22model_selection_logic%22%3A3%7D&sp_atk=7ca6dbdb-b8de-4906-b153-304e1c98b634&xptdk=7ca6dbdb-b8de-4906-b153-304e1c98b634
https://down-id.img.susercontent.com/file/id-11134207-822wr-mmvwgzced3b697,https://down-id.img.susercontent.com/file/id-11134258-7r98w-lyezzaurybot13,Black Shark FunCooler BR 11 Fun Cooler BR11 BlackShark HP Original Ori Bekas Second,Rp,175.000,,https://deo.shopeemobile.com/shopee/modules-federation/live/0/shopee__item-card-standard-v2/0.2.8/pc/0614b8f0a8fdde22942d.svg,,Besok,https://deo.shopeemobile.com/shopee/modules-federation/live/0/shopee__item-card-standard-v2/0.2.8/pc/38e203dc86172a6c6560.svg,,https://deo.shopeemobile.com/shopee/modules-federation/live/0/shopee__item-card-standard-v2/0.2.8/pc/5dd7b4560d0e2d3190e8.svg,Bekasi,https://deo.shopeemobile.com/shopee/modules-federation/live/0/shopee__item-card-standard-v2/0.2.8/pc/0614b8f0a8fdde22942d.svg,Besok,https://deo.shopeemobile.com/shopee/modules-federation/live/0/shopee__item-card-standard-v2/0.2.8/pc/a425c915798471b33e5d.png,,,"Scrape to BigSeller
Black Shark FunCooler BR 11 Fun Cooler BR11 BlackShark HP Original Ori Bekas Second
Rp
175.000
Besok
Bekasi",https://shopee.co.id/Black-Shark-FunCooler-BR-11-Fun-Cooler-BR11-BlackShark-HP-Original-Ori-Bekas-Second-i.504134027.52708559935?extraParams=%7B%22display_model_id%22%3A385760378870%2C%22model_selection_logic%22%3A3%7D&sp_atk=66cfb314-3f0a-4c36-8a91-d65ef46128d0&xptdk=66cfb314-3f0a-4c36-8a91-d65ef46128d0
https://down-id.img.susercontent.com/file/id-11134207-8224p-mhg2bjudxaf71d,https://down-id.img.susercontent.com/file/id-11134258-822wr-mlx67rtd6r602f,Speker Buzer musik Black Shark 4 pro original normal copotan asli,Rp,30.000,,,,2-3 Hari,https://deo.shopeemobile.com/shopee/modules-federation/live/0/shopee__item-card-standard-v2/0.2.8/pc/76dff349290d20891fc1.svg,2-3 Hari,https://deo.shopeemobile.com/shopee/modules-federation/live/0/shopee__item-card-standard-v2/0.2.8/pc/5dd7b4560d0e2d3190e8.svg,Kab. Bogor,,,https://deo.shopeemobile.com/shopee/modules-federation/live/0/shopee__item-card-standard-v2/0.2.8/pc/a425c915798471b33e5d.png,,,"Scrape to BigSeller
Speker Buzer musik Black Shark 4 pro original normal copotan asli
Rp
30.000
2-3 Hari
Kab. Bogor",https://shopee.co.id/Speker-Buzer-musik-Black-Shark-4-pro-original-normal-copotan-asli-i.676768696.44902039825?extraParams=%7B%22display_model_id%22%3A350197668572%2C%22model_selection_logic%22%3A2%7D&sp_atk=716ad67f-b64c-41f9-83b9-c9fc90ea0aad&xptdk=716ad67f-b64c-41f9-83b9-c9fc90ea0aad
https://down-id.img.susercontent.com/file/id-11134207-822ws-mmggvsarmoen6c,https://down-id.img.susercontent.com/file/id-11134258-7r98w-lyezzaurybot13,black shark fun cooler,Rp,130.000,,,,2-4 Hari,https://deo.shopeemobile.com/shopee/modules-federation/live/0/shopee__item-card-standard-v2/0.2.8/pc/76dff349290d20891fc1.svg,2-4 Hari,https://deo.shopeemobile.com/shopee/modules-federation/live/0/shopee__item-card-standard-v2/0.2.8/pc/5dd7b4560d0e2d3190e8.svg,Kab. Banyuwangi,,,,,,"Scrape to BigSeller
black shark fun cooler
Rp
130.000
2-4 Hari
Kab. Banyuwangi",https://shopee.co.id/black-shark-fun-cooler-i.627094909.53207971296?extraParams=%7B%22display_model_id%22%3A370708349997%2C%22model_selection_logic%22%3A3%7D&sp_atk=34b6e06a-9e78-457a-8c3f-eeead74bb1bd&xptdk=34b6e06a-9e78-457a-8c3f-eeead74bb1bd
https://down-id.img.susercontent.com/file/id-11134207-7ra0n-mc3ru8fnxmmj9a,https://down-id.img.susercontent.com/file/id-11134258-822wr-mlx67rtd6r602f,dosbook bs 4,Rp,100.000,,,,2-3 Hari,https://deo.shopeemobile.com/shopee/modules-federation/live/0/shopee__item-card-standard-v2/0.2.8/pc/76dff349290d20891fc1.svg,2-3 Hari,https://deo.shopeemobile.com/shopee/modules-federation/live/0/shopee__item-card-standard-v2/0.2.8/pc/5dd7b4560d0e2d3190e8.svg,Kab. Karanganyar,,,https://deo.shopeemobile.com/shopee/modules-federation/live/0/shopee__item-card-standard-v2/0.2.8/pc/e4734dab67ee2f9ebd5a.png,,,"Scrape to BigSeller
dosbook bs 4
Rp
100.000
2-3 Hari
Kab. Karanganyar",https://shopee.co.id/dosbook-bs-4-i.137094484.43808298453?extraParams=%7B%22display_model_id%22%3A260700719413%2C%22model_selection_logic%22%3A3%7D&sp_atk=c3ad10fd-2a19-4d71-a2d7-319b71f7b70b&xptdk=c3ad10fd-2a19-4d71-a2d7-319b71f7b70b
https://down-id.img.susercontent.com/file/id-11134207-822wi-mmmu7nngs45d78,https://down-id.img.susercontent.com/file/id-11134258-8224v-mkvw0cu9r7k1a5,Gamepad Black Shark 2 plus holder,Rp,250.000,,,,4-7 Hari,https://deo.shopeemobile.com/shopee/modules-federation/live/0/shopee__item-card-standard-v2/0.2.8/pc/76dff349290d20891fc1.svg,4-7 Hari,https://deo.shopeemobile.com/shopee/modules-federation/live/0/shopee__item-card-standard-v2/0.2.8/pc/5dd7b4560d0e2d3190e8.svg,Bandung,,,,,,"Scrape to BigSeller
Gamepad Black Shark 2 plus holder
Rp
250.000
4-7 Hari
Bandung",https://shopee.co.id/Gamepad-Black-Shark-2-plus-holder-i.288380182.57958213048?extraParams=%7B%22display_model_id%22%3A435730231283%2C%22model_selection_logic%22%3A3%7D&sp_atk=c843659f-7334-45ab-854c-4ec8ece49b1b&xptdk=c843659f-7334-45ab-854c-4ec8ece49b1b
https://down-id.img.susercontent.com/file/id-11134207-82250-mk0lwi88t5af9f,https://down-id.img.susercontent.com/file/id-11134258-8224v-mkvw0cu9r7k1a5,Black Shark Funcooler 5 Neo | Magnetic + Clips | Pendingin Smartphone | Phone Cooler Gaming | RGB Lighting | Low Noise | Desain Ergonomis,Rp,249.000,,https://deo.shopeemobile.com/shopee/modules-federation/live/0/shopee__item-card-standard-v2/0.2.8/pc/d7099d3fd1dfdaf705ab.svg,4.9,148 Terjual,https://deo.shopeemobile.com/shopee/modules-federation/live/0/shopee__item-card-standard-v2/0.2.8/pc/76dff349290d20891fc1.svg,2-3 Hari,https://deo.shopeemobile.com/shopee/modules-federation/live/0/shopee__item-card-standard-v2/0.2.8/pc/5dd7b4560d0e2d3190e8.svg,Jakarta Utara,,,https://deo.shopeemobile.com/shopee/modules-federation/live/0/shopee__item-card-standard-v2/0.2.8/pc/7c9110f78e069acbced7.png,-38%,,"Scrape to BigSeller
Black Shark Funcooler 5 Neo | Magnetic + Clips | Pendingin Smartphone | Phone Cooler Gaming | RGB Lighting | Low Noise | Desain Ergonomis
Rp
249.000
-38%
4.9
148 Terjual
2-3 Hari
Jakarta Utara",https://shopee.co.id/Black-Shark-Funcooler-5-Neo-Magnetic-Clips-Pendingin-Smartphone-Phone-Cooler-Gaming-RGB-Lighting-Low-Noise-Desain-Ergonomis-i.168862677.4032474296?extraParams=%7B%22display_model_id%22%3A23638244160%2C%22model_selection_logic%22%3A3%7D&sp_atk=8f064edf-efe3-45c7-ac3f-3bc9f0a0c550&xptdk=8f064edf-efe3-45c7-ac3f-3bc9f0a0c550
https://down-id.img.susercontent.com/file/id-11134207-822wq-mnascxsos075f4,https://down-id.img.susercontent.com/file/id-11134258-7r98w-lyezzaurybot13,FLEXIBEL FLEXIBLE PAPAN HEADSET MIC BAWAH SINYAL BLACKSHARK BLACK SHARK 4 ORIGINAL,Rp,120.000,,https://deo.shopeemobile.com/shopee/modules-federation/live/0/shopee__item-card-standard-v2/0.2.8/pc/0614b8f0a8fdde22942d.svg,,Besok,https://deo.shopeemobile.com/shopee/modules-federation/live/0/shopee__item-card-standard-v2/0.2.8/pc/38e203dc86172a6c6560.svg,,https://deo.shopeemobile.com/shopee/modules-federation/live/0/shopee__item-card-standard-v2/0.2.8/pc/5dd7b4560d0e2d3190e8.svg,Kab. Bogor,https://deo.shopeemobile.com/shopee/modules-federation/live/0/shopee__item-card-standard-v2/0.2.8/pc/0614b8f0a8fdde22942d.svg,Besok,https://deo.shopeemobile.com/shopee/modules-federation/live/0/shopee__item-card-standard-v2/0.2.8/pc/a425c915798471b33e5d.png,,,"Scrape to BigSeller
FLEXIBEL FLEXIBLE PAPAN HEADSET MIC BAWAH SINYAL BLACKSHARK BLACK SHARK 4 ORIGINAL
Rp
120.000
Besok
Kab. Bogor",https://shopee.co.id/FLEXIBEL-FLEXIBLE-PAPAN-HEADSET-MIC-BAWAH-SINYAL-BLACKSHARK-BLACK-SHARK-4-ORIGINAL-i.1081420015.41980229475?extraParams=%7B%22display_model_id%22%3A335814978184%2C%22model_selection_logic%22%3A3%7D&sp_atk=c07ff01e-198a-40dd-a249-8fcd77c5f9bb&xptdk=c07ff01e-198a-40dd-a249-8fcd77c5f9bb
https://down-id.img.susercontent.com/file/4d99923300e573e11691ef18aa10e7a0,https://down-id.img.susercontent.com/file/id-11134258-8224v-mkvw0cu9r7k1a5,Black Shark Split Type Gaming Triggers,Rp,110.000,,https://deo.shopeemobile.com/shopee/modules-federation/live/0/shopee__item-card-standard-v2/0.2.8/pc/d7099d3fd1dfdaf705ab.svg,4.9,87 Terjual,https://deo.shopeemobile.com/shopee/modules-federation/live/0/shopee__item-card-standard-v2/0.2.8/pc/38e203dc86172a6c6560.svg,,https://deo.shopeemobile.com/shopee/modules-federation/live/0/shopee__item-card-standard-v2/0.2.8/pc/5dd7b4560d0e2d3190e8.svg,Jakarta Utara,https://deo.shopeemobile.com/shopee/modules-federation/live/0/shopee__item-card-standard-v2/0.2.8/pc/0614b8f0a8fdde22942d.svg,Besok,,,,"Scrape to BigSeller
Black Shark Split Type Gaming Triggers
Rp
110.000
4.9
87 Terjual
Besok
Jakarta Utara",https://shopee.co.id/Black-Shark-Split-Type-Gaming-Triggers-i.139123738.5293772876?extraParams=%7B%22display_model_id%22%3A56302040184%2C%22model_selection_logic%22%3A3%7D&sp_atk=eaf3c1c0-acb9-4854-ab46-c65ae94a1aa8&xptdk=eaf3c1c0-acb9-4854-ab46-c65ae94a1aa8
https://down-id.img.susercontent.com/file/id-11134207-7r98t-luq0gnlz052589,https://down-id.img.susercontent.com/file/id-11134258-822wr-mlx67rtd6r602f,Black Shark Smartwatch GT Neo | 7 Days Battery | ENC Bluetooth Call,Rp,384.950,Hadiah Gratis,https://deo.shopeemobile.com/shopee/modules-federation/live/0/shopee__item-card-standard-v2/0.2.8/pc/d7099d3fd1dfdaf705ab.svg,5.0,1 Terjual,https://deo.shopeemobile.com/shopee/modules-federation/live/0/shopee__item-card-standard-v2/0.2.8/pc/38e203dc86172a6c6560.svg,,https://deo.shopeemobile.com/shopee/modules-federation/live/0/shopee__item-card-standard-v2/0.2.8/pc/5dd7b4560d0e2d3190e8.svg,Kab. Sidoarjo,https://deo.shopeemobile.com/shopee/modules-federation/live/0/shopee__item-card-standard-v2/0.2.8/pc/0614b8f0a8fdde22942d.svg,2 jam,https://deo.shopeemobile.com/shopee/modules-federation/live/0/shopee__item-card-standard-v2/0.2.8/pc/e4734dab67ee2f9ebd5a.png,-61%,https://deo.shopeemobile.com/shopee/modules-federation/live/0/shopee__item-card-standard-v2/0.2.8/pc/b4d1b8a78b3621dbdf4a.svg,"Scrape to BigSeller
Black Shark Smartwatch GT Neo | 7 Days Battery | ENC Bluetooth Call
Rp
384.950
-61%
Hadiah Gratis
5.0
1 Terjual
2 jam
Kab. Sidoarjo",https://shopee.co.id/Black-Shark-Smartwatch-GT-Neo-7-Days-Battery-ENC-Bluetooth-Call-i.272803577.24127471002?extraParams=%7B%22display_model_id%22%3A232744355313%2C%22model_selection_logic%22%3A3%7D&sp_atk=481b004d-eab5-407e-b008-8a381ff553af&xptdk=481b004d-eab5-407e-b008-8a381ff553af
https://down-id.img.susercontent.com/file/id-11134207-8224r-mi5lyyxz7dog0e,https://down-id.img.susercontent.com/file/id-11134258-8224v-mkvw0cu9r7k1a5,frame tulangan tengah Blackshark Helo ori copotan hp,Rp,85.000,,,,3-4 Hari,https://deo.shopeemobile.com/shopee/modules-federation/live/0/shopee__item-card-standard-v2/0.2.8/pc/76dff349290d20891fc1.svg,3-4 Hari,https://deo.shopeemobile.com/shopee/modules-federation/live/0/shopee__item-card-standard-v2/0.2.8/pc/5dd7b4560d0e2d3190e8.svg,Kab. Purbalingga,,,https://deo.shopeemobile.com/shopee/modules-federation/live/0/shopee__item-card-standard-v2/0.2.8/pc/a425c915798471b33e5d.png,,,"Scrape to BigSeller
frame tulangan tengah Blackshark Helo ori copotan hp
Rp
85.000
3-4 Hari
Kab. Purbalingga",https://shopee.co.id/frame-tulangan-tengah-Blackshark-Helo-ori-copotan-hp-i.240128420.43327196600?extraParams=%7B%22display_model_id%22%3A320288087986%2C%22model_selection_logic%22%3A3%7D&sp_atk=1faec269-aa9e-4de2-9b3b-0e1c865df74d&xptdk=1faec269-aa9e-4de2-9b3b-0e1c865df74d
https://down-id.img.susercontent.com/file/id-11134207-8224r-mgoq4lpl22311a,https://down-id.img.susercontent.com/file/id-11134258-822wr-mlx67rtd6r602f,Black Shark Earphone Headset Gaming Type C,Rp,199.900,,https://deo.shopeemobile.com/shopee/modules-federation/live/0/shopee__item-card-standard-v2/0.2.8/pc/d7099d3fd1dfdaf705ab.svg,5.0,1 Terjual,https://deo.shopeemobile.com/shopee/modules-federation/live/0/shopee__item-card-standard-v2/0.2.8/pc/38e203dc86172a6c6560.svg,,https://deo.shopeemobile.com/shopee/modules-federation/live/0/shopee__item-card-standard-v2/0.2.8/pc/5dd7b4560d0e2d3190e8.svg,Surabaya,https://deo.shopeemobile.com/shopee/modules-federation/live/0/shopee__item-card-standard-v2/0.2.8/pc/0614b8f0a8fdde22942d.svg,2 jam,https://deo.shopeemobile.com/shopee/modules-federation/live/0/shopee__item-card-standard-v2/0.2.8/pc/a425c915798471b33e5d.png,,,"Scrape to BigSeller
Black Shark Earphone Headset Gaming Type C
Rp
199.900
5.0
1 Terjual
2 jam
Surabaya",https://shopee.co.id/Black-Shark-Earphone-Headset-Gaming-Type-C-i.29183205.28042121837?extraParams=%7B%22display_model_id%22%3A296731207452%2C%22model_selection_logic%22%3A3%7D&sp_atk=07296903-57fe-4789-b092-2a8e13c02239&xptdk=07296903-57fe-4789-b092-2a8e13c02239
https://down-id.img.susercontent.com/file/id-11134207-7r991-llspzdy5bz1b50,https://down-id.img.susercontent.com/file/id-11134258-822wr-mlx67rtd6r602f,"Black Shark Lucifer T2/T6/T10 Second Product, Fully Tested, 45ms Ultra-Low Latency TWS Gaming Bluetooth 5.2, 35 hour play time, LED indicators, Built-in Mic, IPX5 waterproof",Rp,109.000,,https://deo.shopeemobile.com/shopee/modules-federation/live/0/shopee__item-card-standard-v2/0.2.8/pc/d7099d3fd1dfdaf705ab.svg,4.8,77 Terjual,https://deo.shopeemobile.com/shopee/modules-federation/live/0/shopee__item-card-standard-v2/0.2.8/pc/76dff349290d20891fc1.svg,2-3 Hari,https://deo.shopeemobile.com/shopee/modules-federation/live/0/shopee__item-card-standard-v2/0.2.8/pc/5dd7b4560d0e2d3190e8.svg,Jakarta Utara,,,https://deo.shopeemobile.com/shopee/modules-federation/live/0/shopee__item-card-standard-v2/0.2.8/pc/a425c915798471b33e5d.png,-76%,,"Scrape to BigSeller
Black Shark Lucifer T2/T6/T10 Second Product, Fully Tested, 45ms Ultra-Low Latency TWS Gaming Bluetooth 5.2, 35 hour play time, LED indicators, Built-in Mic, IPX5 waterproof
Rp
109.000
-76%
4.8
77 Terjual
2-3 Hari
Jakarta Utara",https://shopee.co.id/Black-Shark-Lucifer-T2-T6-T10-Second-Product-Fully-Tested-45ms-Ultra-Low-Latency-TWS-Gaming-Bluetooth-5.2-35-hour-play-time-LED-indicators-Built-in-Mic-IPX5-waterproof-i.134788402.19993210189?extraParams=%7B%22display_model_id%22%3A287543613917%2C%22model_selection_logic%22%3A3%7D&sp_atk=63a631c9-e8c2-458c-b30a-b6ef83fe4794&xptdk=63a631c9-e8c2-458c-b30a-b6ef83fe4794
https://down-id.img.susercontent.com/file/id-11134207-8224p-mjza5qoj5ds51f,https://down-id.img.susercontent.com/file/id-11134258-8224v-mkvw0cu9r7k1a5,Black Shark Funcooler 5 Magnetic Pendingin Ponsel Fan Cooling Cooler Gaming Pad Rapid Air Flow,Rp,429.000,Hadiah Gratis,https://deo.shopeemobile.com/shopee/modules-federation/live/0/shopee__item-card-standard-v2/0.2.8/pc/d7099d3fd1dfdaf705ab.svg,4.9,119 Terjual,https://deo.shopeemobile.com/shopee/modules-federation/live/0/shopee__item-card-standard-v2/0.2.8/pc/38e203dc86172a6c6560.svg,,https://deo.shopeemobile.com/shopee/modules-federation/live/0/shopee__item-card-standard-v2/0.2.8/pc/5dd7b4560d0e2d3190e8.svg,Kab. Tangerang,https://deo.shopeemobile.com/shopee/modules-federation/live/0/shopee__item-card-standard-v2/0.2.8/pc/0614b8f0a8fdde22942d.svg,Besok,https://deo.shopeemobile.com/shopee/modules-federation/live/0/shopee__item-card-standard-v2/0.2.8/pc/7c9110f78e069acbced7.png,,,"Scrape to BigSeller
Black Shark Funcooler 5 Magnetic Pendingin Ponsel Fan Cooling Cooler Gaming Pad Rapid Air Flow
Rp
429.000
Hadiah Gratis
4.9
119 Terjual
Besok
Kab. Tangerang",https://shopee.co.id/Black-Shark-Funcooler-5-Magnetic-Pendingin-Ponsel-Fan-Cooling-Cooler-Gaming-Pad-Rapid-Air-Flow-i.10902511.56905400057?extraParams=%7B%22display_model_id%22%3A395491708139%2C%22model_selection_logic%22%3A3%7D&sp_atk=bcc1e17d-d716-4cc9-810c-023259534716&xptdk=bcc1e17d-d716-4cc9-810c-023259534716
https://down-id.img.susercontent.com/file/id-11134207-7rbk0-m9r5aufre3nmba,https://down-id.img.susercontent.com/file/id-11134258-8224v-mkvw0cu9r7k1a5,Getar Blackshark 2 original copotan,Rp,12.000,,https://deo.shopeemobile.com/shopee/modules-federation/live/0/shopee__item-card-standard-v2/0.2.8/pc/0614b8f0a8fdde22942d.svg,,Besok,https://deo.shopeemobile.com/shopee/modules-federation/live/0/shopee__item-card-standard-v2/0.2.8/pc/38e203dc86172a6c6560.svg,,https://deo.shopeemobile.com/shopee/modules-federation/live/0/shopee__item-card-standard-v2/0.2.8/pc/5dd7b4560d0e2d3190e8.svg,Kab. Sukoharjo,https://deo.shopeemobile.com/shopee/modules-federation/live/0/shopee__item-card-standard-v2/0.2.8/pc/0614b8f0a8fdde22942d.svg,Besok,https://deo.shopeemobile.com/shopee/modules-federation/live/0/shopee__item-card-standard-v2/0.2.8/pc/e4734dab67ee2f9ebd5a.png,,,"Scrape to BigSeller
Getar Blackshark 2 original copotan
Rp
12.000
Besok
Kab. Sukoharjo",https://shopee.co.id/Getar-Blackshark-2-original-copotan-i.429285045.40700867798?extraParams=%7B%22display_model_id%22%3A129369670516%2C%22model_selection_logic%22%3A2%7D&sp_atk=2b10436b-ac27-48be-b7e1-dae1b5f87333&xptdk=2b10436b-ac27-48be-b7e1-dae1b5f87333
https://down-id.img.susercontent.com/file/id-11134207-8224r-mia35w2ugc9420,https://down-id.img.susercontent.com/file/id-11134258-7r98w-lyezzaurybot13,mesin bawah black shark 2 ori copotan,Rp,200.000,Produk Baru,,,4-8 Hari,https://deo.shopeemobile.com/shopee/modules-federation/live/0/shopee__item-card-standard-v2/0.2.8/pc/76dff349290d20891fc1.svg,4-8 Hari,https://deo.shopeemobile.com/shopee/modules-federation/live/0/shopee__item-card-standard-v2/0.2.8/pc/5dd7b4560d0e2d3190e8.svg,Kab. Bandung,,,,,,"Scrape to BigSeller
mesin bawah black shark 2 ori copotan
Rp
200.000
Produk Baru
4-8 Hari
Kab. Bandung",https://shopee.co.id/mesin-bawah-black-shark-2-ori-copotan-i.30989431.49653138440?extraParams=%7B%22display_model_id%22%3A370300635614%2C%22model_selection_logic%22%3A3%7D&sp_atk=c18c6768-e9ef-4e15-8310-ed253f5b984c&xptdk=c18c6768-e9ef-4e15-8310-ed253f5b984c
https://down-id.img.susercontent.com/file/id-11134207-81ztj-mepiusbxqm87e3,https://down-id.img.susercontent.com/file/id-11134258-8224v-mkvw0cu9r7k1a5,rumahan sim tray & part blackshark 3 copotan,Rp,200.000,,,,2-3 Hari,https://deo.shopeemobile.com/shopee/modules-federation/live/0/shopee__item-card-standard-v2/0.2.8/pc/76dff349290d20891fc1.svg,2-3 Hari,https://deo.shopeemobile.com/shopee/modules-federation/live/0/shopee__item-card-standard-v2/0.2.8/pc/5dd7b4560d0e2d3190e8.svg,Surakarta (Solo),,,https://deo.shopeemobile.com/shopee/modules-federation/live/0/shopee__item-card-standard-v2/0.2.8/pc/a425c915798471b33e5d.png,,,"Scrape to BigSeller
rumahan sim tray & part blackshark 3 copotan
Rp
200.000
2-3 Hari
Surakarta (Solo)",https://shopee.co.id/rumahan-sim-tray-part-blackshark-3-copotan-i.198956455.28041580453?extraParams=%7B%22display_model_id%22%3A296572679636%2C%22model_selection_logic%22%3A3%7D&sp_atk=ba67a9c8-4430-4f93-a483-a6b2f6b2c197&xptdk=ba67a9c8-4430-4f93-a483-a6b2f6b2c197
https://down-id.img.susercontent.com/file/id-11134207-8224v-mg2a4n9y3e2y1d,https://down-id.img.susercontent.com/file/id-11134258-7r98w-lyezzaurybot13,TWS Blackshark Joybuds,Rp,300.000,,,,3-6 Hari,https://deo.shopeemobile.com/shopee/modules-federation/live/0/shopee__item-card-standard-v2/0.2.8/pc/76dff349290d20891fc1.svg,3-6 Hari,https://deo.shopeemobile.com/shopee/modules-federation/live/0/shopee__item-card-standard-v2/0.2.8/pc/5dd7b4560d0e2d3190e8.svg,Madiun,,,,,,"Scrape to BigSeller
TWS Blackshark Joybuds
Rp
300.000
3-6 Hari
Madiun",https://shopee.co.id/TWS-Blackshark-Joybuds-i.226797834.29443199259?extraParams=%7B%22display_model_id%22%3A287041929552%2C%22model_selection_logic%22%3A3%7D&sp_atk=3aa3fcc3-01e1-4e81-8cea-749ca5daa90e&xptdk=3aa3fcc3-01e1-4e81-8cea-749ca5daa90e
https://down-id.img.susercontent.com/file/id-11134207-7r990-lyk4b3mhbmxqf5,https://down-id.img.susercontent.com/file/id-11134258-8224v-mkvw0cu9r7k1a5,Kamera Depan Black Shark 1 Original Copotan second Normal,Rp,55.000,,https://deo.shopeemobile.com/shopee/modules-federation/live/0/shopee__item-card-standard-v2/0.2.8/pc/d7099d3fd1dfdaf705ab.svg,5.0,3 Terjual,https://deo.shopeemobile.com/shopee/modules-federation/live/0/shopee__item-card-standard-v2/0.2.8/pc/38e203dc86172a6c6560.svg,,https://deo.shopeemobile.com/shopee/modules-federation/live/0/shopee__item-card-standard-v2/0.2.8/pc/5dd7b4560d0e2d3190e8.svg,Jakarta Selatan,https://deo.shopeemobile.com/shopee/modules-federation/live/0/shopee__item-card-standard-v2/0.2.8/pc/0614b8f0a8fdde22942d.svg,Besok,,,,"Scrape to BigSeller
Kamera Depan Black Shark 1 Original Copotan second Normal
Rp
55.000
5.0
3 Terjual
Besok
Jakarta Selatan",https://shopee.co.id/Kamera-Depan-Black-Shark-1-Original-Copotan-second-Normal-i.3225238.26857028300?extraParams=%7B%22display_model_id%22%3A251320524670%2C%22model_selection_logic%22%3A3%7D&sp_atk=3005079e-ef6a-4b54-8609-e14a6cb76000&xptdk=3005079e-ef6a-4b54-8609-e14a6cb76000
https://down-id.img.susercontent.com/file/id-11134207-7ra0i-mdlxtmk74htb2c,https://down-id.img.susercontent.com/file/id-11134258-822wr-mlx67rtd6r602f,Dusbox Original Copotan Blackshark 1,Rp,70.000,,,,3-6 Hari,https://deo.shopeemobile.com/shopee/modules-federation/live/0/shopee__item-card-standard-v2/0.2.8/pc/76dff349290d20891fc1.svg,3-6 Hari,https://deo.shopeemobile.com/shopee/modules-federation/live/0/shopee__item-card-standard-v2/0.2.8/pc/5dd7b4560d0e2d3190e8.svg,Kab. Bantul,,,,,,"Scrape to BigSeller
Dusbox Original Copotan Blackshark 1
Rp
70.000
3-6 Hari
Kab. Bantul",https://shopee.co.id/Dusbox-Original-Copotan-Blackshark-1-i.106088910.41063964473?extraParams=%7B%22display_model_id%22%3A301152894668%2C%22model_selection_logic%22%3A3%7D&sp_atk=84f686ad-8e04-4e99-bd92-c3972718e1c2&xptdk=84f686ad-8e04-4e99-bd92-c3972718e1c2
https://down-id.img.susercontent.com/file/id-11134207-7ra0m-md1hbqzvm2xv16,https://down-id.img.susercontent.com/file/id-11134258-8224v-mkvw0cu9r7k1a5,FLEXIBEL BOARD BLACK SHARK 1 ( ORI COPOTAN ),Rp,33.000,,,,3-4 Hari,https://deo.shopeemobile.com/shopee/modules-federation/live/0/shopee__item-card-standard-v2/0.2.8/pc/76dff349290d20891fc1.svg,3-4 Hari,https://deo.shopeemobile.com/shopee/modules-federation/live/0/shopee__item-card-standard-v2/0.2.8/pc/5dd7b4560d0e2d3190e8.svg,Makassar,,,https://deo.shopeemobile.com/shopee/modules-federation/live/0/shopee__item-card-standard-v2/0.2.8/pc/a425c915798471b33e5d.png,,,"Scrape to BigSeller
FLEXIBEL BOARD BLACK SHARK 1 ( ORI COPOTAN )
Rp
33.000
3-4 Hari
Makassar",https://shopee.co.id/FLEXIBEL-BOARD-BLACK-SHARK-1-(-ORI-COPOTAN-)-i.1164799647.29289507151?extraParams=%7B%22display_model_id%22%3A234397665503%2C%22model_selection_logic%22%3A2%7D&sp_atk=e67ad6e6-1d5e-4bef-bfe2-6636e8afb251&xptdk=e67ad6e6-1d5e-4bef-bfe2-6636e8afb251
https://down-id.img.susercontent.com/file/id-11134207-7ra0l-md1jp4w7dj5oca,https://down-id.img.susercontent.com/file/id-11134258-8224v-mkvw0cu9r7k1a5,KABEL JARINGAN BLACK SHARK 1 ( ORI COPOTAN ) ASLI,Rp,21.000,,,,3-4 Hari,https://deo.shopeemobile.com/shopee/modules-federation/live/0/shopee__item-card-standard-v2/0.2.8/pc/76dff349290d20891fc1.svg,3-4 Hari,https://deo.shopeemobile.com/shopee/modules-federation/live/0/shopee__item-card-standard-v2/0.2.8/pc/5dd7b4560d0e2d3190e8.svg,Makassar,,,https://deo.shopeemobile.com/shopee/modules-federation/live/0/shopee__item-card-standard-v2/0.2.8/pc/a425c915798471b33e5d.png,,,"Scrape to BigSeller
KABEL JARINGAN BLACK SHARK 1 ( ORI COPOTAN ) ASLI
Rp
21.000
3-4 Hari
Makassar",https://shopee.co.id/KABEL-JARINGAN-BLACK-SHARK-1-(-ORI-COPOTAN-)-ASLI-i.1164799647.42911596115?extraParams=%7B%22display_model_id%22%3A300972356725%2C%22model_selection_logic%22%3A2%7D&sp_atk=1f757107-e376-4c4f-a5ed-ac55a59e1c7d&xptdk=1f757107-e376-4c4f-a5ed-ac55a59e1c7d
https://down-id.img.susercontent.com/file/id-11134207-8224r-mkj95jvr2gp304,https://down-id.img.susercontent.com/file/id-11134258-7r98w-lyezzaurybot13,kamera black shark 1 original copotan fullset,Rp,95.000,,,,3-4 Hari,https://deo.shopeemobile.com/shopee/modules-federation/live/0/shopee__item-card-standard-v2/0.2.8/pc/76dff349290d20891fc1.svg,3-4 Hari,https://deo.shopeemobile.com/shopee/modules-federation/live/0/shopee__item-card-standard-v2/0.2.8/pc/5dd7b4560d0e2d3190e8.svg,Serang,,,https://deo.shopeemobile.com/shopee/modules-federation/live/0/shopee__item-card-standard-v2/0.2.8/pc/a425c915798471b33e5d.png,,,"Scrape to BigSeller
kamera black shark 1 original copotan fullset
Rp
95.000
3-4 Hari
Serang",https://shopee.co.id/kamera-black-shark-1-original-copotan-fullset-i.748209245.44428692621?extraParams=%7B%22display_model_id%22%3A355550134822%2C%22model_selection_logic%22%3A3%7D&sp_atk=e13a685c-e5d3-4e41-8cb3-c8737f18c2a3&xptdk=e13a685c-e5d3-4e41-8cb3-c8737f18c2a3
https://down-id.img.susercontent.com/file/id-11134207-8224s-mhmsbvscgm4oe0,https://down-id.img.susercontent.com/file/id-11134258-7r98w-lyezzaurybot13,Buzzer copotan Black shark 1,Rp,64.900,,,,2-6 Hari,https://deo.shopeemobile.com/shopee/modules-federation/live/0/shopee__item-card-standard-v2/0.2.8/pc/76dff349290d20891fc1.svg,2-6 Hari,https://deo.shopeemobile.com/shopee/modules-federation/live/0/shopee__item-card-standard-v2/0.2.8/pc/5dd7b4560d0e2d3190e8.svg,Kab. Bandung,,,,,,"Scrape to BigSeller
Buzzer copotan Black shark 1
Rp
64.900
2-6 Hari
Kab. Bandung",https://shopee.co.id/Buzzer-copotan-Black-shark-1-i.194245904.41676866335?extraParams=%7B%22display_model_id%22%3A355223396238%2C%22model_selection_logic%22%3A3%7D&sp_atk=d2ee3884-d9fc-418a-9aeb-c5c149be5c99&xptdk=d2ee3884-d9fc-418a-9aeb-c5c149be5c99
https://down-id.img.susercontent.com/file/id-11134207-7r98z-lyk4b3n19f4r6a,https://down-id.img.susercontent.com/file/id-11134258-8224v-mkvw0cu9r7k1a5,Baut Baut Original Black Shark 1 copotan,Rp,7.500,,https://deo.shopeemobile.com/shopee/modules-federation/live/0/shopee__item-card-standard-v2/0.2.8/pc/0614b8f0a8fdde22942d.svg,,Besok,https://deo.shopeemobile.com/shopee/modules-federation/live/0/shopee__item-card-standard-v2/0.2.8/pc/38e203dc86172a6c6560.svg,,https://deo.shopeemobile.com/shopee/modules-federation/live/0/shopee__item-card-standard-v2/0.2.8/pc/5dd7b4560d0e2d3190e8.svg,Jakarta Selatan,https://deo.shopeemobile.com/shopee/modules-federation/live/0/shopee__item-card-standard-v2/0.2.8/pc/0614b8f0a8fdde22942d.svg,Besok,,,,"Scrape to BigSeller
Baut Baut Original Black Shark 1 copotan
Rp
7.500
Besok
Jakarta Selatan",https://shopee.co.id/Baut-Baut-Original-Black-Shark-1-copotan-i.3225238.26607030821?extraParams=%7B%22display_model_id%22%3A185287670522%2C%22model_selection_logic%22%3A2%7D&sp_atk=722793ef-ebef-4ce8-bd0d-25de5a46a3fe&xptdk=722793ef-ebef-4ce8-bd0d-25de5a46a3fe
https://down-id.img.susercontent.com/file/id-11134207-7qul4-lh5qnbor7brzbd,https://down-id.img.susercontent.com/file/id-11134258-8224v-mkvw0cu9r7k1a5,"Black Shark Monster Gaming Trigger, Magnetic Game Controller",Rp,69.000,,https://deo.shopeemobile.com/shopee/modules-federation/live/0/shopee__item-card-standard-v2/0.2.8/pc/d7099d3fd1dfdaf705ab.svg,5.0,4 Terjual,https://deo.shopeemobile.com/shopee/modules-federation/live/0/shopee__item-card-standard-v2/0.2.8/pc/76dff349290d20891fc1.svg,3-4 Hari,https://deo.shopeemobile.com/shopee/modules-federation/live/0/shopee__item-card-standard-v2/0.2.8/pc/5dd7b4560d0e2d3190e8.svg,Jakarta Barat,,,https://deo.shopeemobile.com/shopee/modules-federation/live/0/shopee__item-card-standard-v2/0.2.8/pc/e4734dab67ee2f9ebd5a.png,-1%,https://deo.shopeemobile.com/shopee/modules-federation/live/0/shopee__item-card-standard-v2/0.2.8/pc/b4d1b8a78b3621dbdf4a.svg,"Scrape to BigSeller
Black Shark Monster Gaming Trigger, Magnetic Game Controller
Rp
69.000
-1%
5.0
4 Terjual
3-4 Hari
Jakarta Barat",https://shopee.co.id/Black-Shark-Monster-Gaming-Trigger-Magnetic-Game-Controller-i.254959482.23968761411?extraParams=%7B%22display_model_id%22%3A157036666744%2C%22model_selection_logic%22%3A3%7D&sp_atk=f2367c05-4d0a-4023-85c1-96a709ad20c4&xptdk=f2367c05-4d0a-4023-85c1-96a709ad20c4
https://down-id.img.susercontent.com/file/id-11134207-7ra0q-md1jp4w77wvw10,https://down-id.img.susercontent.com/file/id-11134258-8224v-mkvw0cu9r7k1a5,SENSOR GETAR BLACK SHARK 1 ( ORI COPOTAN ) ASLI,Rp,27.000,,,,3-4 Hari,https://deo.shopeemobile.com/shopee/modules-federation/live/0/shopee__item-card-standard-v2/0.2.8/pc/76dff349290d20891fc1.svg,3-4 Hari,https://deo.shopeemobile.com/shopee/modules-federation/live/0/shopee__item-card-standard-v2/0.2.8/pc/5dd7b4560d0e2d3190e8.svg,Makassar,,,https://deo.shopeemobile.com/shopee/modules-federation/live/0/shopee__item-card-standard-v2/0.2.8/pc/a425c915798471b33e5d.png,,,"Scrape to BigSeller
SENSOR GETAR BLACK SHARK 1 ( ORI COPOTAN ) ASLI
Rp
27.000
3-4 Hari
Makassar",https://shopee.co.id/SENSOR-GETAR-BLACK-SHARK-1-(-ORI-COPOTAN-)-ASLI-i.1164799647.43811595806?extraParams=%7B%22display_model_id%22%3A305972203414%2C%22model_selection_logic%22%3A2%7D&sp_atk=e83769df-5489-4b22-915b-0d52dea26be1&xptdk=e83769df-5489-4b22-915b-0d52dea26be1
https://down-id.img.susercontent.com/file/id-11134207-822wq-mnascxsoz11d2e,https://down-id.img.susercontent.com/file/id-11134258-7r98w-lyezzaurybot13,FLEXIBEL FLEXIBLE CHARGE CHARGER CAS BLACKSHARK BLACK SHARK 4 ORIGINAL,Rp,120.000,,https://deo.shopeemobile.com/shopee/modules-federation/live/0/shopee__item-card-standard-v2/0.2.8/pc/0614b8f0a8fdde22942d.svg,,Besok,https://deo.shopeemobile.com/shopee/modules-federation/live/0/shopee__item-card-standard-v2/0.2.8/pc/38e203dc86172a6c6560.svg,,https://deo.shopeemobile.com/shopee/modules-federation/live/0/shopee__item-card-standard-v2/0.2.8/pc/5dd7b4560d0e2d3190e8.svg,Kab. Bogor,https://deo.shopeemobile.com/shopee/modules-federation/live/0/shopee__item-card-standard-v2/0.2.8/pc/0614b8f0a8fdde22942d.svg,Besok,https://deo.shopeemobile.com/shopee/modules-federation/live/0/shopee__item-card-standard-v2/0.2.8/pc/a425c915798471b33e5d.png,,,"Scrape to BigSeller
FLEXIBEL FLEXIBLE CHARGE CHARGER CAS BLACKSHARK BLACK SHARK 4 ORIGINAL
Rp
120.000
Besok
Kab. Bogor",https://shopee.co.id/FLEXIBEL-FLEXIBLE-CHARGE-CHARGER-CAS-BLACKSHARK-BLACK-SHARK-4-ORIGINAL-i.1081420015.55459193221?extraParams=%7B%22display_model_id%22%3A320815043797%2C%22model_selection_logic%22%3A3%7D&sp_atk=685e639f-95be-4752-8ba3-14831a6b8c44&xptdk=685e639f-95be-4752-8ba3-14831a6b8c44
https://down-id.img.susercontent.com/file/id-11134207-81ztd-merj95clvny8c7,https://down-id.img.susercontent.com/file/id-11134258-7r98w-lyezzaurybot13,AntiGores Hydrogel Film for BLACK SHARK Series tipe hp tulis di catatan,Rp,47.400,"Pilih 2, diskon 5%",,,2-3 Hari,https://deo.shopeemobile.com/shopee/modules-federation/live/0/shopee__item-card-standard-v2/0.2.8/pc/76dff349290d20891fc1.svg,2-3 Hari,https://deo.shopeemobile.com/shopee/modules-federation/live/0/shopee__item-card-standard-v2/0.2.8/pc/5dd7b4560d0e2d3190e8.svg,Jakarta Selatan,,,https://deo.shopeemobile.com/shopee/modules-federation/live/0/shopee__item-card-standard-v2/0.2.8/pc/e4734dab67ee2f9ebd5a.png,-5%,https://deo.shopeemobile.com/shopee/modules-federation/live/0/shopee__item-card-standard-v2/0.2.8/pc/b4d1b8a78b3621dbdf4a.svg,"Scrape to BigSeller
AntiGores Hydrogel Film for BLACK SHARK Series tipe hp tulis di catatan
Rp
47.400
-5%
Pilih 2, diskon 5%
2-3 Hari
Jakarta Selatan",https://shopee.co.id/AntiGores-Hydrogel-Film-for-BLACK-SHARK-Series-tipe-hp-tulis-di-catatan-i.1051560853.43219501610?extraParams=%7B%22display_model_id%22%3A266597950387%2C%22model_selection_logic%22%3A2%7D&sp_atk=c586de61-05be-42dc-9257-75f8f840002b&xptdk=c586de61-05be-42dc-9257-75f8f840002b
https://down-id.img.susercontent.com/file/sg-11134201-22110-gmb4504fskjv99,https://down-id.img.susercontent.com/file/id-11134258-8224v-mkvw0cu9r7k1a5,kabel antena sinyal black shark 2 ori copotan,Rp,155.000,,,,3-6 Hari,https://deo.shopeemobile.com/shopee/modules-federation/live/0/shopee__item-card-standard-v2/0.2.8/pc/76dff349290d20891fc1.svg,3-6 Hari,https://deo.shopeemobile.com/shopee/modules-federation/live/0/shopee__item-card-standard-v2/0.2.8/pc/5dd7b4560d0e2d3190e8.svg,Tangerang,,,,,,"Scrape to BigSeller
kabel antena sinyal black shark 2 ori copotan
Rp
155.000
3-6 Hari
Tangerang",https://shopee.co.id/kabel-antena-sinyal-black-shark-2-ori-copotan-i.35168280.19060557374?extraParams=%7B%22display_model_id%22%3A203091859022%2C%22model_selection_logic%22%3A3%7D&sp_atk=c395b02d-b0b1-4caf-a9c6-97af6a8d8f44&xptdk=c395b02d-b0b1-4caf-a9c6-97af6a8d8f44
https://down-id.img.susercontent.com/file/id-11134207-81ztf-mepiusburv2d03,https://down-id.img.susercontent.com/file/id-11134258-8224v-mkvw0cu9r7k1a5,board chas blackshark 3 ori,Rp,140.000,,,,2-3 Hari,https://deo.shopeemobile.com/shopee/modules-federation/live/0/shopee__item-card-standard-v2/0.2.8/pc/76dff349290d20891fc1.svg,2-3 Hari,https://deo.shopeemobile.com/shopee/modules-federation/live/0/shopee__item-card-standard-v2/0.2.8/pc/5dd7b4560d0e2d3190e8.svg,Surakarta (Solo),,,https://deo.shopeemobile.com/shopee/modules-federation/live/0/shopee__item-card-standard-v2/0.2.8/pc/a425c915798471b33e5d.png,,,"Scrape to BigSeller
board chas blackshark 3 ori
Rp
140.000
2-3 Hari
Surakarta (Solo)",https://shopee.co.id/board-chas-blackshark-3-ori-i.198956455.43369189130?extraParams=%7B%22display_model_id%22%3A306572794092%2C%22model_selection_logic%22%3A3%7D&sp_atk=e7f432e0-debc-4216-abc8-9219340c0143&xptdk=e7f432e0-debc-4216-abc8-9219340c0143
https://down-id.img.susercontent.com/file/id-11134207-822wu-mmsfplt27wudf4,https://down-id.img.susercontent.com/file/id-11134258-8224v-mkvw0cu9r7k1a5,[Pre Order] Black Shark Funcooler 5 | Magnetik version dengan Free Klip | Ergonomis dan Ringan di tangan | Suhu Turun Hingga 35°C | RGB Stylish,Rp,389.000,,,,,,,https://deo.shopeemobile.com/shopee/modules-federation/live/0/shopee__item-card-standard-v2/0.2.8/pc/5dd7b4560d0e2d3190e8.svg,Jakarta Utara,,,https://deo.shopeemobile.com/shopee/modules-federation/live/0/shopee__item-card-standard-v2/0.2.8/pc/7c9110f78e069acbced7.png,-44%,https://deo.shopeemobile.com/shopee/modules-federation/live/0/shopee__item-card-standard-v2/0.2.8/pc/b4d1b8a78b3621dbdf4a.svg,"Scrape to BigSeller
[Pre Order] Black Shark Funcooler 5 | Magnetik version dengan Free Klip | Ergonomis dan Ringan di tangan | Suhu Turun Hingga 35°C | RGB Stylish
Rp
389.000
-44%
Jakarta Utara",https://shopee.co.id/-Pre-Order-Black-Shark-Funcooler-5-Magnetik-version-dengan-Free-Klip-Ergonomis-dan-Ringan-di-tangan-Suhu-Turun-Hingga-35%C2%B0C-RGB-Stylish-i.168862677.46308402767?extraParams=%7B%22display_model_id%22%3A360744080396%2C%22model_selection_logic%22%3A3%7D&sp_atk=a02277de-0c9e-444d-8b5e-1d70401b78e0&xptdk=a02277de-0c9e-444d-8b5e-1d70401b78e0
https://down-id.img.susercontent.com/file/2b28c04cc6cfa71362cc92983529d0b2,https://down-id.img.susercontent.com/file/id-11134258-7r98w-lyezzaurybot13,GETAR XIAOMI BLACK SHARK 2 BLACKSHARK 2 ORIGINAL COPOTAN,Rp,20.000,,,,2-5 Hari,https://deo.shopeemobile.com/shopee/modules-federation/live/0/shopee__item-card-standard-v2/0.2.8/pc/76dff349290d20891fc1.svg,2-5 Hari,https://deo.shopeemobile.com/shopee/modules-federation/live/0/shopee__item-card-standard-v2/0.2.8/pc/5dd7b4560d0e2d3190e8.svg,Surabaya,,,,,,"Scrape to BigSeller
GETAR XIAOMI BLACK SHARK 2 BLACKSHARK 2 ORIGINAL COPOTAN
Rp
20.000
2-5 Hari
Surabaya",https://shopee.co.id/GETAR-XIAOMI-BLACK-SHARK-2-BLACKSHARK-2-ORIGINAL-COPOTAN-i.233009826.21241884245?extraParams=%7B%22display_model_id%22%3A98214164996%2C%22model_selection_logic%22%3A2%7D&sp_atk=4ddda2cd-5e40-464f-a6e0-91c4575f3317&xptdk=4ddda2cd-5e40-464f-a6e0-91c4575f3317
https://down-id.img.susercontent.com/file/id-11134207-822wq-mnascxsp0flt13,https://down-id.img.susercontent.com/file/id-11134258-7r98w-lyezzaurybot13,FLEXIBEL FLEXIBLE LCD BLACKSHARK BLACK SHARK 4 ORIGINAL,Rp,120.000,,https://deo.shopeemobile.com/shopee/modules-federation/live/0/shopee__item-card-standard-v2/0.2.8/pc/0614b8f0a8fdde22942d.svg,,Besok,https://deo.shopeemobile.com/shopee/modules-federation/live/0/shopee__item-card-standard-v2/0.2.8/pc/38e203dc86172a6c6560.svg,,https://deo.shopeemobile.com/shopee/modules-federation/live/0/shopee__item-card-standard-v2/0.2.8/pc/5dd7b4560d0e2d3190e8.svg,Kab. Bogor,https://deo.shopeemobile.com/shopee/modules-federation/live/0/shopee__item-card-standard-v2/0.2.8/pc/0614b8f0a8fdde22942d.svg,Besok,https://deo.shopeemobile.com/shopee/modules-federation/live/0/shopee__item-card-standard-v2/0.2.8/pc/a425c915798471b33e5d.png,,,"Scrape to BigSeller
FLEXIBEL FLEXIBLE LCD BLACKSHARK BLACK SHARK 4 ORIGINAL
Rp
120.000
Besok
Kab. Bogor",https://shopee.co.id/FLEXIBEL-FLEXIBLE-LCD-BLACKSHARK-BLACK-SHARK-4-ORIGINAL-i.1081420015.53109197186?extraParams=%7B%22display_model_id%22%3A440815050711%2C%22model_selection_logic%22%3A3%7D&sp_atk=70ea3b06-511a-4153-8189-afb82786fc62&xptdk=70ea3b06-511a-4153-8189-afb82786fc62
https://down-id.img.susercontent.com/file/id-11134207-7r98p-lrnx30gw2mus74,https://down-id.img.susercontent.com/file/id-11134258-8224v-mkvw0cu9r7k1a5,Xiaomi Black Shark 1 Modul kamera belakang / rear camera big original copotan | eXe Comp,Rp,147.500,,https://deo.shopeemobile.com/shopee/modules-federation/live/0/shopee__item-card-standard-v2/0.2.8/pc/0614b8f0a8fdde22942d.svg,,< 2 Hari,https://deo.shopeemobile.com/shopee/modules-federation/live/0/shopee__item-card-standard-v2/0.2.8/pc/38e203dc86172a6c6560.svg,,https://deo.shopeemobile.com/shopee/modules-federation/live/0/shopee__item-card-standard-v2/0.2.8/pc/5dd7b4560d0e2d3190e8.svg,Kab. Mojokerto,https://deo.shopeemobile.com/shopee/modules-federation/live/0/shopee__item-card-standard-v2/0.2.8/pc/0614b8f0a8fdde22942d.svg,< 2 Hari,https://deo.shopeemobile.com/shopee/modules-federation/live/0/shopee__item-card-standard-v2/0.2.8/pc/e4734dab67ee2f9ebd5a.png,,,"Scrape to BigSeller
Xiaomi Black Shark 1 Modul kamera belakang / rear camera big original copotan | eXe Comp
Rp
147.500
< 2 Hari
Kab. Mojokerto",https://shopee.co.id/Xiaomi-Black-Shark-1-Modul-kamera-belakang-rear-camera-big-original-copotan-eXe-Comp-i.238360744.25213285626?extraParams=%7B%22display_model_id%22%3A240329851898%2C%22model_selection_logic%22%3A3%7D&sp_atk=4fcfcb82-af57-4511-8bc7-4e5375b20247&xptdk=4fcfcb82-af57-4511-8bc7-4e5375b20247
https://down-id.img.susercontent.com/file/id-11134207-8224w-mkjb8vnvqhvn67,https://down-id.img.susercontent.com/file/id-11134258-7r98w-lyezzaurybot13,MESIN BLACK SHARK 1 MATOT,Rp,50.000,,,,2-3 Hari,https://deo.shopeemobile.com/shopee/modules-federation/live/0/shopee__item-card-standard-v2/0.2.8/pc/76dff349290d20891fc1.svg,2-3 Hari,https://deo.shopeemobile.com/shopee/modules-federation/live/0/shopee__item-card-standard-v2/0.2.8/pc/5dd7b4560d0e2d3190e8.svg,Serang,,,,,,"Scrape to BigSeller
MESIN BLACK SHARK 1 MATOT
Rp
50.000
2-3 Hari
Serang",https://shopee.co.id/MESIN-BLACK-SHARK-1-MATOT-i.1741199657.46156057656?extraParams=%7B%22display_model_id%22%3A340550166672%2C%22model_selection_logic%22%3A2%7D&sp_atk=b0ebbb02-2900-43db-a670-a80570f4dd6f&xptdk=b0ebbb02-2900-43db-a670-a80570f4dd6f