-image-yazkc-11,-image-yazkc-11_2,text-sm,text-xs/sp14,font-medium,text-xs/sp14_2,text-xs,pointer-events-none,w-auto,text-white,pointer-events-none_2,align-middle,inline-block,truncate,img_2,text-shopee-primary,pointer-events-none_3,_container,_container_link
https://down-id.img.susercontent.com/file/id-11134207-822wg-ml90bf0upwqq9a,https://down-id.img.susercontent.com/file/id-11134258-8224v-mkvw0cu9r7k1a5,HONOR 400 5G 512 GB eSIM 6000mAh Garansi 2 Tahun | Honor 400 Lite 5G 256 GB,Rp,3.699.000,5.0,1 Terjual,https://deo.shopeemobile.com/shopee/modules-federation/live/0/shopee__item-card-standard-v2/0.2.8/pc/38e203dc86172a6c6560.svg,https://deo.shopeemobile.com/shopee/modules-federation/live/0/shopee__item-card-standard-v2/0.2.8/pc/0614b8f0a8fdde22942d.svg,Hari ini,https://deo.shopeemobile.com/shopee/modules-federation/live/0/shopee__item-card-standard-v2/0.2.8/pc/5dd7b4560d0e2d3190e8.svg,Surabaya,,,https://deo.shopeemobile.com/shopee/modules-federation/live/0/shopee__item-card-standard-v2/0.2.8/pc/d7099d3fd1dfdaf705ab.svg,,,"Scrape to BigSeller
HONOR 400 5G 512 GB eSIM 6000mAh Garansi 2 Tahun | Honor 400 Lite 5G 256 GB
Rp
3.699.000
5.0
1 Terjual
Hari ini
Surabaya",https://shopee.co.id/HONOR-400-5G-512-GB-eSIM-6000mAh-Garansi-2-Tahun-Honor-400-Lite-5G-256-GB-i.198773392.48956589311?extraParams=%7B%22display_model_id%22%3A420634819623%2C%22model_selection_logic%22%3A3%7D&sp_atk=ad6a2dfd-fe5a-4a0a-8640-0e5d9fcd6af3&xptdk=ad6a2dfd-fe5a-4a0a-8640-0e5d9fcd6af3
https://down-id.img.susercontent.com/file/id-11134207-8224p-mghrrz0py6tl9e,https://down-id.img.susercontent.com/file/id-11134258-7r98w-lyezzaurybot13,Honor X8a Ram 4/128gb Wifi Only,Rp,1.700.000,,3-6 Hari,https://deo.shopeemobile.com/shopee/modules-federation/live/0/shopee__item-card-standard-v2/0.2.8/pc/76dff349290d20891fc1.svg,,,https://deo.shopeemobile.com/shopee/modules-federation/live/0/shopee__item-card-standard-v2/0.2.8/pc/5dd7b4560d0e2d3190e8.svg,Surabaya,,,,,,"Scrape to BigSeller
Honor X8a Ram 4/128gb Wifi Only
Rp
1.700.000
3-6 Hari
Surabaya",https://shopee.co.id/Honor-X8a-Ram-4-128gb-Wifi-Only-i.1343755755.57250584428?extraParams=%7B%22display_model_id%22%3A375051897883%2C%22model_selection_logic%22%3A3%7D&sp_atk=f6165553-56de-4ec6-84e8-4a6fb6faf96c&xptdk=f6165553-56de-4ec6-84e8-4a6fb6faf96c
https://down-id.img.susercontent.com/file/id-11134207-82251-mgd6y7ddubrg36,,[LIKE NEW] Honor 400 Lite 5G 8/256 GB Garansi Resmi Indonesia Original,Rp,3.290.000,5.0,4 Terjual,https://deo.shopeemobile.com/shopee/modules-federation/live/0/shopee__item-card-standard-v2/0.2.8/pc/38e203dc86172a6c6560.svg,https://deo.shopeemobile.com/shopee/modules-federation/live/0/shopee__item-card-standard-v2/0.2.8/pc/0614b8f0a8fdde22942d.svg,Besok,https://deo.shopeemobile.com/shopee/modules-federation/live/0/shopee__item-card-standard-v2/0.2.8/pc/5dd7b4560d0e2d3190e8.svg,Jakarta Utara,https://deo.shopeemobile.com/shopee/modules-federation/live/0/shopee__item-card-standard-v2/0.2.8/pc/e4734dab67ee2f9ebd5a.png,,https://deo.shopeemobile.com/shopee/modules-federation/live/0/shopee__item-card-standard-v2/0.2.8/pc/d7099d3fd1dfdaf705ab.svg,,,"Scrape to BigSeller
[LIKE NEW] Honor 400 Lite 5G 8/256 GB Garansi Resmi Indonesia Original
Rp
3.290.000
5.0
4 Terjual
Besok
Jakarta Utara",https://shopee.co.id/-LIKE-NEW-Honor-400-Lite-5G-8-256-GB-Garansi-Resmi-Indonesia-Original-i.304735900.43125862379?extraParams=%7B%22display_model_id%22%3A244069473443%2C%22model_selection_logic%22%3A3%7D&sp_atk=08e19f17-4320-482a-a105-eaa8b9a7933c&xptdk=08e19f17-4320-482a-a105-eaa8b9a7933c
https://down-id.img.susercontent.com/file/id-11134207-822wo-mmcf54ubbqx16c,https://down-id.img.susercontent.com/file/id-11134258-8224v-mkvw0cu9r7k1a5,HUAWEI HONOR X50 5G 12/256 ex GARANSI INTER,Rp,2.999.000,5.0,1 Terjual,https://deo.shopeemobile.com/shopee/modules-federation/live/0/shopee__item-card-standard-v2/0.2.8/pc/38e203dc86172a6c6560.svg,https://deo.shopeemobile.com/shopee/modules-federation/live/0/shopee__item-card-standard-v2/0.2.8/pc/0614b8f0a8fdde22942d.svg,Besok,https://deo.shopeemobile.com/shopee/modules-federation/live/0/shopee__item-card-standard-v2/0.2.8/pc/5dd7b4560d0e2d3190e8.svg,Kab. Klaten,,Produk Baru,https://deo.shopeemobile.com/shopee/modules-federation/live/0/shopee__item-card-standard-v2/0.2.8/pc/d7099d3fd1dfdaf705ab.svg,,,"Scrape to BigSeller
HUAWEI HONOR X50 5G 12/256 ex GARANSI INTER
Rp
2.999.000
Produk Baru
5.0
1 Terjual
Besok
Kab. Klaten",https://shopee.co.id/HUAWEI-HONOR-X50-5G-12-256-ex-GARANSI-INTER-i.144116326.52454089933?extraParams=%7B%22display_model_id%22%3A405389586787%2C%22model_selection_logic%22%3A3%7D&sp_atk=02075665-5a6a-477e-a4a8-41a7c185d378&xptdk=02075665-5a6a-477e-a4a8-41a7c185d378
https://down-id.img.susercontent.com/file/id-11134207-7ra0o-md61clqhy7fra9,https://down-id.img.susercontent.com/file/id-11134258-7r98w-lyezzaurybot13,honor PRA-LA1,Rp,100.000,,3-6 Hari,https://deo.shopeemobile.com/shopee/modules-federation/live/0/shopee__item-card-standard-v2/0.2.8/pc/76dff349290d20891fc1.svg,,,https://deo.shopeemobile.com/shopee/modules-federation/live/0/shopee__item-card-standard-v2/0.2.8/pc/5dd7b4560d0e2d3190e8.svg,Kab. Karawang,,,,,,"Scrape to BigSeller
honor PRA-LA1
Rp
100.000
3-6 Hari
Kab. Karawang",https://shopee.co.id/honor-PRA-LA1-i.282260903.27689619661?extraParams=%7B%22display_model_id%22%3A306006071669%2C%22model_selection_logic%22%3A3%7D&sp_atk=ffd4a8e3-4273-435e-b061-e0feed949f09&xptdk=ffd4a8e3-4273-435e-b061-e0feed949f09
https://down-id.img.susercontent.com/file/sg-11134201-7rff8-m3jc36unv8emc8,https://down-id.img.susercontent.com/file/id-11134258-8224v-mkvw0cu9r7k1a5,LCD TOUCHSCREEN HONOR 8X - LCD HONOR VIEW 10 COMPLETE ORIGINAL,Rp,132.500,4.9,85 Terjual,https://deo.shopeemobile.com/shopee/modules-federation/live/0/shopee__item-card-standard-v2/0.2.8/pc/76dff349290d20891fc1.svg,,,https://deo.shopeemobile.com/shopee/modules-federation/live/0/shopee__item-card-standard-v2/0.2.8/pc/5dd7b4560d0e2d3190e8.svg,Jakarta Timur,https://deo.shopeemobile.com/shopee/modules-federation/live/0/shopee__item-card-standard-v2/0.2.8/pc/a425c915798471b33e5d.png,,https://deo.shopeemobile.com/shopee/modules-federation/live/0/shopee__item-card-standard-v2/0.2.8/pc/d7099d3fd1dfdaf705ab.svg,,,"Scrape to BigSeller
LCD TOUCHSCREEN HONOR 8X - LCD HONOR VIEW 10 COMPLETE ORIGINAL
Rp
132.500
4.9
85 Terjual
2-3 Hari
Jakarta Timur",https://shopee.co.id/LCD-TOUCHSCREEN-HONOR-8X-LCD-HONOR-VIEW-10-COMPLETE-ORIGINAL-i.1054334617.26970086464?extraParams=%7B%22display_model_id%22%3A281930642436%2C%22model_selection_logic%22%3A3%7D&sp_atk=166640ea-da6d-4ab2-bbee-65f229074aa4&xptdk=166640ea-da6d-4ab2-bbee-65f229074aa4
https://down-id.img.susercontent.com/file/id-11134207-7ra0n-md96yaeyketz95,https://down-id.img.susercontent.com/file/id-11134258-7r98w-lyezzaurybot13,honor 70 pro 8/256 imei beacukai,Rp,3.300.000,,Besok,https://deo.shopeemobile.com/shopee/modules-federation/live/0/shopee__item-card-standard-v2/0.2.8/pc/38e203dc86172a6c6560.svg,https://deo.shopeemobile.com/shopee/modules-federation/live/0/shopee__item-card-standard-v2/0.2.8/pc/0614b8f0a8fdde22942d.svg,Besok,https://deo.shopeemobile.com/shopee/modules-federation/live/0/shopee__item-card-standard-v2/0.2.8/pc/5dd7b4560d0e2d3190e8.svg,Banda Aceh,,,https://deo.shopeemobile.com/shopee/modules-federation/live/0/shopee__item-card-standard-v2/0.2.8/pc/0614b8f0a8fdde22942d.svg,,,"Scrape to BigSeller
honor 70 pro 8/256 imei beacukai
Rp
3.300.000
Besok
Banda Aceh",https://shopee.co.id/honor-70-pro-8-256-imei-beacukai-i.56801986.41912215897?extraParams=%7B%22display_model_id%22%3A271022214791%2C%22model_selection_logic%22%3A3%7D&sp_atk=85f7e27e-13c5-42c1-b895-601fd7230424&xptdk=85f7e27e-13c5-42c1-b895-601fd7230424
https://down-id.img.susercontent.com/file/id-11134207-822wr-mn2ayjyugfepb6,,Honor Magic 7 RSR Porsche Design inter 16/512GB ( blm terdaftar bea cukai ),Rp,12.700.000,,4-8 Hari,https://deo.shopeemobile.com/shopee/modules-federation/live/0/shopee__item-card-standard-v2/0.2.8/pc/76dff349290d20891fc1.svg,,,https://deo.shopeemobile.com/shopee/modules-federation/live/0/shopee__item-card-standard-v2/0.2.8/pc/5dd7b4560d0e2d3190e8.svg,Kab. Cilacap,,,,,,"Scrape to BigSeller
Honor Magic 7 RSR Porsche Design inter 16/512GB ( blm terdaftar bea cukai )
Rp
12.700.000
4-8 Hari
Kab. Cilacap",https://shopee.co.id/Honor-Magic-7-RSR-Porsche-Design-inter-16-512GB-(-blm-terdaftar-bea-cukai-)-i.623260169.53758837329?extraParams=%7B%22display_model_id%22%3A375784698468%2C%22model_selection_logic%22%3A3%7D&sp_atk=e5aeebe3-860e-40f2-8a78-36ccac4102bd&xptdk=e5aeebe3-860e-40f2-8a78-36ccac4102bd
https://down-id.img.susercontent.com/file/id-11134207-8224r-mis1vtbmrif744,https://down-id.img.susercontent.com/file/id-11134258-7r98w-lyezzaurybot13,Honor 70 256gb,Rp,3.500.000,,Besok,https://deo.shopeemobile.com/shopee/modules-federation/live/0/shopee__item-card-standard-v2/0.2.8/pc/38e203dc86172a6c6560.svg,https://deo.shopeemobile.com/shopee/modules-federation/live/0/shopee__item-card-standard-v2/0.2.8/pc/0614b8f0a8fdde22942d.svg,Besok,https://deo.shopeemobile.com/shopee/modules-federation/live/0/shopee__item-card-standard-v2/0.2.8/pc/5dd7b4560d0e2d3190e8.svg,Jakarta Selatan,,Produk Baru,https://deo.shopeemobile.com/shopee/modules-federation/live/0/shopee__item-card-standard-v2/0.2.8/pc/0614b8f0a8fdde22942d.svg,,,"Scrape to BigSeller
Honor 70 256gb
Rp
3.500.000
Produk Baru
Besok
Jakarta Selatan",https://shopee.co.id/Honor-70-256gb-i.86474250.52353824763?extraParams=%7B%22display_model_id%22%3A435364578601%2C%22model_selection_logic%22%3A3%7D&sp_atk=d5ea7c8f-5d05-4efd-8f22-20f3c041d09b&xptdk=d5ea7c8f-5d05-4efd-8f22-20f3c041d09b
https://down-id.img.susercontent.com/file/id-11134207-7rbk8-maf51fhvlonycf,https://down-id.img.susercontent.com/file/id-11134258-8224v-mkvw0cu9r7k1a5,Original LCD TouchScreen - Honor X5 Plus / Honor X5+,Rp,380.000,5.0,2 Terjual,,,,https://deo.shopeemobile.com/shopee/modules-federation/live/0/shopee__item-card-standard-v2/0.2.8/pc/5dd7b4560d0e2d3190e8.svg,Jakarta Timur,https://deo.shopeemobile.com/shopee/modules-federation/live/0/shopee__item-card-standard-v2/0.2.8/pc/e4734dab67ee2f9ebd5a.png,,https://deo.shopeemobile.com/shopee/modules-federation/live/0/shopee__item-card-standard-v2/0.2.8/pc/d7099d3fd1dfdaf705ab.svg,,,"Scrape to BigSeller
Original LCD TouchScreen - Honor X5 Plus / Honor X5+
Rp
380.000
5.0
2 Terjual
Jakarta Timur",https://shopee.co.id/Original-LCD-TouchScreen-Honor-X5-Plus-Honor-X5--i.174978705.40002825630?extraParams=%7B%22display_model_id%22%3A270229727870%2C%22model_selection_logic%22%3A3%7D&sp_atk=6ce4f4fd-bc1b-4a8a-ae65-f644c0a376f4&xptdk=6ce4f4fd-bc1b-4a8a-ae65-f644c0a376f4
https://down-id.img.susercontent.com/file/sg-11134275-81zu6-mmk9o92ap3id56,https://down-id.img.susercontent.com/file/id-11134258-8224v-mkvw0cu9r7k1a5,HONOR X6C 6/256 GB GARANSI RESMI HONOR INDONESIA TERMURAH,Rp,2.980.600,,Hari ini,https://deo.shopeemobile.com/shopee/modules-federation/live/0/shopee__item-card-standard-v2/0.2.8/pc/38e203dc86172a6c6560.svg,https://deo.shopeemobile.com/shopee/modules-federation/live/0/shopee__item-card-standard-v2/0.2.8/pc/0614b8f0a8fdde22942d.svg,Hari ini,https://deo.shopeemobile.com/shopee/modules-federation/live/0/shopee__item-card-standard-v2/0.2.8/pc/5dd7b4560d0e2d3190e8.svg,Surabaya,https://deo.shopeemobile.com/shopee/modules-federation/live/0/shopee__item-card-standard-v2/0.2.8/pc/a425c915798471b33e5d.png,,https://deo.shopeemobile.com/shopee/modules-federation/live/0/shopee__item-card-standard-v2/0.2.8/pc/0614b8f0a8fdde22942d.svg,-12%,,"Scrape to BigSeller
HONOR X6C 6/256 GB GARANSI RESMI HONOR INDONESIA TERMURAH
Rp
2.980.600
-12%
Hari ini
Surabaya",https://shopee.co.id/HONOR-X6C-6-256-GB-GARANSI-RESMI-HONOR-INDONESIA-TERMURAH-i.91322698.50008128054?extraParams=%7B%22display_model_id%22%3A415721905648%2C%22model_selection_logic%22%3A3%7D&sp_atk=05def02f-fd0a-4fe1-8952-104996aaa930&xptdk=05def02f-fd0a-4fe1-8952-104996aaa930
https://down-id.img.susercontent.com/file/id-11134207-822wt-mmh0irpfoe1461,https://down-id.img.susercontent.com/file/id-11134258-822wr-mlx5y0tebegw04,Honor 400 Lite 5G Ram 8 Rom 256GB Second Resmi Gadget Style Store,Rp,3.305.788,,3 jam,https://deo.shopeemobile.com/shopee/modules-federation/live/0/shopee__item-card-standard-v2/0.2.8/pc/38e203dc86172a6c6560.svg,https://deo.shopeemobile.com/shopee/modules-federation/live/0/shopee__item-card-standard-v2/0.2.8/pc/0614b8f0a8fdde22942d.svg,3 jam,https://deo.shopeemobile.com/shopee/modules-federation/live/0/shopee__item-card-standard-v2/0.2.8/pc/5dd7b4560d0e2d3190e8.svg,Surabaya,https://deo.shopeemobile.com/shopee/modules-federation/live/0/shopee__item-card-standard-v2/0.2.8/pc/a425c915798471b33e5d.png,,https://deo.shopeemobile.com/shopee/modules-federation/live/0/shopee__item-card-standard-v2/0.2.8/pc/0614b8f0a8fdde22942d.svg,-33%,https://deo.shopeemobile.com/shopee/modules-federation/live/0/shopee__item-card-standard-v2/0.2.8/pc/b4d1b8a78b3621dbdf4a.svg,"Scrape to BigSeller
Honor 400 Lite 5G Ram 8 Rom 256GB Second Resmi Gadget Style Store
Rp
3.305.788
-33%
3 jam
Surabaya",https://shopee.co.id/Honor-400-Lite-5G-Ram-8-Rom-256GB-Second-Resmi-Gadget-Style-Store-i.1544060692.52757998015?extraParams=%7B%22display_model_id%22%3A325710990375%2C%22model_selection_logic%22%3A3%7D&sp_atk=d4777673-d581-4878-9c80-886cc9ce3e85&xptdk=d4777673-d581-4878-9c80-886cc9ce3e85
https://down-id.img.susercontent.com/file/id-11134207-822wi-mn1mex70qmf914,https://down-id.img.susercontent.com/file/id-11134258-8224v-mkvw0cu9r7k1a5,"honor X6c 6/256gb Warranty: 1 Year Official Warranty - Display: 6.61"" TFT LCD, 120Hz - Front Camera: 5MP Rear Camera: 50MP - Battery: 5300mAh Charging: 35W HONOR - SuperCharge - 6 Security: Side-mounted Fingerprint - NFC: Supported - Ram/Storage: 6GB+8GB",Rp,3.005.000,,Besok,https://deo.shopeemobile.com/shopee/modules-federation/live/0/shopee__item-card-standard-v2/0.2.8/pc/38e203dc86172a6c6560.svg,https://deo.shopeemobile.com/shopee/modules-federation/live/0/shopee__item-card-standard-v2/0.2.8/pc/0614b8f0a8fdde22942d.svg,Besok,https://deo.shopeemobile.com/shopee/modules-federation/live/0/shopee__item-card-standard-v2/0.2.8/pc/5dd7b4560d0e2d3190e8.svg,Semarang,https://deo.shopeemobile.com/shopee/modules-federation/live/0/shopee__item-card-standard-v2/0.2.8/pc/a425c915798471b33e5d.png,,https://deo.shopeemobile.com/shopee/modules-federation/live/0/shopee__item-card-standard-v2/0.2.8/pc/0614b8f0a8fdde22942d.svg,,,"Scrape to BigSeller
honor X6c 6/256gb Warranty: 1 Year Official Warranty - Display: 6.61"" TFT LCD, 120Hz - Front Camera: 5MP Rear Camera: 50MP - Battery: 5300mAh Charging: 35W HONOR - SuperCharge - 6 Security: Side-mounted Fingerprint - NFC: Supported - Ram/Storage: 6GB+8GB
Rp
3.005.000
Besok
Semarang",https://shopee.co.id/honor-X6c-6-256gb-Warranty-1-Year-Official-Warranty-Display-6.61-TFT-LCD-120Hz-Front-Camera-5MP-Rear-Camera-50MP-Battery-5300mAh-Charging-35W-HONOR-SuperCharge-6-Security-Side-mounted-Fingerprint-NFC-Supported-Ram-Storage-6GB-8GB-i.27808649.46457185854?extraParams=%7B%22display_model_id%22%3A395638704663%2C%22model_selection_logic%22%3A3%7D&sp_atk=e692d582-1aea-4d36-ae08-47f8e4e4fdd1&xptdk=e692d582-1aea-4d36-ae08-47f8e4e4fdd1
https://down-id.img.susercontent.com/file/id-11134207-7r990-lrwty3zd3tif44,https://down-id.img.susercontent.com/file/id-11134258-8224v-mkvw0cu9r7k1a5,sim tray honor 9 lite bekas cabutan,Rp,10.000,,Besok,https://deo.shopeemobile.com/shopee/modules-federation/live/0/shopee__item-card-standard-v2/0.2.8/pc/38e203dc86172a6c6560.svg,https://deo.shopeemobile.com/shopee/modules-federation/live/0/shopee__item-card-standard-v2/0.2.8/pc/0614b8f0a8fdde22942d.svg,Besok,https://deo.shopeemobile.com/shopee/modules-federation/live/0/shopee__item-card-standard-v2/0.2.8/pc/5dd7b4560d0e2d3190e8.svg,Banjarmasin,,,https://deo.shopeemobile.com/shopee/modules-federation/live/0/shopee__item-card-standard-v2/0.2.8/pc/0614b8f0a8fdde22942d.svg,,,"Scrape to BigSeller
sim tray honor 9 lite bekas cabutan
Rp
10.000
Besok
Banjarmasin",https://shopee.co.id/sim-tray-honor-9-lite-bekas-cabutan-i.173417843.25064128751?extraParams=%7B%22display_model_id%22%3A222526034446%2C%22model_selection_logic%22%3A2%7D&sp_atk=c9aaebe4-ee36-4cfd-b926-a07f87dc96fe&xptdk=c9aaebe4-ee36-4cfd-b926-a07f87dc96fe
https://down-id.img.susercontent.com/file/id-11134207-822wh-mn76c9v5pw5efa,https://down-id.img.susercontent.com/file/id-11134258-7r98w-lyezzaurybot13,honor 400 pro 12/512 Gb,Rp,7.800.000,,Besok,https://deo.shopeemobile.com/shopee/modules-federation/live/0/shopee__item-card-standard-v2/0.2.8/pc/38e203dc86172a6c6560.svg,https://deo.shopeemobile.com/shopee/modules-federation/live/0/shopee__item-card-standard-v2/0.2.8/pc/0614b8f0a8fdde22942d.svg,Besok,https://deo.shopeemobile.com/shopee/modules-federation/live/0/shopee__item-card-standard-v2/0.2.8/pc/5dd7b4560d0e2d3190e8.svg,Bekasi,,,https://deo.shopeemobile.com/shopee/modules-federation/live/0/shopee__item-card-standard-v2/0.2.8/pc/0614b8f0a8fdde22942d.svg,,,"Scrape to BigSeller
honor 400 pro 12/512 Gb
Rp
7.800.000
Besok
Bekasi",https://shopee.co.id/honor-400-pro-12-512-Gb-i.208881270.49059074759?extraParams=%7B%22display_model_id%22%3A420803626333%2C%22model_selection_logic%22%3A3%7D&sp_atk=ff342b50-274e-45bb-bb2a-8b7211cd45b8&xptdk=ff342b50-274e-45bb-bb2a-8b7211cd45b8
https://down-id.img.susercontent.com/file/id-11134207-822wm-mmvauqpu2ubo90,https://down-id.img.susercontent.com/file/id-11134258-7r98w-lyezzaurybot13,Honor X6C [6GB+256GB] - Garansi Resmi 1 Tahun,Rp,2.689.000,,2-3 Hari,https://deo.shopeemobile.com/shopee/modules-federation/live/0/shopee__item-card-standard-v2/0.2.8/pc/76dff349290d20891fc1.svg,,,https://deo.shopeemobile.com/shopee/modules-federation/live/0/shopee__item-card-standard-v2/0.2.8/pc/5dd7b4560d0e2d3190e8.svg,Jakarta Utara,https://deo.shopeemobile.com/shopee/modules-federation/live/0/shopee__item-card-standard-v2/0.2.8/pc/7c9110f78e069acbced7.png,,,,,"Scrape to BigSeller
Honor X6C [6GB+256GB] - Garansi Resmi 1 Tahun
Rp
2.689.000
2-3 Hari
Jakarta Utara",https://shopee.co.id/Honor-X6C-6GB-256GB-Garansi-Resmi-1-Tahun-i.552568054.48908071166?extraParams=%7B%22display_model_id%22%3A292497785709%2C%22model_selection_logic%22%3A3%7D&sp_atk=a86e2bac-f5c0-4fd1-bca4-fe8c66dcfa56&xptdk=a86e2bac-f5c0-4fd1-bca4-fe8c66dcfa56
https://down-id.img.susercontent.com/file/id-11134207-822wk-mn2sl3365fk827,https://down-id.img.susercontent.com/file/id-11134258-8224v-mkvw0cu9r7k1a5,HONOR 400 5G & 400 LITE 5G RAM 12/512GB + 8/256GB GARANSI RESMI,Rp,4.199.000,5.0,124 Terjual,https://deo.shopeemobile.com/shopee/modules-federation/live/0/shopee__item-card-standard-v2/0.2.8/pc/38e203dc86172a6c6560.svg,https://deo.shopeemobile.com/shopee/modules-federation/live/0/shopee__item-card-standard-v2/0.2.8/pc/0614b8f0a8fdde22942d.svg,Besok,https://deo.shopeemobile.com/shopee/modules-federation/live/0/shopee__item-card-standard-v2/0.2.8/pc/5dd7b4560d0e2d3190e8.svg,Bekasi,https://deo.shopeemobile.com/shopee/modules-federation/live/0/shopee__item-card-standard-v2/0.2.8/pc/e4734dab67ee2f9ebd5a.png,,https://deo.shopeemobile.com/shopee/modules-federation/live/0/shopee__item-card-standard-v2/0.2.8/pc/d7099d3fd1dfdaf705ab.svg,,,"Scrape to BigSeller
HONOR 400 5G & 400 LITE 5G RAM 12/512GB + 8/256GB GARANSI RESMI
Rp
4.199.000
5.0
124 Terjual
Besok
Bekasi",https://shopee.co.id/HONOR-400-5G-400-LITE-5G-RAM-12-512GB-8-256GB-GARANSI-RESMI-i.253709982.43657617210?extraParams=%7B%22display_model_id%22%3A258654302201%2C%22model_selection_logic%22%3A3%7D&sp_atk=fabde06b-471b-4cd5-8d04-e8302ceae23a&xptdk=fabde06b-471b-4cd5-8d04-e8302ceae23a
https://down-id.img.susercontent.com/file/id-11134207-822wl-mn2ce4p08sue33,https://down-id.img.susercontent.com/file/id-11134258-822wr-mlx67rtd6r602f,"]BARU] HONOR X6c 6/256GB TFT LCD 6,6 inc - MediaTek Helio G81 Ultra - Original Garansi Resmi HONOR Indonesia",Rp,3.499.000,,3 jam,https://deo.shopeemobile.com/shopee/modules-federation/live/0/shopee__item-card-standard-v2/0.2.8/pc/38e203dc86172a6c6560.svg,https://deo.shopeemobile.com/shopee/modules-federation/live/0/shopee__item-card-standard-v2/0.2.8/pc/0614b8f0a8fdde22942d.svg,3 jam,https://deo.shopeemobile.com/shopee/modules-federation/live/0/shopee__item-card-standard-v2/0.2.8/pc/5dd7b4560d0e2d3190e8.svg,Surabaya,https://deo.shopeemobile.com/shopee/modules-federation/live/0/shopee__item-card-standard-v2/0.2.8/pc/a425c915798471b33e5d.png,,https://deo.shopeemobile.com/shopee/modules-federation/live/0/shopee__item-card-standard-v2/0.2.8/pc/0614b8f0a8fdde22942d.svg,-8%,,"Scrape to BigSeller
]BARU] HONOR X6c 6/256GB TFT LCD 6,6 inc - MediaTek Helio G81 Ultra - Original Garansi Resmi HONOR Indonesia
Rp
3.499.000
-8%
3 jam
Surabaya",https://shopee.co.id/-BARU-HONOR-X6c-6-256GB-TFT-LCD-6-6-inc-MediaTek-Helio-G81-Ultra-Original-Garansi-Resmi-HONOR-Indonesia-i.4231956.54258838492?extraParams=%7B%22display_model_id%22%3A267538431672%2C%22model_selection_logic%22%3A3%7D&sp_atk=d465503b-6fa3-4493-8174-f73b0a5df2e2&xptdk=d465503b-6fa3-4493-8174-f73b0a5df2e2
https://down-id.img.susercontent.com/file/sg-11134201-22110-3d36k63ok9jv9d,https://down-id.img.susercontent.com/file/id-11134258-8224v-mkvw0cu9r7k1a5,BACKGLASS HONOR 8X JSN+L22 BLACK ORIGINAL BEKAS,Rp,75.000,,Besok,https://deo.shopeemobile.com/shopee/modules-federation/live/0/shopee__item-card-standard-v2/0.2.8/pc/38e203dc86172a6c6560.svg,https://deo.shopeemobile.com/shopee/modules-federation/live/0/shopee__item-card-standard-v2/0.2.8/pc/0614b8f0a8fdde22942d.svg,Besok,https://deo.shopeemobile.com/shopee/modules-federation/live/0/shopee__item-card-standard-v2/0.2.8/pc/5dd7b4560d0e2d3190e8.svg,Jakarta Pusat,,,https://deo.shopeemobile.com/shopee/modules-federation/live/0/shopee__item-card-standard-v2/0.2.8/pc/0614b8f0a8fdde22942d.svg,,,"Scrape to BigSeller
BACKGLASS HONOR 8X JSN+L22 BLACK ORIGINAL BEKAS
Rp
75.000
Besok
Jakarta Pusat",https://shopee.co.id/BACKGLASS-HONOR-8X-JSN-L22-BLACK-ORIGINAL-BEKAS-i.799862086.20264484523?extraParams=%7B%22display_model_id%22%3A137164611735%2C%22model_selection_logic%22%3A3%7D&sp_atk=f5e0f85b-a92e-44ad-8844-4578e1bee5b9&xptdk=f5e0f85b-a92e-44ad-8844-4578e1bee5b9
https://down-id.img.susercontent.com/file/id-11134207-822wu-mmxwivlz1l3aac,https://down-id.img.susercontent.com/file/id-11134258-7r98w-lyezzaurybot13,Honor 500 Silver 12/256 cukai,Rp,8.950.000,,Besok,https://deo.shopeemobile.com/shopee/modules-federation/live/0/shopee__item-card-standard-v2/0.2.8/pc/38e203dc86172a6c6560.svg,https://deo.shopeemobile.com/shopee/modules-federation/live/0/shopee__item-card-standard-v2/0.2.8/pc/0614b8f0a8fdde22942d.svg,Besok,https://deo.shopeemobile.com/shopee/modules-federation/live/0/shopee__item-card-standard-v2/0.2.8/pc/5dd7b4560d0e2d3190e8.svg,Bandar Lampung,,,https://deo.shopeemobile.com/shopee/modules-federation/live/0/shopee__item-card-standard-v2/0.2.8/pc/0614b8f0a8fdde22942d.svg,,,"Scrape to BigSeller
Honor 500 Silver 12/256 cukai
Rp
8.950.000
Besok
Bandar Lampung",https://shopee.co.id/Honor-500-Silver-12-256-cukai-i.26839604.56408658804?extraParams=%7B%22display_model_id%22%3A315769357005%2C%22model_selection_logic%22%3A3%7D&sp_atk=aeb660b8-b018-4a3e-baed-6b4655f54728&xptdk=aeb660b8-b018-4a3e-baed-6b4655f54728
https://down-id.img.susercontent.com/file/id-11134207-822wq-mmvl6kfrugw433,https://down-id.img.susercontent.com/file/id-11134258-8224v-mkvw0cu9r7k1a5,Honor X6C 6GB/256GB Garansi Resmi Honor Indonesia,Rp,2.629.000,,Besok,https://deo.shopeemobile.com/shopee/modules-federation/live/0/shopee__item-card-standard-v2/0.2.8/pc/38e203dc86172a6c6560.svg,https://deo.shopeemobile.com/shopee/modules-federation/live/0/shopee__item-card-standard-v2/0.2.8/pc/0614b8f0a8fdde22942d.svg,Besok,https://deo.shopeemobile.com/shopee/modules-federation/live/0/shopee__item-card-standard-v2/0.2.8/pc/5dd7b4560d0e2d3190e8.svg,Jakarta Pusat,https://deo.shopeemobile.com/shopee/modules-federation/live/0/shopee__item-card-standard-v2/0.2.8/pc/7c9110f78e069acbced7.png,,https://deo.shopeemobile.com/shopee/modules-federation/live/0/shopee__item-card-standard-v2/0.2.8/pc/0614b8f0a8fdde22942d.svg,-18%,,"Scrape to BigSeller
Honor X6C 6GB/256GB Garansi Resmi Honor Indonesia
Rp
2.629.000
-18%
Besok
Jakarta Pusat",https://shopee.co.id/Honor-X6C-6GB-256GB-Garansi-Resmi-Honor-Indonesia-i.1119892890.55958549771?extraParams=%7B%22display_model_id%22%3A420758556899%2C%22model_selection_logic%22%3A3%7D&sp_atk=ca6aceb9-f8d4-41b2-81a3-f21fbe1fc3fd&xptdk=ca6aceb9-f8d4-41b2-81a3-f21fbe1fc3fd
https://down-id.img.susercontent.com/file/id-11134207-7rbk4-m8r6dkw1ekk274,https://down-id.img.susercontent.com/file/id-11134258-7r98w-lyezzaurybot13,Honor X9C 5G [12GB+256GB] - Garansi Resmi 1 Tahun,Rp,4.449.000,4.9,148 Terjual,https://deo.shopeemobile.com/shopee/modules-federation/live/0/shopee__item-card-standard-v2/0.2.8/pc/76dff349290d20891fc1.svg,,,https://deo.shopeemobile.com/shopee/modules-federation/live/0/shopee__item-card-standard-v2/0.2.8/pc/5dd7b4560d0e2d3190e8.svg,Jakarta Utara,https://deo.shopeemobile.com/shopee/modules-federation/live/0/shopee__item-card-standard-v2/0.2.8/pc/7c9110f78e069acbced7.png,,https://deo.shopeemobile.com/shopee/modules-federation/live/0/shopee__item-card-standard-v2/0.2.8/pc/d7099d3fd1dfdaf705ab.svg,,,"Scrape to BigSeller
Honor X9C 5G [12GB+256GB] - Garansi Resmi 1 Tahun
Rp
4.449.000
4.9
148 Terjual
2-3 Hari
Jakarta Utara",https://shopee.co.id/Honor-X9C-5G-12GB-256GB-Garansi-Resmi-1-Tahun-i.1053062682.40150133135?extraParams=%7B%22display_model_id%22%3A290010777205%2C%22model_selection_logic%22%3A3%7D&sp_atk=1d9ada75-54c3-4d45-8c07-d9ee27d36809&xptdk=1d9ada75-54c3-4d45-8c07-d9ee27d36809
https://down-id.img.susercontent.com/file/id-11134207-822wl-mmmqllyum802b0,https://down-id.img.susercontent.com/file/id-11134258-8224v-mkvw0cu9r7k1a5,HONOR X6c RAM Besar 6GB/256GB HP Original Garansi Resmi Kamera 50MP Baterai 5300mAh Layar 120Hz,Rp,2.669.000,,Besok,https://deo.shopeemobile.com/shopee/modules-federation/live/0/shopee__item-card-standard-v2/0.2.8/pc/38e203dc86172a6c6560.svg,https://deo.shopeemobile.com/shopee/modules-federation/live/0/shopee__item-card-standard-v2/0.2.8/pc/0614b8f0a8fdde22942d.svg,Besok,https://deo.shopeemobile.com/shopee/modules-federation/live/0/shopee__item-card-standard-v2/0.2.8/pc/5dd7b4560d0e2d3190e8.svg,Jakarta Pusat,https://deo.shopeemobile.com/shopee/modules-federation/live/0/shopee__item-card-standard-v2/0.2.8/pc/a425c915798471b33e5d.png,,https://deo.shopeemobile.com/shopee/modules-federation/live/0/shopee__item-card-standard-v2/0.2.8/pc/0614b8f0a8fdde22942d.svg,-33%,https://deo.shopeemobile.com/shopee/modules-federation/live/0/shopee__item-card-standard-v2/0.2.8/pc/b4d1b8a78b3621dbdf4a.svg,"Scrape to BigSeller
HONOR X6c RAM Besar 6GB/256GB HP Original Garansi Resmi Kamera 50MP Baterai 5300mAh Layar 120Hz
Rp
2.669.000
-33%
Besok
Jakarta Pusat",https://shopee.co.id/HONOR-X6c-RAM-Besar-6GB-256GB-HP-Original-Garansi-Resmi-Kamera-50MP-Baterai-5300mAh-Layar-120Hz-i.1336177700.43729758164?extraParams=%7B%22display_model_id%22%3A375730254603%2C%22model_selection_logic%22%3A3%7D&sp_atk=d0318b3e-90a2-46b1-8391-83d6e849cf2a&xptdk=d0318b3e-90a2-46b1-8391-83d6e849cf2a
https://down-id.img.susercontent.com/file/26d74720a58026d99a1b1dbd0f6a2263,,Handphone honour 9 lite lcd pecah,Rp,1.890.000,,4-7 Hari,https://deo.shopeemobile.com/shopee/modules-federation/live/0/shopee__item-card-standard-v2/0.2.8/pc/76dff349290d20891fc1.svg,,,https://deo.shopeemobile.com/shopee/modules-federation/live/0/shopee__item-card-standard-v2/0.2.8/pc/5dd7b4560d0e2d3190e8.svg,Jakarta Timur,,Cicilan,,,,"Scrape to BigSeller
Handphone honour 9 lite lcd pecah
Rp
1.890.000
Cicilan
4-7 Hari
Jakarta Timur",https://shopee.co.id/Handphone-honour-9-lite-lcd-pecah-i.76823044.4028973711?extraParams=%7B%22display_model_id%22%3A52731234519%2C%22model_selection_logic%22%3A3%7D&sp_atk=aa32524f-8b83-448b-9f7e-eb6ebe4275e9&xptdk=aa32524f-8b83-448b-9f7e-eb6ebe4275e9
https://down-id.img.susercontent.com/file/sg-11134275-81zwq-mminl8fipqf670,https://down-id.img.susercontent.com/file/id-11134258-7r98w-lyezzaurybot13,Honor X6C [6GB+256GB] - Garansi Resmi 1 Tahun,Rp,2.689.000,,2-3 Hari,https://deo.shopeemobile.com/shopee/modules-federation/live/0/shopee__item-card-standard-v2/0.2.8/pc/76dff349290d20891fc1.svg,,,https://deo.shopeemobile.com/shopee/modules-federation/live/0/shopee__item-card-standard-v2/0.2.8/pc/5dd7b4560d0e2d3190e8.svg,Jakarta Utara,https://deo.shopeemobile.com/shopee/modules-federation/live/0/shopee__item-card-standard-v2/0.2.8/pc/7c9110f78e069acbced7.png,,,,,"Scrape to BigSeller
Honor X6C [6GB+256GB] - Garansi Resmi 1 Tahun
Rp
2.689.000
2-3 Hari
Jakarta Utara",https://shopee.co.id/Honor-X6C-6GB-256GB-Garansi-Resmi-1-Tahun-i.927728909.48558076608?extraParams=%7B%22display_model_id%22%3A405715794709%2C%22model_selection_logic%22%3A3%7D&sp_atk=aafbe6d3-8cd7-449d-b3dc-5bc3e64e5dea&xptdk=aafbe6d3-8cd7-449d-b3dc-5bc3e64e5dea
https://down-id.img.susercontent.com/file/sg-11134201-81zwj-mmttcnxz0mbqbd,https://down-id.img.susercontent.com/file/id-11134258-7r98w-lyezzaurybot13,Honor X6C 6/256GB - MediaTek Helio G81 Ultra - 5300mAh 35W - Garansi Resmi Honor Indonesia,Rp,2.629.000,,Besok,https://deo.shopeemobile.com/shopee/modules-federation/live/0/shopee__item-card-standard-v2/0.2.8/pc/38e203dc86172a6c6560.svg,https://deo.shopeemobile.com/shopee/modules-federation/live/0/shopee__item-card-standard-v2/0.2.8/pc/0614b8f0a8fdde22942d.svg,Besok,https://deo.shopeemobile.com/shopee/modules-federation/live/0/shopee__item-card-standard-v2/0.2.8/pc/5dd7b4560d0e2d3190e8.svg,Jakarta Utara,https://deo.shopeemobile.com/shopee/modules-federation/live/0/shopee__item-card-standard-v2/0.2.8/pc/7c9110f78e069acbced7.png,,https://deo.shopeemobile.com/shopee/modules-federation/live/0/shopee__item-card-standard-v2/0.2.8/pc/0614b8f0a8fdde22942d.svg,-28%,,"Scrape to BigSeller
Honor X6C 6/256GB - MediaTek Helio G81 Ultra - 5300mAh 35W - Garansi Resmi Honor Indonesia
Rp
2.629.000
-28%
Besok
Jakarta Utara",https://shopee.co.id/Honor-X6C-6-256GB-MediaTek-Helio-G81-Ultra-5300mAh-35W-Garansi-Resmi-Honor-Indonesia-i.1249173228.48758473790?extraParams=%7B%22display_model_id%22%3A440751061343%2C%22model_selection_logic%22%3A3%7D&sp_atk=7319eb82-8fa8-4205-89ea-15c5a8c4a2c1&xptdk=7319eb82-8fa8-4205-89ea-15c5a8c4a2c1
https://down-id.img.susercontent.com/file/id-11134207-822wi-mmviwkhzw4y04b,https://down-id.img.susercontent.com/file/id-11134258-8224v-mkvw0cu9r7k1a5,Honor X6C 6/256 GB Garansi Resmi,Rp,3.199.000,,Besok,https://deo.shopeemobile.com/shopee/modules-federation/live/0/shopee__item-card-standard-v2/0.2.8/pc/38e203dc86172a6c6560.svg,https://deo.shopeemobile.com/shopee/modules-federation/live/0/shopee__item-card-standard-v2/0.2.8/pc/0614b8f0a8fdde22942d.svg,Besok,https://deo.shopeemobile.com/shopee/modules-federation/live/0/shopee__item-card-standard-v2/0.2.8/pc/5dd7b4560d0e2d3190e8.svg,Bandung,https://deo.shopeemobile.com/shopee/modules-federation/live/0/shopee__item-card-standard-v2/0.2.8/pc/a425c915798471b33e5d.png,,https://deo.shopeemobile.com/shopee/modules-federation/live/0/shopee__item-card-standard-v2/0.2.8/pc/0614b8f0a8fdde22942d.svg,,,"Scrape to BigSeller
Honor X6C 6/256 GB Garansi Resmi
Rp
3.199.000
Besok
Bandung",https://shopee.co.id/Honor-X6C-6-256-GB-Garansi-Resmi-i.1284276257.41629926239?extraParams=%7B%22display_model_id%22%3A287522932477%2C%22model_selection_logic%22%3A3%7D&sp_atk=394a9a4b-a1cd-41dd-955a-3bbb837e5493&xptdk=394a9a4b-a1cd-41dd-955a-3bbb837e5493
https://down-id.img.susercontent.com/file/id-11134207-822wj-mmmy86aj8t1k32,https://down-id.img.susercontent.com/file/id-11134258-8224v-mkvw0cu9r7k1a5,Honor X6c,Rp,3.148.950,,Besok,https://deo.shopeemobile.com/shopee/modules-federation/live/0/shopee__item-card-standard-v2/0.2.8/pc/38e203dc86172a6c6560.svg,https://deo.shopeemobile.com/shopee/modules-federation/live/0/shopee__item-card-standard-v2/0.2.8/pc/0614b8f0a8fdde22942d.svg,Besok,https://deo.shopeemobile.com/shopee/modules-federation/live/0/shopee__item-card-standard-v2/0.2.8/pc/5dd7b4560d0e2d3190e8.svg,Denpasar,,,https://deo.shopeemobile.com/shopee/modules-federation/live/0/shopee__item-card-standard-v2/0.2.8/pc/0614b8f0a8fdde22942d.svg,,,"Scrape to BigSeller
Honor X6c
Rp
3.148.950
Besok
Denpasar",https://shopee.co.id/Honor-X6c-i.1590547027.52908218665?extraParams=%7B%22display_model_id%22%3A307506617297%2C%22model_selection_logic%22%3A3%7D&sp_atk=0bbfa25d-f1f3-4f95-89d2-352020efe79b&xptdk=0bbfa25d-f1f3-4f95-89d2-352020efe79b
https://down-id.img.susercontent.com/file/id-11134207-8224r-mgj34mvwklxn6d,https://down-id.img.susercontent.com/file/id-11134258-8224v-mkvw0cu9r7k1a5,HONOR 400 LITE 5G 8/256 GB ORIGINAL FULLSET RESMI,Rp,3.399.999,,< 2 Hari,https://deo.shopeemobile.com/shopee/modules-federation/live/0/shopee__item-card-standard-v2/0.2.8/pc/38e203dc86172a6c6560.svg,https://deo.shopeemobile.com/shopee/modules-federation/live/0/shopee__item-card-standard-v2/0.2.8/pc/0614b8f0a8fdde22942d.svg,< 2 Hari,https://deo.shopeemobile.com/shopee/modules-federation/live/0/shopee__item-card-standard-v2/0.2.8/pc/5dd7b4560d0e2d3190e8.svg,Mojokerto,https://deo.shopeemobile.com/shopee/modules-federation/live/0/shopee__item-card-standard-v2/0.2.8/pc/a425c915798471b33e5d.png,,https://deo.shopeemobile.com/shopee/modules-federation/live/0/shopee__item-card-standard-v2/0.2.8/pc/0614b8f0a8fdde22942d.svg,,,"Scrape to BigSeller
HONOR 400 LITE 5G 8/256 GB ORIGINAL FULLSET RESMI
Rp
3.399.999
< 2 Hari
Mojokerto",https://shopee.co.id/HONOR-400-LITE-5G-8-256-GB-ORIGINAL-FULLSET-RESMI-i.72666055.55750633050?extraParams=%7B%22display_model_id%22%3A179113383936%2C%22model_selection_logic%22%3A3%7D&sp_atk=c44ff28d-6283-49a5-b46d-3715da6cbf0c&xptdk=c44ff28d-6283-49a5-b46d-3715da6cbf0c
https://down-id.img.susercontent.com/file/ca427b02da942ec8203d00b193706870,,Honor 9i,Rp,2.790.000,,4-7 Hari,https://deo.shopeemobile.com/shopee/modules-federation/live/0/shopee__item-card-standard-v2/0.2.8/pc/76dff349290d20891fc1.svg,,,https://deo.shopeemobile.com/shopee/modules-federation/live/0/shopee__item-card-standard-v2/0.2.8/pc/5dd7b4560d0e2d3190e8.svg,Jakarta Barat,,Cicilan,,,,"Scrape to BigSeller
Honor 9i
Rp
2.790.000
Cicilan
4-7 Hari
Jakarta Barat",https://shopee.co.id/Honor-9i-i.30857404.1620423564?extraParams=%7B%22display_model_id%22%3A2509868981%2C%22model_selection_logic%22%3A3%7D&sp_atk=7e55d673-6f74-4330-ade6-c3af015af7db&xptdk=7e55d673-6f74-4330-ade6-c3af015af7db
https://down-id.img.susercontent.com/file/id-11134207-822wp-mmwy3794n7yb1b,https://down-id.img.susercontent.com/file/id-11134258-8224v-mkvw0cu9r7k1a5,"Honor X6C (RAM 6GB, ROM 256GB, Refresh Rate 120Hz, Battery 5300 mAh)",Rp,3.105.000,5.0,4 Terjual,https://deo.shopeemobile.com/shopee/modules-federation/live/0/shopee__item-card-standard-v2/0.2.8/pc/38e203dc86172a6c6560.svg,https://deo.shopeemobile.com/shopee/modules-federation/live/0/shopee__item-card-standard-v2/0.2.8/pc/0614b8f0a8fdde22942d.svg,< 2 Hari,https://deo.shopeemobile.com/shopee/modules-federation/live/0/shopee__item-card-standard-v2/0.2.8/pc/5dd7b4560d0e2d3190e8.svg,Malang,https://deo.shopeemobile.com/shopee/modules-federation/live/0/shopee__item-card-standard-v2/0.2.8/pc/e4734dab67ee2f9ebd5a.png,,https://deo.shopeemobile.com/shopee/modules-federation/live/0/shopee__item-card-standard-v2/0.2.8/pc/d7099d3fd1dfdaf705ab.svg,,,"Scrape to BigSeller
Honor X6C (RAM 6GB, ROM 256GB, Refresh Rate 120Hz, Battery 5300 mAh)
Rp
3.105.000
5.0
4 Terjual
< 2 Hari
Malang",https://shopee.co.id/Honor-X6C-(RAM-6GB-ROM-256GB-Refresh-Rate-120Hz-Battery-5300-mAh)-i.49893858.29881117627?extraParams=%7B%22display_model_id%22%3A243010402099%2C%22model_selection_logic%22%3A3%7D&sp_atk=e44b76c6-ce8f-44c7-93ba-7e40829a7d6e&xptdk=e44b76c6-ce8f-44c7-93ba-7e40829a7d6e
https://down-id.img.susercontent.com/file/sg-11134201-81zu6-mmpwhp0d9ukl93,https://down-id.img.susercontent.com/file/id-11134258-8224v-mkvw0cu9r7k1a5,HONOR X6C 6/256 GB 5300mAh Original Garansi Resmi Official Store Handphone Ori,Rp,2.689.000,,Besok,https://deo.shopeemobile.com/shopee/modules-federation/live/0/shopee__item-card-standard-v2/0.2.8/pc/38e203dc86172a6c6560.svg,https://deo.shopeemobile.com/shopee/modules-federation/live/0/shopee__item-card-standard-v2/0.2.8/pc/0614b8f0a8fdde22942d.svg,Besok,https://deo.shopeemobile.com/shopee/modules-federation/live/0/shopee__item-card-standard-v2/0.2.8/pc/5dd7b4560d0e2d3190e8.svg,Jakarta Pusat,https://deo.shopeemobile.com/shopee/modules-federation/live/0/shopee__item-card-standard-v2/0.2.8/pc/7c9110f78e069acbced7.png,,https://deo.shopeemobile.com/shopee/modules-federation/live/0/shopee__item-card-standard-v2/0.2.8/pc/0614b8f0a8fdde22942d.svg,-33%,,"Scrape to BigSeller
HONOR X6C 6/256 GB 5300mAh Original Garansi Resmi Official Store Handphone Ori
Rp
2.689.000
-33%
Besok
Jakarta Pusat",https://shopee.co.id/HONOR-X6C-6-256-GB-5300mAh-Original-Garansi-Resmi-Official-Store-Handphone-Ori-i.958170979.51308289881?extraParams=%7B%22display_model_id%22%3A410736616992%2C%22model_selection_logic%22%3A3%7D&sp_atk=3d08b201-e1d8-415c-a58b-a4181bebd0f5&xptdk=3d08b201-e1d8-415c-a58b-a4181bebd0f5
https://down-id.img.susercontent.com/file/id-11134207-822ws-mlzveoorezuw6c,https://down-id.img.susercontent.com/file/id-11134258-8224v-mkvw0cu9r7k1a5,Era 2000 - Honor X6c 6/256GB Mediatek Helio G81 Ultra 50MP 5300mAh | Garansi Resmi Honor Indonesia 1 Tahun,Rp,2.874.000,,Besok,https://deo.shopeemobile.com/shopee/modules-federation/live/0/shopee__item-card-standard-v2/0.2.8/pc/38e203dc86172a6c6560.svg,https://deo.shopeemobile.com/shopee/modules-federation/live/0/shopee__item-card-standard-v2/0.2.8/pc/0614b8f0a8fdde22942d.svg,Besok,https://deo.shopeemobile.com/shopee/modules-federation/live/0/shopee__item-card-standard-v2/0.2.8/pc/5dd7b4560d0e2d3190e8.svg,Bandung,https://deo.shopeemobile.com/shopee/modules-federation/live/0/shopee__item-card-standard-v2/0.2.8/pc/7c9110f78e069acbced7.png,Kombo Hemat,https://deo.shopeemobile.com/shopee/modules-federation/live/0/shopee__item-card-standard-v2/0.2.8/pc/0614b8f0a8fdde22942d.svg,-28%,https://deo.shopeemobile.com/shopee/modules-federation/live/0/shopee__item-card-standard-v2/0.2.8/pc/b4d1b8a78b3621dbdf4a.svg,"Scrape to BigSeller
Era 2000 - Honor X6c 6/256GB Mediatek Helio G81 Ultra 50MP 5300mAh | Garansi Resmi Honor Indonesia 1 Tahun
Rp
2.874.000
-28%
Kombo Hemat
Besok
Bandung",https://shopee.co.id/Era-2000-Honor-X6c-6-256GB-Mediatek-Helio-G81-Ultra-50MP-5300mAh-Garansi-Resmi-Honor-Indonesia-1-Tahun-i.95126305.44329349120?extraParams=%7B%22display_model_id%22%3A355657902128%2C%22model_selection_logic%22%3A3%7D&sp_atk=e93bbb70-14bb-4fdd-af22-6ea71a0adecb&xptdk=e93bbb70-14bb-4fdd-af22-6ea71a0adecb
https://down-id.img.susercontent.com/file/id-11134207-7r98u-llbopf1cx72qf9,https://down-id.img.susercontent.com/file/id-11134258-822wr-mlx67rtd6r602f,HANDPHONE BEKAS SECOND SMARTPHONE ANDROMAX CESI MATI TOTAL,Rp,35.000,,Besok,https://deo.shopeemobile.com/shopee/modules-federation/live/0/shopee__item-card-standard-v2/0.2.8/pc/38e203dc86172a6c6560.svg,https://deo.shopeemobile.com/shopee/modules-federation/live/0/shopee__item-card-standard-v2/0.2.8/pc/0614b8f0a8fdde22942d.svg,Besok,https://deo.shopeemobile.com/shopee/modules-federation/live/0/shopee__item-card-standard-v2/0.2.8/pc/5dd7b4560d0e2d3190e8.svg,Jakarta Pusat,,,https://deo.shopeemobile.com/shopee/modules-federation/live/0/shopee__item-card-standard-v2/0.2.8/pc/0614b8f0a8fdde22942d.svg,,,"Scrape to BigSeller
HANDPHONE BEKAS SECOND SMARTPHONE ANDROMAX CESI MATI TOTAL
Rp
35.000
Besok
Jakarta Pusat",https://shopee.co.id/HANDPHONE-BEKAS-SECOND-SMARTPHONE-ANDROMAX-CESI-MATI-TOTAL-i.941744273.22679371412?extraParams=%7B%22display_model_id%22%3A158353867640%2C%22model_selection_logic%22%3A2%7D&sp_atk=3f6bf0e0-96df-4ef7-8894-68a0dd2dedd3&xptdk=3f6bf0e0-96df-4ef7-8894-68a0dd2dedd3
https://down-id.img.susercontent.com/file/id-11134207-822wk-mlzwmr3jutjj79,https://down-id.img.susercontent.com/file/id-11134258-8224v-mkvw0cu9r7k1a5,Honor X6c 6/256GB Mediatek Helio G81 Ultra 50MP 5300mAh | Garansi Resmi Honor Indonesia 1 Tahun,Rp,2.838.000,,Besok,https://deo.shopeemobile.com/shopee/modules-federation/live/0/shopee__item-card-standard-v2/0.2.8/pc/38e203dc86172a6c6560.svg,https://deo.shopeemobile.com/shopee/modules-federation/live/0/shopee__item-card-standard-v2/0.2.8/pc/0614b8f0a8fdde22942d.svg,Besok,https://deo.shopeemobile.com/shopee/modules-federation/live/0/shopee__item-card-standard-v2/0.2.8/pc/5dd7b4560d0e2d3190e8.svg,Bandung,https://deo.shopeemobile.com/shopee/modules-federation/live/0/shopee__item-card-standard-v2/0.2.8/pc/e4734dab67ee2f9ebd5a.png,,https://deo.shopeemobile.com/shopee/modules-federation/live/0/shopee__item-card-standard-v2/0.2.8/pc/0614b8f0a8fdde22942d.svg,-29%,https://deo.shopeemobile.com/shopee/modules-federation/live/0/shopee__item-card-standard-v2/0.2.8/pc/b4d1b8a78b3621dbdf4a.svg,"Scrape to BigSeller
Honor X6c 6/256GB Mediatek Helio G81 Ultra 50MP 5300mAh | Garansi Resmi Honor Indonesia 1 Tahun
Rp
2.838.000
-29%
Besok
Bandung",https://shopee.co.id/Honor-X6c-6-256GB-Mediatek-Helio-G81-Ultra-50MP-5300mAh-Garansi-Resmi-Honor-Indonesia-1-Tahun-i.164329833.46157409608?extraParams=%7B%22display_model_id%22%3A365657954584%2C%22model_selection_logic%22%3A3%7D&sp_atk=683be94d-c038-4395-a000-d10d7e86340c&xptdk=683be94d-c038-4395-a000-d10d7e86340c
https://down-id.img.susercontent.com/file/id-11134207-7ra0t-mcaej1ya5ucea9,https://down-id.img.susercontent.com/file/id-11134258-8224v-mkvw0cu9r7k1a5,HONOR 400 Lite 5G NFC 8/256GB - Garansi Resmi,Rp,3.899.000,5.0,28 Terjual,https://deo.shopeemobile.com/shopee/modules-federation/live/0/shopee__item-card-standard-v2/0.2.8/pc/38e203dc86172a6c6560.svg,https://deo.shopeemobile.com/shopee/modules-federation/live/0/shopee__item-card-standard-v2/0.2.8/pc/0614b8f0a8fdde22942d.svg,Besok,https://deo.shopeemobile.com/shopee/modules-federation/live/0/shopee__item-card-standard-v2/0.2.8/pc/5dd7b4560d0e2d3190e8.svg,Kab. Bogor,https://deo.shopeemobile.com/shopee/modules-federation/live/0/shopee__item-card-standard-v2/0.2.8/pc/e4734dab67ee2f9ebd5a.png,,https://deo.shopeemobile.com/shopee/modules-federation/live/0/shopee__item-card-standard-v2/0.2.8/pc/d7099d3fd1dfdaf705ab.svg,-3%,,"Scrape to BigSeller
HONOR 400 Lite 5G NFC 8/256GB - Garansi Resmi
Rp
3.899.000
-3%
5.0
28 Terjual
Besok
Kab. Bogor",https://shopee.co.id/HONOR-400-Lite-5G-NFC-8-256GB-Garansi-Resmi-i.373573738.41908812147?extraParams=%7B%22display_model_id%22%3A253634303343%2C%22model_selection_logic%22%3A3%7D&sp_atk=eafc7359-57d1-4965-8e37-40169605cfa1&xptdk=eafc7359-57d1-4965-8e37-40169605cfa1
https://down-id.img.susercontent.com/file/a79ce58ea1fa17e9e067bf24a6ac91e8,,Honor 7S RAM 2/16 GB,Rp,3.370.000,,11 Terjual,https://deo.shopeemobile.com/shopee/modules-federation/live/0/shopee__item-card-standard-v2/0.2.8/pc/38e203dc86172a6c6560.svg,https://deo.shopeemobile.com/shopee/modules-federation/live/0/shopee__item-card-standard-v2/0.2.8/pc/0614b8f0a8fdde22942d.svg,Hari ini,https://deo.shopeemobile.com/shopee/modules-federation/live/0/shopee__item-card-standard-v2/0.2.8/pc/5dd7b4560d0e2d3190e8.svg,Surabaya,,Cicilan,https://deo.shopeemobile.com/shopee/modules-federation/live/0/shopee__item-card-standard-v2/0.2.8/pc/0614b8f0a8fdde22942d.svg,,,"Scrape to BigSeller
Honor 7S RAM 2/16 GB
Rp
3.370.000
Cicilan
11 Terjual
Hari ini
Surabaya",https://shopee.co.id/Honor-7S-RAM-2-16-GB-i.99525641.1614585931?extraParams=%7B%22display_model_id%22%3A42866433928%2C%22model_selection_logic%22%3A3%7D&sp_atk=2d9e3365-885c-42dc-b2f3-b84c751c8209&xptdk=2d9e3365-885c-42dc-b2f3-b84c751c8209
https://down-id.img.susercontent.com/file/id-11134207-822wj-mmt26vkxe1he31,https://down-id.img.susercontent.com/file/id-11134258-8224v-mkvw0cu9r7k1a5,Honor 400 Lite 5G 8/256GB Like New (4287 Velvet Grey) - 8/256 GB,Rp,3.280.000,5.0,4 Terjual,https://deo.shopeemobile.com/shopee/modules-federation/live/0/shopee__item-card-standard-v2/0.2.8/pc/76dff349290d20891fc1.svg,,,https://deo.shopeemobile.com/shopee/modules-federation/live/0/shopee__item-card-standard-v2/0.2.8/pc/5dd7b4560d0e2d3190e8.svg,Kediri,https://deo.shopeemobile.com/shopee/modules-federation/live/0/shopee__item-card-standard-v2/0.2.8/pc/a425c915798471b33e5d.png,,https://deo.shopeemobile.com/shopee/modules-federation/live/0/shopee__item-card-standard-v2/0.2.8/pc/d7099d3fd1dfdaf705ab.svg,,,"Scrape to BigSeller
Honor 400 Lite 5G 8/256GB Like New (4287 Velvet Grey) - 8/256 GB
Rp
3.280.000
5.0
4 Terjual
2-3 Hari
Kediri",https://shopee.co.id/Honor-400-Lite-5G-8-256GB-Like-New-(4287-Velvet-Grey)-8-256-GB-i.147840320.44008787147?extraParams=%7B%22display_model_id%22%3A275738836744%2C%22model_selection_logic%22%3A3%7D&sp_atk=c20762a3-75e8-4d03-99dd-2d449ee9801e&xptdk=c20762a3-75e8-4d03-99dd-2d449ee9801e
https://down-id.img.susercontent.com/file/id-11134207-8224v-mkewkohwbx1i3e,https://down-id.img.susercontent.com/file/id-11134258-8224v-mkvw0cu9r7k1a5,LCD Touchscreen Honor X9c original,Rp,1.175.000,,1 Terjual,https://deo.shopeemobile.com/shopee/modules-federation/live/0/shopee__item-card-standard-v2/0.2.8/pc/76dff349290d20891fc1.svg,,,https://deo.shopeemobile.com/shopee/modules-federation/live/0/shopee__item-card-standard-v2/0.2.8/pc/5dd7b4560d0e2d3190e8.svg,Jakarta Pusat,,,,,,"Scrape to BigSeller
LCD Touchscreen Honor X9c original
Rp
1.175.000
1 Terjual
2-6 Hari
Jakarta Pusat",https://shopee.co.id/LCD-Touchscreen-Honor-X9c-original-i.809657994.27594203874?extraParams=%7B%22display_model_id%22%3A405536097791%2C%22model_selection_logic%22%3A3%7D&sp_atk=e7c5b7d6-58d7-43f2-b3bf-57c6bc95db51&xptdk=e7c5b7d6-58d7-43f2-b3bf-57c6bc95db51
https://down-id.img.susercontent.com/file/03a5b74faf87cadcdf226ff7e59ac21f,https://down-id.img.susercontent.com/file/id-11134258-7r98w-lyezzaurybot13,lcd copotan honor DUA-AL00,Rp,200.000,,1-4 Hari,https://deo.shopeemobile.com/shopee/modules-federation/live/0/shopee__item-card-standard-v2/0.2.8/pc/76dff349290d20891fc1.svg,,,https://deo.shopeemobile.com/shopee/modules-federation/live/0/shopee__item-card-standard-v2/0.2.8/pc/5dd7b4560d0e2d3190e8.svg,Kab. Probolinggo,,,,,,"Scrape to BigSeller
lcd copotan honor DUA-AL00
Rp
200.000
1-4 Hari
Kab. Probolinggo",https://shopee.co.id/lcd-copotan-honor-DUA-AL00-i.384332638.10402070506?extraParams=%7B%22display_model_id%22%3A25757778245%2C%22model_selection_logic%22%3A3%7D&sp_atk=9fe74e63-5519-4060-91a9-fb5a530e7540&xptdk=9fe74e63-5519-4060-91a9-fb5a530e7540
https://down-id.img.susercontent.com/file/id-11134207-8224q-mkncd7yrrgn951,https://down-id.img.susercontent.com/file/id-11134258-8224v-mkvw0cu9r7k1a5,Honor Magic 5 12/256GB Fullset Mulus,Rp,6.200.000,,4-11 Hari,https://deo.shopeemobile.com/shopee/modules-federation/live/0/shopee__item-card-standard-v2/0.2.8/pc/76dff349290d20891fc1.svg,,,https://deo.shopeemobile.com/shopee/modules-federation/live/0/shopee__item-card-standard-v2/0.2.8/pc/5dd7b4560d0e2d3190e8.svg,Singkawang,,,,,,"Scrape to BigSeller
Honor Magic 5 12/256GB Fullset Mulus
Rp
6.200.000
4-11 Hari
Singkawang",https://shopee.co.id/Honor-Magic-5-12-256GB-Fullset-Mulus-i.1510670585.40728751460?extraParams=%7B%22display_model_id%22%3A415559353979%2C%22model_selection_logic%22%3A3%7D&sp_atk=f1227c4a-302b-4cd1-bba9-b50cfdf1cc3f&xptdk=f1227c4a-302b-4cd1-bba9-b50cfdf1cc3f
https://down-id.img.susercontent.com/file/id-11134207-82251-miznlclx5dds8f,https://down-id.img.susercontent.com/file/id-11134258-8224v-mkvw0cu9r7k1a5,HONOR 400 LITE 5G 8GB 256GB,Rp,3.599.000,,Besok,https://deo.shopeemobile.com/shopee/modules-federation/live/0/shopee__item-card-standard-v2/0.2.8/pc/38e203dc86172a6c6560.svg,https://deo.shopeemobile.com/shopee/modules-federation/live/0/shopee__item-card-standard-v2/0.2.8/pc/0614b8f0a8fdde22942d.svg,Besok,https://deo.shopeemobile.com/shopee/modules-federation/live/0/shopee__item-card-standard-v2/0.2.8/pc/5dd7b4560d0e2d3190e8.svg,Tangerang,,Produk Baru,https://deo.shopeemobile.com/shopee/modules-federation/live/0/shopee__item-card-standard-v2/0.2.8/pc/0614b8f0a8fdde22942d.svg,-8%,,"Scrape to BigSeller
HONOR 400 LITE 5G 8GB 256GB
Rp
3.599.000
-8%
Produk Baru
Besok
Tangerang",https://shopee.co.id/HONOR-400-LITE-5G-8GB-256GB-i.381711453.45904058336?extraParams=%7B%22display_model_id%22%3A282304878083%2C%22model_selection_logic%22%3A3%7D&sp_atk=d26a5654-9dc6-4425-ad60-9267d1922e2d&xptdk=d26a5654-9dc6-4425-ad60-9267d1922e2d
https://down-id.img.susercontent.com/file/id-11134207-822wj-mmsfkei2k6iw3f,https://down-id.img.susercontent.com/file/id-11134258-8224v-mkvw0cu9r7k1a5,"(RESMI) Handphone Honor X6C 6GB/256GB, Baterai 5300 mAh dengan pengisian 35W, chipset gaming yang responsif dengan layar 120 Hz.",Rp,2.679.000,,2-3 Hari,https://deo.shopeemobile.com/shopee/modules-federation/live/0/shopee__item-card-standard-v2/0.2.8/pc/76dff349290d20891fc1.svg,,,https://deo.shopeemobile.com/shopee/modules-federation/live/0/shopee__item-card-standard-v2/0.2.8/pc/5dd7b4560d0e2d3190e8.svg,Jakarta Pusat,https://deo.shopeemobile.com/shopee/modules-federation/live/0/shopee__item-card-standard-v2/0.2.8/pc/e4734dab67ee2f9ebd5a.png,,,,,"Scrape to BigSeller
(RESMI) Handphone Honor X6C 6GB/256GB, Baterai 5300 mAh dengan pengisian 35W, chipset gaming yang responsif dengan layar 120 Hz.
Rp
2.679.000
2-3 Hari
Jakarta Pusat",https://shopee.co.id/(RESMI)-Handphone-Honor-X6C-6GB-256GB-Baterai-5300-mAh-dengan-pengisian-35W-chipset-gaming-yang-responsif-dengan-layar-120-Hz.-i.241683399.53958382857?extraParams=%7B%22display_model_id%22%3A425744080830%2C%22model_selection_logic%22%3A3%7D&sp_atk=c92dab62-6c0e-43c7-a55f-810a3cc0f122&xptdk=c92dab62-6c0e-43c7-a55f-810a3cc0f122
https://down-id.img.susercontent.com/file/id-11134207-822wj-mn1mex70p7ut0a,https://down-id.img.susercontent.com/file/id-11134258-8224v-mkvw0cu9r7k1a5,"honor X7D 8/512gb 5g 6.77-inch HD+120Hz refresh rate

850nits peak brightness
-
108MP f/1.75 (main)

2MP f/2.4 (portrait)

rear cameras

HONOR

TSMC 6nm

Snapdragon 685

6,500mAh battery + 35W HONOR SuperCharge

8GB RAM + 512GB ROM",Rp,4.470.000,,Besok,https://deo.shopeemobile.com/shopee/modules-federation/live/0/shopee__item-card-standard-v2/0.2.8/pc/38e203dc86172a6c6560.svg,https://deo.shopeemobile.com/shopee/modules-federation/live/0/shopee__item-card-standard-v2/0.2.8/pc/0614b8f0a8fdde22942d.svg,Besok,https://deo.shopeemobile.com/shopee/modules-federation/live/0/shopee__item-card-standard-v2/0.2.8/pc/5dd7b4560d0e2d3190e8.svg,Semarang,https://deo.shopeemobile.com/shopee/modules-federation/live/0/shopee__item-card-standard-v2/0.2.8/pc/a425c915798471b33e5d.png,,https://deo.shopeemobile.com/shopee/modules-federation/live/0/shopee__item-card-standard-v2/0.2.8/pc/0614b8f0a8fdde22942d.svg,,,"Scrape to BigSeller
honor X7D 8/512gb 5g 6.77-inch HD+120Hz refresh rate 850nits peak brightness - 108MP f/1.75 (main) 2MP f/2.4 (portrait) rear cameras HONOR TSMC 6nm Snapdragon 685 6,500mAh battery + 35W HONOR SuperCharge 8GB RAM + 512GB ROM
Rp
4.470.000
Besok
Semarang",https://shopee.co.id/honor-X7D-8-512gb-5g-6.77-inch-HD-120Hz-refresh-rate-850nits-peak-brightness-108MP-f-1.75-(main)-2MP-f-2.4-(portrait)-rear-cameras-HONOR-TSMC-6nm-Snapdragon-685-6-500mAh-battery-35W-HONOR-SuperCharge-8GB-RAM-512GB-ROM-i.27808649.44279246285?extraParams=%7B%22display_model_id%22%3A310639316645%2C%22model_selection_logic%22%3A3%7D&sp_atk=0e2510a0-b336-41d8-8ee2-26d527d437e3&xptdk=0e2510a0-b336-41d8-8ee2-26d527d437e3
https://down-id.img.susercontent.com/file/id-11134207-8224x-mget2qgz29lbf9,,[ Like New ] Honor 400 Lite 5G 8/256 GB Garansi Resmi Indonesia Original,Rp,3.250.000,5.0,3 Terjual,https://deo.shopeemobile.com/shopee/modules-federation/live/0/shopee__item-card-standard-v2/0.2.8/pc/38e203dc86172a6c6560.svg,https://deo.shopeemobile.com/shopee/modules-federation/live/0/shopee__item-card-standard-v2/0.2.8/pc/0614b8f0a8fdde22942d.svg,Besok,https://deo.shopeemobile.com/shopee/modules-federation/live/0/shopee__item-card-standard-v2/0.2.8/pc/5dd7b4560d0e2d3190e8.svg,Jakarta Utara,https://deo.shopeemobile.com/shopee/modules-federation/live/0/shopee__item-card-standard-v2/0.2.8/pc/e4734dab67ee2f9ebd5a.png,,https://deo.shopeemobile.com/shopee/modules-federation/live/0/shopee__item-card-standard-v2/0.2.8/pc/d7099d3fd1dfdaf705ab.svg,,,"Scrape to BigSeller
[ Like New ] Honor 400 Lite 5G 8/256 GB Garansi Resmi Indonesia Original
Rp
3.250.000
5.0
3 Terjual
Besok
Jakarta Utara",https://shopee.co.id/-Like-New-Honor-400-Lite-5G-8-256-GB-Garansi-Resmi-Indonesia-Original-i.1032487382.44225916864?extraParams=%7B%22display_model_id%22%3A435033253182%2C%22model_selection_logic%22%3A3%7D&sp_atk=1c48662b-f83f-4653-acfa-01ed87f1481b&xptdk=1c48662b-f83f-4653-acfa-01ed87f1481b
https://down-id.img.susercontent.com/file/db729587e209e435878a928e427cb2a9,https://down-id.img.susercontent.com/file/id-11134258-8224v-mkvw0cu9r7k1a5,HONOR 9LITE 3/32GB,Rp,2.080.000,,2-3 Hari,https://deo.shopeemobile.com/shopee/modules-federation/live/0/shopee__item-card-standard-v2/0.2.8/pc/76dff349290d20891fc1.svg,,,https://deo.shopeemobile.com/shopee/modules-federation/live/0/shopee__item-card-standard-v2/0.2.8/pc/5dd7b4560d0e2d3190e8.svg,Bekasi,https://deo.shopeemobile.com/shopee/modules-federation/live/0/shopee__item-card-standard-v2/0.2.8/pc/a425c915798471b33e5d.png,Cicilan,,,,"Scrape to BigSeller
HONOR 9LITE 3/32GB
Rp
2.080.000
Cicilan
2-3 Hari
Bekasi",https://shopee.co.id/HONOR-9LITE-3-32GB-i.19239573.1510395294?extraParams=%7B%22display_model_id%22%3A2228216993%2C%22model_selection_logic%22%3A3%7D&sp_atk=c3e90abe-6c6c-474d-aabd-ff5c6cd68a8e&xptdk=c3e90abe-6c6c-474d-aabd-ff5c6cd68a8e
https://down-id.img.susercontent.com/file/id-11134207-8224v-ml0i9uhgb4li4a,https://down-id.img.susercontent.com/file/id-11134258-8224v-mkvw0cu9r7k1a5,HONOR PAD X9A 8/128GB SECOND MULUS TERAWAT,Rp,3.299.000,5.0,1 Terjual,https://deo.shopeemobile.com/shopee/modules-federation/live/0/shopee__item-card-standard-v2/0.2.8/pc/38e203dc86172a6c6560.svg,https://deo.shopeemobile.com/shopee/modules-federation/live/0/shopee__item-card-standard-v2/0.2.8/pc/0614b8f0a8fdde22942d.svg,3 jam,https://deo.shopeemobile.com/shopee/modules-federation/live/0/shopee__item-card-standard-v2/0.2.8/pc/5dd7b4560d0e2d3190e8.svg,Kab. Sidoarjo,https://deo.shopeemobile.com/shopee/modules-federation/live/0/shopee__item-card-standard-v2/0.2.8/pc/e4734dab67ee2f9ebd5a.png,,https://deo.shopeemobile.com/shopee/modules-federation/live/0/shopee__item-card-standard-v2/0.2.8/pc/d7099d3fd1dfdaf705ab.svg,,,"Scrape to BigSeller
HONOR PAD X9A 8/128GB SECOND MULUS TERAWAT
Rp
3.299.000
5.0
1 Terjual
3 jam
Kab. Sidoarjo",https://shopee.co.id/HONOR-PAD-X9A-8-128GB-SECOND-MULUS-TERAWAT-i.309409025.54856326483?extraParams=%7B%22display_model_id%22%3A390571617974%2C%22model_selection_logic%22%3A3%7D&sp_atk=3ef17de9-181f-4ca7-8ac9-022d163d8518&xptdk=3ef17de9-181f-4ca7-8ac9-022d163d8518
https://down-id.img.susercontent.com/file/id-11134207-822wm-mmzo2c5356o327,,HONOR MAGIC 5 5G 12/256 - RESMI BEACUKAI,Rp,5.590.000,,4-6 Hari,https://deo.shopeemobile.com/shopee/modules-federation/live/0/shopee__item-card-standard-v2/0.2.8/pc/76dff349290d20891fc1.svg,,,https://deo.shopeemobile.com/shopee/modules-federation/live/0/shopee__item-card-standard-v2/0.2.8/pc/5dd7b4560d0e2d3190e8.svg,Kab. Batang,,,,,,"Scrape to BigSeller
HONOR MAGIC 5 5G 12/256 - RESMI BEACUKAI
Rp
5.590.000
4-6 Hari
Kab. Batang",https://shopee.co.id/HONOR-MAGIC-5-5G-12-256-RESMI-BEACUKAI-i.1585867960.57408721105?extraParams=%7B%22display_model_id%22%3A445773709637%2C%22model_selection_logic%22%3A3%7D&sp_atk=bf4aa0bd-f66d-4386-88a4-a015e22e8a81&xptdk=bf4aa0bd-f66d-4386-88a4-a015e22e8a81
https://down-id.img.susercontent.com/file/id-11134207-8224z-miv2ltr5n66da5,https://down-id.img.susercontent.com/file/id-11134258-822wr-mlx67rtd6r602f,HONOR X9C 5G 12/256GB NEW SEGEL GARANSI RESMI ORIGINAL,Rp,4.399.000,5.0,60 Terjual,https://deo.shopeemobile.com/shopee/modules-federation/live/0/shopee__item-card-standard-v2/0.2.8/pc/38e203dc86172a6c6560.svg,https://deo.shopeemobile.com/shopee/modules-federation/live/0/shopee__item-card-standard-v2/0.2.8/pc/0614b8f0a8fdde22942d.svg,Besok,https://deo.shopeemobile.com/shopee/modules-federation/live/0/shopee__item-card-standard-v2/0.2.8/pc/5dd7b4560d0e2d3190e8.svg,Bekasi,https://deo.shopeemobile.com/shopee/modules-federation/live/0/shopee__item-card-standard-v2/0.2.8/pc/e4734dab67ee2f9ebd5a.png,Produk Baru,https://deo.shopeemobile.com/shopee/modules-federation/live/0/shopee__item-card-standard-v2/0.2.8/pc/d7099d3fd1dfdaf705ab.svg,,,"Scrape to BigSeller
HONOR X9C 5G 12/256GB NEW SEGEL GARANSI RESMI ORIGINAL
Rp
4.399.000
Produk Baru
5.0
60 Terjual
Besok
Bekasi",https://shopee.co.id/HONOR-X9C-5G-12-256GB-NEW-SEGEL-GARANSI-RESMI-ORIGINAL-i.77099444.41777653110?extraParams=%7B%22display_model_id%22%3A365374484277%2C%22model_selection_logic%22%3A3%7D&sp_atk=8f59c72d-fe48-449d-89f6-ecd1d537d635&xptdk=8f59c72d-fe48-449d-89f6-ecd1d537d635
https://down-id.img.susercontent.com/file/id-11134207-822wo-mmvl6kfr6l8ie6,https://down-id.img.susercontent.com/file/id-11134258-8224v-mkvw0cu9r7k1a5,Honor X7D 8GB/256GB Garansi Resmi Honor Indonesia,Rp,4.079.000,,Besok,https://deo.shopeemobile.com/shopee/modules-federation/live/0/shopee__item-card-standard-v2/0.2.8/pc/38e203dc86172a6c6560.svg,https://deo.shopeemobile.com/shopee/modules-federation/live/0/shopee__item-card-standard-v2/0.2.8/pc/0614b8f0a8fdde22942d.svg,Besok,https://deo.shopeemobile.com/shopee/modules-federation/live/0/shopee__item-card-standard-v2/0.2.8/pc/5dd7b4560d0e2d3190e8.svg,Jakarta Pusat,https://deo.shopeemobile.com/shopee/modules-federation/live/0/shopee__item-card-standard-v2/0.2.8/pc/7c9110f78e069acbced7.png,,https://deo.shopeemobile.com/shopee/modules-federation/live/0/shopee__item-card-standard-v2/0.2.8/pc/0614b8f0a8fdde22942d.svg,-18%,,"Scrape to BigSeller
Honor X7D 8GB/256GB Garansi Resmi Honor Indonesia
Rp
4.079.000
-18%
Besok
Jakarta Pusat",https://shopee.co.id/Honor-X7D-8GB-256GB-Garansi-Resmi-Honor-Indonesia-i.1119892890.56858551631?extraParams=%7B%22display_model_id%22%3A370758650023%2C%22model_selection_logic%22%3A3%7D&sp_atk=1f98942f-55c7-4c9e-ace7-6b3d30eb0bab&xptdk=1f98942f-55c7-4c9e-ace7-6b3d30eb0bab
https://down-id.img.susercontent.com/file/id-11134207-822wk-mmv7rpbjc7ic3e,https://down-id.img.susercontent.com/file/id-11134258-822wr-mlx5y0tebegw04,HONOR X6C Ram 6/256Gb – Garansi Resmi,Rp,3.025.000,,Besok,https://deo.shopeemobile.com/shopee/modules-federation/live/0/shopee__item-card-standard-v2/0.2.8/pc/38e203dc86172a6c6560.svg,https://deo.shopeemobile.com/shopee/modules-federation/live/0/shopee__item-card-standard-v2/0.2.8/pc/0614b8f0a8fdde22942d.svg,Besok,https://deo.shopeemobile.com/shopee/modules-federation/live/0/shopee__item-card-standard-v2/0.2.8/pc/5dd7b4560d0e2d3190e8.svg,Surakarta (Solo),https://deo.shopeemobile.com/shopee/modules-federation/live/0/shopee__item-card-standard-v2/0.2.8/pc/a425c915798471b33e5d.png,,https://deo.shopeemobile.com/shopee/modules-federation/live/0/shopee__item-card-standard-v2/0.2.8/pc/0614b8f0a8fdde22942d.svg,,,"Scrape to BigSeller
HONOR X6C Ram 6/256Gb – Garansi Resmi
Rp
3.025.000
Besok
Surakarta (Solo)",https://shopee.co.id/HONOR-X6C-Ram-6-256Gb-%E2%80%93-Garansi-Resmi-i.1055639407.56208528596?extraParams=%7B%22display_model_id%22%3A440756493267%2C%22model_selection_logic%22%3A3%7D&sp_atk=bddb27f8-6fa7-46bd-8d22-2cbd9b12c989&xptdk=bddb27f8-6fa7-46bd-8d22-2cbd9b12c989
https://down-id.img.susercontent.com/file/bb314f06f15c5459c62f32e9f1147bc2,,HONOR 9 LITE 3/32,Rp,1.950.000,,4-7 Hari,https://deo.shopeemobile.com/shopee/modules-federation/live/0/shopee__item-card-standard-v2/0.2.8/pc/76dff349290d20891fc1.svg,,,https://deo.shopeemobile.com/shopee/modules-federation/live/0/shopee__item-card-standard-v2/0.2.8/pc/5dd7b4560d0e2d3190e8.svg,Cimahi,,Cicilan,,,,"Scrape to BigSeller
HONOR 9 LITE 3/32
Rp
1.950.000
Cicilan
4-7 Hari
Cimahi",https://shopee.co.id/HONOR-9-LITE-3-32-i.94559126.1555300089?extraParams=%7B%22display_model_id%22%3A72606441536%2C%22model_selection_logic%22%3A3%7D&sp_atk=2dd01535-a211-49d4-b84e-1d2369be4fbb&xptdk=2dd01535-a211-49d4-b84e-1d2369be4fbb
https://down-id.img.susercontent.com/file/id-11134207-7r991-lrlalga3wyq5b2,https://down-id.img.susercontent.com/file/id-11134258-8224v-mkvw0cu9r7k1a5,LCD TOUCHSCREEN HONOR Y9 PRIME 2019/9X/9X PRO/Y9S/STK-L21/L22/LX3,Rp,143.000,4.8,135 Terjual,https://deo.shopeemobile.com/shopee/modules-federation/live/0/shopee__item-card-standard-v2/0.2.8/pc/38e203dc86172a6c6560.svg,https://deo.shopeemobile.com/shopee/modules-federation/live/0/shopee__item-card-standard-v2/0.2.8/pc/0614b8f0a8fdde22942d.svg,Besok,https://deo.shopeemobile.com/shopee/modules-federation/live/0/shopee__item-card-standard-v2/0.2.8/pc/5dd7b4560d0e2d3190e8.svg,Bekasi,,,https://deo.shopeemobile.com/shopee/modules-federation/live/0/shopee__item-card-standard-v2/0.2.8/pc/d7099d3fd1dfdaf705ab.svg,,,"Scrape to BigSeller
LCD TOUCHSCREEN HONOR Y9 PRIME 2019/9X/9X PRO/Y9S/STK-L21/L22/LX3
Rp
143.000
4.8
135 Terjual
Besok
Bekasi",https://shopee.co.id/LCD-TOUCHSCREEN-HONOR-Y9-PRIME-2019-9X-9X-PRO-Y9S-STK-L21-L22-LX3-i.1029220010.21287364282?extraParams=%7B%22display_model_id%22%3A222514289880%2C%22model_selection_logic%22%3A3%7D&sp_atk=73298e0b-bcda-4a22-9aeb-cfef64ea40da&xptdk=73298e0b-bcda-4a22-9aeb-cfef64ea40da
https://down-id.img.susercontent.com/file/id-11134207-822wo-mmvaga34nshue0,https://down-id.img.susercontent.com/file/id-11134258-8224v-mkvw0cu9r7k1a5,Honor X6C [6GB+256GB] - Garansi Resmi 1 Tahun,Rp,2.749.000,,2-3 Hari,https://deo.shopeemobile.com/shopee/modules-federation/live/0/shopee__item-card-standard-v2/0.2.8/pc/76dff349290d20891fc1.svg,,,https://deo.shopeemobile.com/shopee/modules-federation/live/0/shopee__item-card-standard-v2/0.2.8/pc/5dd7b4560d0e2d3190e8.svg,Jakarta Utara,https://deo.shopeemobile.com/shopee/modules-federation/live/0/shopee__item-card-standard-v2/0.2.8/pc/7c9110f78e069acbced7.png,,,,,"Scrape to BigSeller
Honor X6C [6GB+256GB] - Garansi Resmi 1 Tahun
Rp
2.749.000
2-3 Hari
Jakarta Utara",https://shopee.co.id/Honor-X6C-6GB-256GB-Garansi-Resmi-1-Tahun-i.196149175.54258050571?extraParams=%7B%22display_model_id%22%3A310715762023%2C%22model_selection_logic%22%3A3%7D&sp_atk=e2a228f9-2616-43bd-85aa-94d061ab5ddd&xptdk=e2a228f9-2616-43bd-85aa-94d061ab5ddd
https://down-id.img.susercontent.com/file/id-11134207-8224z-mkhf7vy5lnnk13,https://down-id.img.susercontent.com/file/id-11134258-7r98w-lyezzaurybot13,Honor magic 5pro,Rp,7.000.000,,3-6 Hari,https://deo.shopeemobile.com/shopee/modules-federation/live/0/shopee__item-card-standard-v2/0.2.8/pc/76dff349290d20891fc1.svg,,,https://deo.shopeemobile.com/shopee/modules-federation/live/0/shopee__item-card-standard-v2/0.2.8/pc/5dd7b4560d0e2d3190e8.svg,Kab. Blitar,,,,,,"Scrape to BigSeller
Honor magic 5pro
Rp
7.000.000
3-6 Hari
Kab. Blitar",https://shopee.co.id/Honor-magic-5pro-i.192024693.57105969645?extraParams=%7B%22display_model_id%22%3A375542188116%2C%22model_selection_logic%22%3A3%7D&sp_atk=720e5ca6-ebc0-4e6f-95f4-54b7f1d4bebe&xptdk=720e5ca6-ebc0-4e6f-95f4-54b7f1d4bebe
https://down-id.img.susercontent.com/file/id-11134207-822ws-mlfvwkndtber48,https://down-id.img.susercontent.com/file/id-11134258-8224v-mkvw0cu9r7k1a5,LCD TOUCHSCREEN HONOR 400 5G DNY-XN9 ORIGINAL AMOLED,Rp,1.870.000,,Besok,https://deo.shopeemobile.com/shopee/modules-federation/live/0/shopee__item-card-standard-v2/0.2.8/pc/38e203dc86172a6c6560.svg,https://deo.shopeemobile.com/shopee/modules-federation/live/0/shopee__item-card-standard-v2/0.2.8/pc/0614b8f0a8fdde22942d.svg,Besok,https://deo.shopeemobile.com/shopee/modules-federation/live/0/shopee__item-card-standard-v2/0.2.8/pc/5dd7b4560d0e2d3190e8.svg,Jakarta Pusat,,,https://deo.shopeemobile.com/shopee/modules-federation/live/0/shopee__item-card-standard-v2/0.2.8/pc/0614b8f0a8fdde22942d.svg,,,"Scrape to BigSeller
LCD TOUCHSCREEN HONOR 400 5G DNY-XN9 ORIGINAL AMOLED
Rp
1.870.000
Besok
Jakarta Pusat",https://shopee.co.id/LCD-TOUCHSCREEN-HONOR-400-5G-DNY-XN9-ORIGINAL-AMOLED-i.1378456676.43979043514?extraParams=%7B%22display_model_id%22%3A350607715867%2C%22model_selection_logic%22%3A3%7D&sp_atk=1964cdd5-be4e-45d5-bcea-a6895be76a44&xptdk=1964cdd5-be4e-45d5-bcea-a6895be76a44
https://down-id.img.susercontent.com/file/id-11134207-822wh-mmx16e9p301x97,https://down-id.img.susercontent.com/file/id-11134258-8224v-mkvw0cu9r7k1a5,HONOR X6C Smartphone RAM 6+6GB ROM 256GB AI Button AI Eraser Drop & Water Resistance Battery 5300mAh 35W Garansi Resmi,Rp,2.999.000,,Besok,https://deo.shopeemobile.com/shopee/modules-federation/live/0/shopee__item-card-standard-v2/0.2.8/pc/38e203dc86172a6c6560.svg,https://deo.shopeemobile.com/shopee/modules-federation/live/0/shopee__item-card-standard-v2/0.2.8/pc/0614b8f0a8fdde22942d.svg,Besok,https://deo.shopeemobile.com/shopee/modules-federation/live/0/shopee__item-card-standard-v2/0.2.8/pc/5dd7b4560d0e2d3190e8.svg,Tangerang,https://deo.shopeemobile.com/shopee/modules-federation/live/0/shopee__item-card-standard-v2/0.2.8/pc/7c9110f78e069acbced7.png,,https://deo.shopeemobile.com/shopee/modules-federation/live/0/shopee__item-card-standard-v2/0.2.8/pc/0614b8f0a8fdde22942d.svg,-12%,,"Scrape to BigSeller
HONOR X6C Smartphone RAM 6+6GB ROM 256GB AI Button AI Eraser Drop & Water Resistance Battery 5300mAh 35W Garansi Resmi
Rp
2.999.000
-12%
Besok
Tangerang",https://shopee.co.id/HONOR-X6C-Smartphone-RAM-6-6GB-ROM-256GB-AI-Button-AI-Eraser-Drop-Water-Resistance-Battery-5300mAh-35W-Garansi-Resmi-i.18182651.57108623443?extraParams=%7B%22display_model_id%22%3A360764862631%2C%22model_selection_logic%22%3A3%7D&sp_atk=c19dc36d-c65d-4636-b806-f1e49213434c&xptdk=c19dc36d-c65d-4636-b806-f1e49213434c
https://down-id.img.susercontent.com/file/e016a653557c6fe7bc8c440d0ac1eeb8,,HONOR 9i 3/32,Rp,2.200.000,,4-7 Hari,https://deo.shopeemobile.com/shopee/modules-federation/live/0/shopee__item-card-standard-v2/0.2.8/pc/76dff349290d20891fc1.svg,,,https://deo.shopeemobile.com/shopee/modules-federation/live/0/shopee__item-card-standard-v2/0.2.8/pc/5dd7b4560d0e2d3190e8.svg,Cimahi,,Cicilan,,,,"Scrape to BigSeller
HONOR 9i 3/32
Rp
2.200.000
Cicilan
4-7 Hari
Cimahi",https://shopee.co.id/HONOR-9i-3-32-i.94559126.1551241490?extraParams=%7B%22display_model_id%22%3A80315044931%2C%22model_selection_logic%22%3A3%7D&sp_atk=47c0d2d6-877f-4e8c-8bc6-c068854de1cd&xptdk=47c0d2d6-877f-4e8c-8bc6-c068854de1cd
https://down-id.img.susercontent.com/file/sg-11134201-22110-ntvypvwz00jvb1,https://down-id.img.susercontent.com/file/id-11134258-8224v-mkvw0cu9r7k1a5,Lcd Honor 20/20 Pro/Honor 20s/Nova 5t Black Fullset Touchscreen,Rp,146.500,4.9,32 Terjual,https://deo.shopeemobile.com/shopee/modules-federation/live/0/shopee__item-card-standard-v2/0.2.8/pc/38e203dc86172a6c6560.svg,https://deo.shopeemobile.com/shopee/modules-federation/live/0/shopee__item-card-standard-v2/0.2.8/pc/0614b8f0a8fdde22942d.svg,3 jam,https://deo.shopeemobile.com/shopee/modules-federation/live/0/shopee__item-card-standard-v2/0.2.8/pc/5dd7b4560d0e2d3190e8.svg,Surabaya,https://deo.shopeemobile.com/shopee/modules-federation/live/0/shopee__item-card-standard-v2/0.2.8/pc/e4734dab67ee2f9ebd5a.png,,https://deo.shopeemobile.com/shopee/modules-federation/live/0/shopee__item-card-standard-v2/0.2.8/pc/d7099d3fd1dfdaf705ab.svg,-1%,https://deo.shopeemobile.com/shopee/modules-federation/live/0/shopee__item-card-standard-v2/0.2.8/pc/b4d1b8a78b3621dbdf4a.svg,"Scrape to BigSeller
Lcd Honor 20/20 Pro/Honor 20s/Nova 5t Black Fullset Touchscreen
Rp
146.500
-1%
4.9
32 Terjual
3 jam
Surabaya",https://shopee.co.id/Lcd-Honor-20-20-Pro-Honor-20s-Nova-5t-Black-Fullset-Touchscreen-i.165822909.23207444211?extraParams=%7B%22display_model_id%22%3A216228947812%2C%22model_selection_logic%22%3A3%7D&sp_atk=b73ca468-9040-432a-911e-62a4ca6ca577&xptdk=b73ca468-9040-432a-911e-62a4ca6ca577
https://down-id.img.susercontent.com/file/id-11134275-7ra0k-mbjhw5sdykta83,https://down-id.img.susercontent.com/file/id-11134258-8224v-mkvw0cu9r7k1a5,HONOR 400 5G 12/512 GB GARANSI RESMI HONOR INDONESIA TERMURAH,Rp,6.817.200,5.0,25 Terjual,https://deo.shopeemobile.com/shopee/modules-federation/live/0/shopee__item-card-standard-v2/0.2.8/pc/38e203dc86172a6c6560.svg,https://deo.shopeemobile.com/shopee/modules-federation/live/0/shopee__item-card-standard-v2/0.2.8/pc/0614b8f0a8fdde22942d.svg,Hari ini,https://deo.shopeemobile.com/shopee/modules-federation/live/0/shopee__item-card-standard-v2/0.2.8/pc/5dd7b4560d0e2d3190e8.svg,Surabaya,https://deo.shopeemobile.com/shopee/modules-federation/live/0/shopee__item-card-standard-v2/0.2.8/pc/a425c915798471b33e5d.png,,https://deo.shopeemobile.com/shopee/modules-federation/live/0/shopee__item-card-standard-v2/0.2.8/pc/d7099d3fd1dfdaf705ab.svg,-4%,,"Scrape to BigSeller
HONOR 400 5G 12/512 GB GARANSI RESMI HONOR INDONESIA TERMURAH
Rp
6.817.200
-4%
5.0
25 Terjual
Hari ini
Surabaya",https://shopee.co.id/HONOR-400-5G-12-512-GB-GARANSI-RESMI-HONOR-INDONESIA-TERMURAH-i.91322698.43506523998?extraParams=%7B%22display_model_id%22%3A305548759746%2C%22model_selection_logic%22%3A3%7D&sp_atk=d54fae1f-383c-4bbf-bfa6-b7b07526e60e&xptdk=d54fae1f-383c-4bbf-bfa6-b7b07526e60e