-image-yazkc-11,text-sm,text-xs/sp14,font-medium,pointer-events-none,text-shopee-green,pointer-events-none_2,align-middle,-image-yazkc-11_2,inline-block,w-auto,text-white,img,text-xs/sp14_2,truncate,_container,_container_link
https://down-id.img.susercontent.com/file/id-11134207-822wr-mn9nw0fqs6x1e9,huawei p30 lite ram 6/128 seken,Rp,800.000,https://deo.shopeemobile.com/shopee/modules-federation/live/0/shopee__item-card-standard-v2/0.2.8/pc/76dff349290d20891fc1.svg,4-8 Hari,https://deo.shopeemobile.com/shopee/modules-federation/live/0/shopee__item-card-standard-v2/0.2.8/pc/5dd7b4560d0e2d3190e8.svg,Kab. Tangerang,,,,,,,,"Scrape to BigSeller
huawei p30 lite ram 6/128 seken
Rp
800.000
4-8 Hari
Kab. Tangerang",https://shopee.co.id/huawei-p30-lite-ram-6-128-seken-i.230298126.51709134272?extraParams=%7B%22display_model_id%22%3A405810103417%2C%22model_selection_logic%22%3A3%7D&sp_atk=9f8b4bf1-ac40-47f2-9b8c-7234ded590f0&xptdk=9f8b4bf1-ac40-47f2-9b8c-7234ded590f0
https://down-id.img.susercontent.com/file/id-11134207-81ztf-me9xh9pn2fwh41,Huawei Nova 3i 4/128 GB Resmi Indonesia Second Ori (Baca Deskripsi),Rp,675.000,https://deo.shopeemobile.com/shopee/modules-federation/live/0/shopee__item-card-standard-v2/0.2.8/pc/38e203dc86172a6c6560.svg,Besok,https://deo.shopeemobile.com/shopee/modules-federation/live/0/shopee__item-card-standard-v2/0.2.8/pc/5dd7b4560d0e2d3190e8.svg,Jakarta Utara,https://down-id.img.susercontent.com/file/id-11134258-7r98w-lyezzaurybot13,https://deo.shopeemobile.com/shopee/modules-federation/live/0/shopee__item-card-standard-v2/0.2.8/pc/a425c915798471b33e5d.png,https://deo.shopeemobile.com/shopee/modules-federation/live/0/shopee__item-card-standard-v2/0.2.8/pc/0614b8f0a8fdde22942d.svg,Besok,https://deo.shopeemobile.com/shopee/modules-federation/live/0/shopee__item-card-standard-v2/0.2.8/pc/0614b8f0a8fdde22942d.svg,,,"Scrape to BigSeller
Huawei Nova 3i 4/128 GB Resmi Indonesia Second Ori (Baca Deskripsi)
Rp
675.000
Besok
Jakarta Utara",https://shopee.co.id/Huawei-Nova-3i-4-128-GB-Resmi-Indonesia-Second-Ori-(Baca-Deskripsi)-i.1563349780.41967650182?extraParams=%7B%22display_model_id%22%3A276452833167%2C%22model_selection_logic%22%3A3%7D&sp_atk=012b0023-9427-4679-ba88-82fc5cfa1e01&xptdk=012b0023-9427-4679-ba88-82fc5cfa1e01
https://down-id.img.susercontent.com/file/id-11134207-822wu-mn3hlce34f0gc7,Huawei Elegant mulus murah second,Rp,400.000,https://deo.shopeemobile.com/shopee/modules-federation/live/0/shopee__item-card-standard-v2/0.2.8/pc/76dff349290d20891fc1.svg,4-7 Hari,https://deo.shopeemobile.com/shopee/modules-federation/live/0/shopee__item-card-standard-v2/0.2.8/pc/5dd7b4560d0e2d3190e8.svg,Kab. Bandung,https://down-id.img.susercontent.com/file/id-11134258-7r98w-lyezzaurybot13,,,,,,,"Scrape to BigSeller
Huawei Elegant mulus murah second
Rp
400.000
4-7 Hari
Kab. Bandung",https://shopee.co.id/Huawei-Elegant-mulus-murah-second-i.6613662.52108899722?extraParams=%7B%22display_model_id%22%3A315790513732%2C%22model_selection_logic%22%3A3%7D&sp_atk=aa350dae-bdf6-4bb5-a5a6-a9390a5a407f&xptdk=aa350dae-bdf6-4bb5-a5a6-a9390a5a407f
https://down-id.img.susercontent.com/file/id-11134207-822wm-mn6rto2n3k7616,Huawei Mate 20 Pro 6/128 GB Garansi Resmi Indonesia Second Bekas Original (Baca Deskripsi),Rp,1.775.000,https://deo.shopeemobile.com/shopee/modules-federation/live/0/shopee__item-card-standard-v2/0.2.8/pc/38e203dc86172a6c6560.svg,Besok,https://deo.shopeemobile.com/shopee/modules-federation/live/0/shopee__item-card-standard-v2/0.2.8/pc/5dd7b4560d0e2d3190e8.svg,Jakarta Utara,,https://deo.shopeemobile.com/shopee/modules-federation/live/0/shopee__item-card-standard-v2/0.2.8/pc/e4734dab67ee2f9ebd5a.png,https://deo.shopeemobile.com/shopee/modules-federation/live/0/shopee__item-card-standard-v2/0.2.8/pc/0614b8f0a8fdde22942d.svg,Besok,https://deo.shopeemobile.com/shopee/modules-federation/live/0/shopee__item-card-standard-v2/0.2.8/pc/0614b8f0a8fdde22942d.svg,,,"Scrape to BigSeller
Huawei Mate 20 Pro 6/128 GB Garansi Resmi Indonesia Second Bekas Original (Baca Deskripsi)
Rp
1.775.000
Besok
Jakarta Utara",https://shopee.co.id/Huawei-Mate-20-Pro-6-128-GB-Garansi-Resmi-Indonesia-Second-Bekas-Original-(Baca-Deskripsi)-i.515774005.50459038772?extraParams=%7B%22display_model_id%22%3A259212705388%2C%22model_selection_logic%22%3A3%7D&sp_atk=07b91c29-faa8-46bf-a019-50bb91f3f59a&xptdk=07b91c29-faa8-46bf-a019-50bb91f3f59a
https://down-id.img.susercontent.com/file/id-11134207-822wh-mmp8fs6sfimd6f,Huawei Nova 8i second,Rp,1.500.000,https://deo.shopeemobile.com/shopee/modules-federation/live/0/shopee__item-card-standard-v2/0.2.8/pc/76dff349290d20891fc1.svg,4-7 Hari,https://deo.shopeemobile.com/shopee/modules-federation/live/0/shopee__item-card-standard-v2/0.2.8/pc/5dd7b4560d0e2d3190e8.svg,Kab. Cirebon,https://down-id.img.susercontent.com/file/id-11134258-7r98w-lyezzaurybot13,,,,,,,"Scrape to BigSeller
Huawei Nova 8i second
Rp
1.500.000
4-7 Hari
Kab. Cirebon",https://shopee.co.id/Huawei-Nova-8i-second-i.283517352.51308271350?extraParams=%7B%22display_model_id%22%3A405734724564%2C%22model_selection_logic%22%3A3%7D&sp_atk=41e4d47f-be0f-4df5-8400-91b72ad9c3c4&xptdk=41e4d47f-be0f-4df5-8400-91b72ad9c3c4
https://down-id.img.susercontent.com/file/id-11134207-8224w-mhobzvl0rw8w58,Huawei P30 lite Ram 6/128gb All operator minus dikit normal,Rp,800.000,https://deo.shopeemobile.com/shopee/modules-federation/live/0/shopee__item-card-standard-v2/0.2.8/pc/76dff349290d20891fc1.svg,8-20 Hari,https://deo.shopeemobile.com/shopee/modules-federation/live/0/shopee__item-card-standard-v2/0.2.8/pc/5dd7b4560d0e2d3190e8.svg,Batam,https://down-id.img.susercontent.com/file/id-11134258-7r98w-lyezzaurybot13,,,,,,,"Scrape to BigSeller
Huawei P30 lite Ram 6/128gb All operator minus dikit normal
Rp
800.000
8-20 Hari
Batam",https://shopee.co.id/Huawei-P30-lite-Ram-6-128gb-All-operator-minus-dikit-normal-i.113909107.49352370831?extraParams=%7B%22display_model_id%22%3A395227212953%2C%22model_selection_logic%22%3A3%7D&sp_atk=018ca551-95c6-4e9f-9ee2-496947c6a2df&xptdk=018ca551-95c6-4e9f-9ee2-496947c6a2df
https://down-id.img.susercontent.com/file/id-11134207-8224z-mgph51r4mart54,huawei nova 7i ram 8/128 second nurmal,Rp,1.600.000,https://deo.shopeemobile.com/shopee/modules-federation/live/0/shopee__item-card-standard-v2/0.2.8/pc/38e203dc86172a6c6560.svg,2 Terjual,https://deo.shopeemobile.com/shopee/modules-federation/live/0/shopee__item-card-standard-v2/0.2.8/pc/5dd7b4560d0e2d3190e8.svg,Kab. Probolinggo,https://down-id.img.susercontent.com/file/id-11134258-8224v-mkvw0cu9r7k1a5,https://deo.shopeemobile.com/shopee/modules-federation/live/0/shopee__item-card-standard-v2/0.2.8/pc/a425c915798471b33e5d.png,https://deo.shopeemobile.com/shopee/modules-federation/live/0/shopee__item-card-standard-v2/0.2.8/pc/0614b8f0a8fdde22942d.svg,< 2 Hari,https://deo.shopeemobile.com/shopee/modules-federation/live/0/shopee__item-card-standard-v2/0.2.8/pc/d7099d3fd1dfdaf705ab.svg,4.5,,"Scrape to BigSeller
huawei nova 7i ram 8/128 second nurmal
Rp
1.600.000
4.5
2 Terjual
< 2 Hari
Kab. Probolinggo",https://shopee.co.id/huawei-nova-7i-ram-8-128-second-nurmal-i.78346931.26660327380?extraParams=%7B%22display_model_id%22%3A108448280487%2C%22model_selection_logic%22%3A3%7D&sp_atk=3d262ff0-9084-4248-9f45-940f7bb9238a&xptdk=3d262ff0-9084-4248-9f45-940f7bb9238a
https://down-id.img.susercontent.com/file/id-11134207-8224x-mhv8pdviozk88f,HUAWEI P30 LITE RAM 6/128GB Second Original Ex Garansi Resmi Murah Kualitas Terbaik / Hp Android Second Huawei Resmi,Rp,1.349.999,https://deo.shopeemobile.com/shopee/modules-federation/live/0/shopee__item-card-standard-v2/0.2.8/pc/38e203dc86172a6c6560.svg,1 Terjual,https://deo.shopeemobile.com/shopee/modules-federation/live/0/shopee__item-card-standard-v2/0.2.8/pc/5dd7b4560d0e2d3190e8.svg,Bandung,https://down-id.img.susercontent.com/file/id-11134258-8224v-mkvw0cu9r7k1a5,https://deo.shopeemobile.com/shopee/modules-federation/live/0/shopee__item-card-standard-v2/0.2.8/pc/a425c915798471b33e5d.png,https://deo.shopeemobile.com/shopee/modules-federation/live/0/shopee__item-card-standard-v2/0.2.8/pc/0614b8f0a8fdde22942d.svg,Besok,https://deo.shopeemobile.com/shopee/modules-federation/live/0/shopee__item-card-standard-v2/0.2.8/pc/d7099d3fd1dfdaf705ab.svg,5.0,,"Scrape to BigSeller
HUAWEI P30 LITE RAM 6/128GB Second Original Ex Garansi Resmi Murah Kualitas Terbaik / Hp Android Second Huawei Resmi
Rp
1.349.999
5.0
1 Terjual
Besok
Bandung",https://shopee.co.id/HUAWEI-P30-LITE-RAM-6-128GB-Second-Original-Ex-Garansi-Resmi-Murah-Kualitas-Terbaik-Hp-Android-Second-Huawei-Resmi-i.8420742.45302622836?extraParams=%7B%22display_model_id%22%3A169123318045%2C%22model_selection_logic%22%3A3%7D&sp_atk=7c255842-f20d-48ab-92a3-5960a82fc367&xptdk=7c255842-f20d-48ab-92a3-5960a82fc367
https://down-id.img.susercontent.com/file/sg-11134201-22100-hlhuylyi1fiv38,huawaei vky L29 normal copotan,Rp,380.000,https://deo.shopeemobile.com/shopee/modules-federation/live/0/shopee__item-card-standard-v2/0.2.8/pc/76dff349290d20891fc1.svg,2-5 Hari,https://deo.shopeemobile.com/shopee/modules-federation/live/0/shopee__item-card-standard-v2/0.2.8/pc/5dd7b4560d0e2d3190e8.svg,Kab. Pasuruan,https://down-id.img.susercontent.com/file/id-11134258-8224v-mkvw0cu9r7k1a5,,,,,,,"Scrape to BigSeller
huawaei vky L29 normal copotan
Rp
380.000
2-5 Hari
Kab. Pasuruan",https://shopee.co.id/huawaei-vky-L29-normal-copotan-i.453772462.17487239728?extraParams=%7B%22display_model_id%22%3A182670947739%2C%22model_selection_logic%22%3A3%7D&sp_atk=b99b2d26-1e56-4239-a6ab-7c4eb1207142&xptdk=b99b2d26-1e56-4239-a6ab-7c4eb1207142
https://down-id.img.susercontent.com/file/id-11134207-82250-ml7aphxve48y25,Huawei Mate 10 4/64 siap pakai,Rp,1.000.000,https://deo.shopeemobile.com/shopee/modules-federation/live/0/shopee__item-card-standard-v2/0.2.8/pc/38e203dc86172a6c6560.svg,Besok,https://deo.shopeemobile.com/shopee/modules-federation/live/0/shopee__item-card-standard-v2/0.2.8/pc/5dd7b4560d0e2d3190e8.svg,Tegal,https://down-id.img.susercontent.com/file/id-11134258-7r98w-lyezzaurybot13,https://deo.shopeemobile.com/shopee/modules-federation/live/0/shopee__item-card-standard-v2/0.2.8/pc/a425c915798471b33e5d.png,https://deo.shopeemobile.com/shopee/modules-federation/live/0/shopee__item-card-standard-v2/0.2.8/pc/0614b8f0a8fdde22942d.svg,Besok,https://deo.shopeemobile.com/shopee/modules-federation/live/0/shopee__item-card-standard-v2/0.2.8/pc/0614b8f0a8fdde22942d.svg,,,"Scrape to BigSeller
Huawei Mate 10 4/64 siap pakai
Rp
1.000.000
Besok
Tegal",https://shopee.co.id/Huawei-Mate-10-4-64-siap-pakai-i.69374066.48556536231?extraParams=%7B%22display_model_id%22%3A234655527531%2C%22model_selection_logic%22%3A3%7D&sp_atk=986c79e6-65da-471c-a85d-5beec5c0f852&xptdk=986c79e6-65da-471c-a85d-5beec5c0f852
https://down-id.img.susercontent.com/file/id-11134207-7rasb-m63qibf28d9247,Huawei Nova 5T 8/128gb Bekas (100% Original),Rp,1.700.000,https://deo.shopeemobile.com/shopee/modules-federation/live/0/shopee__item-card-standard-v2/0.2.8/pc/76dff349290d20891fc1.svg,3 Terjual,https://deo.shopeemobile.com/shopee/modules-federation/live/0/shopee__item-card-standard-v2/0.2.8/pc/5dd7b4560d0e2d3190e8.svg,Surakarta (Solo),https://down-id.img.susercontent.com/file/id-11134258-8224v-mkvw0cu9r7k1a5,https://deo.shopeemobile.com/shopee/modules-federation/live/0/shopee__item-card-standard-v2/0.2.8/pc/a425c915798471b33e5d.png,,,https://deo.shopeemobile.com/shopee/modules-federation/live/0/shopee__item-card-standard-v2/0.2.8/pc/d7099d3fd1dfdaf705ab.svg,5.0,,"Scrape to BigSeller
Huawei Nova 5T 8/128gb Bekas (100% Original)
Rp
1.700.000
5.0
3 Terjual
2-3 Hari
Surakarta (Solo)",https://shopee.co.id/Huawei-Nova-5T-8-128gb-Bekas-(100-Original)-i.101812551.18173269140?extraParams=%7B%22display_model_id%22%3A186970662586%2C%22model_selection_logic%22%3A3%7D&sp_atk=dacbb796-6c7e-4e51-8ebc-70f4e3232764&xptdk=dacbb796-6c7e-4e51-8ebc-70f4e3232764
https://down-id.img.susercontent.com/file/id-11134207-7r98o-lukgoj77kz9mb1,Huawei Nova 3i second original,Rp,1.100.000,https://deo.shopeemobile.com/shopee/modules-federation/live/0/shopee__item-card-standard-v2/0.2.8/pc/38e203dc86172a6c6560.svg,5 Terjual,https://deo.shopeemobile.com/shopee/modules-federation/live/0/shopee__item-card-standard-v2/0.2.8/pc/5dd7b4560d0e2d3190e8.svg,Jakarta Barat,https://down-id.img.susercontent.com/file/id-11134258-8224v-mkvw0cu9r7k1a5,,https://deo.shopeemobile.com/shopee/modules-federation/live/0/shopee__item-card-standard-v2/0.2.8/pc/0614b8f0a8fdde22942d.svg,Besok,https://deo.shopeemobile.com/shopee/modules-federation/live/0/shopee__item-card-standard-v2/0.2.8/pc/d7099d3fd1dfdaf705ab.svg,5.0,,"Scrape to BigSeller
Huawei Nova 3i second original
Rp
1.100.000
5.0
5 Terjual
Besok
Jakarta Barat",https://shopee.co.id/Huawei-Nova-3i-second-original-i.954669947.23658407615?extraParams=%7B%22display_model_id%22%3A235752268155%2C%22model_selection_logic%22%3A3%7D&sp_atk=21ab3d94-ec78-44b5-9634-7a3caa00ad14&xptdk=21ab3d94-ec78-44b5-9634-7a3caa00ad14
https://down-id.img.susercontent.com/file/id-11134207-8224s-mimikisfer5wce,ponsel bekas Huawei Y9s STK-L22 Ram 6GB Rom 128GB kirin 710f,Rp,1.050.000,https://deo.shopeemobile.com/shopee/modules-federation/live/0/shopee__item-card-standard-v2/0.2.8/pc/38e203dc86172a6c6560.svg,Besok,https://deo.shopeemobile.com/shopee/modules-federation/live/0/shopee__item-card-standard-v2/0.2.8/pc/5dd7b4560d0e2d3190e8.svg,Jakarta Barat,https://down-id.img.susercontent.com/file/id-11134258-822wr-mlx67rtd6r602f,https://deo.shopeemobile.com/shopee/modules-federation/live/0/shopee__item-card-standard-v2/0.2.8/pc/e4734dab67ee2f9ebd5a.png,https://deo.shopeemobile.com/shopee/modules-federation/live/0/shopee__item-card-standard-v2/0.2.8/pc/0614b8f0a8fdde22942d.svg,Besok,https://deo.shopeemobile.com/shopee/modules-federation/live/0/shopee__item-card-standard-v2/0.2.8/pc/0614b8f0a8fdde22942d.svg,,Produk Baru,"Scrape to BigSeller
ponsel bekas Huawei Y9s STK-L22 Ram 6GB Rom 128GB kirin 710f
Rp
1.050.000
Produk Baru
Besok
Jakarta Barat",https://shopee.co.id/ponsel-bekas-Huawei-Y9s-STK-L22-Ram-6GB-Rom-128GB-kirin-710f-i.1216046747.55153541468?extraParams=%7B%22display_model_id%22%3A340340122332%2C%22model_selection_logic%22%3A3%7D&sp_atk=5ab216af-b441-4e34-bcdd-dcd22f3adb4c&xptdk=5ab216af-b441-4e34-bcdd-dcd22f3adb4c
https://down-id.img.susercontent.com/file/id-11134207-81ztq-mfj95na6qx3h81,HUAWEI NOVA 5T SECOND / NOVA 5T  SECOND 8/128 [BACA DESKRIPSI],Rp,1.250.000,https://deo.shopeemobile.com/shopee/modules-federation/live/0/shopee__item-card-standard-v2/0.2.8/pc/76dff349290d20891fc1.svg,4 Terjual,https://deo.shopeemobile.com/shopee/modules-federation/live/0/shopee__item-card-standard-v2/0.2.8/pc/5dd7b4560d0e2d3190e8.svg,Kab. Bogor,https://down-id.img.susercontent.com/file/id-11134258-8224v-mkvw0cu9r7k1a5,https://deo.shopeemobile.com/shopee/modules-federation/live/0/shopee__item-card-standard-v2/0.2.8/pc/a425c915798471b33e5d.png,,,https://deo.shopeemobile.com/shopee/modules-federation/live/0/shopee__item-card-standard-v2/0.2.8/pc/d7099d3fd1dfdaf705ab.svg,5.0,,"Scrape to BigSeller
HUAWEI NOVA 5T SECOND / NOVA 5T SECOND 8/128 [BACA DESKRIPSI]
Rp
1.250.000
5.0
4 Terjual
2-3 Hari
Kab. Bogor",https://shopee.co.id/HUAWEI-NOVA-5T-SECOND-NOVA-5T-SECOND-8-128-BACA-DESKRIPSI--i.391453485.41519642266?extraParams=%7B%22display_model_id%22%3A169068056984%2C%22model_selection_logic%22%3A3%7D&sp_atk=dad577fd-884b-4128-bf1e-810daf9ce976&xptdk=dad577fd-884b-4128-bf1e-810daf9ce976
https://down-id.img.susercontent.com/file/id-11134207-822wn-mmyqy1f38e1431,Huawei P40 5G 8/128 Silver Bekas Second Prelove,Rp,3.200.000,https://deo.shopeemobile.com/shopee/modules-federation/live/0/shopee__item-card-standard-v2/0.2.8/pc/76dff349290d20891fc1.svg,4-7 Hari,https://deo.shopeemobile.com/shopee/modules-federation/live/0/shopee__item-card-standard-v2/0.2.8/pc/5dd7b4560d0e2d3190e8.svg,Depok,https://down-id.img.susercontent.com/file/id-11134258-7r98w-lyezzaurybot13,,,,,,,"Scrape to BigSeller
Huawei P40 5G 8/128 Silver Bekas Second Prelove
Rp
3.200.000
4-7 Hari
Depok",https://shopee.co.id/Huawei-P40-5G-8-128-Silver-Bekas-Second-Prelove-i.102903762.54658678457?extraParams=%7B%22display_model_id%22%3A420770713750%2C%22model_selection_logic%22%3A3%7D&sp_atk=d1c4feb9-2923-40ba-98b9-f58fcaa01c9b&xptdk=d1c4feb9-2923-40ba-98b9-f58fcaa01c9b
https://down-id.img.susercontent.com/file/id-11134207-822wj-mna8mffiez9k7f,Huawei Mate X7 16/512GB Black Garansi Resmi Indo Fullset Ori Mulus Like New Bekas Second Indonesia Hitam MateX7 Matte MatteX7 512,Rp,22.249.000,https://deo.shopeemobile.com/shopee/modules-federation/live/0/shopee__item-card-standard-v2/0.2.8/pc/38e203dc86172a6c6560.svg,Besok,https://deo.shopeemobile.com/shopee/modules-federation/live/0/shopee__item-card-standard-v2/0.2.8/pc/5dd7b4560d0e2d3190e8.svg,Jakarta Selatan,https://down-id.img.susercontent.com/file/id-11134258-8224v-mkvw0cu9r7k1a5,https://deo.shopeemobile.com/shopee/modules-federation/live/0/shopee__item-card-standard-v2/0.2.8/pc/a425c915798471b33e5d.png,https://deo.shopeemobile.com/shopee/modules-federation/live/0/shopee__item-card-standard-v2/0.2.8/pc/0614b8f0a8fdde22942d.svg,Besok,https://deo.shopeemobile.com/shopee/modules-federation/live/0/shopee__item-card-standard-v2/0.2.8/pc/0614b8f0a8fdde22942d.svg,,,"Scrape to BigSeller
Huawei Mate X7 16/512GB Black Garansi Resmi Indo Fullset Ori Mulus Like New Bekas Second Indonesia Hitam MateX7 Matte MatteX7 512
Rp
22.249.000
Besok
Jakarta Selatan",https://shopee.co.id/Huawei-Mate-X7-16-512GB-Black-Garansi-Resmi-Indo-Fullset-Ori-Mulus-Like-New-Bekas-Second-Indonesia-Hitam-MateX7-Matte-MatteX7-512-i.14056881.52959182574?extraParams=%7B%22display_model_id%22%3A267554985156%2C%22model_selection_logic%22%3A3%7D&sp_atk=c81f194e-d5fd-4714-a5d0-e47a1e36bdbf&xptdk=c81f194e-d5fd-4714-a5d0-e47a1e36bdbf
https://down-id.img.susercontent.com/file/id-11134207-822wk-mn9s1ltqomwxec,Huawei P30 Pro 8/256 Minus,Rp,2.500.000,https://deo.shopeemobile.com/shopee/modules-federation/live/0/shopee__item-card-standard-v2/0.2.8/pc/76dff349290d20891fc1.svg,4-7 Hari,https://deo.shopeemobile.com/shopee/modules-federation/live/0/shopee__item-card-standard-v2/0.2.8/pc/5dd7b4560d0e2d3190e8.svg,Kab. Kendal,https://down-id.img.susercontent.com/file/id-11134258-7r98w-lyezzaurybot13,,,,,,,"Scrape to BigSeller
Huawei P30 Pro 8/256 Minus
Rp
2.500.000
4-7 Hari
Kab. Kendal",https://shopee.co.id/Huawei-P30-Pro-8-256-Minus-i.113535326.57009149378?extraParams=%7B%22display_model_id%22%3A262553436193%2C%22model_selection_logic%22%3A3%7D&sp_atk=4f632fe6-6848-4f07-880d-e1f7b3b89e6a&xptdk=4f632fe6-6848-4f07-880d-e1f7b3b89e6a
https://down-id.img.susercontent.com/file/067b8c76aacbb1ddc0ffe4b16241686f,Huawei Nova 7 8/256 GB Ex Huawei Resmi Indonesia Second Bekas Seken Ex Pemakaian Good Condition,Rp,2.490.000,https://deo.shopeemobile.com/shopee/modules-federation/live/0/shopee__item-card-standard-v2/0.2.8/pc/76dff349290d20891fc1.svg,5 Terjual,https://deo.shopeemobile.com/shopee/modules-federation/live/0/shopee__item-card-standard-v2/0.2.8/pc/5dd7b4560d0e2d3190e8.svg,Jakarta Utara,,https://deo.shopeemobile.com/shopee/modules-federation/live/0/shopee__item-card-standard-v2/0.2.8/pc/e4734dab67ee2f9ebd5a.png,,,https://deo.shopeemobile.com/shopee/modules-federation/live/0/shopee__item-card-standard-v2/0.2.8/pc/d7099d3fd1dfdaf705ab.svg,5.0,,"Scrape to BigSeller
Huawei Nova 7 8/256 GB Ex Huawei Resmi Indonesia Second Bekas Seken Ex Pemakaian Good Condition
Rp
2.490.000
5.0
5 Terjual
2-3 Hari
Jakarta Utara",https://shopee.co.id/Huawei-Nova-7-8-256-GB-Ex-Huawei-Resmi-Indonesia-Second-Bekas-Seken-Ex-Pemakaian-Good-Condition-i.304735900.3280845623?extraParams=%7B%22display_model_id%22%3A253509805726%2C%22model_selection_logic%22%3A3%7D&sp_atk=9e8ca2a3-0296-4dcd-820e-396fbb57458e&xptdk=9e8ca2a3-0296-4dcd-820e-396fbb57458e
https://down-id.img.susercontent.com/file/id-11134207-7r98z-lz1rqzfi3cv26a,HUAWEI NOVA 5T SECOND 8/128 GB HP SECOND HANDPHONE SECOND HP SEKEN HP BEKAS HP MURAH,Rp,1.800.000,https://deo.shopeemobile.com/shopee/modules-federation/live/0/shopee__item-card-standard-v2/0.2.8/pc/38e203dc86172a6c6560.svg,17 Terjual,https://deo.shopeemobile.com/shopee/modules-federation/live/0/shopee__item-card-standard-v2/0.2.8/pc/5dd7b4560d0e2d3190e8.svg,Kab. Bogor,https://down-id.img.susercontent.com/file/id-11134258-822wr-mlx67rtd6r602f,https://deo.shopeemobile.com/shopee/modules-federation/live/0/shopee__item-card-standard-v2/0.2.8/pc/a425c915798471b33e5d.png,https://deo.shopeemobile.com/shopee/modules-federation/live/0/shopee__item-card-standard-v2/0.2.8/pc/0614b8f0a8fdde22942d.svg,Besok,https://deo.shopeemobile.com/shopee/modules-federation/live/0/shopee__item-card-standard-v2/0.2.8/pc/d7099d3fd1dfdaf705ab.svg,4.0,,"Scrape to BigSeller
HUAWEI NOVA 5T SECOND 8/128 GB HP SECOND HANDPHONE SECOND HP SEKEN HP BEKAS HP MURAH
Rp
1.800.000
4.0
17 Terjual
Besok
Kab. Bogor",https://shopee.co.id/HUAWEI-NOVA-5T-SECOND-8-128-GB-HP-SECOND-HANDPHONE-SECOND-HP-SEKEN-HP-BEKAS-HP-MURAH-i.119246735.7008086551?extraParams=%7B%22display_model_id%22%3A256396527720%2C%22model_selection_logic%22%3A3%7D&sp_atk=90be3df8-62c8-4fc7-8c74-f83ddcca5bb2&xptdk=90be3df8-62c8-4fc7-8c74-f83ddcca5bb2
https://down-id.img.susercontent.com/file/id-11134207-7rbk5-m8bbxh5x11chfd,HP Huawei Y6II Normal Second Normal Siap Pakai,Rp,500.000,https://deo.shopeemobile.com/shopee/modules-federation/live/0/shopee__item-card-standard-v2/0.2.8/pc/76dff349290d20891fc1.svg,1 Terjual,https://deo.shopeemobile.com/shopee/modules-federation/live/0/shopee__item-card-standard-v2/0.2.8/pc/5dd7b4560d0e2d3190e8.svg,Makassar,https://down-id.img.susercontent.com/file/id-11134258-8224v-mkvw0cu9r7k1a5,https://deo.shopeemobile.com/shopee/modules-federation/live/0/shopee__item-card-standard-v2/0.2.8/pc/a425c915798471b33e5d.png,,,https://deo.shopeemobile.com/shopee/modules-federation/live/0/shopee__item-card-standard-v2/0.2.8/pc/d7099d3fd1dfdaf705ab.svg,5.0,,"Scrape to BigSeller
HP Huawei Y6II Normal Second Normal Siap Pakai
Rp
500.000
5.0
1 Terjual
9-19 Hari
Makassar",https://shopee.co.id/HP-Huawei-Y6II-Normal-Second-Normal-Siap-Pakai-i.1098399642.29710496015?extraParams=%7B%22display_model_id%22%3A148781627871%2C%22model_selection_logic%22%3A3%7D&sp_atk=a08cf3cb-36bb-4ee2-b8fc-70636a02e443&xptdk=a08cf3cb-36bb-4ee2-b8fc-70636a02e443
https://down-id.img.susercontent.com/file/id-11134207-8224q-mgncyrd2h6a418,huawei mate 20x original copotan,Rp,75.000,https://deo.shopeemobile.com/shopee/modules-federation/live/0/shopee__item-card-standard-v2/0.2.8/pc/38e203dc86172a6c6560.svg,Besok,https://deo.shopeemobile.com/shopee/modules-federation/live/0/shopee__item-card-standard-v2/0.2.8/pc/5dd7b4560d0e2d3190e8.svg,Tegal,https://down-id.img.susercontent.com/file/id-11134258-7r98w-lyezzaurybot13,https://deo.shopeemobile.com/shopee/modules-federation/live/0/shopee__item-card-standard-v2/0.2.8/pc/a425c915798471b33e5d.png,https://deo.shopeemobile.com/shopee/modules-federation/live/0/shopee__item-card-standard-v2/0.2.8/pc/0614b8f0a8fdde22942d.svg,Besok,https://deo.shopeemobile.com/shopee/modules-federation/live/0/shopee__item-card-standard-v2/0.2.8/pc/0614b8f0a8fdde22942d.svg,,,"Scrape to BigSeller
huawei mate 20x original copotan
Rp
75.000
Besok
Tegal",https://shopee.co.id/huawei-mate-20x-original-copotan-i.69374066.53950801383?extraParams=%7B%22display_model_id%22%3A345071806559%2C%22model_selection_logic%22%3A3%7D&sp_atk=22238ae1-4606-45c5-871d-fbb3d1a39302&xptdk=22238ae1-4606-45c5-871d-fbb3d1a39302
https://down-id.img.susercontent.com/file/id-11134207-822wo-mlomp3t3pgr3bb,Huawei P50 Pro 8/256 Bekas Second,Rp,5.200.000,https://deo.shopeemobile.com/shopee/modules-federation/live/0/shopee__item-card-standard-v2/0.2.8/pc/76dff349290d20891fc1.svg,5-8 Hari,https://deo.shopeemobile.com/shopee/modules-federation/live/0/shopee__item-card-standard-v2/0.2.8/pc/5dd7b4560d0e2d3190e8.svg,Banjarmasin,https://down-id.img.susercontent.com/file/id-11134258-7r98w-lyezzaurybot13,,,,,,,"Scrape to BigSeller
Huawei P50 Pro 8/256 Bekas Second
Rp
5.200.000
5-8 Hari
Banjarmasin",https://shopee.co.id/Huawei-P50-Pro-8-256-Bekas-Second-i.6312507.57557061162?extraParams=%7B%22display_model_id%22%3A375629805640%2C%22model_selection_logic%22%3A3%7D&sp_atk=6fdf8d7c-32df-4c0b-b037-da24a920b111&xptdk=6fdf8d7c-32df-4c0b-b037-da24a920b111
https://down-id.img.susercontent.com/file/id-11134207-7r992-lz1ru0ccpnns4a,HUAWEI NOVA 5T SECOND 8/128GB HANDPHONE SECOND HP SEKEN HP BEKAS HP MURAH,Rp,1.800.000,https://deo.shopeemobile.com/shopee/modules-federation/live/0/shopee__item-card-standard-v2/0.2.8/pc/76dff349290d20891fc1.svg,13 Terjual,https://deo.shopeemobile.com/shopee/modules-federation/live/0/shopee__item-card-standard-v2/0.2.8/pc/5dd7b4560d0e2d3190e8.svg,Kab. Bogor,https://down-id.img.susercontent.com/file/id-11134258-822wr-mlx67rtd6r602f,https://deo.shopeemobile.com/shopee/modules-federation/live/0/shopee__item-card-standard-v2/0.2.8/pc/e4734dab67ee2f9ebd5a.png,,,https://deo.shopeemobile.com/shopee/modules-federation/live/0/shopee__item-card-standard-v2/0.2.8/pc/d7099d3fd1dfdaf705ab.svg,4.8,Cicilan,"Scrape to BigSeller
HUAWEI NOVA 5T SECOND 8/128GB HANDPHONE SECOND HP SEKEN HP BEKAS HP MURAH
Rp
1.800.000
Cicilan
4.8
13 Terjual
2-3 Hari
Kab. Bogor",https://shopee.co.id/HUAWEI-NOVA-5T-SECOND-8-128GB-HANDPHONE-SECOND-HP-SEKEN-HP-BEKAS-HP-MURAH-i.15939657.7776505820?extraParams=%7B%22display_model_id%22%3A205316387764%2C%22model_selection_logic%22%3A3%7D&sp_atk=8ba11dd3-5b58-4690-887d-3b692142cbf9&xptdk=8ba11dd3-5b58-4690-887d-3b692142cbf9
https://down-id.img.susercontent.com/file/eea1b0de2be0da3fb816583601750400,Huawei P20 Pro second - bekas 6gb ram 128gb Rom original,Rp,1.999.000,https://deo.shopeemobile.com/shopee/modules-federation/live/0/shopee__item-card-standard-v2/0.2.8/pc/76dff349290d20891fc1.svg,40 Terjual,https://deo.shopeemobile.com/shopee/modules-federation/live/0/shopee__item-card-standard-v2/0.2.8/pc/5dd7b4560d0e2d3190e8.svg,Kab. Kulon Progo,,,,,https://deo.shopeemobile.com/shopee/modules-federation/live/0/shopee__item-card-standard-v2/0.2.8/pc/d7099d3fd1dfdaf705ab.svg,4.8,Cicilan,"Scrape to BigSeller
Huawei P20 Pro second - bekas 6gb ram 128gb Rom original
Rp
1.999.000
Cicilan
4.8
40 Terjual
2-3 Hari
Kab. Kulon Progo",https://shopee.co.id/Huawei-P20-Pro-second-bekas-6gb-ram-128gb-Rom-original-i.34341683.2376534263?extraParams=%7B%22display_model_id%22%3A211559701329%2C%22model_selection_logic%22%3A3%7D&sp_atk=27c2f5be-dd64-4580-a09a-d720a7ac1c99&xptdk=27c2f5be-dd64-4580-a09a-d720a7ac1c99
https://down-id.img.susercontent.com/file/id-11134207-822wl-mmfur37ya5fnc5,HUAWEI P40 8/256 SECOND INTER,Rp,2.599.000,https://deo.shopeemobile.com/shopee/modules-federation/live/0/shopee__item-card-standard-v2/0.2.8/pc/76dff349290d20891fc1.svg,4-7 Hari,https://deo.shopeemobile.com/shopee/modules-federation/live/0/shopee__item-card-standard-v2/0.2.8/pc/5dd7b4560d0e2d3190e8.svg,Kab. Sumedang,https://down-id.img.susercontent.com/file/id-11134258-7r98w-lyezzaurybot13,,,,,,,"Scrape to BigSeller
HUAWEI P40 8/256 SECOND INTER
Rp
2.599.000
4-7 Hari
Kab. Sumedang",https://shopee.co.id/HUAWEI-P40-8-256-SECOND-INTER-i.765444977.45557971125?extraParams=%7B%22display_model_id%22%3A320706431193%2C%22model_selection_logic%22%3A3%7D&sp_atk=3d04bedc-4ee4-407c-bd34-a9d14c185d9e&xptdk=3d04bedc-4ee4-407c-bd34-a9d14c185d9e
https://down-id.img.susercontent.com/file/id-11134207-8224y-mi0drzfd1u6c8e,HUAWEI P20 PRO 6/128 INTER SECEND NORMAL,Rp,1.100.000,https://deo.shopeemobile.com/shopee/modules-federation/live/0/shopee__item-card-standard-v2/0.2.8/pc/76dff349290d20891fc1.svg,4-7 Hari,https://deo.shopeemobile.com/shopee/modules-federation/live/0/shopee__item-card-standard-v2/0.2.8/pc/5dd7b4560d0e2d3190e8.svg,Serang,https://down-id.img.susercontent.com/file/id-11134258-7r98w-lyezzaurybot13,,,,,,,"Scrape to BigSeller
HUAWEI P20 PRO 6/128 INTER SECEND NORMAL
Rp
1.100.000
4-7 Hari
Serang",https://shopee.co.id/HUAWEI-P20-PRO-6-128-INTER-SECEND-NORMAL-i.1669377235.45102801291?extraParams=%7B%22display_model_id%22%3A370268829166%2C%22model_selection_logic%22%3A3%7D&sp_atk=fbdfe292-c81c-42a1-b161-f69646ec5b64&xptdk=fbdfe292-c81c-42a1-b161-f69646ec5b64
https://down-id.img.susercontent.com/file/id-11134207-822wr-mlcy9pidpyir44,HUAWEI P30 PRO SECOND / P30 PRO SECOND 8/256 [BACA DESKRIPSI],Rp,2.000.000,https://deo.shopeemobile.com/shopee/modules-federation/live/0/shopee__item-card-standard-v2/0.2.8/pc/38e203dc86172a6c6560.svg,14 Terjual,https://deo.shopeemobile.com/shopee/modules-federation/live/0/shopee__item-card-standard-v2/0.2.8/pc/5dd7b4560d0e2d3190e8.svg,Kab. Bogor,https://down-id.img.susercontent.com/file/id-11134258-822wr-mlx67rtd6r602f,https://deo.shopeemobile.com/shopee/modules-federation/live/0/shopee__item-card-standard-v2/0.2.8/pc/a425c915798471b33e5d.png,https://deo.shopeemobile.com/shopee/modules-federation/live/0/shopee__item-card-standard-v2/0.2.8/pc/0614b8f0a8fdde22942d.svg,Besok,https://deo.shopeemobile.com/shopee/modules-federation/live/0/shopee__item-card-standard-v2/0.2.8/pc/d7099d3fd1dfdaf705ab.svg,4.9,,"Scrape to BigSeller
HUAWEI P30 PRO SECOND / P30 PRO SECOND 8/256 [BACA DESKRIPSI]
Rp
2.000.000
4.9
14 Terjual
Besok
Kab. Bogor",https://shopee.co.id/HUAWEI-P30-PRO-SECOND-P30-PRO-SECOND-8-256-BACA-DESKRIPSI--i.119246735.41551676358?extraParams=%7B%22display_model_id%22%3A390533416211%2C%22model_selection_logic%22%3A3%7D&sp_atk=dd7427d5-25ec-4978-b8fd-d243518148bc&xptdk=dd7427d5-25ec-4978-b8fd-d243518148bc
https://down-id.img.susercontent.com/file/id-11134207-8224v-mfwmvwkn9u6h34,HUAWEI NOVA 13 PRO 12/512GB RESMI INDONESIA SECOND MULUS TERAWAT,Rp,6.299.000,https://deo.shopeemobile.com/shopee/modules-federation/live/0/shopee__item-card-standard-v2/0.2.8/pc/38e203dc86172a6c6560.svg,4 Terjual,https://deo.shopeemobile.com/shopee/modules-federation/live/0/shopee__item-card-standard-v2/0.2.8/pc/5dd7b4560d0e2d3190e8.svg,Kab. Sidoarjo,https://down-id.img.susercontent.com/file/id-11134258-8224v-mkvw0cu9r7k1a5,https://deo.shopeemobile.com/shopee/modules-federation/live/0/shopee__item-card-standard-v2/0.2.8/pc/e4734dab67ee2f9ebd5a.png,https://deo.shopeemobile.com/shopee/modules-federation/live/0/shopee__item-card-standard-v2/0.2.8/pc/0614b8f0a8fdde22942d.svg,3 jam,https://deo.shopeemobile.com/shopee/modules-federation/live/0/shopee__item-card-standard-v2/0.2.8/pc/d7099d3fd1dfdaf705ab.svg,5.0,,"Scrape to BigSeller
HUAWEI NOVA 13 PRO 12/512GB RESMI INDONESIA SECOND MULUS TERAWAT
Rp
6.299.000
5.0
4 Terjual
3 jam
Kab. Sidoarjo",https://shopee.co.id/HUAWEI-NOVA-13-PRO-12-512GB-RESMI-INDONESIA-SECOND-MULUS-TERAWAT-i.309409025.28543030405?extraParams=%7B%22display_model_id%22%3A281989458518%2C%22model_selection_logic%22%3A3%7D&sp_atk=726c4154-55cc-43b6-92eb-cd1b6afef723&xptdk=726c4154-55cc-43b6-92eb-cd1b6afef723
https://down-id.img.susercontent.com/file/6d65426916ce035a54fa51dd36c340d4,Huawei p30 seken second bekas 128gb Rom 8gb ram original fullset,Rp,2.250.000,https://deo.shopeemobile.com/shopee/modules-federation/live/0/shopee__item-card-standard-v2/0.2.8/pc/38e203dc86172a6c6560.svg,73 Terjual,https://deo.shopeemobile.com/shopee/modules-federation/live/0/shopee__item-card-standard-v2/0.2.8/pc/5dd7b4560d0e2d3190e8.svg,Kab. Kulon Progo,,,https://deo.shopeemobile.com/shopee/modules-federation/live/0/shopee__item-card-standard-v2/0.2.8/pc/0614b8f0a8fdde22942d.svg,Besok,https://deo.shopeemobile.com/shopee/modules-federation/live/0/shopee__item-card-standard-v2/0.2.8/pc/d7099d3fd1dfdaf705ab.svg,4.5,Cicilan,"Scrape to BigSeller
Huawei p30 seken second bekas 128gb Rom 8gb ram original fullset
Rp
2.250.000
Cicilan
4.5
73 Terjual
Besok
Kab. Kulon Progo",https://shopee.co.id/Huawei-p30-seken-second-bekas-128gb-Rom-8gb-ram-original-fullset-i.34341683.6633181590?extraParams=%7B%22display_model_id%22%3A68531086663%2C%22model_selection_logic%22%3A3%7D&sp_atk=34abbf3d-a6f6-4d24-aa15-2c283dad263b&xptdk=34abbf3d-a6f6-4d24-aa15-2c283dad263b
https://down-id.img.susercontent.com/file/id-11134207-8224t-miqxdbqmew3o1c,Handphone second normal Huawei nova 13 Pro 12+512GB Original,Rp,5.500.000,https://deo.shopeemobile.com/shopee/modules-federation/live/0/shopee__item-card-standard-v2/0.2.8/pc/76dff349290d20891fc1.svg,2-6 Hari,https://deo.shopeemobile.com/shopee/modules-federation/live/0/shopee__item-card-standard-v2/0.2.8/pc/5dd7b4560d0e2d3190e8.svg,Jakarta Pusat,https://down-id.img.susercontent.com/file/id-11134258-8224v-mkvw0cu9r7k1a5,,,,,,Produk Baru,"Scrape to BigSeller
Handphone second normal Huawei nova 13 Pro 12+512GB Original
Rp
5.500.000
Produk Baru
2-6 Hari
Jakarta Pusat",https://shopee.co.id/Handphone-second-normal-Huawei-nova-13-Pro-12-512GB-Original-i.809657994.43777596886?extraParams=%7B%22display_model_id%22%3A365362000161%2C%22model_selection_logic%22%3A3%7D&sp_atk=d7bf8fa9-5fe1-4893-ad78-6f95d35f4a3d&xptdk=d7bf8fa9-5fe1-4893-ad78-6f95d35f4a3d
https://down-id.img.susercontent.com/file/id-11134207-7ras9-m2icl7bgy07e57,Huawei Nova 9 8/256 GB Garansi Resmi Indonesia Second Bekas Original,Rp,2.990.000,https://deo.shopeemobile.com/shopee/modules-federation/live/0/shopee__item-card-standard-v2/0.2.8/pc/38e203dc86172a6c6560.svg,5 Terjual,https://deo.shopeemobile.com/shopee/modules-federation/live/0/shopee__item-card-standard-v2/0.2.8/pc/5dd7b4560d0e2d3190e8.svg,Jakarta Utara,,https://deo.shopeemobile.com/shopee/modules-federation/live/0/shopee__item-card-standard-v2/0.2.8/pc/e4734dab67ee2f9ebd5a.png,https://deo.shopeemobile.com/shopee/modules-federation/live/0/shopee__item-card-standard-v2/0.2.8/pc/0614b8f0a8fdde22942d.svg,Besok,https://deo.shopeemobile.com/shopee/modules-federation/live/0/shopee__item-card-standard-v2/0.2.8/pc/d7099d3fd1dfdaf705ab.svg,5.0,,"Scrape to BigSeller
Huawei Nova 9 8/256 GB Garansi Resmi Indonesia Second Bekas Original
Rp
2.990.000
5.0
5 Terjual
Besok
Jakarta Utara",https://shopee.co.id/Huawei-Nova-9-8-256-GB-Garansi-Resmi-Indonesia-Second-Bekas-Original-i.304735900.27567396927?extraParams=%7B%22display_model_id%22%3A217969902325%2C%22model_selection_logic%22%3A3%7D&sp_atk=ac3e12d4-7054-4fcd-abc8-e92e7ed6a6c6&xptdk=ac3e12d4-7054-4fcd-abc8-e92e7ed6a6c6
https://down-id.img.susercontent.com/file/id-11134207-822ws-mlcy9pidzshv69,HUAWEI NOVA 7 SECOND / NOVA 7 SECOND 8/256 [BACA DESKRIPSI],Rp,1.600.000,https://deo.shopeemobile.com/shopee/modules-federation/live/0/shopee__item-card-standard-v2/0.2.8/pc/76dff349290d20891fc1.svg,4 Terjual,https://deo.shopeemobile.com/shopee/modules-federation/live/0/shopee__item-card-standard-v2/0.2.8/pc/5dd7b4560d0e2d3190e8.svg,Kab. Bogor,https://down-id.img.susercontent.com/file/id-11134258-822wr-mlx67rtd6r602f,https://deo.shopeemobile.com/shopee/modules-federation/live/0/shopee__item-card-standard-v2/0.2.8/pc/a425c915798471b33e5d.png,,,https://deo.shopeemobile.com/shopee/modules-federation/live/0/shopee__item-card-standard-v2/0.2.8/pc/d7099d3fd1dfdaf705ab.svg,5.0,,"Scrape to BigSeller
HUAWEI NOVA 7 SECOND / NOVA 7 SECOND 8/256 [BACA DESKRIPSI]
Rp
1.600.000
5.0
4 Terjual
2-3 Hari
Kab. Bogor",https://shopee.co.id/HUAWEI-NOVA-7-SECOND-NOVA-7-SECOND-8-256-BACA-DESKRIPSI--i.119246735.29782638685?extraParams=%7B%22display_model_id%22%3A253619450821%2C%22model_selection_logic%22%3A3%7D&sp_atk=48835296-9a15-4b56-9d0b-be2b27c2a7a2&xptdk=48835296-9a15-4b56-9d0b-be2b27c2a7a2
https://down-id.img.susercontent.com/file/id-11134207-822wn-mn9hs26shhqea5,Huawei P40 Pro 8/256 GB Resmi Indonesia Second Ori (Baca Deskripsi),Rp,2.975.000,https://deo.shopeemobile.com/shopee/modules-federation/live/0/shopee__item-card-standard-v2/0.2.8/pc/38e203dc86172a6c6560.svg,Besok,https://deo.shopeemobile.com/shopee/modules-federation/live/0/shopee__item-card-standard-v2/0.2.8/pc/5dd7b4560d0e2d3190e8.svg,Jakarta Utara,https://down-id.img.susercontent.com/file/id-11134258-7r98w-lyezzaurybot13,https://deo.shopeemobile.com/shopee/modules-federation/live/0/shopee__item-card-standard-v2/0.2.8/pc/a425c915798471b33e5d.png,https://deo.shopeemobile.com/shopee/modules-federation/live/0/shopee__item-card-standard-v2/0.2.8/pc/0614b8f0a8fdde22942d.svg,Besok,https://deo.shopeemobile.com/shopee/modules-federation/live/0/shopee__item-card-standard-v2/0.2.8/pc/0614b8f0a8fdde22942d.svg,,,"Scrape to BigSeller
Huawei P40 Pro 8/256 GB Resmi Indonesia Second Ori (Baca Deskripsi)
Rp
2.975.000
Besok
Jakarta Utara",https://shopee.co.id/Huawei-P40-Pro-8-256-GB-Resmi-Indonesia-Second-Ori-(Baca-Deskripsi)-i.1563349780.47509149612?extraParams=%7B%22display_model_id%22%3A340809163402%2C%22model_selection_logic%22%3A3%7D&sp_atk=799f1db1-80d2-4c00-9efc-7dd0d1c17383&xptdk=799f1db1-80d2-4c00-9efc-7dd0d1c17383
https://down-id.img.susercontent.com/file/id-11134207-7r98r-m02ucgflsdf6a1,Huawei P30 Pro 8/256 GB Garansi Huawei Resmi Indonesia Second Bekas Asli,Rp,2.990.000,https://deo.shopeemobile.com/shopee/modules-federation/live/0/shopee__item-card-standard-v2/0.2.8/pc/38e203dc86172a6c6560.svg,6 Terjual,https://deo.shopeemobile.com/shopee/modules-federation/live/0/shopee__item-card-standard-v2/0.2.8/pc/5dd7b4560d0e2d3190e8.svg,Jakarta Utara,,https://deo.shopeemobile.com/shopee/modules-federation/live/0/shopee__item-card-standard-v2/0.2.8/pc/e4734dab67ee2f9ebd5a.png,https://deo.shopeemobile.com/shopee/modules-federation/live/0/shopee__item-card-standard-v2/0.2.8/pc/0614b8f0a8fdde22942d.svg,Besok,https://deo.shopeemobile.com/shopee/modules-federation/live/0/shopee__item-card-standard-v2/0.2.8/pc/d7099d3fd1dfdaf705ab.svg,4.3,,"Scrape to BigSeller
Huawei P30 Pro 8/256 GB Garansi Huawei Resmi Indonesia Second Bekas Asli
Rp
2.990.000
4.3
6 Terjual
Besok
Jakarta Utara",https://shopee.co.id/Huawei-P30-Pro-8-256-GB-Garansi-Huawei-Resmi-Indonesia-Second-Bekas-Asli-i.304735900.22554267934?extraParams=%7B%22display_model_id%22%3A405515152330%2C%22model_selection_logic%22%3A3%7D&sp_atk=ca620962-2f04-416f-a226-ac7d6abf9515&xptdk=ca620962-2f04-416f-a226-ac7d6abf9515
https://down-id.img.susercontent.com/file/id-11134207-8224o-mjxvy1coq7eq8b,HUAWEI MATE 30 PRO SECOND / MATE 30 PRO SECOND 8/256 [BACA DESKRIPSI],Rp,2.400.000,https://deo.shopeemobile.com/shopee/modules-federation/live/0/shopee__item-card-standard-v2/0.2.8/pc/38e203dc86172a6c6560.svg,Besok,https://deo.shopeemobile.com/shopee/modules-federation/live/0/shopee__item-card-standard-v2/0.2.8/pc/5dd7b4560d0e2d3190e8.svg,Kab. Bogor,https://down-id.img.susercontent.com/file/id-11134258-8224v-mkvw0cu9r7k1a5,https://deo.shopeemobile.com/shopee/modules-federation/live/0/shopee__item-card-standard-v2/0.2.8/pc/a425c915798471b33e5d.png,https://deo.shopeemobile.com/shopee/modules-federation/live/0/shopee__item-card-standard-v2/0.2.8/pc/0614b8f0a8fdde22942d.svg,Besok,https://deo.shopeemobile.com/shopee/modules-federation/live/0/shopee__item-card-standard-v2/0.2.8/pc/0614b8f0a8fdde22942d.svg,,,"Scrape to BigSeller
HUAWEI MATE 30 PRO SECOND / MATE 30 PRO SECOND 8/256 [BACA DESKRIPSI]
Rp
2.400.000
Besok
Kab. Bogor",https://shopee.co.id/HUAWEI-MATE-30-PRO-SECOND-MATE-30-PRO-SECOND-8-256-BACA-DESKRIPSI--i.391453485.43473522567?extraParams=%7B%22display_model_id%22%3A435574531032%2C%22model_selection_logic%22%3A3%7D&sp_atk=e356f426-60fc-4f42-aad8-9d56e6e4005b&xptdk=e356f426-60fc-4f42-aad8-9d56e6e4005b
https://down-id.img.susercontent.com/file/a8396de0adb8525df83ae5e281702254,HUAWEI P20 PRO 6/128 SECOND FULLSET ORI,Rp,3.000.000,https://deo.shopeemobile.com/shopee/modules-federation/live/0/shopee__item-card-standard-v2/0.2.8/pc/76dff349290d20891fc1.svg,5-13 Hari,https://deo.shopeemobile.com/shopee/modules-federation/live/0/shopee__item-card-standard-v2/0.2.8/pc/5dd7b4560d0e2d3190e8.svg,Padang,,,,,,,,"Scrape to BigSeller
HUAWEI P20 PRO 6/128 SECOND FULLSET ORI
Rp
3.000.000
5-13 Hari
Padang",https://shopee.co.id/HUAWEI-P20-PRO-6-128-SECOND-FULLSET-ORI-i.497024586.13107309655?extraParams=%7B%22display_model_id%22%3A67260847936%2C%22model_selection_logic%22%3A3%7D&sp_atk=a348a19c-ed04-42fe-8791-6f20cc80f396&xptdk=a348a19c-ed04-42fe-8791-6f20cc80f396
https://down-id.img.susercontent.com/file/id-11134207-7r98r-lor226i8kgkwd8,HUAWEI P30 LITE bekas 100% ori,Rp,1.465.000,https://deo.shopeemobile.com/shopee/modules-federation/live/0/shopee__item-card-standard-v2/0.2.8/pc/76dff349290d20891fc1.svg,8 Terjual,https://deo.shopeemobile.com/shopee/modules-federation/live/0/shopee__item-card-standard-v2/0.2.8/pc/5dd7b4560d0e2d3190e8.svg,Tangerang,https://down-id.img.susercontent.com/file/id-11134258-822wr-mlx67rtd6r602f,https://deo.shopeemobile.com/shopee/modules-federation/live/0/shopee__item-card-standard-v2/0.2.8/pc/a425c915798471b33e5d.png,,,https://deo.shopeemobile.com/shopee/modules-federation/live/0/shopee__item-card-standard-v2/0.2.8/pc/d7099d3fd1dfdaf705ab.svg,5.0,,"Scrape to BigSeller
HUAWEI P30 LITE bekas 100% ori
Rp
1.465.000
5.0
8 Terjual
5-7 Hari
Tangerang",https://shopee.co.id/HUAWEI-P30-LITE-bekas-100-ori-i.614116999.22061995810?extraParams=%7B%22display_model_id%22%3A207184662576%2C%22model_selection_logic%22%3A3%7D&sp_atk=b114cbbb-4939-413b-a337-c20ca8552681&xptdk=b114cbbb-4939-413b-a337-c20ca8552681
https://down-id.img.susercontent.com/file/id-11134207-822wt-mmr8ezeug4cod0,Huawei P50 Pro Ram 8/256GB Second Fullset Original Bekas Resmi,Rp,4.750.000,https://deo.shopeemobile.com/shopee/modules-federation/live/0/shopee__item-card-standard-v2/0.2.8/pc/76dff349290d20891fc1.svg,1 Terjual,https://deo.shopeemobile.com/shopee/modules-federation/live/0/shopee__item-card-standard-v2/0.2.8/pc/5dd7b4560d0e2d3190e8.svg,Medan,https://down-id.img.susercontent.com/file/id-11134258-7r98w-lyezzaurybot13,,,,https://deo.shopeemobile.com/shopee/modules-federation/live/0/shopee__item-card-standard-v2/0.2.8/pc/d7099d3fd1dfdaf705ab.svg,4.0,,"Scrape to BigSeller
Huawei P50 Pro Ram 8/256GB Second Fullset Original Bekas Resmi
Rp
4.750.000
4.0
1 Terjual
3-6 Hari
Medan",https://shopee.co.id/Huawei-P50-Pro-Ram-8-256GB-Second-Fullset-Original-Bekas-Resmi-i.63039400.28920821021?extraParams=%7B%22display_model_id%22%3A218068150551%2C%22model_selection_logic%22%3A3%7D&sp_atk=e83a81fd-b6ac-470b-89d6-4c260e8f8a7c&xptdk=e83a81fd-b6ac-470b-89d6-4c260e8f8a7c
https://down-id.img.susercontent.com/file/e7152df525815f459e0430d888f9eb90,Huawei y32 second batangan,Rp,900.000,https://deo.shopeemobile.com/shopee/modules-federation/live/0/shopee__item-card-standard-v2/0.2.8/pc/76dff349290d20891fc1.svg,9-15 Hari,https://deo.shopeemobile.com/shopee/modules-federation/live/0/shopee__item-card-standard-v2/0.2.8/pc/5dd7b4560d0e2d3190e8.svg,Kab. Garut,,,,,,,Cicilan,"Scrape to BigSeller
Huawei y32 second batangan
Rp
900.000
Cicilan
9-15 Hari
Kab. Garut",https://shopee.co.id/Huawei-y32-second-batangan-i.172441774.5323130372?extraParams=%7B%22display_model_id%22%3A52628186727%2C%22model_selection_logic%22%3A3%7D&sp_atk=59ef8499-6465-4419-951f-606f8f89c5a5&xptdk=59ef8499-6465-4419-951f-606f8f89c5a5
https://down-id.img.susercontent.com/file/id-11134207-822wp-mn3008ux3jt0ae,Huawei P30 Pro 8/256 GB Second Bekas Pakai Garansi Resmi Indonesia,Rp,3.000.000,https://deo.shopeemobile.com/shopee/modules-federation/live/0/shopee__item-card-standard-v2/0.2.8/pc/76dff349290d20891fc1.svg,2-3 Hari,https://deo.shopeemobile.com/shopee/modules-federation/live/0/shopee__item-card-standard-v2/0.2.8/pc/5dd7b4560d0e2d3190e8.svg,Jakarta Pusat,https://down-id.img.susercontent.com/file/id-11134258-8224v-mkvw0cu9r7k1a5,https://deo.shopeemobile.com/shopee/modules-federation/live/0/shopee__item-card-standard-v2/0.2.8/pc/a425c915798471b33e5d.png,,,,,,"Scrape to BigSeller
Huawei P30 Pro 8/256 GB Second Bekas Pakai Garansi Resmi Indonesia
Rp
3.000.000
2-3 Hari
Jakarta Pusat",https://shopee.co.id/Huawei-P30-Pro-8-256-GB-Second-Bekas-Pakai-Garansi-Resmi-Indonesia-i.154665067.57608423128?extraParams=%7B%22display_model_id%22%3A365747997785%2C%22model_selection_logic%22%3A3%7D&sp_atk=407ca4d5-e4e4-4db9-bec1-0dd8f444f53c&xptdk=407ca4d5-e4e4-4db9-bec1-0dd8f444f53c
https://down-id.img.susercontent.com/file/id-11134207-81zti-mes9f9lbzk7495,HUAWEI NOVA 7 SECOND 8/256 [BACA DESKRIPSI],Rp,1.600.000,https://deo.shopeemobile.com/shopee/modules-federation/live/0/shopee__item-card-standard-v2/0.2.8/pc/76dff349290d20891fc1.svg,2-3 Hari,https://deo.shopeemobile.com/shopee/modules-federation/live/0/shopee__item-card-standard-v2/0.2.8/pc/5dd7b4560d0e2d3190e8.svg,Kab. Bogor,https://down-id.img.susercontent.com/file/id-11134258-8224v-mkvw0cu9r7k1a5,https://deo.shopeemobile.com/shopee/modules-federation/live/0/shopee__item-card-standard-v2/0.2.8/pc/a425c915798471b33e5d.png,,,,,,"Scrape to BigSeller
HUAWEI NOVA 7 SECOND 8/256 [BACA DESKRIPSI]
Rp
1.600.000
2-3 Hari
Kab. Bogor",https://shopee.co.id/HUAWEI-NOVA-7-SECOND-8-256-BACA-DESKRIPSI--i.391453485.41169647860?extraParams=%7B%22display_model_id%22%3A266608125683%2C%22model_selection_logic%22%3A3%7D&sp_atk=78fd381f-20e5-4f94-b964-32865ce2b793&xptdk=78fd381f-20e5-4f94-b964-32865ce2b793
https://down-id.img.susercontent.com/file/a39765d49582b8c0ff31a7eacf00b556,Huawei mate 20 pro mate 20x 128gb second bekas original,Rp,2.350.000,https://deo.shopeemobile.com/shopee/modules-federation/live/0/shopee__item-card-standard-v2/0.2.8/pc/38e203dc86172a6c6560.svg,75 Terjual,https://deo.shopeemobile.com/shopee/modules-federation/live/0/shopee__item-card-standard-v2/0.2.8/pc/5dd7b4560d0e2d3190e8.svg,Kab. Kulon Progo,,,https://deo.shopeemobile.com/shopee/modules-federation/live/0/shopee__item-card-standard-v2/0.2.8/pc/0614b8f0a8fdde22942d.svg,Besok,https://deo.shopeemobile.com/shopee/modules-federation/live/0/shopee__item-card-standard-v2/0.2.8/pc/d7099d3fd1dfdaf705ab.svg,4.4,Cicilan,"Scrape to BigSeller
Huawei mate 20 pro mate 20x 128gb second bekas original
Rp
2.350.000
Cicilan
4.4
75 Terjual
Besok
Kab. Kulon Progo",https://shopee.co.id/Huawei-mate-20-pro-mate-20x-128gb-second-bekas-original-i.34341683.2453472543?extraParams=%7B%22display_model_id%22%3A87751332697%2C%22model_selection_logic%22%3A3%7D&sp_atk=70869079-2d18-4de8-b5b0-cddaad45510c&xptdk=70869079-2d18-4de8-b5b0-cddaad45510c
https://down-id.img.susercontent.com/file/id-11134207-822wu-mmpj0jsjp81y3e,HUAWEI NOVA 13 PRO SECOND / NOVA 13 PRO SECOND 12/512 [BACA DESKRIPSI],Rp,3.750.000,https://deo.shopeemobile.com/shopee/modules-federation/live/0/shopee__item-card-standard-v2/0.2.8/pc/38e203dc86172a6c6560.svg,Besok,https://deo.shopeemobile.com/shopee/modules-federation/live/0/shopee__item-card-standard-v2/0.2.8/pc/5dd7b4560d0e2d3190e8.svg,Kab. Bogor,https://down-id.img.susercontent.com/file/id-11134258-822wr-mlx67rtd6r602f,https://deo.shopeemobile.com/shopee/modules-federation/live/0/shopee__item-card-standard-v2/0.2.8/pc/a425c915798471b33e5d.png,https://deo.shopeemobile.com/shopee/modules-federation/live/0/shopee__item-card-standard-v2/0.2.8/pc/0614b8f0a8fdde22942d.svg,Besok,https://deo.shopeemobile.com/shopee/modules-federation/live/0/shopee__item-card-standard-v2/0.2.8/pc/0614b8f0a8fdde22942d.svg,,,"Scrape to BigSeller
HUAWEI NOVA 13 PRO SECOND / NOVA 13 PRO SECOND 12/512 [BACA DESKRIPSI]
Rp
3.750.000
Besok
Kab. Bogor",https://shopee.co.id/HUAWEI-NOVA-13-PRO-SECOND-NOVA-13-PRO-SECOND-12-512-BACA-DESKRIPSI--i.119246735.54458287164?extraParams=%7B%22display_model_id%22%3A315736070654%2C%22model_selection_logic%22%3A3%7D&sp_atk=cfb1346c-79a3-4a4f-8ea9-2eeef47f7c90&xptdk=cfb1346c-79a3-4a4f-8ea9-2eeef47f7c90
https://down-id.img.susercontent.com/file/id-11134207-8224s-ml4gmr8lzshu0a,Huawei P30 Pro 8/256 Second,Rp,3.650.000,https://deo.shopeemobile.com/shopee/modules-federation/live/0/shopee__item-card-standard-v2/0.2.8/pc/76dff349290d20891fc1.svg,1 Terjual,https://deo.shopeemobile.com/shopee/modules-federation/live/0/shopee__item-card-standard-v2/0.2.8/pc/5dd7b4560d0e2d3190e8.svg,Kab. Mojokerto,https://down-id.img.susercontent.com/file/id-11134258-7ra0q-mbesqwmkb0gu9c,,,,https://deo.shopeemobile.com/shopee/modules-federation/live/0/shopee__item-card-standard-v2/0.2.8/pc/d7099d3fd1dfdaf705ab.svg,5.0,,"Scrape to BigSeller
Huawei P30 Pro 8/256 Second
Rp
3.650.000
5.0
1 Terjual
1-4 Hari
Kab. Mojokerto",https://shopee.co.id/Huawei-P30-Pro-8-256-Second-i.383280400.42711897204?extraParams=%7B%22display_model_id%22%3A99864616401%2C%22model_selection_logic%22%3A3%7D&sp_atk=829b2fb0-5a34-499b-a570-1a3e7e4e2977&xptdk=829b2fb0-5a34-499b-a570-1a3e7e4e2977
https://down-id.img.susercontent.com/file/id-11134207-8224s-ml5k7suni03kb7,Huawei Nova 9 8/256 Resmi Indonesia Second Original,Rp,2.800.000,https://deo.shopeemobile.com/shopee/modules-federation/live/0/shopee__item-card-standard-v2/0.2.8/pc/38e203dc86172a6c6560.svg,1 Terjual,https://deo.shopeemobile.com/shopee/modules-federation/live/0/shopee__item-card-standard-v2/0.2.8/pc/5dd7b4560d0e2d3190e8.svg,Jakarta Barat,https://down-id.img.susercontent.com/file/id-11134258-8224v-mkvw0cu9r7k1a5,,https://deo.shopeemobile.com/shopee/modules-federation/live/0/shopee__item-card-standard-v2/0.2.8/pc/0614b8f0a8fdde22942d.svg,Besok,https://deo.shopeemobile.com/shopee/modules-federation/live/0/shopee__item-card-standard-v2/0.2.8/pc/0614b8f0a8fdde22942d.svg,,,"Scrape to BigSeller
Huawei Nova 9 8/256 Resmi Indonesia Second Original
Rp
2.800.000
1 Terjual
Besok
Jakarta Barat",https://shopee.co.id/Huawei-Nova-9-8-256-Resmi-Indonesia-Second-Original-i.954669947.53106461386?extraParams=%7B%22display_model_id%22%3A370581425906%2C%22model_selection_logic%22%3A3%7D&sp_atk=9594731f-e928-4a5a-93fd-b3dc4327ab97&xptdk=9594731f-e928-4a5a-93fd-b3dc4327ab97
https://down-id.img.susercontent.com/file/id-11134207-7r992-lzlifkdwc0q596,HUAWEI P30 SECOND 8/128GB HP SECOND HP SEKEN HP BEKAS HP MURAH,Rp,2.500.000,https://deo.shopeemobile.com/shopee/modules-federation/live/0/shopee__item-card-standard-v2/0.2.8/pc/38e203dc86172a6c6560.svg,2 Terjual,https://deo.shopeemobile.com/shopee/modules-federation/live/0/shopee__item-card-standard-v2/0.2.8/pc/5dd7b4560d0e2d3190e8.svg,Kab. Bogor,https://down-id.img.susercontent.com/file/id-11134258-822wr-mlx67rtd6r602f,https://deo.shopeemobile.com/shopee/modules-federation/live/0/shopee__item-card-standard-v2/0.2.8/pc/a425c915798471b33e5d.png,https://deo.shopeemobile.com/shopee/modules-federation/live/0/shopee__item-card-standard-v2/0.2.8/pc/0614b8f0a8fdde22942d.svg,Besok,https://deo.shopeemobile.com/shopee/modules-federation/live/0/shopee__item-card-standard-v2/0.2.8/pc/d7099d3fd1dfdaf705ab.svg,5.0,,"Scrape to BigSeller
HUAWEI P30 SECOND 8/128GB HP SECOND HP SEKEN HP BEKAS HP MURAH
Rp
2.500.000
5.0
2 Terjual
Besok
Kab. Bogor",https://shopee.co.id/HUAWEI-P30-SECOND-8-128GB-HP-SECOND-HP-SEKEN-HP-BEKAS-HP-MURAH-i.119246735.23690356530?extraParams=%7B%22display_model_id%22%3A207770078135%2C%22model_selection_logic%22%3A3%7D&sp_atk=b85d91f9-c7ff-4c3e-8b75-b1c40b7567af&xptdk=b85d91f9-c7ff-4c3e-8b75-b1c40b7567af
https://down-id.img.susercontent.com/file/id-11134207-7rasf-m5gmyrf67n6eaf,Huawei P20 Pro 6/128 GB Ex Huawei Indonesia Second Bekas Seken Ori,Rp,1.990.000,https://deo.shopeemobile.com/shopee/modules-federation/live/0/shopee__item-card-standard-v2/0.2.8/pc/38e203dc86172a6c6560.svg,1 Terjual,https://deo.shopeemobile.com/shopee/modules-federation/live/0/shopee__item-card-standard-v2/0.2.8/pc/5dd7b4560d0e2d3190e8.svg,Jakarta Utara,,https://deo.shopeemobile.com/shopee/modules-federation/live/0/shopee__item-card-standard-v2/0.2.8/pc/e4734dab67ee2f9ebd5a.png,https://deo.shopeemobile.com/shopee/modules-federation/live/0/shopee__item-card-standard-v2/0.2.8/pc/0614b8f0a8fdde22942d.svg,Besok,https://deo.shopeemobile.com/shopee/modules-federation/live/0/shopee__item-card-standard-v2/0.2.8/pc/d7099d3fd1dfdaf705ab.svg,5.0,,"Scrape to BigSeller
Huawei P20 Pro 6/128 GB Ex Huawei Indonesia Second Bekas Seken Ori
Rp
1.990.000
5.0
1 Terjual
Besok
Jakarta Utara",https://shopee.co.id/Huawei-P20-Pro-6-128-GB-Ex-Huawei-Indonesia-Second-Bekas-Seken-Ori-i.304735900.28074655248?extraParams=%7B%22display_model_id%22%3A223755903340%2C%22model_selection_logic%22%3A3%7D&sp_atk=5c8a785d-9ef3-4b2f-9c37-7c63a920ca2b&xptdk=5c8a785d-9ef3-4b2f-9c37-7c63a920ca2b
https://down-id.img.susercontent.com/file/id-11134207-7ra0u-mbyywh810avza7,Huawei Nova 3i 4/128 Second Murah Bergaransi,Rp,1.000.000,https://deo.shopeemobile.com/shopee/modules-federation/live/0/shopee__item-card-standard-v2/0.2.8/pc/38e203dc86172a6c6560.svg,Besok,https://deo.shopeemobile.com/shopee/modules-federation/live/0/shopee__item-card-standard-v2/0.2.8/pc/5dd7b4560d0e2d3190e8.svg,Jakarta Pusat,https://down-id.img.susercontent.com/file/id-11134258-7r98w-lyezzaurybot13,,https://deo.shopeemobile.com/shopee/modules-federation/live/0/shopee__item-card-standard-v2/0.2.8/pc/0614b8f0a8fdde22942d.svg,Besok,https://deo.shopeemobile.com/shopee/modules-federation/live/0/shopee__item-card-standard-v2/0.2.8/pc/0614b8f0a8fdde22942d.svg,,,"Scrape to BigSeller
Huawei Nova 3i 4/128 Second Murah Bergaransi
Rp
1.000.000
Besok
Jakarta Pusat",https://shopee.co.id/Huawei-Nova-3i-4-128-Second-Murah-Bergaransi-i.897002475.26038534235?extraParams=%7B%22display_model_id%22%3A275665768539%2C%22model_selection_logic%22%3A3%7D&sp_atk=22f45868-88ca-4b02-951b-6c2b7d4e87d5&xptdk=22f45868-88ca-4b02-951b-6c2b7d4e87d5
https://down-id.img.susercontent.com/file/id-11134207-8224x-mktadexmb4zl61,HUAWEI NOVA 13 PRO 12/512 SECOND SUPER MULUS TERAWAT,Rp,6.250.000,https://deo.shopeemobile.com/shopee/modules-federation/live/0/shopee__item-card-standard-v2/0.2.8/pc/38e203dc86172a6c6560.svg,3 jam,https://deo.shopeemobile.com/shopee/modules-federation/live/0/shopee__item-card-standard-v2/0.2.8/pc/5dd7b4560d0e2d3190e8.svg,Kab. Sidoarjo,https://down-id.img.susercontent.com/file/id-11134258-8224v-mkvw0cu9r7k1a5,https://deo.shopeemobile.com/shopee/modules-federation/live/0/shopee__item-card-standard-v2/0.2.8/pc/a425c915798471b33e5d.png,https://deo.shopeemobile.com/shopee/modules-federation/live/0/shopee__item-card-standard-v2/0.2.8/pc/0614b8f0a8fdde22942d.svg,3 jam,https://deo.shopeemobile.com/shopee/modules-federation/live/0/shopee__item-card-standard-v2/0.2.8/pc/0614b8f0a8fdde22942d.svg,,,"Scrape to BigSeller
HUAWEI NOVA 13 PRO 12/512 SECOND SUPER MULUS TERAWAT
Rp
6.250.000
3 jam
Kab. Sidoarjo",https://shopee.co.id/HUAWEI-NOVA-13-PRO-12-512-SECOND-SUPER-MULUS-TERAWAT-i.480452205.43224523629?extraParams=%7B%22display_model_id%22%3A271989744405%2C%22model_selection_logic%22%3A3%7D&sp_atk=6c0280ab-de86-4fb3-9631-66085efda5a7&xptdk=6c0280ab-de86-4fb3-9631-66085efda5a7
https://down-id.img.susercontent.com/file/id-11134207-82250-mhe8qbmssahb44,Ponsel Bekas Huawei Mate 20 RAM 6GB ROM 128GB MANTAP Hp second,Rp,1.100.000,https://deo.shopeemobile.com/shopee/modules-federation/live/0/shopee__item-card-standard-v2/0.2.8/pc/38e203dc86172a6c6560.svg,Besok,https://deo.shopeemobile.com/shopee/modules-federation/live/0/shopee__item-card-standard-v2/0.2.8/pc/5dd7b4560d0e2d3190e8.svg,Jakarta Barat,https://down-id.img.susercontent.com/file/id-11134258-822wr-mlx67rtd6r602f,https://deo.shopeemobile.com/shopee/modules-federation/live/0/shopee__item-card-standard-v2/0.2.8/pc/e4734dab67ee2f9ebd5a.png,https://deo.shopeemobile.com/shopee/modules-federation/live/0/shopee__item-card-standard-v2/0.2.8/pc/0614b8f0a8fdde22942d.svg,Besok,https://deo.shopeemobile.com/shopee/modules-federation/live/0/shopee__item-card-standard-v2/0.2.8/pc/0614b8f0a8fdde22942d.svg,,,"Scrape to BigSeller
Ponsel Bekas Huawei Mate 20 RAM 6GB ROM 128GB MANTAP Hp second
Rp
1.100.000
Besok
Jakarta Barat",https://shopee.co.id/Ponsel-Bekas-Huawei-Mate-20-RAM-6GB-ROM-128GB-MANTAP-Hp-second-i.1216046747.40551432307?extraParams=%7B%22display_model_id%22%3A305116636794%2C%22model_selection_logic%22%3A3%7D&sp_atk=36ff3989-6137-4708-a266-728f74c93ead&xptdk=36ff3989-6137-4708-a266-728f74c93ead
https://down-id.img.susercontent.com/file/ae1a2fbc5ff686a9f6bd27a719c8839b,Huawei P30 8/128 (FULLSET RESMI) Like New - Bekas Review Youtube,Rp,5.270.000,https://deo.shopeemobile.com/shopee/modules-federation/live/0/shopee__item-card-standard-v2/0.2.8/pc/76dff349290d20891fc1.svg,4-7 Hari,https://deo.shopeemobile.com/shopee/modules-federation/live/0/shopee__item-card-standard-v2/0.2.8/pc/5dd7b4560d0e2d3190e8.svg,Bandung,,,,,,,,"Scrape to BigSeller
Huawei P30 8/128 (FULLSET RESMI) Like New - Bekas Review Youtube
Rp
5.270.000
4-7 Hari
Bandung",https://shopee.co.id/Huawei-P30-8-128-(FULLSET-RESMI)-Like-New-Bekas-Review-Youtube-i.334415280.10905411064?extraParams=%7B%22display_model_id%22%3A100294084108%2C%22model_selection_logic%22%3A3%7D&sp_atk=50ab7173-4bee-4d28-a9be-2ed8a3d99ab2&xptdk=50ab7173-4bee-4d28-a9be-2ed8a3d99ab2
https://down-id.img.susercontent.com/file/id-11134207-8224x-mie2zz00s6iu6e,huawei p30 lite ram 6/128 second nurmal,Rp,1.340.000,https://deo.shopeemobile.com/shopee/modules-federation/live/0/shopee__item-card-standard-v2/0.2.8/pc/38e203dc86172a6c6560.svg,< 2 Hari,https://deo.shopeemobile.com/shopee/modules-federation/live/0/shopee__item-card-standard-v2/0.2.8/pc/5dd7b4560d0e2d3190e8.svg,Kab. Probolinggo,https://down-id.img.susercontent.com/file/id-11134258-8224v-mkvw0cu9r7k1a5,https://deo.shopeemobile.com/shopee/modules-federation/live/0/shopee__item-card-standard-v2/0.2.8/pc/a425c915798471b33e5d.png,https://deo.shopeemobile.com/shopee/modules-federation/live/0/shopee__item-card-standard-v2/0.2.8/pc/0614b8f0a8fdde22942d.svg,< 2 Hari,https://deo.shopeemobile.com/shopee/modules-federation/live/0/shopee__item-card-standard-v2/0.2.8/pc/0614b8f0a8fdde22942d.svg,,Produk Baru,"Scrape to BigSeller
huawei p30 lite ram 6/128 second nurmal
Rp
1.340.000
Produk Baru
< 2 Hari
Kab. Probolinggo",https://shopee.co.id/huawei-p30-lite-ram-6-128-second-nurmal-i.78346931.41627329480?extraParams=%7B%22display_model_id%22%3A330315872512%2C%22model_selection_logic%22%3A3%7D&sp_atk=1a54284f-3525-4757-8f17-b6fd054ec40f&xptdk=1a54284f-3525-4757-8f17-b6fd054ec40f
https://down-id.img.susercontent.com/file/id-11134207-7rbk3-m6roiiy6cfvw3e,Huawei Nova 9se Ram 8/128gb Bekas / Second,Rp,2.150.000,https://deo.shopeemobile.com/shopee/modules-federation/live/0/shopee__item-card-standard-v2/0.2.8/pc/38e203dc86172a6c6560.svg,< 2 Hari,https://deo.shopeemobile.com/shopee/modules-federation/live/0/shopee__item-card-standard-v2/0.2.8/pc/5dd7b4560d0e2d3190e8.svg,Surabaya,https://down-id.img.susercontent.com/file/id-11134258-822wp-mlyjp115kz5tc6,https://deo.shopeemobile.com/shopee/modules-federation/live/0/shopee__item-card-standard-v2/0.2.8/pc/a425c915798471b33e5d.png,https://deo.shopeemobile.com/shopee/modules-federation/live/0/shopee__item-card-standard-v2/0.2.8/pc/0614b8f0a8fdde22942d.svg,< 2 Hari,https://deo.shopeemobile.com/shopee/modules-federation/live/0/shopee__item-card-standard-v2/0.2.8/pc/0614b8f0a8fdde22942d.svg,,,"Scrape to BigSeller
Huawei Nova 9se Ram 8/128gb Bekas / Second
Rp
2.150.000
< 2 Hari
Surabaya",https://shopee.co.id/Huawei-Nova-9se-Ram-8-128gb-Bekas-Second-i.214295724.26577823973?extraParams=%7B%22display_model_id%22%3A252752426211%2C%22model_selection_logic%22%3A3%7D&sp_atk=35360cf1-695b-49b6-a2ec-b75d142307c4&xptdk=35360cf1-695b-49b6-a2ec-b75d142307c4
https://down-id.img.susercontent.com/file/6e8976700fa55cd752721748f9cc96e2,HP SECOND HUAWEI HONOR,Rp,390.000,https://deo.shopeemobile.com/shopee/modules-federation/live/0/shopee__item-card-standard-v2/0.2.8/pc/76dff349290d20891fc1.svg,9-15 Hari,https://deo.shopeemobile.com/shopee/modules-federation/live/0/shopee__item-card-standard-v2/0.2.8/pc/5dd7b4560d0e2d3190e8.svg,Surabaya,,,,,,,,"Scrape to BigSeller
HP SECOND HUAWEI HONOR
Rp
390.000
9-15 Hari
Surabaya",https://shopee.co.id/HP-SECOND-HUAWEI-HONOR-i.186178166.5510786390?extraParams=%7B%22display_model_id%22%3A11472210772%2C%22model_selection_logic%22%3A3%7D&sp_atk=cc7e8452-f882-4138-8a25-073f0e7a1299&xptdk=cc7e8452-f882-4138-8a25-073f0e7a1299
https://down-id.img.susercontent.com/file/id-11134207-7rasj-m0gug6ohvozb02,HUAWEI P30 SECOND 8/128GB HANDPHONE SECOND HP SEKEN HP BEKAS HP MURAH,Rp,2.500.000,https://deo.shopeemobile.com/shopee/modules-federation/live/0/shopee__item-card-standard-v2/0.2.8/pc/38e203dc86172a6c6560.svg,2 Terjual,https://deo.shopeemobile.com/shopee/modules-federation/live/0/shopee__item-card-standard-v2/0.2.8/pc/5dd7b4560d0e2d3190e8.svg,Kab. Bogor,https://down-id.img.susercontent.com/file/id-11134258-822wr-mlx67rtd6r602f,https://deo.shopeemobile.com/shopee/modules-federation/live/0/shopee__item-card-standard-v2/0.2.8/pc/e4734dab67ee2f9ebd5a.png,https://deo.shopeemobile.com/shopee/modules-federation/live/0/shopee__item-card-standard-v2/0.2.8/pc/0614b8f0a8fdde22942d.svg,Besok,https://deo.shopeemobile.com/shopee/modules-federation/live/0/shopee__item-card-standard-v2/0.2.8/pc/d7099d3fd1dfdaf705ab.svg,5.0,,"Scrape to BigSeller
HUAWEI P30 SECOND 8/128GB HANDPHONE SECOND HP SEKEN HP BEKAS HP MURAH
Rp
2.500.000
5.0
2 Terjual
Besok
Kab. Bogor",https://shopee.co.id/HUAWEI-P30-SECOND-8-128GB-HANDPHONE-SECOND-HP-SEKEN-HP-BEKAS-HP-MURAH-i.15939657.29262058591?extraParams=%7B%22display_model_id%22%3A195411082538%2C%22model_selection_logic%22%3A3%7D&sp_atk=c83b8aed-d4d4-419c-8b49-f4862a347ddc&xptdk=c83b8aed-d4d4-419c-8b49-f4862a347ddc
https://down-id.img.susercontent.com/file/id-11134207-82250-mk4sc7a4543mb0,HUAWEI NOVA 5T SECOND / NOVA 5T  SECOND 8/128 [BACA DESKRIPSI],Rp,1.250.000,https://deo.shopeemobile.com/shopee/modules-federation/live/0/shopee__item-card-standard-v2/0.2.8/pc/38e203dc86172a6c6560.svg,4 Terjual,https://deo.shopeemobile.com/shopee/modules-federation/live/0/shopee__item-card-standard-v2/0.2.8/pc/5dd7b4560d0e2d3190e8.svg,Kab. Bogor,https://down-id.img.susercontent.com/file/id-11134258-822wr-mlx67rtd6r602f,https://deo.shopeemobile.com/shopee/modules-federation/live/0/shopee__item-card-standard-v2/0.2.8/pc/a425c915798471b33e5d.png,https://deo.shopeemobile.com/shopee/modules-federation/live/0/shopee__item-card-standard-v2/0.2.8/pc/0614b8f0a8fdde22942d.svg,Besok,https://deo.shopeemobile.com/shopee/modules-federation/live/0/shopee__item-card-standard-v2/0.2.8/pc/d7099d3fd1dfdaf705ab.svg,5.0,,"Scrape to BigSeller
HUAWEI NOVA 5T SECOND / NOVA 5T SECOND 8/128 [BACA DESKRIPSI]
Rp
1.250.000
5.0
4 Terjual
Besok
Kab. Bogor",https://shopee.co.id/HUAWEI-NOVA-5T-SECOND-NOVA-5T-SECOND-8-128-BACA-DESKRIPSI--i.119246735.24091973164?extraParams=%7B%22display_model_id%22%3A234431301936%2C%22model_selection_logic%22%3A3%7D&sp_atk=4b7f4312-c042-4e2f-b196-f5f8a85abf6d&xptdk=4b7f4312-c042-4e2f-b196-f5f8a85abf6d
https://down-id.img.susercontent.com/file/id-11134207-7ra0o-mc6kz8p3p39n42,Huawei Mate 40e not Pro Mulus,Rp,5.000.000,https://deo.shopeemobile.com/shopee/modules-federation/live/0/shopee__item-card-standard-v2/0.2.8/pc/76dff349290d20891fc1.svg,4-11 Hari,https://deo.shopeemobile.com/shopee/modules-federation/live/0/shopee__item-card-standard-v2/0.2.8/pc/5dd7b4560d0e2d3190e8.svg,Singkawang,https://down-id.img.susercontent.com/file/id-11134258-8224v-mkvw0cu9r7k1a5,,,,,,,"Scrape to BigSeller
Huawei Mate 40e not Pro Mulus
Rp
5.000.000
4-11 Hari
Singkawang",https://shopee.co.id/Huawei-Mate-40e-not-Pro-Mulus-i.1510670585.44261371913?extraParams=%7B%22display_model_id%22%3A275953942619%2C%22model_selection_logic%22%3A3%7D&sp_atk=8c13e043-69bd-4ee8-b050-97aa2895e1fa&xptdk=8c13e043-69bd-4ee8-b050-97aa2895e1fa
https://down-id.img.susercontent.com/file/id-11134207-822wn-mlg5uy26zkebc1,Hp Handpone Huawei P30 Pro 8/256 Second Seken Bekas Murah Bergaransi,Rp,3.300.000,https://deo.shopeemobile.com/shopee/modules-federation/live/0/shopee__item-card-standard-v2/0.2.8/pc/76dff349290d20891fc1.svg,2 Terjual,https://deo.shopeemobile.com/shopee/modules-federation/live/0/shopee__item-card-standard-v2/0.2.8/pc/5dd7b4560d0e2d3190e8.svg,Jakarta Timur,https://down-id.img.susercontent.com/file/id-11134258-822wr-mlx67rtd6r602f,https://deo.shopeemobile.com/shopee/modules-federation/live/0/shopee__item-card-standard-v2/0.2.8/pc/e4734dab67ee2f9ebd5a.png,,,https://deo.shopeemobile.com/shopee/modules-federation/live/0/shopee__item-card-standard-v2/0.2.8/pc/d7099d3fd1dfdaf705ab.svg,3.0,,"Scrape to BigSeller
Hp Handpone Huawei P30 Pro 8/256 Second Seken Bekas Murah Bergaransi
Rp
3.300.000
3.0
2 Terjual
2-3 Hari
Jakarta Timur",https://shopee.co.id/Hp-Handpone-Huawei-P30-Pro-8-256-Second-Seken-Bekas-Murah-Bergaransi-i.221779283.29920918175?extraParams=%7B%22display_model_id%22%3A208071330390%2C%22model_selection_logic%22%3A3%7D&sp_atk=1e00ca2a-3ce5-4380-be42-aef065e9cd77&xptdk=1e00ca2a-3ce5-4380-be42-aef065e9cd77
https://down-id.img.susercontent.com/file/id-11134207-822wj-mlt9kh02gemc12,HUAWEI Mate X6 Ram 12/512GB Second / Seken / Bekas 100% Mulus no Minus Original,Rp,17.000.000,https://deo.shopeemobile.com/shopee/modules-federation/live/0/shopee__item-card-standard-v2/0.2.8/pc/38e203dc86172a6c6560.svg,Besok,https://deo.shopeemobile.com/shopee/modules-federation/live/0/shopee__item-card-standard-v2/0.2.8/pc/5dd7b4560d0e2d3190e8.svg,Jakarta Barat,https://down-id.img.susercontent.com/file/id-11134258-7r98w-lyezzaurybot13,,https://deo.shopeemobile.com/shopee/modules-federation/live/0/shopee__item-card-standard-v2/0.2.8/pc/0614b8f0a8fdde22942d.svg,Besok,https://deo.shopeemobile.com/shopee/modules-federation/live/0/shopee__item-card-standard-v2/0.2.8/pc/0614b8f0a8fdde22942d.svg,,,"Scrape to BigSeller
HUAWEI Mate X6 Ram 12/512GB Second / Seken / Bekas 100% Mulus no Minus Original
Rp
17.000.000
Besok
Jakarta Barat",https://shopee.co.id/HUAWEI-Mate-X6-Ram-12-512GB-Second-Seken-Bekas-100-Mulus-no-Minus-Original-i.1479571138.45057217674?extraParams=%7B%22display_model_id%22%3A440642177785%2C%22model_selection_logic%22%3A3%7D&sp_atk=19220a6b-fda1-40ed-9208-f7a1bdf82908&xptdk=19220a6b-fda1-40ed-9208-f7a1bdf82908
https://down-id.img.susercontent.com/file/id-11134207-8224s-mhrnyfiqrn5u56,Huawei P50 Pro 8/256 Full set Second mulus,Rp,5.300.000,https://deo.shopeemobile.com/shopee/modules-federation/live/0/shopee__item-card-standard-v2/0.2.8/pc/38e203dc86172a6c6560.svg,Besok,https://deo.shopeemobile.com/shopee/modules-federation/live/0/shopee__item-card-standard-v2/0.2.8/pc/5dd7b4560d0e2d3190e8.svg,Kab. Bandung,https://down-id.img.susercontent.com/file/id-11134258-8224v-mkvw0cu9r7k1a5,,https://deo.shopeemobile.com/shopee/modules-federation/live/0/shopee__item-card-standard-v2/0.2.8/pc/0614b8f0a8fdde22942d.svg,Besok,https://deo.shopeemobile.com/shopee/modules-federation/live/0/shopee__item-card-standard-v2/0.2.8/pc/0614b8f0a8fdde22942d.svg,,,"Scrape to BigSeller
Huawei P50 Pro 8/256 Full set Second mulus
Rp
5.300.000
Besok
Kab. Bandung",https://shopee.co.id/Huawei-P50-Pro-8-256-Full-set-Second-mulus-i.368271616.44952485843?extraParams=%7B%22display_model_id%22%3A307221178618%2C%22model_selection_logic%22%3A3%7D&sp_atk=d9020fc2-3cc7-433e-a693-331d3ceb1a6e&xptdk=d9020fc2-3cc7-433e-a693-331d3ceb1a6e