-image-yazkc-11,-image-yazkc-11_2,text-sm,text-xs/sp14,font-medium,pointer-events-none,text-shopee-green,pointer-events-none_2,align-middle,inline-block,img,text-xs/sp14_2,w-auto,text-white,truncate,text-shopee-primary,pointer-events-none_3,_container,_container_link
https://down-id.img.susercontent.com/file/id-11134207-82250-mk34hmyrgb9k62,https://down-id.img.susercontent.com/file/id-11134258-7r98w-lyezzaurybot13,Huawei mate 20 pro resmi indo,Rp,1.700.000,https://deo.shopeemobile.com/shopee/modules-federation/live/0/shopee__item-card-standard-v2/0.2.8/pc/76dff349290d20891fc1.svg,3-6 Hari,https://deo.shopeemobile.com/shopee/modules-federation/live/0/shopee__item-card-standard-v2/0.2.8/pc/5dd7b4560d0e2d3190e8.svg,Surabaya,,,,,,,,,"Scrape to BigSeller
Huawei mate 20 pro resmi indo
Rp
1.700.000
3-6 Hari
Surabaya",https://shopee.co.id/Huawei-mate-20-pro-resmi-indo-i.310132567.58055594221?extraParams=%7B%22display_model_id%22%3A350506892569%2C%22model_selection_logic%22%3A3%7D&sp_atk=fb42b6d9-2d61-422a-9392-920381408ab5&xptdk=fb42b6d9-2d61-422a-9392-920381408ab5
https://down-id.img.susercontent.com/file/id-11134207-822wr-mn46cmv7lmh146,https://down-id.img.susercontent.com/file/id-11134258-8224v-mkvw0cu9r7k1a5,Huawei Nova 9 ram 8gb internal 256gb resmi indonesia original,Rp,2.790.000,https://deo.shopeemobile.com/shopee/modules-federation/live/0/shopee__item-card-standard-v2/0.2.8/pc/76dff349290d20891fc1.svg,1 Terjual,https://deo.shopeemobile.com/shopee/modules-federation/live/0/shopee__item-card-standard-v2/0.2.8/pc/5dd7b4560d0e2d3190e8.svg,Kab. Bekasi,https://deo.shopeemobile.com/shopee/modules-federation/live/0/shopee__item-card-standard-v2/0.2.8/pc/a425c915798471b33e5d.png,https://deo.shopeemobile.com/shopee/modules-federation/live/0/shopee__item-card-standard-v2/0.2.8/pc/d7099d3fd1dfdaf705ab.svg,5.0,,,,,,"Scrape to BigSeller
Huawei Nova 9 ram 8gb internal 256gb resmi indonesia original
Rp
2.790.000
5.0
1 Terjual
2-4 Hari
Kab. Bekasi",https://shopee.co.id/Huawei-Nova-9-ram-8gb-internal-256gb-resmi-indonesia-original-i.183869163.14084561915?extraParams=%7B%22display_model_id%22%3A200176946212%2C%22model_selection_logic%22%3A3%7D&sp_atk=8949dfec-78a7-4cfb-9ff2-0489cf1c760b&xptdk=8949dfec-78a7-4cfb-9ff2-0489cf1c760b
https://down-id.img.susercontent.com/file/id-11134207-8224u-ml1px0ve04cia3,https://down-id.img.susercontent.com/file/id-11134258-7r98w-lyezzaurybot13,huawei p30 lite dual sim 6/128gb,Rp,1.100.000,https://deo.shopeemobile.com/shopee/modules-federation/live/0/shopee__item-card-standard-v2/0.2.8/pc/38e203dc86172a6c6560.svg,Besok,https://deo.shopeemobile.com/shopee/modules-federation/live/0/shopee__item-card-standard-v2/0.2.8/pc/5dd7b4560d0e2d3190e8.svg,Bekasi,,https://deo.shopeemobile.com/shopee/modules-federation/live/0/shopee__item-card-standard-v2/0.2.8/pc/0614b8f0a8fdde22942d.svg,,https://deo.shopeemobile.com/shopee/modules-federation/live/0/shopee__item-card-standard-v2/0.2.8/pc/0614b8f0a8fdde22942d.svg,Besok,,,,"Scrape to BigSeller
huawei p30 lite dual sim 6/128gb
Rp
1.100.000
Besok
Bekasi",https://shopee.co.id/huawei-p30-lite-dual-sim-6-128gb-i.216215939.49856360729?extraParams=%7B%22display_model_id%22%3A159342357621%2C%22model_selection_logic%22%3A3%7D&sp_atk=4d330513-32f6-4df8-bc05-5df35bd4addf&xptdk=4d330513-32f6-4df8-bc05-5df35bd4addf
https://down-id.img.susercontent.com/file/id-11134207-8224p-miyhxq809vk6d8,https://down-id.img.susercontent.com/file/id-11134258-7r98w-lyezzaurybot13,Huawei Mate 10 Pro ram 6/128 dualsim All operator,Rp,950.000,https://deo.shopeemobile.com/shopee/modules-federation/live/0/shopee__item-card-standard-v2/0.2.8/pc/38e203dc86172a6c6560.svg,Besok,https://deo.shopeemobile.com/shopee/modules-federation/live/0/shopee__item-card-standard-v2/0.2.8/pc/5dd7b4560d0e2d3190e8.svg,Kab. Jepara,,https://deo.shopeemobile.com/shopee/modules-federation/live/0/shopee__item-card-standard-v2/0.2.8/pc/0614b8f0a8fdde22942d.svg,,https://deo.shopeemobile.com/shopee/modules-federation/live/0/shopee__item-card-standard-v2/0.2.8/pc/0614b8f0a8fdde22942d.svg,Besok,Produk Baru,,,"Scrape to BigSeller
Huawei Mate 10 Pro ram 6/128 dualsim All operator
Rp
950.000
Produk Baru
Besok
Kab. Jepara",https://shopee.co.id/Huawei-Mate-10-Pro-ram-6-128-dualsim-All-operator-i.251420436.53603781354?extraParams=%7B%22display_model_id%22%3A297291244699%2C%22model_selection_logic%22%3A3%7D&sp_atk=a3e71878-8464-47c4-a15d-c391fc709b48&xptdk=a3e71878-8464-47c4-a15d-c391fc709b48
https://down-id.img.susercontent.com/file/928d8cde5bf3cd26e863c174f773fb66,,Huawei Gr 3,Rp,730.000,,,https://deo.shopeemobile.com/shopee/modules-federation/live/0/shopee__item-card-standard-v2/0.2.8/pc/5dd7b4560d0e2d3190e8.svg,Kab. Bogor,,,,,,,,,"Scrape to BigSeller
Huawei Gr 3
Rp
730.000
Kab. Bogor",https://shopee.co.id/Huawei-Gr-3-i.237179092.3920309283?extraParams=%7B%22display_model_id%22%3A72621257681%2C%22model_selection_logic%22%3A3%7D&sp_atk=e90c41f0-7e4d-46b0-a467-dc5394cddc9e&xptdk=e90c41f0-7e4d-46b0-a467-dc5394cddc9e
https://down-id.img.susercontent.com/file/id-11134207-82250-mipjsplv7pjc94,https://down-id.img.susercontent.com/file/id-11134258-822wr-mlx5y0tebegw04,Huawei Nova 9 8/256GB Produk Resmi Indonesia,Rp,3.756.000,https://deo.shopeemobile.com/shopee/modules-federation/live/0/shopee__item-card-standard-v2/0.2.8/pc/38e203dc86172a6c6560.svg,Besok,https://deo.shopeemobile.com/shopee/modules-federation/live/0/shopee__item-card-standard-v2/0.2.8/pc/5dd7b4560d0e2d3190e8.svg,Jakarta Barat,,https://deo.shopeemobile.com/shopee/modules-federation/live/0/shopee__item-card-standard-v2/0.2.8/pc/0614b8f0a8fdde22942d.svg,,https://deo.shopeemobile.com/shopee/modules-federation/live/0/shopee__item-card-standard-v2/0.2.8/pc/0614b8f0a8fdde22942d.svg,Besok,Produk Baru,,,"Scrape to BigSeller
Huawei Nova 9 8/256GB Produk Resmi Indonesia
Rp
3.756.000
Produk Baru
Besok
Jakarta Barat",https://shopee.co.id/Huawei-Nova-9-8-256GB-Produk-Resmi-Indonesia-i.1599175836.54603762939?extraParams=%7B%22display_model_id%22%3A297290478347%2C%22model_selection_logic%22%3A3%7D&sp_atk=6d15aff5-1231-463b-a3d3-b477d416d7d3&xptdk=6d15aff5-1231-463b-a3d3-b477d416d7d3
https://down-id.img.susercontent.com/file/id-11134207-7ras9-m2icl7bgy07e57,,Huawei Nova 9 8/256 GB Garansi Resmi Indonesia Second Bekas Original,Rp,2.990.000,https://deo.shopeemobile.com/shopee/modules-federation/live/0/shopee__item-card-standard-v2/0.2.8/pc/38e203dc86172a6c6560.svg,5 Terjual,https://deo.shopeemobile.com/shopee/modules-federation/live/0/shopee__item-card-standard-v2/0.2.8/pc/5dd7b4560d0e2d3190e8.svg,Jakarta Utara,https://deo.shopeemobile.com/shopee/modules-federation/live/0/shopee__item-card-standard-v2/0.2.8/pc/e4734dab67ee2f9ebd5a.png,https://deo.shopeemobile.com/shopee/modules-federation/live/0/shopee__item-card-standard-v2/0.2.8/pc/d7099d3fd1dfdaf705ab.svg,5.0,https://deo.shopeemobile.com/shopee/modules-federation/live/0/shopee__item-card-standard-v2/0.2.8/pc/0614b8f0a8fdde22942d.svg,Besok,,,,"Scrape to BigSeller
Huawei Nova 9 8/256 GB Garansi Resmi Indonesia Second Bekas Original
Rp
2.990.000
5.0
5 Terjual
Besok
Jakarta Utara",https://shopee.co.id/Huawei-Nova-9-8-256-GB-Garansi-Resmi-Indonesia-Second-Bekas-Original-i.304735900.27567396927?extraParams=%7B%22display_model_id%22%3A217969902325%2C%22model_selection_logic%22%3A3%7D&sp_atk=0ac00dea-fca6-48d2-89db-e743cfd4e0df&xptdk=0ac00dea-fca6-48d2-89db-e743cfd4e0df
https://down-id.img.susercontent.com/file/id-11134207-822wk-mndunhaudxc1bc,https://down-id.img.susercontent.com/file/id-11134258-822wp-mlyjp115kz5tc6,[PayDay Voucher s/d 15%] HUAWEI nova 14 Pro Smartphone l True-to-Life Color Camera | 50 MP Front Dual Camera l Smart AI | 100W,Rp,8.449.000,https://deo.shopeemobile.com/shopee/modules-federation/live/0/shopee__item-card-standard-v2/0.2.8/pc/38e203dc86172a6c6560.svg,642 Terjual,https://deo.shopeemobile.com/shopee/modules-federation/live/0/shopee__item-card-standard-v2/0.2.8/pc/5dd7b4560d0e2d3190e8.svg,Tangerang,https://deo.shopeemobile.com/shopee/modules-federation/live/0/shopee__item-card-standard-v2/0.2.8/pc/7c9110f78e069acbced7.png,https://deo.shopeemobile.com/shopee/modules-federation/live/0/shopee__item-card-standard-v2/0.2.8/pc/d7099d3fd1dfdaf705ab.svg,4.9,https://deo.shopeemobile.com/shopee/modules-federation/live/0/shopee__item-card-standard-v2/0.2.8/pc/0614b8f0a8fdde22942d.svg,Besok,Produk Baru,-4%,https://deo.shopeemobile.com/shopee/modules-federation/live/0/shopee__item-card-standard-v2/0.2.8/pc/b4d1b8a78b3621dbdf4a.svg,"Scrape to BigSeller
[PayDay Voucher s/d 15%] HUAWEI nova 14 Pro Smartphone l True-to-Life Color Camera | 50 MP Front Dual Camera l Smart AI | 100W
Rp
8.449.000
-4%
Produk Baru
4.9
642 Terjual
Besok
Tangerang",https://shopee.co.id/-PayDay-Voucher-s-d-15-HUAWEI-nova-14-Pro-Smartphone-l-True-to-Life-Color-Camera-50-MP-Front-Dual-Camera-l-Smart-AI-100W-i.39372120.40627874949?extraParams=%7B%22display_model_id%22%3A188797339533%2C%22model_selection_logic%22%3A3%7D&sp_atk=43813c4e-dd3d-46a5-bbbf-af4f7079f0ef&xptdk=43813c4e-dd3d-46a5-bbbf-af4f7079f0ef
https://down-id.img.susercontent.com/file/id-11134207-822wl-mmh598fntseb4a,https://down-id.img.susercontent.com/file/id-11134258-7r98w-lyezzaurybot13,Huawei P30 Lite 6/128 Unit Only Cek Deskripsi,Rp,1.100.000,https://deo.shopeemobile.com/shopee/modules-federation/live/0/shopee__item-card-standard-v2/0.2.8/pc/76dff349290d20891fc1.svg,2-4 Hari,https://deo.shopeemobile.com/shopee/modules-federation/live/0/shopee__item-card-standard-v2/0.2.8/pc/5dd7b4560d0e2d3190e8.svg,Bekasi,,,,,,,,,"Scrape to BigSeller
Huawei P30 Lite 6/128 Unit Only Cek Deskripsi
Rp
1.100.000
2-4 Hari
Bekasi",https://shopee.co.id/Huawei-P30-Lite-6-128-Unit-Only-Cek-Deskripsi-i.383919264.56757991594?extraParams=%7B%22display_model_id%22%3A355710197423%2C%22model_selection_logic%22%3A3%7D&sp_atk=0e9eb143-4660-40d0-a342-5d802e28439c&xptdk=0e9eb143-4660-40d0-a342-5d802e28439c
https://down-id.img.susercontent.com/file/id-11134207-7rasb-m63qibf28d9247,https://down-id.img.susercontent.com/file/id-11134258-8224v-mkvw0cu9r7k1a5,Huawei Nova 5T 8/128gb Bekas (100% Original),Rp,1.700.000,https://deo.shopeemobile.com/shopee/modules-federation/live/0/shopee__item-card-standard-v2/0.2.8/pc/76dff349290d20891fc1.svg,3 Terjual,https://deo.shopeemobile.com/shopee/modules-federation/live/0/shopee__item-card-standard-v2/0.2.8/pc/5dd7b4560d0e2d3190e8.svg,Surakarta (Solo),https://deo.shopeemobile.com/shopee/modules-federation/live/0/shopee__item-card-standard-v2/0.2.8/pc/a425c915798471b33e5d.png,https://deo.shopeemobile.com/shopee/modules-federation/live/0/shopee__item-card-standard-v2/0.2.8/pc/d7099d3fd1dfdaf705ab.svg,5.0,,,,,,"Scrape to BigSeller
Huawei Nova 5T 8/128gb Bekas (100% Original)
Rp
1.700.000
5.0
3 Terjual
2-3 Hari
Surakarta (Solo)",https://shopee.co.id/Huawei-Nova-5T-8-128gb-Bekas-(100-Original)-i.101812551.18173269140?extraParams=%7B%22display_model_id%22%3A186970662586%2C%22model_selection_logic%22%3A3%7D&sp_atk=9be865cc-1bb3-428a-a498-55106c005f9b&xptdk=9be865cc-1bb3-428a-a498-55106c005f9b
https://down-id.img.susercontent.com/file/id-11134207-822wj-mmtshrxhtv5t96,https://down-id.img.susercontent.com/file/id-11134258-7r98w-lyezzaurybot13,Huawei nova 13 pro 12+512,Rp,4.800.000,https://deo.shopeemobile.com/shopee/modules-federation/live/0/shopee__item-card-standard-v2/0.2.8/pc/38e203dc86172a6c6560.svg,Besok,https://deo.shopeemobile.com/shopee/modules-federation/live/0/shopee__item-card-standard-v2/0.2.8/pc/5dd7b4560d0e2d3190e8.svg,Kab. Gresik,,https://deo.shopeemobile.com/shopee/modules-federation/live/0/shopee__item-card-standard-v2/0.2.8/pc/0614b8f0a8fdde22942d.svg,,https://deo.shopeemobile.com/shopee/modules-federation/live/0/shopee__item-card-standard-v2/0.2.8/pc/0614b8f0a8fdde22942d.svg,Besok,,,,"Scrape to BigSeller
Huawei nova 13 pro 12+512
Rp
4.800.000
Besok
Kab. Gresik",https://shopee.co.id/Huawei-nova-13-pro-12-512-i.92165806.52908466644?extraParams=%7B%22display_model_id%22%3A196379187116%2C%22model_selection_logic%22%3A3%7D&sp_atk=6a031018-2cfc-4fba-9c73-abec484c5f1b&xptdk=6a031018-2cfc-4fba-9c73-abec484c5f1b
https://down-id.img.susercontent.com/file/id-11134207-8224o-mkq7c715vzt395,https://down-id.img.susercontent.com/file/id-11134258-8224v-mkvw0cu9r7k1a5,New Huawei Mate xt Ultimate Design 16/1TB Trifold Red Garansi resmi Huawei indonesia,Rp,60.500.000,https://deo.shopeemobile.com/shopee/modules-federation/live/0/shopee__item-card-standard-v2/0.2.8/pc/38e203dc86172a6c6560.svg,Besok,https://deo.shopeemobile.com/shopee/modules-federation/live/0/shopee__item-card-standard-v2/0.2.8/pc/5dd7b4560d0e2d3190e8.svg,Jakarta Pusat,https://deo.shopeemobile.com/shopee/modules-federation/live/0/shopee__item-card-standard-v2/0.2.8/pc/a425c915798471b33e5d.png,https://deo.shopeemobile.com/shopee/modules-federation/live/0/shopee__item-card-standard-v2/0.2.8/pc/0614b8f0a8fdde22942d.svg,,https://deo.shopeemobile.com/shopee/modules-federation/live/0/shopee__item-card-standard-v2/0.2.8/pc/0614b8f0a8fdde22942d.svg,Besok,,,,"Scrape to BigSeller
New Huawei Mate xt Ultimate Design 16/1TB Trifold Red Garansi resmi Huawei indonesia
Rp
60.500.000
Besok
Jakarta Pusat",https://shopee.co.id/New-Huawei-Mate-xt-Ultimate-Design-16-1TB-Trifold-Red-Garansi-resmi-Huawei-indonesia-i.7203515.26294265635?extraParams=%7B%22display_model_id%22%3A325569099692%2C%22model_selection_logic%22%3A3%7D&sp_atk=cad14cb8-31b0-4dde-80aa-d539ac511ab4&xptdk=cad14cb8-31b0-4dde-80aa-d539ac511ab4
https://down-id.img.susercontent.com/file/id-11134207-7rbk5-m8bbxh5x11chfd,https://down-id.img.susercontent.com/file/id-11134258-8224v-mkvw0cu9r7k1a5,HP Huawei Y6II Normal Second Normal Siap Pakai,Rp,500.000,https://deo.shopeemobile.com/shopee/modules-federation/live/0/shopee__item-card-standard-v2/0.2.8/pc/76dff349290d20891fc1.svg,1 Terjual,https://deo.shopeemobile.com/shopee/modules-federation/live/0/shopee__item-card-standard-v2/0.2.8/pc/5dd7b4560d0e2d3190e8.svg,Makassar,https://deo.shopeemobile.com/shopee/modules-federation/live/0/shopee__item-card-standard-v2/0.2.8/pc/a425c915798471b33e5d.png,https://deo.shopeemobile.com/shopee/modules-federation/live/0/shopee__item-card-standard-v2/0.2.8/pc/d7099d3fd1dfdaf705ab.svg,5.0,,,,,,"Scrape to BigSeller
HP Huawei Y6II Normal Second Normal Siap Pakai
Rp
500.000
5.0
1 Terjual
9-19 Hari
Makassar",https://shopee.co.id/HP-Huawei-Y6II-Normal-Second-Normal-Siap-Pakai-i.1098399642.29710496015?extraParams=%7B%22display_model_id%22%3A148781627871%2C%22model_selection_logic%22%3A3%7D&sp_atk=606761d3-08f2-4633-bf85-fedcd2d47488&xptdk=606761d3-08f2-4633-bf85-fedcd2d47488
https://down-id.img.susercontent.com/file/id-11134207-822ws-mn0wwjki2eio97,https://down-id.img.susercontent.com/file/id-11134258-8224v-mkvw0cu9r7k1a5,HUAWEI Pura 80 Smartphone 12GB + 256GB | True-to-Life XMAGE Camera | Kunlun Glass | 65W Dual SuperCharge | Smart AI | Ultra Chroma Kamera Smart Phone Handphone Pura80,Rp,9.999.000,https://deo.shopeemobile.com/shopee/modules-federation/live/0/shopee__item-card-standard-v2/0.2.8/pc/38e203dc86172a6c6560.svg,Besok,https://deo.shopeemobile.com/shopee/modules-federation/live/0/shopee__item-card-standard-v2/0.2.8/pc/5dd7b4560d0e2d3190e8.svg,Jakarta Barat,,https://deo.shopeemobile.com/shopee/modules-federation/live/0/shopee__item-card-standard-v2/0.2.8/pc/0614b8f0a8fdde22942d.svg,,https://deo.shopeemobile.com/shopee/modules-federation/live/0/shopee__item-card-standard-v2/0.2.8/pc/0614b8f0a8fdde22942d.svg,Besok,,-20%,,"Scrape to BigSeller
HUAWEI Pura 80 Smartphone 12GB + 256GB | True-to-Life XMAGE Camera | Kunlun Glass | 65W Dual SuperCharge | Smart AI | Ultra Chroma Kamera Smart Phone Handphone Pura80
Rp
9.999.000
-20%
Besok
Jakarta Barat",https://shopee.co.id/HUAWEI-Pura-80-Smartphone-12GB-256GB-True-to-Life-XMAGE-Camera-Kunlun-Glass-65W-Dual-SuperCharge-Smart-AI-Ultra-Chroma-Kamera-Smart-Phone-Handphone-Pura80-i.59581492.57358775307?extraParams=%7B%22display_model_id%22%3A179150177666%2C%22model_selection_logic%22%3A3%7D&sp_atk=ead0a997-1939-4547-8657-4bfa032dbcd1&xptdk=ead0a997-1939-4547-8657-4bfa032dbcd1
https://down-id.img.susercontent.com/file/id-11134207-82252-mijrsj8co2rlab,https://down-id.img.susercontent.com/file/id-11134258-822wr-mlx67rtd6r602f,Huawei Y7 Pro 32gb Resmi Indonesia,Rp,1.500.000,https://deo.shopeemobile.com/shopee/modules-federation/live/0/shopee__item-card-standard-v2/0.2.8/pc/38e203dc86172a6c6560.svg,1 Terjual,https://deo.shopeemobile.com/shopee/modules-federation/live/0/shopee__item-card-standard-v2/0.2.8/pc/5dd7b4560d0e2d3190e8.svg,Kab. Bekasi,https://deo.shopeemobile.com/shopee/modules-federation/live/0/shopee__item-card-standard-v2/0.2.8/pc/e4734dab67ee2f9ebd5a.png,https://deo.shopeemobile.com/shopee/modules-federation/live/0/shopee__item-card-standard-v2/0.2.8/pc/d7099d3fd1dfdaf705ab.svg,5.0,https://deo.shopeemobile.com/shopee/modules-federation/live/0/shopee__item-card-standard-v2/0.2.8/pc/0614b8f0a8fdde22942d.svg,Besok,Produk Baru,,,"Scrape to BigSeller
Huawei Y7 Pro 32gb Resmi Indonesia
Rp
1.500.000
Produk Baru
5.0
1 Terjual
Besok
Kab. Bekasi",https://shopee.co.id/Huawei-Y7-Pro-32gb-Resmi-Indonesia-i.165232145.54803434117?extraParams=%7B%22display_model_id%22%3A254124864041%2C%22model_selection_logic%22%3A3%7D&sp_atk=29d7f35e-6bc2-4dcd-b498-ac8fabdf0965&xptdk=29d7f35e-6bc2-4dcd-b498-ac8fabdf0965
https://down-id.img.susercontent.com/file/id-11134207-822wt-mmsjt9nurif7c7,https://down-id.img.susercontent.com/file/id-11134258-822wp-mlyjp115kz5tc6,Huawei P30 Pro Resmi Indo Ram 8/256gb,Rp,2.750.000,https://deo.shopeemobile.com/shopee/modules-federation/live/0/shopee__item-card-standard-v2/0.2.8/pc/38e203dc86172a6c6560.svg,< 2 Hari,https://deo.shopeemobile.com/shopee/modules-federation/live/0/shopee__item-card-standard-v2/0.2.8/pc/5dd7b4560d0e2d3190e8.svg,Surabaya,https://deo.shopeemobile.com/shopee/modules-federation/live/0/shopee__item-card-standard-v2/0.2.8/pc/a425c915798471b33e5d.png,https://deo.shopeemobile.com/shopee/modules-federation/live/0/shopee__item-card-standard-v2/0.2.8/pc/0614b8f0a8fdde22942d.svg,,https://deo.shopeemobile.com/shopee/modules-federation/live/0/shopee__item-card-standard-v2/0.2.8/pc/0614b8f0a8fdde22942d.svg,< 2 Hari,,,,"Scrape to BigSeller
Huawei P30 Pro Resmi Indo Ram 8/256gb
Rp
2.750.000
< 2 Hari
Surabaya",https://shopee.co.id/Huawei-P30-Pro-Resmi-Indo-Ram-8-256gb-i.214295724.55508396913?extraParams=%7B%22display_model_id%22%3A355745427866%2C%22model_selection_logic%22%3A3%7D&sp_atk=f5079202-121c-4c4a-ae82-4d3736651e2c&xptdk=f5079202-121c-4c4a-ae82-4d3736651e2c
https://down-id.img.susercontent.com/file/id-11134207-7r992-lz1ru0ccpnns4a,https://down-id.img.susercontent.com/file/id-11134258-822wr-mlx67rtd6r602f,HUAWEI NOVA 5T SECOND 8/128GB HANDPHONE SECOND HP SEKEN HP BEKAS HP MURAH,Rp,1.800.000,https://deo.shopeemobile.com/shopee/modules-federation/live/0/shopee__item-card-standard-v2/0.2.8/pc/76dff349290d20891fc1.svg,13 Terjual,https://deo.shopeemobile.com/shopee/modules-federation/live/0/shopee__item-card-standard-v2/0.2.8/pc/5dd7b4560d0e2d3190e8.svg,Kab. Bogor,https://deo.shopeemobile.com/shopee/modules-federation/live/0/shopee__item-card-standard-v2/0.2.8/pc/e4734dab67ee2f9ebd5a.png,https://deo.shopeemobile.com/shopee/modules-federation/live/0/shopee__item-card-standard-v2/0.2.8/pc/d7099d3fd1dfdaf705ab.svg,4.8,,,Cicilan,,,"Scrape to BigSeller
HUAWEI NOVA 5T SECOND 8/128GB HANDPHONE SECOND HP SEKEN HP BEKAS HP MURAH
Rp
1.800.000
Cicilan
4.8
13 Terjual
2-3 Hari
Kab. Bogor",https://shopee.co.id/HUAWEI-NOVA-5T-SECOND-8-128GB-HANDPHONE-SECOND-HP-SEKEN-HP-BEKAS-HP-MURAH-i.15939657.7776505820?extraParams=%7B%22display_model_id%22%3A205316387764%2C%22model_selection_logic%22%3A3%7D&sp_atk=bc9dc126-aa8c-47d7-910f-21d0577fe8e0&xptdk=bc9dc126-aa8c-47d7-910f-21d0577fe8e0
https://down-id.img.susercontent.com/file/id-11134207-82251-mk594bpezt3c91,https://down-id.img.susercontent.com/file/id-11134258-7r98w-lyezzaurybot13,huawei mate 30 pro,Rp,3.500.000,https://deo.shopeemobile.com/shopee/modules-federation/live/0/shopee__item-card-standard-v2/0.2.8/pc/76dff349290d20891fc1.svg,4-7 Hari,https://deo.shopeemobile.com/shopee/modules-federation/live/0/shopee__item-card-standard-v2/0.2.8/pc/5dd7b4560d0e2d3190e8.svg,Kab. Bogor,,,,,,,,,"Scrape to BigSeller
huawei mate 30 pro
Rp
3.500.000
4-7 Hari
Kab. Bogor",https://shopee.co.id/huawei-mate-30-pro-i.280004124.54855664367?extraParams=%7B%22display_model_id%22%3A315513455619%2C%22model_selection_logic%22%3A3%7D&sp_atk=ff0591d6-e99e-446f-82ca-f6fe0a3c9b1f&xptdk=ff0591d6-e99e-446f-82ca-f6fe0a3c9b1f
https://down-id.img.susercontent.com/file/id-11134207-7r98o-lukgoj77kz9mb1,https://down-id.img.susercontent.com/file/id-11134258-8224v-mkvw0cu9r7k1a5,Huawei Nova 3i second original,Rp,1.100.000,https://deo.shopeemobile.com/shopee/modules-federation/live/0/shopee__item-card-standard-v2/0.2.8/pc/38e203dc86172a6c6560.svg,5 Terjual,https://deo.shopeemobile.com/shopee/modules-federation/live/0/shopee__item-card-standard-v2/0.2.8/pc/5dd7b4560d0e2d3190e8.svg,Jakarta Barat,,https://deo.shopeemobile.com/shopee/modules-federation/live/0/shopee__item-card-standard-v2/0.2.8/pc/d7099d3fd1dfdaf705ab.svg,5.0,https://deo.shopeemobile.com/shopee/modules-federation/live/0/shopee__item-card-standard-v2/0.2.8/pc/0614b8f0a8fdde22942d.svg,Besok,,,,"Scrape to BigSeller
Huawei Nova 3i second original
Rp
1.100.000
5.0
5 Terjual
Besok
Jakarta Barat",https://shopee.co.id/Huawei-Nova-3i-second-original-i.954669947.23658407615?extraParams=%7B%22display_model_id%22%3A235752268155%2C%22model_selection_logic%22%3A3%7D&sp_atk=aa55301b-246d-490c-8579-281a9dcbc8fa&xptdk=aa55301b-246d-490c-8579-281a9dcbc8fa
https://down-id.img.susercontent.com/file/id-11134207-82250-mk7zf8ysy9dx0c,https://down-id.img.susercontent.com/file/id-11134258-7r98w-lyezzaurybot13,Huawei  Nova 14 Pro Ram 12/512,Rp,8.500.000,https://deo.shopeemobile.com/shopee/modules-federation/live/0/shopee__item-card-standard-v2/0.2.8/pc/38e203dc86172a6c6560.svg,2 Terjual,https://deo.shopeemobile.com/shopee/modules-federation/live/0/shopee__item-card-standard-v2/0.2.8/pc/5dd7b4560d0e2d3190e8.svg,Depok,,https://deo.shopeemobile.com/shopee/modules-federation/live/0/shopee__item-card-standard-v2/0.2.8/pc/d7099d3fd1dfdaf705ab.svg,5.0,https://deo.shopeemobile.com/shopee/modules-federation/live/0/shopee__item-card-standard-v2/0.2.8/pc/0614b8f0a8fdde22942d.svg,Besok,,,,"Scrape to BigSeller
Huawei Nova 14 Pro Ram 12/512
Rp
8.500.000
5.0
2 Terjual
Besok
Depok",https://shopee.co.id/Huawei-Nova-14-Pro-Ram-12-512-i.1193823652.45205739539?extraParams=%7B%22display_model_id%22%3A345518394488%2C%22model_selection_logic%22%3A3%7D&sp_atk=8b1de79e-bd2a-48a6-a3d1-2a5ef1a3b948&xptdk=8b1de79e-bd2a-48a6-a3d1-2a5ef1a3b948
https://down-id.img.susercontent.com/file/id-11134207-822wp-mmimrc2w8k5f0d,https://down-id.img.susercontent.com/file/id-11134258-7r98w-lyezzaurybot13,Huawei Mate XT 16 / 1 tb Super Slim Trifold Design,Rp,49.500.000,https://deo.shopeemobile.com/shopee/modules-federation/live/0/shopee__item-card-standard-v2/0.2.8/pc/38e203dc86172a6c6560.svg,Besok,https://deo.shopeemobile.com/shopee/modules-federation/live/0/shopee__item-card-standard-v2/0.2.8/pc/5dd7b4560d0e2d3190e8.svg,Jakarta Barat,,https://deo.shopeemobile.com/shopee/modules-federation/live/0/shopee__item-card-standard-v2/0.2.8/pc/0614b8f0a8fdde22942d.svg,,https://deo.shopeemobile.com/shopee/modules-federation/live/0/shopee__item-card-standard-v2/0.2.8/pc/0614b8f0a8fdde22942d.svg,Besok,,,,"Scrape to BigSeller
Huawei Mate XT 16 / 1 tb Super Slim Trifold Design
Rp
49.500.000
Besok
Jakarta Barat",https://shopee.co.id/Huawei-Mate-XT-16-1-tb-Super-Slim-Trifold-Design-i.71039826.45158069955?extraParams=%7B%22display_model_id%22%3A370715535246%2C%22model_selection_logic%22%3A3%7D&sp_atk=6ad92fe1-1aad-42fb-a5d1-9103edd9c744&xptdk=6ad92fe1-1aad-42fb-a5d1-9103edd9c744
https://down-id.img.susercontent.com/file/18fa928d3b8fc0d31697755d1a48ffee,https://down-id.img.susercontent.com/file/id-11134258-822wr-mlx5y0tebegw04,hp huawei,Rp,700.000,https://deo.shopeemobile.com/shopee/modules-federation/live/0/shopee__item-card-standard-v2/0.2.8/pc/76dff349290d20891fc1.svg,5-10 Hari,https://deo.shopeemobile.com/shopee/modules-federation/live/0/shopee__item-card-standard-v2/0.2.8/pc/5dd7b4560d0e2d3190e8.svg,Medan,,,,,,,,,"Scrape to BigSeller
hp huawei
Rp
700.000
5-10 Hari
Medan",https://shopee.co.id/hp-huawei-i.56128606.6160477747?extraParams=%7B%22display_model_id%22%3A71631992530%2C%22model_selection_logic%22%3A3%7D&sp_atk=06ee8d1c-8cad-4dfc-976d-4258a7a3657f&xptdk=06ee8d1c-8cad-4dfc-976d-4258a7a3657f
https://down-id.img.susercontent.com/file/id-11134207-81ztq-mfj95na6qx3h81,https://down-id.img.susercontent.com/file/id-11134258-8224v-mkvw0cu9r7k1a5,HUAWEI NOVA 5T SECOND / NOVA 5T  SECOND 8/128 [BACA DESKRIPSI],Rp,1.250.000,https://deo.shopeemobile.com/shopee/modules-federation/live/0/shopee__item-card-standard-v2/0.2.8/pc/76dff349290d20891fc1.svg,4 Terjual,https://deo.shopeemobile.com/shopee/modules-federation/live/0/shopee__item-card-standard-v2/0.2.8/pc/5dd7b4560d0e2d3190e8.svg,Kab. Bogor,https://deo.shopeemobile.com/shopee/modules-federation/live/0/shopee__item-card-standard-v2/0.2.8/pc/a425c915798471b33e5d.png,https://deo.shopeemobile.com/shopee/modules-federation/live/0/shopee__item-card-standard-v2/0.2.8/pc/d7099d3fd1dfdaf705ab.svg,5.0,,,,,,"Scrape to BigSeller
HUAWEI NOVA 5T SECOND / NOVA 5T SECOND 8/128 [BACA DESKRIPSI]
Rp
1.250.000
5.0
4 Terjual
2-3 Hari
Kab. Bogor",https://shopee.co.id/HUAWEI-NOVA-5T-SECOND-NOVA-5T-SECOND-8-128-BACA-DESKRIPSI--i.391453485.41519642266?extraParams=%7B%22display_model_id%22%3A169068056984%2C%22model_selection_logic%22%3A3%7D&sp_atk=38946b47-c3a4-4018-8eb5-fd6e93163579&xptdk=38946b47-c3a4-4018-8eb5-fd6e93163579
https://down-id.img.susercontent.com/file/id-11134207-7rbk3-mazgmyfdkjx53f,https://down-id.img.susercontent.com/file/id-11134258-8224v-mkvw0cu9r7k1a5,Huawei mate 20 pro  ram 6/128,Rp,1.000.000,https://deo.shopeemobile.com/shopee/modules-federation/live/0/shopee__item-card-standard-v2/0.2.8/pc/76dff349290d20891fc1.svg,4-7 Hari,https://deo.shopeemobile.com/shopee/modules-federation/live/0/shopee__item-card-standard-v2/0.2.8/pc/5dd7b4560d0e2d3190e8.svg,Kab. Bandung Barat,,,,,,,,,"Scrape to BigSeller
Huawei mate 20 pro ram 6/128
Rp
1.000.000
4-7 Hari
Kab. Bandung Barat",https://shopee.co.id/Huawei-mate-20-pro-ram-6-128-i.394955913.40954517339?extraParams=%7B%22display_model_id%22%3A280382918503%2C%22model_selection_logic%22%3A3%7D&sp_atk=8e201578-bd21-423c-9ad8-854043a825f9&xptdk=8e201578-bd21-423c-9ad8-854043a825f9
https://down-id.img.susercontent.com/file/id-11134207-7r98z-lz1rqzfi3cv26a,https://down-id.img.susercontent.com/file/id-11134258-822wr-mlx67rtd6r602f,HUAWEI NOVA 5T SECOND 8/128 GB HP SECOND HANDPHONE SECOND HP SEKEN HP BEKAS HP MURAH,Rp,1.800.000,https://deo.shopeemobile.com/shopee/modules-federation/live/0/shopee__item-card-standard-v2/0.2.8/pc/38e203dc86172a6c6560.svg,17 Terjual,https://deo.shopeemobile.com/shopee/modules-federation/live/0/shopee__item-card-standard-v2/0.2.8/pc/5dd7b4560d0e2d3190e8.svg,Kab. Bogor,https://deo.shopeemobile.com/shopee/modules-federation/live/0/shopee__item-card-standard-v2/0.2.8/pc/a425c915798471b33e5d.png,https://deo.shopeemobile.com/shopee/modules-federation/live/0/shopee__item-card-standard-v2/0.2.8/pc/d7099d3fd1dfdaf705ab.svg,4.0,https://deo.shopeemobile.com/shopee/modules-federation/live/0/shopee__item-card-standard-v2/0.2.8/pc/0614b8f0a8fdde22942d.svg,Besok,,,,"Scrape to BigSeller
HUAWEI NOVA 5T SECOND 8/128 GB HP SECOND HANDPHONE SECOND HP SEKEN HP BEKAS HP MURAH
Rp
1.800.000
4.0
17 Terjual
Besok
Kab. Bogor",https://shopee.co.id/HUAWEI-NOVA-5T-SECOND-8-128-GB-HP-SECOND-HANDPHONE-SECOND-HP-SEKEN-HP-BEKAS-HP-MURAH-i.119246735.7008086551?extraParams=%7B%22display_model_id%22%3A256396527720%2C%22model_selection_logic%22%3A3%7D&sp_atk=4cfff37b-43ee-453e-9fcb-a40b2aed3b85&xptdk=4cfff37b-43ee-453e-9fcb-a40b2aed3b85
https://down-id.img.susercontent.com/file/b57ade201617cb941e779bad4c5495f3,,huawei Nova 7 5g 256gb Rom 8gb ram original mulus,Rp,2.400.000,https://deo.shopeemobile.com/shopee/modules-federation/live/0/shopee__item-card-standard-v2/0.2.8/pc/38e203dc86172a6c6560.svg,90 Terjual,https://deo.shopeemobile.com/shopee/modules-federation/live/0/shopee__item-card-standard-v2/0.2.8/pc/5dd7b4560d0e2d3190e8.svg,Kab. Kulon Progo,,https://deo.shopeemobile.com/shopee/modules-federation/live/0/shopee__item-card-standard-v2/0.2.8/pc/d7099d3fd1dfdaf705ab.svg,4.8,https://deo.shopeemobile.com/shopee/modules-federation/live/0/shopee__item-card-standard-v2/0.2.8/pc/0614b8f0a8fdde22942d.svg,Besok,Cicilan,,,"Scrape to BigSeller
huawei Nova 7 5g 256gb Rom 8gb ram original mulus
Rp
2.400.000
Cicilan
4.8
90 Terjual
Besok
Kab. Kulon Progo",https://shopee.co.id/huawei-Nova-7-5g-256gb-Rom-8gb-ram-original-mulus-i.34341683.3567782058?extraParams=%7B%22display_model_id%22%3A222274396174%2C%22model_selection_logic%22%3A3%7D&sp_atk=02b957b0-e8a4-409d-a105-e701ecb0b688&xptdk=02b957b0-e8a4-409d-a105-e701ecb0b688
https://down-id.img.susercontent.com/file/id-11134207-822wt-mmipr9u868ea67,https://down-id.img.susercontent.com/file/id-11134258-7r98w-lyezzaurybot13,Huawei Nova 14 Pro 12/512GB Fullset garansi panjang february 2027,Rp,6.600.000,https://deo.shopeemobile.com/shopee/modules-federation/live/0/shopee__item-card-standard-v2/0.2.8/pc/38e203dc86172a6c6560.svg,3 jam,https://deo.shopeemobile.com/shopee/modules-federation/live/0/shopee__item-card-standard-v2/0.2.8/pc/5dd7b4560d0e2d3190e8.svg,Kab. Sidoarjo,,https://deo.shopeemobile.com/shopee/modules-federation/live/0/shopee__item-card-standard-v2/0.2.8/pc/0614b8f0a8fdde22942d.svg,,https://deo.shopeemobile.com/shopee/modules-federation/live/0/shopee__item-card-standard-v2/0.2.8/pc/0614b8f0a8fdde22942d.svg,3 jam,,,,"Scrape to BigSeller
Huawei Nova 14 Pro 12/512GB Fullset garansi panjang february 2027
Rp
6.600.000
3 jam
Kab. Sidoarjo",https://shopee.co.id/Huawei-Nova-14-Pro-12-512GB-Fullset-garansi-panjang-february-2027-i.239983555.44608081991?extraParams=%7B%22display_model_id%22%3A420716059757%2C%22model_selection_logic%22%3A3%7D&sp_atk=ca919989-125e-4abb-b8cf-032dce4108c2&xptdk=ca919989-125e-4abb-b8cf-032dce4108c2
https://down-id.img.susercontent.com/file/afc667c97be4cd862ac02e7f16fb48d1,,SMARTPHONE HUAWEI Y6 3G WHITE GARANSI TAM,Rp,1.099.000,https://deo.shopeemobile.com/shopee/modules-federation/live/0/shopee__item-card-standard-v2/0.2.8/pc/38e203dc86172a6c6560.svg,Besok,https://deo.shopeemobile.com/shopee/modules-federation/live/0/shopee__item-card-standard-v2/0.2.8/pc/5dd7b4560d0e2d3190e8.svg,Jakarta Timur,,https://deo.shopeemobile.com/shopee/modules-federation/live/0/shopee__item-card-standard-v2/0.2.8/pc/0614b8f0a8fdde22942d.svg,,https://deo.shopeemobile.com/shopee/modules-federation/live/0/shopee__item-card-standard-v2/0.2.8/pc/0614b8f0a8fdde22942d.svg,Besok,Cicilan,,,"Scrape to BigSeller
SMARTPHONE HUAWEI Y6 3G WHITE GARANSI TAM
Rp
1.099.000
Cicilan
Besok
Jakarta Timur",https://shopee.co.id/SMARTPHONE-HUAWEI-Y6-3G-WHITE-GARANSI-TAM-i.751793.5832308526?extraParams=%7B%22display_model_id%22%3A51284177949%2C%22model_selection_logic%22%3A3%7D&sp_atk=fcd6a495-4473-4ae1-82cd-a1e13781022a&xptdk=fcd6a495-4473-4ae1-82cd-a1e13781022a
https://down-id.img.susercontent.com/file/id-11134207-7rbk8-m7heubijwu5123,https://down-id.img.susercontent.com/file/id-11134258-8224v-mkvw0cu9r7k1a5,Huawei Mate 10 Dual SIM Kamera Leica Ada Google Store,Rp,2.499.000,https://deo.shopeemobile.com/shopee/modules-federation/live/0/shopee__item-card-standard-v2/0.2.8/pc/38e203dc86172a6c6560.svg,Hari ini,https://deo.shopeemobile.com/shopee/modules-federation/live/0/shopee__item-card-standard-v2/0.2.8/pc/5dd7b4560d0e2d3190e8.svg,Surabaya,,https://deo.shopeemobile.com/shopee/modules-federation/live/0/shopee__item-card-standard-v2/0.2.8/pc/0614b8f0a8fdde22942d.svg,,https://deo.shopeemobile.com/shopee/modules-federation/live/0/shopee__item-card-standard-v2/0.2.8/pc/0614b8f0a8fdde22942d.svg,Hari ini,,,,"Scrape to BigSeller
Huawei Mate 10 Dual SIM Kamera Leica Ada Google Store
Rp
2.499.000
Hari ini
Surabaya",https://shopee.co.id/Huawei-Mate-10-Dual-SIM-Kamera-Leica-Ada-Google-Store-i.198773392.29629972187?extraParams=%7B%22display_model_id%22%3A247920077426%2C%22model_selection_logic%22%3A3%7D&sp_atk=50e680ae-c1d0-4b8f-b9db-e2267cad24e3&xptdk=50e680ae-c1d0-4b8f-b9db-e2267cad24e3
https://down-id.img.susercontent.com/file/id-11134207-8224y-mjxf5lllje9s84,https://down-id.img.susercontent.com/file/id-11134258-8224v-mkvw0cu9r7k1a5,Huawei Mate 10 Pro Ram 6/128 GB original Resmi,Rp,1.950.000,https://deo.shopeemobile.com/shopee/modules-federation/live/0/shopee__item-card-standard-v2/0.2.8/pc/38e203dc86172a6c6560.svg,Besok,https://deo.shopeemobile.com/shopee/modules-federation/live/0/shopee__item-card-standard-v2/0.2.8/pc/5dd7b4560d0e2d3190e8.svg,Kab. Bekasi,https://deo.shopeemobile.com/shopee/modules-federation/live/0/shopee__item-card-standard-v2/0.2.8/pc/e4734dab67ee2f9ebd5a.png,https://deo.shopeemobile.com/shopee/modules-federation/live/0/shopee__item-card-standard-v2/0.2.8/pc/0614b8f0a8fdde22942d.svg,,https://deo.shopeemobile.com/shopee/modules-federation/live/0/shopee__item-card-standard-v2/0.2.8/pc/0614b8f0a8fdde22942d.svg,Besok,,,,"Scrape to BigSeller
Huawei Mate 10 Pro Ram 6/128 GB original Resmi
Rp
1.950.000
Besok
Kab. Bekasi",https://shopee.co.id/Huawei-Mate-10-Pro-Ram-6-128-GB-original-Resmi-i.319663119.51805296712?extraParams=%7B%22display_model_id%22%3A340484240353%2C%22model_selection_logic%22%3A3%7D&sp_atk=4848a2a3-4db2-4dd1-86bc-532c236da9d4&xptdk=4848a2a3-4db2-4dd1-86bc-532c236da9d4
https://down-id.img.susercontent.com/file/id-11134207-81ztd-mf18n664dd73d1,https://down-id.img.susercontent.com/file/id-11134258-7r98w-lyezzaurybot13,huawei nova 5t 8/128,Rp,1.600.000,https://deo.shopeemobile.com/shopee/modules-federation/live/0/shopee__item-card-standard-v2/0.2.8/pc/38e203dc86172a6c6560.svg,Besok,https://deo.shopeemobile.com/shopee/modules-federation/live/0/shopee__item-card-standard-v2/0.2.8/pc/5dd7b4560d0e2d3190e8.svg,Bekasi,,https://deo.shopeemobile.com/shopee/modules-federation/live/0/shopee__item-card-standard-v2/0.2.8/pc/0614b8f0a8fdde22942d.svg,,https://deo.shopeemobile.com/shopee/modules-federation/live/0/shopee__item-card-standard-v2/0.2.8/pc/0614b8f0a8fdde22942d.svg,Besok,,,,"Scrape to BigSeller
huawei nova 5t 8/128
Rp
1.600.000
Besok
Bekasi",https://shopee.co.id/huawei-nova-5t-8-128-i.380329007.26332465454?extraParams=%7B%22display_model_id%22%3A195964244644%2C%22model_selection_logic%22%3A3%7D&sp_atk=cd74b08a-6827-47b6-9b49-55f0eb50543a&xptdk=cd74b08a-6827-47b6-9b49-55f0eb50543a
https://down-id.img.susercontent.com/file/id-11134207-822wp-mmsmx98rml8m9c,https://down-id.img.susercontent.com/file/id-11134258-7r98w-lyezzaurybot13,DZL - HP HUAWEI Mate X7 16/512 GB Foldable Original Garansi Resmi Official Store Handphone Ori,Rp,27.999.000,https://deo.shopeemobile.com/shopee/modules-federation/live/0/shopee__item-card-standard-v2/0.2.8/pc/76dff349290d20891fc1.svg,2-3 Hari,https://deo.shopeemobile.com/shopee/modules-federation/live/0/shopee__item-card-standard-v2/0.2.8/pc/5dd7b4560d0e2d3190e8.svg,Kab. Sleman,https://deo.shopeemobile.com/shopee/modules-federation/live/0/shopee__item-card-standard-v2/0.2.8/pc/7c9110f78e069acbced7.png,,,,,,-15%,,"Scrape to BigSeller
DZL - HP HUAWEI Mate X7 16/512 GB Foldable Original Garansi Resmi Official Store Handphone Ori
Rp
27.999.000
-15%
2-3 Hari
Kab. Sleman",https://shopee.co.id/DZL-HP-HUAWEI-Mate-X7-16-512-GB-Foldable-Original-Garansi-Resmi-Official-Store-Handphone-Ori-i.1460001275.52858406239?extraParams=%7B%22display_model_id%22%3A445745481626%2C%22model_selection_logic%22%3A3%7D&sp_atk=90ddc0ea-3b55-49aa-b114-9196b1447058&xptdk=90ddc0ea-3b55-49aa-b114-9196b1447058
https://down-id.img.susercontent.com/file/id-11134207-7ra0l-mcu0y5fc731jfa,,Huawei nova 13 pro 512gb 12gb ram fullset original,Rp,4.350.000,https://deo.shopeemobile.com/shopee/modules-federation/live/0/shopee__item-card-standard-v2/0.2.8/pc/38e203dc86172a6c6560.svg,13 Terjual,https://deo.shopeemobile.com/shopee/modules-federation/live/0/shopee__item-card-standard-v2/0.2.8/pc/5dd7b4560d0e2d3190e8.svg,Kab. Kulon Progo,,https://deo.shopeemobile.com/shopee/modules-federation/live/0/shopee__item-card-standard-v2/0.2.8/pc/d7099d3fd1dfdaf705ab.svg,5.0,https://deo.shopeemobile.com/shopee/modules-federation/live/0/shopee__item-card-standard-v2/0.2.8/pc/0614b8f0a8fdde22942d.svg,Besok,,,,"Scrape to BigSeller
Huawei nova 13 pro 512gb 12gb ram fullset original
Rp
4.350.000
5.0
13 Terjual
Besok
Kab. Kulon Progo",https://shopee.co.id/Huawei-nova-13-pro-512gb-12gb-ram-fullset-original-i.34341683.21984868284?extraParams=%7B%22display_model_id%22%3A410756678061%2C%22model_selection_logic%22%3A3%7D&sp_atk=0fa8a558-ce30-4142-8e4c-b755bb7ec2ec&xptdk=0fa8a558-ce30-4142-8e4c-b755bb7ec2ec
https://down-id.img.susercontent.com/file/id-11134207-7ra0o-mc6kz8p3p39n42,https://down-id.img.susercontent.com/file/id-11134258-8224v-mkvw0cu9r7k1a5,Huawei Mate 40e not Pro Mulus,Rp,5.000.000,https://deo.shopeemobile.com/shopee/modules-federation/live/0/shopee__item-card-standard-v2/0.2.8/pc/76dff349290d20891fc1.svg,4-11 Hari,https://deo.shopeemobile.com/shopee/modules-federation/live/0/shopee__item-card-standard-v2/0.2.8/pc/5dd7b4560d0e2d3190e8.svg,Singkawang,,,,,,,,,"Scrape to BigSeller
Huawei Mate 40e not Pro Mulus
Rp
5.000.000
4-11 Hari
Singkawang",https://shopee.co.id/Huawei-Mate-40e-not-Pro-Mulus-i.1510670585.44261371913?extraParams=%7B%22display_model_id%22%3A275953942619%2C%22model_selection_logic%22%3A3%7D&sp_atk=b723653f-a55f-42ab-aa28-43de0670431a&xptdk=b723653f-a55f-42ab-aa28-43de0670431a
https://down-id.img.susercontent.com/file/eea1b0de2be0da3fb816583601750400,,Huawei P20 Pro second - bekas 6gb ram 128gb Rom original,Rp,1.999.000,https://deo.shopeemobile.com/shopee/modules-federation/live/0/shopee__item-card-standard-v2/0.2.8/pc/76dff349290d20891fc1.svg,40 Terjual,https://deo.shopeemobile.com/shopee/modules-federation/live/0/shopee__item-card-standard-v2/0.2.8/pc/5dd7b4560d0e2d3190e8.svg,Kab. Kulon Progo,,https://deo.shopeemobile.com/shopee/modules-federation/live/0/shopee__item-card-standard-v2/0.2.8/pc/d7099d3fd1dfdaf705ab.svg,4.8,,,Cicilan,,,"Scrape to BigSeller
Huawei P20 Pro second - bekas 6gb ram 128gb Rom original
Rp
1.999.000
Cicilan
4.8
40 Terjual
2-3 Hari
Kab. Kulon Progo",https://shopee.co.id/Huawei-P20-Pro-second-bekas-6gb-ram-128gb-Rom-original-i.34341683.2376534263?extraParams=%7B%22display_model_id%22%3A211559701329%2C%22model_selection_logic%22%3A3%7D&sp_atk=001bea72-4860-4af2-bbab-fb00dec39535&xptdk=001bea72-4860-4af2-bbab-fb00dec39535
https://down-id.img.susercontent.com/file/id-11134207-822wk-mn9d22zlxedhbf,https://down-id.img.susercontent.com/file/id-11134258-8224v-mkvw0cu9r7k1a5,Huawei Mate 20 Pro 6/128GB | Mate 20 | Nova 7 8/256 Mulus No Minus | Kamera Leica Jernih | Second Resmi,Rp,2.550.000,https://deo.shopeemobile.com/shopee/modules-federation/live/0/shopee__item-card-standard-v2/0.2.8/pc/38e203dc86172a6c6560.svg,2 Terjual,https://deo.shopeemobile.com/shopee/modules-federation/live/0/shopee__item-card-standard-v2/0.2.8/pc/5dd7b4560d0e2d3190e8.svg,Bekasi,https://deo.shopeemobile.com/shopee/modules-federation/live/0/shopee__item-card-standard-v2/0.2.8/pc/a425c915798471b33e5d.png,https://deo.shopeemobile.com/shopee/modules-federation/live/0/shopee__item-card-standard-v2/0.2.8/pc/d7099d3fd1dfdaf705ab.svg,5.0,https://deo.shopeemobile.com/shopee/modules-federation/live/0/shopee__item-card-standard-v2/0.2.8/pc/0614b8f0a8fdde22942d.svg,Besok,,,,"Scrape to BigSeller
Huawei Mate 20 Pro 6/128GB | Mate 20 | Nova 7 8/256 Mulus No Minus | Kamera Leica Jernih | Second Resmi
Rp
2.550.000
5.0
2 Terjual
Besok
Bekasi",https://shopee.co.id/Huawei-Mate-20-Pro-6-128GB-Mate-20-Nova-7-8-256-Mulus-No-Minus-Kamera-Leica-Jernih-Second-Resmi-i.1707168568.50405781894?extraParams=%7B%22display_model_id%22%3A325559720395%2C%22model_selection_logic%22%3A3%7D&sp_atk=b0b05844-d9ae-44e2-b93d-86da3c49c4cd&xptdk=b0b05844-d9ae-44e2-b93d-86da3c49c4cd
https://down-id.img.susercontent.com/file/id-11134207-822wh-mn49exly3nk4e2,https://down-id.img.susercontent.com/file/id-11134258-7r98w-lyezzaurybot13,Huawei mate x6 12/512 black fullset mulus,Rp,14.500.000,https://deo.shopeemobile.com/shopee/modules-federation/live/0/shopee__item-card-standard-v2/0.2.8/pc/76dff349290d20891fc1.svg,4-7 Hari,https://deo.shopeemobile.com/shopee/modules-federation/live/0/shopee__item-card-standard-v2/0.2.8/pc/5dd7b4560d0e2d3190e8.svg,Bogor,,,,,,,,,"Scrape to BigSeller
Huawei mate x6 12/512 black fullset mulus
Rp
14.500.000
4-7 Hari
Bogor",https://shopee.co.id/Huawei-mate-x6-12-512-black-fullset-mulus-i.83576796.41630121115?extraParams=%7B%22display_model_id%22%3A330794034838%2C%22model_selection_logic%22%3A3%7D&sp_atk=2fb429c4-8085-4b16-8b10-e1c8a0e456aa&xptdk=2fb429c4-8085-4b16-8b10-e1c8a0e456aa
https://down-id.img.susercontent.com/file/id-11134207-7ra0n-mbnvpyu51sjq7f,https://down-id.img.susercontent.com/file/id-11134258-7r98w-lyezzaurybot13,huawei p30 pro dual sim,Rp,2.999.000,https://deo.shopeemobile.com/shopee/modules-federation/live/0/shopee__item-card-standard-v2/0.2.8/pc/76dff349290d20891fc1.svg,3-6 Hari,https://deo.shopeemobile.com/shopee/modules-federation/live/0/shopee__item-card-standard-v2/0.2.8/pc/5dd7b4560d0e2d3190e8.svg,Kab. Lamongan,,,,,,,,,"Scrape to BigSeller
huawei p30 pro dual sim
Rp
2.999.000
3-6 Hari
Kab. Lamongan",https://shopee.co.id/huawei-p30-pro-dual-sim-i.122321278.44256890770?extraParams=%7B%22display_model_id%22%3A270583528748%2C%22model_selection_logic%22%3A3%7D&sp_atk=4ecd039b-f2cf-4890-b4a8-c9be22be40a7&xptdk=4ecd039b-f2cf-4890-b4a8-c9be22be40a7
https://down-id.img.susercontent.com/file/id-11134207-8224o-mjxvy1coq7eq8b,https://down-id.img.susercontent.com/file/id-11134258-8224v-mkvw0cu9r7k1a5,HUAWEI MATE 30 PRO SECOND / MATE 30 PRO SECOND 8/256 [BACA DESKRIPSI],Rp,2.400.000,https://deo.shopeemobile.com/shopee/modules-federation/live/0/shopee__item-card-standard-v2/0.2.8/pc/38e203dc86172a6c6560.svg,Besok,https://deo.shopeemobile.com/shopee/modules-federation/live/0/shopee__item-card-standard-v2/0.2.8/pc/5dd7b4560d0e2d3190e8.svg,Kab. Bogor,https://deo.shopeemobile.com/shopee/modules-federation/live/0/shopee__item-card-standard-v2/0.2.8/pc/a425c915798471b33e5d.png,https://deo.shopeemobile.com/shopee/modules-federation/live/0/shopee__item-card-standard-v2/0.2.8/pc/0614b8f0a8fdde22942d.svg,,https://deo.shopeemobile.com/shopee/modules-federation/live/0/shopee__item-card-standard-v2/0.2.8/pc/0614b8f0a8fdde22942d.svg,Besok,,,,"Scrape to BigSeller
HUAWEI MATE 30 PRO SECOND / MATE 30 PRO SECOND 8/256 [BACA DESKRIPSI]
Rp
2.400.000
Besok
Kab. Bogor",https://shopee.co.id/HUAWEI-MATE-30-PRO-SECOND-MATE-30-PRO-SECOND-8-256-BACA-DESKRIPSI--i.391453485.43473522567?extraParams=%7B%22display_model_id%22%3A435574531032%2C%22model_selection_logic%22%3A3%7D&sp_atk=1ff18564-a53c-476c-b874-3d59d8c358d5&xptdk=1ff18564-a53c-476c-b874-3d59d8c358d5
https://down-id.img.susercontent.com/file/id-11134207-8224s-mkj2mdmnlamdf2,https://down-id.img.susercontent.com/file/id-11134258-7r98w-lyezzaurybot13,Hp huawei Nova 12 SE Ram 8/256gb,Rp,2.000.000,https://deo.shopeemobile.com/shopee/modules-federation/live/0/shopee__item-card-standard-v2/0.2.8/pc/76dff349290d20891fc1.svg,2-3 Hari,https://deo.shopeemobile.com/shopee/modules-federation/live/0/shopee__item-card-standard-v2/0.2.8/pc/5dd7b4560d0e2d3190e8.svg,Kab. Cianjur,,,,,,,,,"Scrape to BigSeller
Hp huawei Nova 12 SE Ram 8/256gb
Rp
2.000.000
2-3 Hari
Kab. Cianjur",https://shopee.co.id/Hp-huawei-Nova-12-SE-Ram-8-256gb-i.506471502.58106032406?extraParams=%7B%22display_model_id%22%3A315550177158%2C%22model_selection_logic%22%3A3%7D&sp_atk=0fcc42f3-5506-4fb8-8c49-2d6c4f50c7c4&xptdk=0fcc42f3-5506-4fb8-8c49-2d6c4f50c7c4
https://down-id.img.susercontent.com/file/id-11134207-7rash-m5s6u1c77j127f,https://down-id.img.susercontent.com/file/id-11134258-8224v-mkvw0cu9r7k1a5,Huawei P20 Pro 6/128 GB Termurah Bergaransi,Rp,2.099.999,https://deo.shopeemobile.com/shopee/modules-federation/live/0/shopee__item-card-standard-v2/0.2.8/pc/38e203dc86172a6c6560.svg,9 Terjual,https://deo.shopeemobile.com/shopee/modules-federation/live/0/shopee__item-card-standard-v2/0.2.8/pc/5dd7b4560d0e2d3190e8.svg,Kab. Bekasi,https://deo.shopeemobile.com/shopee/modules-federation/live/0/shopee__item-card-standard-v2/0.2.8/pc/e4734dab67ee2f9ebd5a.png,https://deo.shopeemobile.com/shopee/modules-federation/live/0/shopee__item-card-standard-v2/0.2.8/pc/d7099d3fd1dfdaf705ab.svg,5.0,https://deo.shopeemobile.com/shopee/modules-federation/live/0/shopee__item-card-standard-v2/0.2.8/pc/0614b8f0a8fdde22942d.svg,Besok,,,,"Scrape to BigSeller
Huawei P20 Pro 6/128 GB Termurah Bergaransi
Rp
2.099.999
5.0
9 Terjual
Besok
Kab. Bekasi",https://shopee.co.id/Huawei-P20-Pro-6-128-GB-Termurah-Bergaransi-i.61482812.23080095901?extraParams=%7B%22display_model_id%22%3A232080674467%2C%22model_selection_logic%22%3A3%7D&sp_atk=6a960a04-28be-45a8-9f6b-9fb15ad6ade0&xptdk=6a960a04-28be-45a8-9f6b-9fb15ad6ade0
https://down-id.img.susercontent.com/file/id-11134207-8224p-mi92x4nan56w3c,https://down-id.img.susercontent.com/file/id-11134258-8224v-mkvw0cu9r7k1a5,Huawei P30 Lite Ram 6/128Gb Huawei P30 Lite Second Termurah Ex Garansi Resmi Kualitas Terbaik / Hp Android Second Original Huawei,Rp,1.549.999,https://deo.shopeemobile.com/shopee/modules-federation/live/0/shopee__item-card-standard-v2/0.2.8/pc/76dff349290d20891fc1.svg,7-10 Hari,https://deo.shopeemobile.com/shopee/modules-federation/live/0/shopee__item-card-standard-v2/0.2.8/pc/5dd7b4560d0e2d3190e8.svg,Bandung,https://deo.shopeemobile.com/shopee/modules-federation/live/0/shopee__item-card-standard-v2/0.2.8/pc/a425c915798471b33e5d.png,,,,,Produk Baru,,,"Scrape to BigSeller
Huawei P30 Lite Ram 6/128Gb Huawei P30 Lite Second Termurah Ex Garansi Resmi Kualitas Terbaik / Hp Android Second Original Huawei
Rp
1.549.999
Produk Baru
7-10 Hari
Bandung",https://shopee.co.id/Huawei-P30-Lite-Ram-6-128Gb-Huawei-P30-Lite-Second-Termurah-Ex-Garansi-Resmi-Kualitas-Terbaik-Hp-Android-Second-Original-Huawei-i.158984416.54703069674?extraParams=%7B%22display_model_id%22%3A435297016539%2C%22model_selection_logic%22%3A3%7D&sp_atk=99635492-5882-470e-9ed6-3f3e22d91580&xptdk=99635492-5882-470e-9ed6-3f3e22d91580
https://down-id.img.susercontent.com/file/id-11134207-822wi-mndvesfxd89117,https://down-id.img.susercontent.com/file/id-11134258-822wp-mlyjp115kz5tc6,[PayDay Voucher s/d 15% | Ready Stock] HUAWEI Mate X7 Smartphone | Ultra Thin and Durable | True-to-Color Camera | Ultra-long Battery Life | Smart AI,Rp,27.949.000,https://deo.shopeemobile.com/shopee/modules-federation/live/0/shopee__item-card-standard-v2/0.2.8/pc/76dff349290d20891fc1.svg,268 Terjual,https://deo.shopeemobile.com/shopee/modules-federation/live/0/shopee__item-card-standard-v2/0.2.8/pc/5dd7b4560d0e2d3190e8.svg,Tangerang,https://deo.shopeemobile.com/shopee/modules-federation/live/0/shopee__item-card-standard-v2/0.2.8/pc/7c9110f78e069acbced7.png,https://deo.shopeemobile.com/shopee/modules-federation/live/0/shopee__item-card-standard-v2/0.2.8/pc/d7099d3fd1dfdaf705ab.svg,4.9,,,,-10%,https://deo.shopeemobile.com/shopee/modules-federation/live/0/shopee__item-card-standard-v2/0.2.8/pc/b4d1b8a78b3621dbdf4a.svg,"Scrape to BigSeller
[PayDay Voucher s/d 15% | Ready Stock] HUAWEI Mate X7 Smartphone | Ultra Thin and Durable | True-to-Color Camera | Ultra-long Battery Life | Smart AI
Rp
27.949.000
-10%
4.9
268 Terjual
2-3 Hari
Tangerang",https://shopee.co.id/-PayDay-Voucher-s-d-15-Ready-Stock-HUAWEI-Mate-X7-Smartphone-Ultra-Thin-and-Durable-True-to-Color-Camera-Ultra-long-Battery-Life-Smart-AI-i.39372120.47705913004?extraParams=%7B%22display_model_id%22%3A410533273418%2C%22model_selection_logic%22%3A3%7D&sp_atk=dd4f678c-14d1-4f0a-a6bf-876c3f9fe9ce&xptdk=dd4f678c-14d1-4f0a-a6bf-876c3f9fe9ce
https://down-id.img.susercontent.com/file/id-11134207-7rbk1-maijdum5lytu2f,https://down-id.img.susercontent.com/file/id-11134258-7r98w-lyezzaurybot13,huawei nova 5t,Rp,1.200.000,https://deo.shopeemobile.com/shopee/modules-federation/live/0/shopee__item-card-standard-v2/0.2.8/pc/38e203dc86172a6c6560.svg,Besok,https://deo.shopeemobile.com/shopee/modules-federation/live/0/shopee__item-card-standard-v2/0.2.8/pc/5dd7b4560d0e2d3190e8.svg,Bekasi,,https://deo.shopeemobile.com/shopee/modules-federation/live/0/shopee__item-card-standard-v2/0.2.8/pc/0614b8f0a8fdde22942d.svg,,https://deo.shopeemobile.com/shopee/modules-federation/live/0/shopee__item-card-standard-v2/0.2.8/pc/0614b8f0a8fdde22942d.svg,Besok,,,,"Scrape to BigSeller
huawei nova 5t
Rp
1.200.000
Besok
Bekasi",https://shopee.co.id/huawei-nova-5t-i.380329007.42252990348?extraParams=%7B%22display_model_id%22%3A159195633534%2C%22model_selection_logic%22%3A3%7D&sp_atk=2528a62e-c2a7-4e4d-8f9e-cb99467fa0e8&xptdk=2528a62e-c2a7-4e4d-8f9e-cb99467fa0e8
https://down-id.img.susercontent.com/file/id-11134207-8224r-mgllbqyzyxaned,https://down-id.img.susercontent.com/file/id-11134258-8224v-mkvw0cu9r7k1a5,Huawei P30 lite 128GB Termurah dan Terlaris,Rp,1.449.999,https://deo.shopeemobile.com/shopee/modules-federation/live/0/shopee__item-card-standard-v2/0.2.8/pc/76dff349290d20891fc1.svg,1 Terjual,https://deo.shopeemobile.com/shopee/modules-federation/live/0/shopee__item-card-standard-v2/0.2.8/pc/5dd7b4560d0e2d3190e8.svg,Bandung,https://deo.shopeemobile.com/shopee/modules-federation/live/0/shopee__item-card-standard-v2/0.2.8/pc/e4734dab67ee2f9ebd5a.png,https://deo.shopeemobile.com/shopee/modules-federation/live/0/shopee__item-card-standard-v2/0.2.8/pc/d7099d3fd1dfdaf705ab.svg,5.0,,,,,,"Scrape to BigSeller
Huawei P30 lite 128GB Termurah dan Terlaris
Rp
1.449.999
5.0
1 Terjual
3-5 Hari
Bandung",https://shopee.co.id/Huawei-P30-lite-128GB-Termurah-dan-Terlaris-i.1418109676.27832191597?extraParams=%7B%22display_model_id%22%3A253089787478%2C%22model_selection_logic%22%3A3%7D&sp_atk=d69355d6-5bb4-491c-9ff7-26133fc6fe3e&xptdk=d69355d6-5bb4-491c-9ff7-26133fc6fe3e
https://down-id.img.susercontent.com/file/id-11134207-7r990-lszev5qbr7g93a,,Huawei mate 20 mate 20x 128gb Rom 6gb ram original,Rp,1.950.000,https://deo.shopeemobile.com/shopee/modules-federation/live/0/shopee__item-card-standard-v2/0.2.8/pc/38e203dc86172a6c6560.svg,39 Terjual,https://deo.shopeemobile.com/shopee/modules-federation/live/0/shopee__item-card-standard-v2/0.2.8/pc/5dd7b4560d0e2d3190e8.svg,Kab. Kulon Progo,,https://deo.shopeemobile.com/shopee/modules-federation/live/0/shopee__item-card-standard-v2/0.2.8/pc/d7099d3fd1dfdaf705ab.svg,4.3,https://deo.shopeemobile.com/shopee/modules-federation/live/0/shopee__item-card-standard-v2/0.2.8/pc/0614b8f0a8fdde22942d.svg,Besok,Cicilan,,,"Scrape to BigSeller
Huawei mate 20 mate 20x 128gb Rom 6gb ram original
Rp
1.950.000
Cicilan
4.3
39 Terjual
Besok
Kab. Kulon Progo",https://shopee.co.id/Huawei-mate-20-mate-20x-128gb-Rom-6gb-ram-original-i.34341683.10079593042?extraParams=%7B%22display_model_id%22%3A325117202943%2C%22model_selection_logic%22%3A3%7D&sp_atk=2f40b597-c7e9-4c7c-843e-780aa53363cb&xptdk=2f40b597-c7e9-4c7c-843e-780aa53363cb
https://down-id.img.susercontent.com/file/id-11134207-7rasm-m2xp5osmaitg44,https://down-id.img.susercontent.com/file/id-11134258-8224v-mkvw0cu9r7k1a5,huawei nova 5t indonesia,Rp,1.750.000,https://deo.shopeemobile.com/shopee/modules-federation/live/0/shopee__item-card-standard-v2/0.2.8/pc/38e203dc86172a6c6560.svg,3 Terjual,https://deo.shopeemobile.com/shopee/modules-federation/live/0/shopee__item-card-standard-v2/0.2.8/pc/5dd7b4560d0e2d3190e8.svg,Depok,https://deo.shopeemobile.com/shopee/modules-federation/live/0/shopee__item-card-standard-v2/0.2.8/pc/a425c915798471b33e5d.png,https://deo.shopeemobile.com/shopee/modules-federation/live/0/shopee__item-card-standard-v2/0.2.8/pc/d7099d3fd1dfdaf705ab.svg,5.0,https://deo.shopeemobile.com/shopee/modules-federation/live/0/shopee__item-card-standard-v2/0.2.8/pc/0614b8f0a8fdde22942d.svg,Besok,,,,"Scrape to BigSeller
huawei nova 5t indonesia
Rp
1.750.000
5.0
3 Terjual
Besok
Depok",https://shopee.co.id/huawei-nova-5t-indonesia-i.1011948744.25774557916?extraParams=%7B%22display_model_id%22%3A217437790623%2C%22model_selection_logic%22%3A3%7D&sp_atk=076854aa-a7ee-4037-affe-af3e7b7a6050&xptdk=076854aa-a7ee-4037-affe-af3e7b7a6050
https://down-id.img.susercontent.com/file/id-11134207-7r990-lv1qmgx0zmfhaa,https://down-id.img.susercontent.com/file/id-11134258-822wr-mlx67rtd6r602f,huawei p20 pro 6/128gb resmi,Rp,1.800.000,https://deo.shopeemobile.com/shopee/modules-federation/live/0/shopee__item-card-standard-v2/0.2.8/pc/76dff349290d20891fc1.svg,1 Terjual,https://deo.shopeemobile.com/shopee/modules-federation/live/0/shopee__item-card-standard-v2/0.2.8/pc/5dd7b4560d0e2d3190e8.svg,Jakarta Pusat,https://deo.shopeemobile.com/shopee/modules-federation/live/0/shopee__item-card-standard-v2/0.2.8/pc/a425c915798471b33e5d.png,,,,,,,,"Scrape to BigSeller
huawei p20 pro 6/128gb resmi
Rp
1.800.000
1 Terjual
2-3 Hari
Jakarta Pusat",https://shopee.co.id/huawei-p20-pro-6-128gb-resmi-i.348952502.25079227143?extraParams=%7B%22display_model_id%22%3A255788048253%2C%22model_selection_logic%22%3A3%7D&sp_atk=092ff453-0a2f-4df1-8a7d-8285fd84fa0e&xptdk=092ff453-0a2f-4df1-8a7d-8285fd84fa0e
https://down-id.img.susercontent.com/file/id-11134207-822wr-mlcy9pidpyir44,https://down-id.img.susercontent.com/file/id-11134258-822wr-mlx67rtd6r602f,HUAWEI P30 PRO SECOND / P30 PRO SECOND 8/256 [BACA DESKRIPSI],Rp,2.000.000,https://deo.shopeemobile.com/shopee/modules-federation/live/0/shopee__item-card-standard-v2/0.2.8/pc/38e203dc86172a6c6560.svg,14 Terjual,https://deo.shopeemobile.com/shopee/modules-federation/live/0/shopee__item-card-standard-v2/0.2.8/pc/5dd7b4560d0e2d3190e8.svg,Kab. Bogor,https://deo.shopeemobile.com/shopee/modules-federation/live/0/shopee__item-card-standard-v2/0.2.8/pc/a425c915798471b33e5d.png,https://deo.shopeemobile.com/shopee/modules-federation/live/0/shopee__item-card-standard-v2/0.2.8/pc/d7099d3fd1dfdaf705ab.svg,4.9,https://deo.shopeemobile.com/shopee/modules-federation/live/0/shopee__item-card-standard-v2/0.2.8/pc/0614b8f0a8fdde22942d.svg,Besok,,,,"Scrape to BigSeller
HUAWEI P30 PRO SECOND / P30 PRO SECOND 8/256 [BACA DESKRIPSI]
Rp
2.000.000
4.9
14 Terjual
Besok
Kab. Bogor",https://shopee.co.id/HUAWEI-P30-PRO-SECOND-P30-PRO-SECOND-8-256-BACA-DESKRIPSI--i.119246735.41551676358?extraParams=%7B%22display_model_id%22%3A390533416211%2C%22model_selection_logic%22%3A3%7D&sp_atk=496dfe92-9ca7-44b4-a1fc-8f48f907ef6e&xptdk=496dfe92-9ca7-44b4-a1fc-8f48f907ef6e
https://down-id.img.susercontent.com/file/id-11134207-8224x-mktadexmb4zl61,https://down-id.img.susercontent.com/file/id-11134258-8224v-mkvw0cu9r7k1a5,HUAWEI NOVA 13 PRO 12/512 SECOND SUPER MULUS TERAWAT,Rp,6.250.000,https://deo.shopeemobile.com/shopee/modules-federation/live/0/shopee__item-card-standard-v2/0.2.8/pc/38e203dc86172a6c6560.svg,3 jam,https://deo.shopeemobile.com/shopee/modules-federation/live/0/shopee__item-card-standard-v2/0.2.8/pc/5dd7b4560d0e2d3190e8.svg,Kab. Sidoarjo,https://deo.shopeemobile.com/shopee/modules-federation/live/0/shopee__item-card-standard-v2/0.2.8/pc/a425c915798471b33e5d.png,https://deo.shopeemobile.com/shopee/modules-federation/live/0/shopee__item-card-standard-v2/0.2.8/pc/0614b8f0a8fdde22942d.svg,,https://deo.shopeemobile.com/shopee/modules-federation/live/0/shopee__item-card-standard-v2/0.2.8/pc/0614b8f0a8fdde22942d.svg,3 jam,,,,"Scrape to BigSeller
HUAWEI NOVA 13 PRO 12/512 SECOND SUPER MULUS TERAWAT
Rp
6.250.000
3 jam
Kab. Sidoarjo",https://shopee.co.id/HUAWEI-NOVA-13-PRO-12-512-SECOND-SUPER-MULUS-TERAWAT-i.480452205.43224523629?extraParams=%7B%22display_model_id%22%3A271989744405%2C%22model_selection_logic%22%3A3%7D&sp_atk=0b33f097-365c-4e77-b649-7de84b523634&xptdk=0b33f097-365c-4e77-b649-7de84b523634
https://down-id.img.susercontent.com/file/id-11134207-8224y-mi0drzfd1u6c8e,https://down-id.img.susercontent.com/file/id-11134258-7r98w-lyezzaurybot13,HUAWEI P20 PRO 6/128 INTER SECEND NORMAL,Rp,1.100.000,https://deo.shopeemobile.com/shopee/modules-federation/live/0/shopee__item-card-standard-v2/0.2.8/pc/76dff349290d20891fc1.svg,4-7 Hari,https://deo.shopeemobile.com/shopee/modules-federation/live/0/shopee__item-card-standard-v2/0.2.8/pc/5dd7b4560d0e2d3190e8.svg,Serang,,,,,,,,,"Scrape to BigSeller
HUAWEI P20 PRO 6/128 INTER SECEND NORMAL
Rp
1.100.000
4-7 Hari
Serang",https://shopee.co.id/HUAWEI-P20-PRO-6-128-INTER-SECEND-NORMAL-i.1669377235.45102801291?extraParams=%7B%22display_model_id%22%3A370268829166%2C%22model_selection_logic%22%3A3%7D&sp_atk=3a523a36-c19a-4f31-9eab-eb9dbb6de7fc&xptdk=3a523a36-c19a-4f31-9eab-eb9dbb6de7fc
https://down-id.img.susercontent.com/file/id-11134207-822wn-mmg39ohgbnk3eb,https://down-id.img.susercontent.com/file/id-11134258-822wr-mlx67rtd6r602f,Huawei Mate 10 Ram 4GB Rom 64GB,Rp,1.000.000,https://deo.shopeemobile.com/shopee/modules-federation/live/0/shopee__item-card-standard-v2/0.2.8/pc/38e203dc86172a6c6560.svg,1 Terjual,https://deo.shopeemobile.com/shopee/modules-federation/live/0/shopee__item-card-standard-v2/0.2.8/pc/5dd7b4560d0e2d3190e8.svg,Jakarta Barat,https://deo.shopeemobile.com/shopee/modules-federation/live/0/shopee__item-card-standard-v2/0.2.8/pc/e4734dab67ee2f9ebd5a.png,https://deo.shopeemobile.com/shopee/modules-federation/live/0/shopee__item-card-standard-v2/0.2.8/pc/d7099d3fd1dfdaf705ab.svg,5.0,https://deo.shopeemobile.com/shopee/modules-federation/live/0/shopee__item-card-standard-v2/0.2.8/pc/0614b8f0a8fdde22942d.svg,Besok,,,,"Scrape to BigSeller
Huawei Mate 10 Ram 4GB Rom 64GB
Rp
1.000.000
5.0
1 Terjual
Besok
Jakarta Barat",https://shopee.co.id/Huawei-Mate-10-Ram-4GB-Rom-64GB-i.1216046747.23865268398?extraParams=%7B%22display_model_id%22%3A243235956774%2C%22model_selection_logic%22%3A3%7D&sp_atk=645966fc-a1fb-403d-99ac-79d4b2ed8b5f&xptdk=645966fc-a1fb-403d-99ac-79d4b2ed8b5f
https://down-id.img.susercontent.com/file/id-11134207-822wq-mmv0b2lhux3897,https://down-id.img.susercontent.com/file/id-11134258-7r98w-lyezzaurybot13,Huawei P30 Pro 8/128,Rp,3.250.000,https://deo.shopeemobile.com/shopee/modules-federation/live/0/shopee__item-card-standard-v2/0.2.8/pc/38e203dc86172a6c6560.svg,Besok,https://deo.shopeemobile.com/shopee/modules-federation/live/0/shopee__item-card-standard-v2/0.2.8/pc/5dd7b4560d0e2d3190e8.svg,Kab. Tangerang,,https://deo.shopeemobile.com/shopee/modules-federation/live/0/shopee__item-card-standard-v2/0.2.8/pc/0614b8f0a8fdde22942d.svg,,https://deo.shopeemobile.com/shopee/modules-federation/live/0/shopee__item-card-standard-v2/0.2.8/pc/0614b8f0a8fdde22942d.svg,Besok,,,,"Scrape to BigSeller
Huawei P30 Pro 8/128
Rp
3.250.000
Besok
Kab. Tangerang",https://shopee.co.id/Huawei-P30-Pro-8-128-i.80219078.48258542048?extraParams=%7B%22display_model_id%22%3A405755666695%2C%22model_selection_logic%22%3A3%7D&sp_atk=8dfe69fb-a9cc-4261-bc46-cb7f27a156c1&xptdk=8dfe69fb-a9cc-4261-bc46-cb7f27a156c1
https://down-id.img.susercontent.com/file/6d65426916ce035a54fa51dd36c340d4,,Huawei p30 seken second bekas 128gb Rom 8gb ram original fullset,Rp,2.250.000,https://deo.shopeemobile.com/shopee/modules-federation/live/0/shopee__item-card-standard-v2/0.2.8/pc/38e203dc86172a6c6560.svg,73 Terjual,https://deo.shopeemobile.com/shopee/modules-federation/live/0/shopee__item-card-standard-v2/0.2.8/pc/5dd7b4560d0e2d3190e8.svg,Kab. Kulon Progo,,https://deo.shopeemobile.com/shopee/modules-federation/live/0/shopee__item-card-standard-v2/0.2.8/pc/d7099d3fd1dfdaf705ab.svg,4.5,https://deo.shopeemobile.com/shopee/modules-federation/live/0/shopee__item-card-standard-v2/0.2.8/pc/0614b8f0a8fdde22942d.svg,Besok,Cicilan,,,"Scrape to BigSeller
Huawei p30 seken second bekas 128gb Rom 8gb ram original fullset
Rp
2.250.000
Cicilan
4.5
73 Terjual
Besok
Kab. Kulon Progo",https://shopee.co.id/Huawei-p30-seken-second-bekas-128gb-Rom-8gb-ram-original-fullset-i.34341683.6633181590?extraParams=%7B%22display_model_id%22%3A68531086663%2C%22model_selection_logic%22%3A3%7D&sp_atk=2ac0bad0-5f3d-40b7-8bed-06caaf5214eb&xptdk=2ac0bad0-5f3d-40b7-8bed-06caaf5214eb
https://down-id.img.susercontent.com/file/id-11134207-7rbk0-ma9cvb3gdi00eb,https://down-id.img.susercontent.com/file/id-11134258-7r98w-lyezzaurybot13,Huawei P30 Lite 128Gb Fullset Resmi Indonesia Paling Murah,Rp,1.249.999,https://deo.shopeemobile.com/shopee/modules-federation/live/0/shopee__item-card-standard-v2/0.2.8/pc/38e203dc86172a6c6560.svg,Besok,https://deo.shopeemobile.com/shopee/modules-federation/live/0/shopee__item-card-standard-v2/0.2.8/pc/5dd7b4560d0e2d3190e8.svg,Kab. Bekasi,https://deo.shopeemobile.com/shopee/modules-federation/live/0/shopee__item-card-standard-v2/0.2.8/pc/e4734dab67ee2f9ebd5a.png,https://deo.shopeemobile.com/shopee/modules-federation/live/0/shopee__item-card-standard-v2/0.2.8/pc/0614b8f0a8fdde22942d.svg,,https://deo.shopeemobile.com/shopee/modules-federation/live/0/shopee__item-card-standard-v2/0.2.8/pc/0614b8f0a8fdde22942d.svg,Besok,,,,"Scrape to BigSeller
Huawei P30 Lite 128Gb Fullset Resmi Indonesia Paling Murah
Rp
1.249.999
Besok
Kab. Bekasi",https://shopee.co.id/Huawei-P30-Lite-128Gb-Fullset-Resmi-Indonesia-Paling-Murah-i.1546775512.40702275203?extraParams=%7B%22display_model_id%22%3A290186670853%2C%22model_selection_logic%22%3A3%7D&sp_atk=6112920f-f7a4-40cc-b100-857e43af7e41&xptdk=6112920f-f7a4-40cc-b100-857e43af7e41
https://down-id.img.susercontent.com/file/id-11134207-7rasf-m5gmyrf67n6eaf,,Huawei P20 Pro 6/128 GB Ex Huawei Indonesia Second Bekas Seken Ori,Rp,1.990.000,https://deo.shopeemobile.com/shopee/modules-federation/live/0/shopee__item-card-standard-v2/0.2.8/pc/38e203dc86172a6c6560.svg,1 Terjual,https://deo.shopeemobile.com/shopee/modules-federation/live/0/shopee__item-card-standard-v2/0.2.8/pc/5dd7b4560d0e2d3190e8.svg,Jakarta Utara,https://deo.shopeemobile.com/shopee/modules-federation/live/0/shopee__item-card-standard-v2/0.2.8/pc/e4734dab67ee2f9ebd5a.png,https://deo.shopeemobile.com/shopee/modules-federation/live/0/shopee__item-card-standard-v2/0.2.8/pc/d7099d3fd1dfdaf705ab.svg,5.0,https://deo.shopeemobile.com/shopee/modules-federation/live/0/shopee__item-card-standard-v2/0.2.8/pc/0614b8f0a8fdde22942d.svg,Besok,,,,"Scrape to BigSeller
Huawei P20 Pro 6/128 GB Ex Huawei Indonesia Second Bekas Seken Ori
Rp
1.990.000
5.0
1 Terjual
Besok
Jakarta Utara",https://shopee.co.id/Huawei-P20-Pro-6-128-GB-Ex-Huawei-Indonesia-Second-Bekas-Seken-Ori-i.304735900.28074655248?extraParams=%7B%22display_model_id%22%3A223755903340%2C%22model_selection_logic%22%3A3%7D&sp_atk=5ff1f652-40a2-438d-a310-1066e94c0eb8&xptdk=5ff1f652-40a2-438d-a310-1066e94c0eb8
https://down-id.img.susercontent.com/file/id-11134207-7rase-m58dmxsv9urqc6,https://down-id.img.susercontent.com/file/id-11134258-822wr-mlx67rtd6r602f,Huawei P30 Pro 8/128GB | P30 Pro 8/256GB | P40 | P40 Pro | P50 | P50 Pro SECOND BERGARANSI,Rp,3.740.000,https://deo.shopeemobile.com/shopee/modules-federation/live/0/shopee__item-card-standard-v2/0.2.8/pc/38e203dc86172a6c6560.svg,43 Terjual,https://deo.shopeemobile.com/shopee/modules-federation/live/0/shopee__item-card-standard-v2/0.2.8/pc/5dd7b4560d0e2d3190e8.svg,Jakarta Pusat,https://deo.shopeemobile.com/shopee/modules-federation/live/0/shopee__item-card-standard-v2/0.2.8/pc/a425c915798471b33e5d.png,https://deo.shopeemobile.com/shopee/modules-federation/live/0/shopee__item-card-standard-v2/0.2.8/pc/d7099d3fd1dfdaf705ab.svg,5.0,https://deo.shopeemobile.com/shopee/modules-federation/live/0/shopee__item-card-standard-v2/0.2.8/pc/0614b8f0a8fdde22942d.svg,Besok,,,,"Scrape to BigSeller
Huawei P30 Pro 8/128GB | P30 Pro 8/256GB | P40 | P40 Pro | P50 | P50 Pro SECOND BERGARANSI
Rp
3.740.000
5.0
43 Terjual
Besok
Jakarta Pusat",https://shopee.co.id/Huawei-P30-Pro-8-128GB-P30-Pro-8-256GB-P40-P40-Pro-P50-P50-Pro-SECOND-BERGARANSI-i.690286890.27774025514?extraParams=%7B%22display_model_id%22%3A233752892657%2C%22model_selection_logic%22%3A3%7D&sp_atk=909a967f-724b-4cf8-bf58-ed6121c8a96f&xptdk=909a967f-724b-4cf8-bf58-ed6121c8a96f
https://down-id.img.susercontent.com/file/id-11134207-7ra0t-md6vad7dwcuve0,https://down-id.img.susercontent.com/file/id-11134258-8224v-mkvw0cu9r7k1a5,huawei nova 8 5G minus,Rp,1.450.500,https://deo.shopeemobile.com/shopee/modules-federation/live/0/shopee__item-card-standard-v2/0.2.8/pc/38e203dc86172a6c6560.svg,< 2 Hari,https://deo.shopeemobile.com/shopee/modules-federation/live/0/shopee__item-card-standard-v2/0.2.8/pc/5dd7b4560d0e2d3190e8.svg,Kab. Lamongan,,https://deo.shopeemobile.com/shopee/modules-federation/live/0/shopee__item-card-standard-v2/0.2.8/pc/0614b8f0a8fdde22942d.svg,,https://deo.shopeemobile.com/shopee/modules-federation/live/0/shopee__item-card-standard-v2/0.2.8/pc/0614b8f0a8fdde22942d.svg,< 2 Hari,,,,"Scrape to BigSeller
huawei nova 8 5G minus
Rp
1.450.500
< 2 Hari
Kab. Lamongan",https://shopee.co.id/huawei-nova-8-5G-minus-i.18854966.43112066784?extraParams=%7B%22display_model_id%22%3A261011480491%2C%22model_selection_logic%22%3A3%7D&sp_atk=67796d25-4895-4ce5-bd55-3b0c4c773380&xptdk=67796d25-4895-4ce5-bd55-3b0c4c773380
https://down-id.img.susercontent.com/file/id-11134207-8224p-mgmhi15rft3ibe,https://down-id.img.susercontent.com/file/id-11134258-8224v-mkvw0cu9r7k1a5,Huawei P30 Lite 128GB Termurah dan Terlaris,Rp,1.319.999,https://deo.shopeemobile.com/shopee/modules-federation/live/0/shopee__item-card-standard-v2/0.2.8/pc/76dff349290d20891fc1.svg,1 Terjual,https://deo.shopeemobile.com/shopee/modules-federation/live/0/shopee__item-card-standard-v2/0.2.8/pc/5dd7b4560d0e2d3190e8.svg,Jakarta Timur,https://deo.shopeemobile.com/shopee/modules-federation/live/0/shopee__item-card-standard-v2/0.2.8/pc/a425c915798471b33e5d.png,https://deo.shopeemobile.com/shopee/modules-federation/live/0/shopee__item-card-standard-v2/0.2.8/pc/d7099d3fd1dfdaf705ab.svg,5.0,,,,,,"Scrape to BigSeller
Huawei P30 Lite 128GB Termurah dan Terlaris
Rp
1.319.999
5.0
1 Terjual
5-8 Hari
Jakarta Timur",https://shopee.co.id/Huawei-P30-Lite-128GB-Termurah-dan-Terlaris-i.1433674527.56250761111?extraParams=%7B%22display_model_id%22%3A310068681244%2C%22model_selection_logic%22%3A3%7D&sp_atk=e7b28fe2-23de-45c1-b760-4b34acafd2d2&xptdk=e7b28fe2-23de-45c1-b760-4b34acafd2d2
https://down-id.img.susercontent.com/file/1d2fc5f58564b28ba34318491eb9ae6b,,Smartphone Huawei p20pro Android 5.72,Rp,800.000,https://deo.shopeemobile.com/shopee/modules-federation/live/0/shopee__item-card-standard-v2/0.2.8/pc/76dff349290d20891fc1.svg,3-7 Hari,https://deo.shopeemobile.com/shopee/modules-federation/live/0/shopee__item-card-standard-v2/0.2.8/pc/5dd7b4560d0e2d3190e8.svg,Kab. Ende,,,,,,Cicilan,,,"Scrape to BigSeller
Smartphone Huawei p20pro Android 5.72
Rp
800.000
Cicilan
3-7 Hari
Kab. Ende",https://shopee.co.id/Smartphone-Huawei-p20pro-Android-5.72-i.134319987.4407048423?extraParams=%7B%22display_model_id%22%3A52836920655%2C%22model_selection_logic%22%3A3%7D&sp_atk=b5fa80c7-49b7-451f-98ae-e23ffa4e76d9&xptdk=b5fa80c7-49b7-451f-98ae-e23ffa4e76d9