-image-yazkc-11,-image-yazkc-11_2,text-sm,text-xs/sp14,font-medium,text-shopee-primary,img,text-xs/sp14_2,pointer-events-none,text-shopee-green,pointer-events-none_2,align-middle,w-auto,text-white,inline-block,pointer-events-none_3,truncate,text-xs_2,_container,_container_link
https://down-id.img.susercontent.com/file/id-11134207-82251-mkelu04akkqwda,https://down-id.img.susercontent.com/file/id-11134258-7r98w-lyezzaurybot13,BISA COD PROMO NOKIA 230 DUAL SIM KAMERA SELFIE NORMAL SECOND ORI,Rp,99.000,-36%,https://deo.shopeemobile.com/shopee/modules-federation/live/0/shopee__item-card-standard-v2/0.2.8/pc/d7099d3fd1dfdaf705ab.svg,5.0,https://deo.shopeemobile.com/shopee/modules-federation/live/0/shopee__item-card-standard-v2/0.2.8/pc/76dff349290d20891fc1.svg,4-7 Hari,https://deo.shopeemobile.com/shopee/modules-federation/live/0/shopee__item-card-standard-v2/0.2.8/pc/5dd7b4560d0e2d3190e8.svg,Kab. Cirebon,,,,,,2 Terjual,"Scrape to BigSeller
BISA COD PROMO NOKIA 230 DUAL SIM KAMERA SELFIE NORMAL SECOND ORI
Rp
99.000
-36%
5.0
2 Terjual
4-7 Hari
Kab. Cirebon",https://shopee.co.id/BISA-COD-PROMO-NOKIA-230-DUAL-SIM-KAMERA-SELFIE-NORMAL-SECOND-ORI-i.1206168117.40378651586?extraParams=%7B%22display_model_id%22%3A355536668750%2C%22model_selection_logic%22%3A3%7D&sp_atk=c93b589a-8076-4f7c-ba48-278d5e4767f1&xptdk=c93b589a-8076-4f7c-ba48-278d5e4767f1
https://down-id.img.susercontent.com/file/id-11134207-822wl-mmk086g7qnepbd,https://down-id.img.susercontent.com/file/id-11134258-7r98w-lyezzaurybot13,Nokia Lumia 520 - Second / Bekas,Rp,250.000,,https://deo.shopeemobile.com/shopee/modules-federation/live/0/shopee__item-card-standard-v2/0.2.8/pc/0614b8f0a8fdde22942d.svg,,https://deo.shopeemobile.com/shopee/modules-federation/live/0/shopee__item-card-standard-v2/0.2.8/pc/38e203dc86172a6c6560.svg,,https://deo.shopeemobile.com/shopee/modules-federation/live/0/shopee__item-card-standard-v2/0.2.8/pc/5dd7b4560d0e2d3190e8.svg,Jakarta Barat,https://deo.shopeemobile.com/shopee/modules-federation/live/0/shopee__item-card-standard-v2/0.2.8/pc/0614b8f0a8fdde22942d.svg,Besok,,,,Besok,"Scrape to BigSeller
Nokia Lumia 520 - Second / Bekas
Rp
250.000
Besok
Jakarta Barat",https://shopee.co.id/Nokia-Lumia-520-Second-Bekas-i.457773151.44279699674?extraParams=%7B%22display_model_id%22%3A320720369827%2C%22model_selection_logic%22%3A3%7D&sp_atk=3d093eb4-8bb4-419d-99fd-82502fc9e2b7&xptdk=3d093eb4-8bb4-419d-99fd-82502fc9e2b7
https://down-id.img.susercontent.com/file/id-11134207-7r98s-lvps4zuoq03ga6,https://down-id.img.susercontent.com/file/id-11134258-8224v-mkvw0cu9r7k1a5,nokia 216 selfi +mp3 second,Rp,73.000,,https://deo.shopeemobile.com/shopee/modules-federation/live/0/shopee__item-card-standard-v2/0.2.8/pc/d7099d3fd1dfdaf705ab.svg,5.0,https://deo.shopeemobile.com/shopee/modules-federation/live/0/shopee__item-card-standard-v2/0.2.8/pc/76dff349290d20891fc1.svg,3-5 Hari,https://deo.shopeemobile.com/shopee/modules-federation/live/0/shopee__item-card-standard-v2/0.2.8/pc/5dd7b4560d0e2d3190e8.svg,Kab. Cirebon,,,,,,16 Terjual,"Scrape to BigSeller
nokia 216 selfi +mp3 second
Rp
73.000
5.0
16 Terjual
3-5 Hari
Kab. Cirebon",https://shopee.co.id/nokia-216-selfi-mp3-second-i.771375084.27650924428?extraParams=%7B%22display_model_id%22%3A178222245947%2C%22model_selection_logic%22%3A3%7D&sp_atk=78db0d25-e55d-48b7-9b31-56fbc7549a8d&xptdk=78db0d25-e55d-48b7-9b31-56fbc7549a8d
https://down-id.img.susercontent.com/file/id-11134207-822wk-mmeft58zr5lb98,,nokia 230 seken bekas pemakaian,Rp,165.000,,,,https://deo.shopeemobile.com/shopee/modules-federation/live/0/shopee__item-card-standard-v2/0.2.8/pc/76dff349290d20891fc1.svg,4-8 Hari,https://deo.shopeemobile.com/shopee/modules-federation/live/0/shopee__item-card-standard-v2/0.2.8/pc/5dd7b4560d0e2d3190e8.svg,Kab. Tangerang,,,,,,4-8 Hari,"Scrape to BigSeller
nokia 230 seken bekas pemakaian
Rp
165.000
4-8 Hari
Kab. Tangerang",https://shopee.co.id/nokia-230-seken-bekas-pemakaian-i.230298126.45257930292?extraParams=%7B%22display_model_id%22%3A390702628036%2C%22model_selection_logic%22%3A3%7D&sp_atk=24df70f4-ebb2-44d6-8a93-4dfc341e49e9&xptdk=24df70f4-ebb2-44d6-8a93-4dfc341e49e9
https://down-id.img.susercontent.com/file/id-11134207-7r98u-lvps4zup18n0cc,https://down-id.img.susercontent.com/file/id-11134258-8224v-mkvw0cu9r7k1a5,nokia 150 (2018) second mp3+camera,Rp,70.000,,https://deo.shopeemobile.com/shopee/modules-federation/live/0/shopee__item-card-standard-v2/0.2.8/pc/d7099d3fd1dfdaf705ab.svg,3.9,https://deo.shopeemobile.com/shopee/modules-federation/live/0/shopee__item-card-standard-v2/0.2.8/pc/76dff349290d20891fc1.svg,3-5 Hari,https://deo.shopeemobile.com/shopee/modules-federation/live/0/shopee__item-card-standard-v2/0.2.8/pc/5dd7b4560d0e2d3190e8.svg,Kab. Cirebon,,,,,,36 Terjual,"Scrape to BigSeller
nokia 150 (2018) second mp3+camera
Rp
70.000
3.9
36 Terjual
3-5 Hari
Kab. Cirebon",https://shopee.co.id/nokia-150-(2018)-second-mp3-camera-i.771375084.29600936733?extraParams=%7B%22display_model_id%22%3A250892710605%2C%22model_selection_logic%22%3A3%7D&sp_atk=0d63d49b-8204-4eaf-ae2e-ad07f6f242d0&xptdk=0d63d49b-8204-4eaf-ae2e-ad07f6f242d0
https://down-id.img.susercontent.com/file/id-11134207-7rasd-m265x7o8xldga8,https://down-id.img.susercontent.com/file/id-11134258-8224v-mkvw0cu9r7k1a5,HP NOKIA JADUL BEKAS HITAM,Rp,105.000,,https://deo.shopeemobile.com/shopee/modules-federation/live/0/shopee__item-card-standard-v2/0.2.8/pc/d7099d3fd1dfdaf705ab.svg,5.0,https://deo.shopeemobile.com/shopee/modules-federation/live/0/shopee__item-card-standard-v2/0.2.8/pc/38e203dc86172a6c6560.svg,,https://deo.shopeemobile.com/shopee/modules-federation/live/0/shopee__item-card-standard-v2/0.2.8/pc/5dd7b4560d0e2d3190e8.svg,Kab. Sidoarjo,https://deo.shopeemobile.com/shopee/modules-federation/live/0/shopee__item-card-standard-v2/0.2.8/pc/0614b8f0a8fdde22942d.svg,2 jam,,,,409 Terjual,"Scrape to BigSeller
HP NOKIA JADUL BEKAS HITAM
Rp
105.000
5.0
409 Terjual
2 jam
Kab. Sidoarjo",https://shopee.co.id/HP-NOKIA-JADUL-BEKAS-HITAM-i.9585476.26766451131?extraParams=%7B%22display_model_id%22%3A410093072155%2C%22model_selection_logic%22%3A2%7D&sp_atk=28ab4465-be51-4a8a-aa2c-3e8404d1676a&xptdk=28ab4465-be51-4a8a-aa2c-3e8404d1676a
https://down-id.img.susercontent.com/file/8af2f624c345f5a654ffc68bbc2ee4e6,https://down-id.img.susercontent.com/file/id-11134258-8224v-mkvw0cu9r7k1a5,Nokia 5310 Display Bekas Pajangan Original Tam,Rp,398.000,,https://deo.shopeemobile.com/shopee/modules-federation/live/0/shopee__item-card-standard-v2/0.2.8/pc/d7099d3fd1dfdaf705ab.svg,4.6,https://deo.shopeemobile.com/shopee/modules-federation/live/0/shopee__item-card-standard-v2/0.2.8/pc/76dff349290d20891fc1.svg,2-4 Hari,https://deo.shopeemobile.com/shopee/modules-federation/live/0/shopee__item-card-standard-v2/0.2.8/pc/5dd7b4560d0e2d3190e8.svg,Jakarta Barat,,,https://deo.shopeemobile.com/shopee/modules-federation/live/0/shopee__item-card-standard-v2/0.2.8/pc/a425c915798471b33e5d.png,,,219 Terjual,"Scrape to BigSeller
Nokia 5310 Display Bekas Pajangan Original Tam
Rp
398.000
4.6
219 Terjual
2-4 Hari
Jakarta Barat",https://shopee.co.id/Nokia-5310-Display-Bekas-Pajangan-Original-Tam-i.736803387.14072188669?extraParams=%7B%22display_model_id%22%3A116220456204%2C%22model_selection_logic%22%3A3%7D&sp_atk=f2fd853f-6b2d-439d-a9ac-994ee0280214&xptdk=f2fd853f-6b2d-439d-a9ac-994ee0280214
https://down-id.img.susercontent.com/file/id-11134207-8224q-mkek1cjm47b419,https://down-id.img.susercontent.com/file/id-11134258-7r98w-lyezzaurybot13,Nokia second 2630 HIDUP,Rp,90.000,,,,https://deo.shopeemobile.com/shopee/modules-federation/live/0/shopee__item-card-standard-v2/0.2.8/pc/76dff349290d20891fc1.svg,1-3 Hari,https://deo.shopeemobile.com/shopee/modules-federation/live/0/shopee__item-card-standard-v2/0.2.8/pc/5dd7b4560d0e2d3190e8.svg,Kab. Magetan,,,,,,1-3 Hari,"Scrape to BigSeller
Nokia second 2630 HIDUP
Rp
90.000
1-3 Hari
Kab. Magetan",https://shopee.co.id/Nokia-second-2630-HIDUP-i.951425174.48555946623?extraParams=%7B%22display_model_id%22%3A310536296832%2C%22model_selection_logic%22%3A3%7D&sp_atk=0a9427d4-fdfd-4c4f-9793-70c263b475a2&xptdk=0a9427d4-fdfd-4c4f-9793-70c263b475a2
https://down-id.img.susercontent.com/file/id-11134207-8224q-mjrjkxvyouthbd,https://down-id.img.susercontent.com/file/id-11134258-7r98w-lyezzaurybot13,Handphone Nokia 105(2023) Black | 2nd Bekas,Rp,69.900,,,,https://deo.shopeemobile.com/shopee/modules-federation/live/0/shopee__item-card-standard-v2/0.2.8/pc/76dff349290d20891fc1.svg,4-7 Hari,https://deo.shopeemobile.com/shopee/modules-federation/live/0/shopee__item-card-standard-v2/0.2.8/pc/5dd7b4560d0e2d3190e8.svg,Jambi,,,https://deo.shopeemobile.com/shopee/modules-federation/live/0/shopee__item-card-standard-v2/0.2.8/pc/e4734dab67ee2f9ebd5a.png,,,4-7 Hari,"Scrape to BigSeller
Handphone Nokia 105(2023) Black | 2nd Bekas
Rp
69.900
4-7 Hari
Jambi",https://shopee.co.id/Handphone-Nokia-105(2023)-Black-2nd-Bekas-i.32178392.46555075128?extraParams=%7B%22display_model_id%22%3A287352188978%2C%22model_selection_logic%22%3A3%7D&sp_atk=69d15dba-2c9f-492e-beaa-84d05e49faf8&xptdk=69d15dba-2c9f-492e-beaa-84d05e49faf8
https://down-id.img.susercontent.com/file/5d0dd7ce7a061af14e4c327865714bb2,https://down-id.img.susercontent.com/file/id-11134258-8224v-mkvw0cu9r7k1a5,kualitas terbaik NOKIA 210 205 qwerty second original 100%,Rp,225.000,,https://deo.shopeemobile.com/shopee/modules-federation/live/0/shopee__item-card-standard-v2/0.2.8/pc/d7099d3fd1dfdaf705ab.svg,4.3,https://deo.shopeemobile.com/shopee/modules-federation/live/0/shopee__item-card-standard-v2/0.2.8/pc/38e203dc86172a6c6560.svg,,https://deo.shopeemobile.com/shopee/modules-federation/live/0/shopee__item-card-standard-v2/0.2.8/pc/5dd7b4560d0e2d3190e8.svg,Kab. Banyuwangi,https://deo.shopeemobile.com/shopee/modules-federation/live/0/shopee__item-card-standard-v2/0.2.8/pc/0614b8f0a8fdde22942d.svg,< 2 Hari,,,,66 Terjual,"Scrape to BigSeller
kualitas terbaik NOKIA 210 205 qwerty second original 100%
Rp
225.000
4.3
66 Terjual
< 2 Hari
Kab. Banyuwangi",https://shopee.co.id/kualitas-terbaik-NOKIA-210-205-qwerty-second-original-100--i.193551914.3867265037?extraParams=%7B%22display_model_id%22%3A223276687625%2C%22model_selection_logic%22%3A3%7D&sp_atk=81609428-2b41-4e8b-9b2f-91255996b154&xptdk=81609428-2b41-4e8b-9b2f-91255996b154
https://down-id.img.susercontent.com/file/id-11134207-822wk-mmyudsuot3pi96,,Hp jadul nokia 3610a second like new,Rp,150.000,,,,https://deo.shopeemobile.com/shopee/modules-federation/live/0/shopee__item-card-standard-v2/0.2.8/pc/76dff349290d20891fc1.svg,1-4 Hari,https://deo.shopeemobile.com/shopee/modules-federation/live/0/shopee__item-card-standard-v2/0.2.8/pc/5dd7b4560d0e2d3190e8.svg,Surabaya,,,,,,1-4 Hari,"Scrape to BigSeller
Hp jadul nokia 3610a second like new
Rp
150.000
1-4 Hari
Surabaya",https://shopee.co.id/Hp-jadul-nokia-3610a-second-like-new-i.1103205492.51158684169?extraParams=%7B%22display_model_id%22%3A440771045348%2C%22model_selection_logic%22%3A3%7D&sp_atk=faa6170a-271a-461f-95d2-4841d23807a5&xptdk=faa6170a-271a-461f-95d2-4841d23807a5
https://down-id.img.susercontent.com/file/id-11134207-8224s-ml19s3oedj4290,https://down-id.img.susercontent.com/file/id-11134258-7r98w-lyezzaurybot13,NOKIA N70 MINUS (BACA DESKRIPSI),Rp,136.580,,,,https://deo.shopeemobile.com/shopee/modules-federation/live/0/shopee__item-card-standard-v2/0.2.8/pc/76dff349290d20891fc1.svg,2-5 Hari,https://deo.shopeemobile.com/shopee/modules-federation/live/0/shopee__item-card-standard-v2/0.2.8/pc/5dd7b4560d0e2d3190e8.svg,Kab. Tegal,,,,,,1 Terjual,"Scrape to BigSeller
NOKIA N70 MINUS (BACA DESKRIPSI)
Rp
136.580
1 Terjual
2-5 Hari
Kab. Tegal",https://shopee.co.id/NOKIA-N70-MINUS-(BACA-DESKRIPSI)-i.381675282.52106324162?extraParams=%7B%22display_model_id%22%3A400572168679%2C%22model_selection_logic%22%3A3%7D&sp_atk=66062269-51b1-485c-82df-031b3125f697&xptdk=66062269-51b1-485c-82df-031b3125f697
https://down-id.img.susercontent.com/file/id-11134207-7r98o-ly7zbq2fw6vv88,https://down-id.img.susercontent.com/file/id-11134258-7r98w-lyezzaurybot13,Nokia C12 3/64 (Second),Rp,755.000,,,,https://deo.shopeemobile.com/shopee/modules-federation/live/0/shopee__item-card-standard-v2/0.2.8/pc/76dff349290d20891fc1.svg,4-7 Hari,https://deo.shopeemobile.com/shopee/modules-federation/live/0/shopee__item-card-standard-v2/0.2.8/pc/5dd7b4560d0e2d3190e8.svg,Jakarta Barat,,,,,,4-7 Hari,"Scrape to BigSeller
Nokia C12 3/64 (Second)
Rp
755.000
4-7 Hari
Jakarta Barat",https://shopee.co.id/Nokia-C12-3-64-(Second)-i.355176428.29656412925?extraParams=%7B%22display_model_id%22%3A207682825342%2C%22model_selection_logic%22%3A3%7D&sp_atk=1ac5e19c-bea1-4621-b22c-77d82c9b51c5&xptdk=1ac5e19c-bea1-4621-b22c-77d82c9b51c5
https://down-id.img.susercontent.com/file/id-11134201-23020-i8wi6hwcvwnv2e,https://down-id.img.susercontent.com/file/id-11134258-8224v-mkvw0cu9r7k1a5,nokia RM 1134 normal second,Rp,38.000,-5%,https://deo.shopeemobile.com/shopee/modules-federation/live/0/shopee__item-card-standard-v2/0.2.8/pc/d7099d3fd1dfdaf705ab.svg,3.8,https://deo.shopeemobile.com/shopee/modules-federation/live/0/shopee__item-card-standard-v2/0.2.8/pc/76dff349290d20891fc1.svg,2-5 Hari,https://deo.shopeemobile.com/shopee/modules-federation/live/0/shopee__item-card-standard-v2/0.2.8/pc/5dd7b4560d0e2d3190e8.svg,Kab. Cirebon,,,,https://deo.shopeemobile.com/shopee/modules-federation/live/0/shopee__item-card-standard-v2/0.2.8/pc/b4d1b8a78b3621dbdf4a.svg,,4RB+ Terjual,"Scrape to BigSeller
nokia RM 1134 normal second
Rp
38.000
-5%
3.8
4RB+ Terjual
2-5 Hari
Kab. Cirebon",https://shopee.co.id/nokia-RM-1134-normal-second-i.783939110.20874336564?extraParams=%7B%22display_model_id%22%3A215559767080%2C%22model_selection_logic%22%3A2%7D&sp_atk=5d240fc2-c896-4b65-8365-65373d2ede66&xptdk=5d240fc2-c896-4b65-8365-65373d2ede66
https://down-id.img.susercontent.com/file/id-11134207-8224t-mjdiyii1lddv69,https://down-id.img.susercontent.com/file/id-11134258-7r98w-lyezzaurybot13,Nokia 6680 Symbian Klasic jadul Secon,Rp,200.000,,,,https://deo.shopeemobile.com/shopee/modules-federation/live/0/shopee__item-card-standard-v2/0.2.8/pc/76dff349290d20891fc1.svg,2-4 Hari,https://deo.shopeemobile.com/shopee/modules-federation/live/0/shopee__item-card-standard-v2/0.2.8/pc/5dd7b4560d0e2d3190e8.svg,Kab. Sumenep,,,,,Produk Baru,2-4 Hari,"Scrape to BigSeller
Nokia 6680 Symbian Klasic jadul Secon
Rp
200.000
Produk Baru
2-4 Hari
Kab. Sumenep",https://shopee.co.id/Nokia-6680-Symbian-Klasic-jadul-Secon-i.1450992578.48754489346?extraParams=%7B%22display_model_id%22%3A400419730239%2C%22model_selection_logic%22%3A3%7D&sp_atk=9cb083c6-e1a7-4e09-97f5-56dab71f4faf&xptdk=9cb083c6-e1a7-4e09-97f5-56dab71f4faf
https://down-id.img.susercontent.com/file/id-11134207-82252-mjo5yigw00004b,https://down-id.img.susercontent.com/file/id-11134258-7r98w-lyezzaurybot13,Nokia 105 Bekas,Rp,35.000,,,,https://deo.shopeemobile.com/shopee/modules-federation/live/0/shopee__item-card-standard-v2/0.2.8/pc/76dff349290d20891fc1.svg,2-4 Hari,https://deo.shopeemobile.com/shopee/modules-federation/live/0/shopee__item-card-standard-v2/0.2.8/pc/5dd7b4560d0e2d3190e8.svg,Bandung,,,,,,2-4 Hari,"Scrape to BigSeller
Nokia 105 Bekas
Rp
35.000
2-4 Hari
Bandung",https://shopee.co.id/Nokia-105-Bekas-i.1263368153.42428129518?extraParams=%7B%22display_model_id%22%3A395454030384%2C%22model_selection_logic%22%3A2%7D&sp_atk=717a36cf-d6fc-46be-adcd-90ad08c883f4&xptdk=717a36cf-d6fc-46be-adcd-90ad08c883f4
https://down-id.img.susercontent.com/file/id-11134207-7rase-m4fdoi05owwa8e,https://down-id.img.susercontent.com/file/id-11134258-7r98w-lyezzaurybot13,Nokia E71 bekas kondisi tanpa charger dan box,Rp,250.000,,https://deo.shopeemobile.com/shopee/modules-federation/live/0/shopee__item-card-standard-v2/0.2.8/pc/0614b8f0a8fdde22942d.svg,,https://deo.shopeemobile.com/shopee/modules-federation/live/0/shopee__item-card-standard-v2/0.2.8/pc/38e203dc86172a6c6560.svg,,https://deo.shopeemobile.com/shopee/modules-federation/live/0/shopee__item-card-standard-v2/0.2.8/pc/5dd7b4560d0e2d3190e8.svg,Surabaya,https://deo.shopeemobile.com/shopee/modules-federation/live/0/shopee__item-card-standard-v2/0.2.8/pc/0614b8f0a8fdde22942d.svg,Besok,,,,Besok,"Scrape to BigSeller
Nokia E71 bekas kondisi tanpa charger dan box
Rp
250.000
Besok
Surabaya",https://shopee.co.id/Nokia-E71-bekas-kondisi-tanpa-charger-dan-box-i.954438339.25039996267?extraParams=%7B%22display_model_id%22%3A119365115039%2C%22model_selection_logic%22%3A3%7D&sp_atk=d0f9d9b4-fd85-40a0-8894-65e006924536&xptdk=d0f9d9b4-fd85-40a0-8894-65e006924536
https://down-id.img.susercontent.com/file/id-11134207-822wt-mn74zcq0cgsg31,https://down-id.img.susercontent.com/file/id-11134258-7r98w-lyezzaurybot13,hp jadul nokia 6300 second minus,Rp,100.350,,https://deo.shopeemobile.com/shopee/modules-federation/live/0/shopee__item-card-standard-v2/0.2.8/pc/0614b8f0a8fdde22942d.svg,,https://deo.shopeemobile.com/shopee/modules-federation/live/0/shopee__item-card-standard-v2/0.2.8/pc/38e203dc86172a6c6560.svg,,https://deo.shopeemobile.com/shopee/modules-federation/live/0/shopee__item-card-standard-v2/0.2.8/pc/5dd7b4560d0e2d3190e8.svg,Kab. Magelang,https://deo.shopeemobile.com/shopee/modules-federation/live/0/shopee__item-card-standard-v2/0.2.8/pc/0614b8f0a8fdde22942d.svg,Besok,https://deo.shopeemobile.com/shopee/modules-federation/live/0/shopee__item-card-standard-v2/0.2.8/pc/a425c915798471b33e5d.png,,,Besok,"Scrape to BigSeller
hp jadul nokia 6300 second minus
Rp
100.350
Besok
Kab. Magelang",https://shopee.co.id/hp-jadul-nokia-6300-second-minus-i.368265322.45159090425?extraParams=%7B%22display_model_id%22%3A370803829965%2C%22model_selection_logic%22%3A3%7D&sp_atk=49997f16-85f3-475b-8209-23a2189d4950&xptdk=49997f16-85f3-475b-8209-23a2189d4950
https://down-id.img.susercontent.com/file/id-11134207-8224z-mkelu04l10y027,https://down-id.img.susercontent.com/file/id-11134258-7r98w-lyezzaurybot13,OBRAL MURAH NOKIA 220 SECOND ORIGINAL BISA COD,Rp,77.000,-30%,,,https://deo.shopeemobile.com/shopee/modules-federation/live/0/shopee__item-card-standard-v2/0.2.8/pc/76dff349290d20891fc1.svg,4-7 Hari,https://deo.shopeemobile.com/shopee/modules-federation/live/0/shopee__item-card-standard-v2/0.2.8/pc/5dd7b4560d0e2d3190e8.svg,Kab. Cirebon,,,,,,4-7 Hari,"Scrape to BigSeller
OBRAL MURAH NOKIA 220 SECOND ORIGINAL BISA COD
Rp
77.000
-30%
4-7 Hari
Kab. Cirebon",https://shopee.co.id/OBRAL-MURAH-NOKIA-220-SECOND-ORIGINAL-BISA-COD-i.1206168117.53655940987?extraParams=%7B%22display_model_id%22%3A360537578687%2C%22model_selection_logic%22%3A3%7D&sp_atk=c4efdf8f-6420-43df-b727-d26243dbfba2&xptdk=c4efdf8f-6420-43df-b727-d26243dbfba2
https://down-id.img.susercontent.com/file/id-11134207-8224x-mjwhh2rebz0m34,https://down-id.img.susercontent.com/file/id-11134258-7r98w-lyezzaurybot13,Nokia 216 Dual SIM Bekas Garansi Resmi #56270,Rp,102.000,,https://deo.shopeemobile.com/shopee/modules-federation/live/0/shopee__item-card-standard-v2/0.2.8/pc/0614b8f0a8fdde22942d.svg,,https://deo.shopeemobile.com/shopee/modules-federation/live/0/shopee__item-card-standard-v2/0.2.8/pc/38e203dc86172a6c6560.svg,,https://deo.shopeemobile.com/shopee/modules-federation/live/0/shopee__item-card-standard-v2/0.2.8/pc/5dd7b4560d0e2d3190e8.svg,Kab. Wonogiri,https://deo.shopeemobile.com/shopee/modules-federation/live/0/shopee__item-card-standard-v2/0.2.8/pc/0614b8f0a8fdde22942d.svg,Besok,,,,Besok,"Scrape to BigSeller
Nokia 216 Dual SIM Bekas Garansi Resmi #56270
Rp
102.000
Besok
Kab. Wonogiri",https://shopee.co.id/Nokia-216-Dual-SIM-Bekas-Garansi-Resmi-56270-i.1583609959.52755273860?extraParams=%7B%22display_model_id%22%3A315483524979%2C%22model_selection_logic%22%3A3%7D&sp_atk=f73d6774-7c81-4a04-a1d1-da9b237cdfe1&xptdk=f73d6774-7c81-4a04-a1d1-da9b237cdfe1
https://down-id.img.susercontent.com/file/id-11134207-8224s-mgd5lobezoct36,https://down-id.img.susercontent.com/file/id-11134258-8224v-mkvw0cu9r7k1a5,Nokia 2 mulus,Rp,235.000,,,,https://deo.shopeemobile.com/shopee/modules-federation/live/0/shopee__item-card-standard-v2/0.2.8/pc/76dff349290d20891fc1.svg,4-7 Hari,https://deo.shopeemobile.com/shopee/modules-federation/live/0/shopee__item-card-standard-v2/0.2.8/pc/5dd7b4560d0e2d3190e8.svg,Kab. Jepara,,,,,,4-7 Hari,"Scrape to BigSeller
Nokia 2 mulus
Rp
235.000
4-7 Hari
Kab. Jepara",https://shopee.co.id/Nokia-2-mulus-i.167126514.55000269938?extraParams=%7B%22display_model_id%22%3A297097170953%2C%22model_selection_logic%22%3A3%7D&sp_atk=261e057c-962c-4ece-bc5f-c1ea1ffce500&xptdk=261e057c-962c-4ece-bc5f-c1ea1ffce500
https://down-id.img.susercontent.com/file/id-11134207-82250-mkqdqir31ptv46,https://down-id.img.susercontent.com/file/id-11134258-822wr-mlx5y0tebegw04,HP NOKIA 105 bekas,Rp,60.000,,,,https://deo.shopeemobile.com/shopee/modules-federation/live/0/shopee__item-card-standard-v2/0.2.8/pc/76dff349290d20891fc1.svg,3-6 Hari,https://deo.shopeemobile.com/shopee/modules-federation/live/0/shopee__item-card-standard-v2/0.2.8/pc/5dd7b4560d0e2d3190e8.svg,Bekasi,,,,,,3-6 Hari,"Scrape to BigSeller
HP NOKIA 105 bekas
Rp
60.000
3-6 Hari
Bekasi",https://shopee.co.id/HP-NOKIA-105-bekas-i.955470732.50406222559?extraParams=%7B%22display_model_id%22%3A435564659922%2C%22model_selection_logic%22%3A3%7D&sp_atk=5e9d92df-589f-4689-a3ef-6f465a15ac26&xptdk=5e9d92df-589f-4689-a3ef-6f465a15ac26
https://down-id.img.susercontent.com/file/id-11134207-8224p-mhfiijoz1ato37,https://down-id.img.susercontent.com/file/id-11134258-7r98w-lyezzaurybot13,HP Handphone lawas NOKIA E63 bekas vintage. Baca deskripsi!,Rp,350.000,,,,https://deo.shopeemobile.com/shopee/modules-federation/live/0/shopee__item-card-standard-v2/0.2.8/pc/76dff349290d20891fc1.svg,4-8 Hari,https://deo.shopeemobile.com/shopee/modules-federation/live/0/shopee__item-card-standard-v2/0.2.8/pc/5dd7b4560d0e2d3190e8.svg,Kab. Lampung Selatan,,,,,,4-8 Hari,"Scrape to BigSeller
HP Handphone lawas NOKIA E63 bekas vintage. Baca deskripsi!
Rp
350.000
4-8 Hari
Kab. Lampung Selatan",https://shopee.co.id/HP-Handphone-lawas-NOKIA-E63-bekas-vintage.-Baca-deskripsi!-i.455850353.45452004330?extraParams=%7B%22display_model_id%22%3A375195012733%2C%22model_selection_logic%22%3A3%7D&sp_atk=27eea125-28cc-4ce9-985a-062cb923b7ce&xptdk=27eea125-28cc-4ce9-985a-062cb923b7ce
https://down-id.img.susercontent.com/file/id-11134207-82251-mjqw7jjt9ce92c,https://down-id.img.susercontent.com/file/id-11134258-7r98w-lyezzaurybot13,Nokia 215 Bekas,Rp,35.000,,,,https://deo.shopeemobile.com/shopee/modules-federation/live/0/shopee__item-card-standard-v2/0.2.8/pc/76dff349290d20891fc1.svg,2-4 Hari,https://deo.shopeemobile.com/shopee/modules-federation/live/0/shopee__item-card-standard-v2/0.2.8/pc/5dd7b4560d0e2d3190e8.svg,Bandung,,,,,,2-4 Hari,"Scrape to BigSeller
Nokia 215 Bekas
Rp
35.000
2-4 Hari
Bandung",https://shopee.co.id/Nokia-215-Bekas-i.1263368153.53705013597?extraParams=%7B%22display_model_id%22%3A380462482605%2C%22model_selection_logic%22%3A2%7D&sp_atk=2f6f8630-affd-405a-a6f2-b7477c76d552&xptdk=2f6f8630-affd-405a-a6f2-b7477c76d552
https://down-id.img.susercontent.com/file/id-11134207-7r991-lqxlwv9s7zrt79,https://down-id.img.susercontent.com/file/id-11134258-8224v-mkvw0cu9r7k1a5,NOKIA 3310 REBORN SCOND ORIGINAL,Rp,105.000,,https://deo.shopeemobile.com/shopee/modules-federation/live/0/shopee__item-card-standard-v2/0.2.8/pc/d7099d3fd1dfdaf705ab.svg,4.9,https://deo.shopeemobile.com/shopee/modules-federation/live/0/shopee__item-card-standard-v2/0.2.8/pc/76dff349290d20891fc1.svg,3-6 Hari,https://deo.shopeemobile.com/shopee/modules-federation/live/0/shopee__item-card-standard-v2/0.2.8/pc/5dd7b4560d0e2d3190e8.svg,Kab. Cirebon,,,,,,48 Terjual,"Scrape to BigSeller
NOKIA 3310 REBORN SCOND ORIGINAL
Rp
105.000
4.9
48 Terjual
3-6 Hari
Kab. Cirebon",https://shopee.co.id/NOKIA-3310-REBORN-SCOND-ORIGINAL-i.972364800.22989256977?extraParams=%7B%22display_model_id%22%3A243881199978%2C%22model_selection_logic%22%3A3%7D&sp_atk=29f565c0-1ec5-4dc8-a80d-c61908a4cfbd&xptdk=29f565c0-1ec5-4dc8-a80d-c61908a4cfbd
https://down-id.img.susercontent.com/file/1b09063b759748a890679ae4c5088957,https://down-id.img.susercontent.com/file/id-11134258-8224v-mkvw0cu9r7k1a5,Nokia 230 220 215 216 second original 100% mulus,Rp,99.000,,https://deo.shopeemobile.com/shopee/modules-federation/live/0/shopee__item-card-standard-v2/0.2.8/pc/d7099d3fd1dfdaf705ab.svg,4.3,https://deo.shopeemobile.com/shopee/modules-federation/live/0/shopee__item-card-standard-v2/0.2.8/pc/38e203dc86172a6c6560.svg,,https://deo.shopeemobile.com/shopee/modules-federation/live/0/shopee__item-card-standard-v2/0.2.8/pc/5dd7b4560d0e2d3190e8.svg,Kab. Banyuwangi,https://deo.shopeemobile.com/shopee/modules-federation/live/0/shopee__item-card-standard-v2/0.2.8/pc/0614b8f0a8fdde22942d.svg,< 2 Hari,,,,132 Terjual,"Scrape to BigSeller
Nokia 230 220 215 216 second original 100% mulus
Rp
99.000
4.3
132 Terjual
< 2 Hari
Kab. Banyuwangi",https://shopee.co.id/Nokia-230-220-215-216-second-original-100-mulus-i.193551914.12436619853?extraParams=%7B%22display_model_id%22%3A181546327371%2C%22model_selection_logic%22%3A3%7D&sp_atk=1342566d-871c-4ac9-b009-cc65ef2a9675&xptdk=1342566d-871c-4ac9-b009-cc65ef2a9675
https://down-id.img.susercontent.com/file/id-11134207-82252-mfukfgab2pe2ac,https://down-id.img.susercontent.com/file/id-11134258-7r98w-lyezzaurybot13,Hp Jadul NOKIA 5530 Express Music (Bekas),Rp,185.000,,https://deo.shopeemobile.com/shopee/modules-federation/live/0/shopee__item-card-standard-v2/0.2.8/pc/0614b8f0a8fdde22942d.svg,,https://deo.shopeemobile.com/shopee/modules-federation/live/0/shopee__item-card-standard-v2/0.2.8/pc/38e203dc86172a6c6560.svg,,https://deo.shopeemobile.com/shopee/modules-federation/live/0/shopee__item-card-standard-v2/0.2.8/pc/5dd7b4560d0e2d3190e8.svg,Bekasi,https://deo.shopeemobile.com/shopee/modules-federation/live/0/shopee__item-card-standard-v2/0.2.8/pc/0614b8f0a8fdde22942d.svg,Besok,,,,Besok,"Scrape to BigSeller
Hp Jadul NOKIA 5530 Express Music (Bekas)
Rp
185.000
Besok
Bekasi",https://shopee.co.id/Hp-Jadul-NOKIA-5530-Express-Music-(Bekas)-i.1616450842.40274225921?extraParams=%7B%22display_model_id%22%3A271965540658%2C%22model_selection_logic%22%3A3%7D&sp_atk=1ab79779-dfe1-4f50-a0a2-9cb4ee222580&xptdk=1ab79779-dfe1-4f50-a0a2-9cb4ee222580
https://down-id.img.susercontent.com/file/id-11134207-7r98x-lqrxwj5tr8by23,https://down-id.img.susercontent.com/file/id-11134258-8224v-mkvw0cu9r7k1a5,NOKIA 150 (2020) NORMAL SCOND ORIGINAL,Rp,116.000,,https://deo.shopeemobile.com/shopee/modules-federation/live/0/shopee__item-card-standard-v2/0.2.8/pc/d7099d3fd1dfdaf705ab.svg,4.1,https://deo.shopeemobile.com/shopee/modules-federation/live/0/shopee__item-card-standard-v2/0.2.8/pc/76dff349290d20891fc1.svg,3-6 Hari,https://deo.shopeemobile.com/shopee/modules-federation/live/0/shopee__item-card-standard-v2/0.2.8/pc/5dd7b4560d0e2d3190e8.svg,Kab. Cirebon,,,,,,163 Terjual,"Scrape to BigSeller
NOKIA 150 (2020) NORMAL SCOND ORIGINAL
Rp
116.000
4.1
163 Terjual
3-6 Hari
Kab. Cirebon",https://shopee.co.id/NOKIA-150-(2020)-NORMAL-SCOND-ORIGINAL-i.972364800.22746528936?extraParams=%7B%22display_model_id%22%3A194390770223%2C%22model_selection_logic%22%3A3%7D&sp_atk=4d4d1b29-eaa7-4dcc-941d-340865729f84&xptdk=4d4d1b29-eaa7-4dcc-941d-340865729f84
https://down-id.img.susercontent.com/file/id-11134207-7r98w-lswxs4mpcjsk7c,https://down-id.img.susercontent.com/file/id-11134258-7r98w-lyezzaurybot13,Nokia bekas lama,Rp,452.500,,,,https://deo.shopeemobile.com/shopee/modules-federation/live/0/shopee__item-card-standard-v2/0.2.8/pc/76dff349290d20891fc1.svg,4-7 Hari,https://deo.shopeemobile.com/shopee/modules-federation/live/0/shopee__item-card-standard-v2/0.2.8/pc/5dd7b4560d0e2d3190e8.svg,Kab. Blora,,,,,,4-7 Hari,"Scrape to BigSeller
Nokia bekas lama
Rp
452.500
4-7 Hari
Kab. Blora",https://shopee.co.id/Nokia-bekas-lama-i.697537493.24669299852?extraParams=%7B%22display_model_id%22%3A109120308823%2C%22model_selection_logic%22%3A3%7D&sp_atk=be66682f-8052-4913-b53e-e261ae0d3615&xptdk=be66682f-8052-4913-b53e-e261ae0d3615
https://down-id.img.susercontent.com/file/id-11134207-7rbk7-mawgmhg8xzsoa7,https://down-id.img.susercontent.com/file/id-11134258-8224v-mkvw0cu9r7k1a5,Nokia TA- 1174 Normal second original,Rp,34.900,-1%,https://deo.shopeemobile.com/shopee/modules-federation/live/0/shopee__item-card-standard-v2/0.2.8/pc/d7099d3fd1dfdaf705ab.svg,4.6,https://deo.shopeemobile.com/shopee/modules-federation/live/0/shopee__item-card-standard-v2/0.2.8/pc/76dff349290d20891fc1.svg,2-6 Hari,https://deo.shopeemobile.com/shopee/modules-federation/live/0/shopee__item-card-standard-v2/0.2.8/pc/5dd7b4560d0e2d3190e8.svg,Kab. Cirebon,,,,https://deo.shopeemobile.com/shopee/modules-federation/live/0/shopee__item-card-standard-v2/0.2.8/pc/b4d1b8a78b3621dbdf4a.svg,,364 Terjual,"Scrape to BigSeller
Nokia TA- 1174 Normal second original
Rp
34.900
-1%
4.6
364 Terjual
2-6 Hari
Kab. Cirebon",https://shopee.co.id/Nokia-TA-1174-Normal-second-original-i.1054277163.28237523327?extraParams=%7B%22display_model_id%22%3A285361411488%2C%22model_selection_logic%22%3A2%7D&sp_atk=96f31936-929b-44a6-a122-b1624dba1a36&xptdk=96f31936-929b-44a6-a122-b1624dba1a36
https://down-id.img.susercontent.com/file/e0c5ac1770652cd7dd0bcb7da3fc43c6,https://down-id.img.susercontent.com/file/id-11134258-8224v-mkvw0cu9r7k1a5,Nokia 6.1 Plus Dual Sim 4/64GB LTE Second,Rp,799.890,-1%,https://deo.shopeemobile.com/shopee/modules-federation/live/0/shopee__item-card-standard-v2/0.2.8/pc/d7099d3fd1dfdaf705ab.svg,5.0,https://deo.shopeemobile.com/shopee/modules-federation/live/0/shopee__item-card-standard-v2/0.2.8/pc/76dff349290d20891fc1.svg,4-8 Hari,https://deo.shopeemobile.com/shopee/modules-federation/live/0/shopee__item-card-standard-v2/0.2.8/pc/5dd7b4560d0e2d3190e8.svg,Samarinda,,,https://deo.shopeemobile.com/shopee/modules-federation/live/0/shopee__item-card-standard-v2/0.2.8/pc/e4734dab67ee2f9ebd5a.png,https://deo.shopeemobile.com/shopee/modules-federation/live/0/shopee__item-card-standard-v2/0.2.8/pc/b4d1b8a78b3621dbdf4a.svg,,2 Terjual,"Scrape to BigSeller
Nokia 6.1 Plus Dual Sim 4/64GB LTE Second
Rp
799.890
-1%
5.0
2 Terjual
4-8 Hari
Samarinda",https://shopee.co.id/Nokia-6.1-Plus-Dual-Sim-4-64GB-LTE-Second-i.239338608.21339614169?extraParams=%7B%22display_model_id%22%3A174246936163%2C%22model_selection_logic%22%3A3%7D&sp_atk=6310479e-df34-4f81-92dd-f4d504422e35&xptdk=6310479e-df34-4f81-92dd-f4d504422e35
https://down-id.img.susercontent.com/file/id-11134207-822wu-mn2epgxt3bwj28,https://down-id.img.susercontent.com/file/id-11134258-7r98w-lyezzaurybot13,Handphone NOKIA 106 ( 2018 ) TA-1114 Normal second siap pakai,Rp,54.900,-2%,,,https://deo.shopeemobile.com/shopee/modules-federation/live/0/shopee__item-card-standard-v2/0.2.8/pc/76dff349290d20891fc1.svg,4-7 Hari,https://deo.shopeemobile.com/shopee/modules-federation/live/0/shopee__item-card-standard-v2/0.2.8/pc/5dd7b4560d0e2d3190e8.svg,Kab. Cirebon,,,,https://deo.shopeemobile.com/shopee/modules-federation/live/0/shopee__item-card-standard-v2/0.2.8/pc/b4d1b8a78b3621dbdf4a.svg,,4-7 Hari,"Scrape to BigSeller
Handphone NOKIA 106 ( 2018 ) TA-1114 Normal second siap pakai
Rp
54.900
-2%
4-7 Hari
Kab. Cirebon",https://shopee.co.id/Handphone-NOKIA-106-(-2018-)-TA-1114-Normal-second-siap-pakai-i.1686825484.45208868456?extraParams=%7B%22display_model_id%22%3A307538350504%2C%22model_selection_logic%22%3A3%7D&sp_atk=d8037167-711c-40b3-8b01-f0571a5d3c56&xptdk=d8037167-711c-40b3-8b01-f0571a5d3c56
https://down-id.img.susercontent.com/file/id-11134207-822wg-mmokr5bh337m7d,https://down-id.img.susercontent.com/file/id-11134258-8224v-mkvw0cu9r7k1a5,NOKIA ASHA 300 ORIGINAL NORMAL SIAP PAKAI HANDPHONE NOKIA SECOND JADUL UNIK LANGKA,Rp,350.000,,https://deo.shopeemobile.com/shopee/modules-federation/live/0/shopee__item-card-standard-v2/0.2.8/pc/0614b8f0a8fdde22942d.svg,,https://deo.shopeemobile.com/shopee/modules-federation/live/0/shopee__item-card-standard-v2/0.2.8/pc/38e203dc86172a6c6560.svg,,https://deo.shopeemobile.com/shopee/modules-federation/live/0/shopee__item-card-standard-v2/0.2.8/pc/5dd7b4560d0e2d3190e8.svg,Bandung,https://deo.shopeemobile.com/shopee/modules-federation/live/0/shopee__item-card-standard-v2/0.2.8/pc/0614b8f0a8fdde22942d.svg,Besok,https://deo.shopeemobile.com/shopee/modules-federation/live/0/shopee__item-card-standard-v2/0.2.8/pc/a425c915798471b33e5d.png,,,Besok,"Scrape to BigSeller
NOKIA ASHA 300 ORIGINAL NORMAL SIAP PAKAI HANDPHONE NOKIA SECOND JADUL UNIK LANGKA
Rp
350.000
Besok
Bandung",https://shopee.co.id/NOKIA-ASHA-300-ORIGINAL-NORMAL-SIAP-PAKAI-HANDPHONE-NOKIA-SECOND-JADUL-UNIK-LANGKA-i.1264728516.49108282348?extraParams=%7B%22display_model_id%22%3A430733649343%2C%22model_selection_logic%22%3A3%7D&sp_atk=a1d4ae38-5dae-4521-bc43-783d59129a9d&xptdk=a1d4ae38-5dae-4521-bc43-783d59129a9d
https://down-id.img.susercontent.com/file/797ad7a7d8267aa9001a1a70fb1c1117,https://down-id.img.susercontent.com/file/id-11134258-8224v-mkvw0cu9r7k1a5,HP jadul Nokia 150/130 bekas original termurah bekualitas terbaik grosir,Rp,76.410,-10%,https://deo.shopeemobile.com/shopee/modules-federation/live/0/shopee__item-card-standard-v2/0.2.8/pc/d7099d3fd1dfdaf705ab.svg,4.8,https://deo.shopeemobile.com/shopee/modules-federation/live/0/shopee__item-card-standard-v2/0.2.8/pc/76dff349290d20891fc1.svg,2-5 Hari,https://deo.shopeemobile.com/shopee/modules-federation/live/0/shopee__item-card-standard-v2/0.2.8/pc/5dd7b4560d0e2d3190e8.svg,Kab. Cirebon,,,,,,149 Terjual,"Scrape to BigSeller
HP jadul Nokia 150/130 bekas original termurah bekualitas terbaik grosir
Rp
76.410
-10%
4.8
149 Terjual
2-5 Hari
Kab. Cirebon",https://shopee.co.id/HP-jadul-Nokia-150-130-bekas-original-termurah-bekualitas-terbaik-grosir-i.181163894.7907429094?extraParams=%7B%22display_model_id%22%3A71406100196%2C%22model_selection_logic%22%3A3%7D&sp_atk=60c73bb0-3d47-435c-b67e-e67f3f824dd6&xptdk=60c73bb0-3d47-435c-b67e-e67f3f824dd6
https://down-id.img.susercontent.com/file/id-11134207-822wu-mmyiqlz56hom98,https://down-id.img.susercontent.com/file/id-11134258-7r98w-lyezzaurybot13,[Handphone Second] NOKIA X2-02 DUAL SIM-GSM /CAMERA 2MP/RADIOFM/BL5C,Rp,40.000,,,,https://deo.shopeemobile.com/shopee/modules-federation/live/0/shopee__item-card-standard-v2/0.2.8/pc/76dff349290d20891fc1.svg,3-6 Hari,https://deo.shopeemobile.com/shopee/modules-federation/live/0/shopee__item-card-standard-v2/0.2.8/pc/5dd7b4560d0e2d3190e8.svg,Kab. Langkat,,,,,,3-6 Hari,"Scrape to BigSeller
[Handphone Second] NOKIA X2-02 DUAL SIM-GSM /CAMERA 2MP/RADIOFM/BL5C
Rp
40.000
3-6 Hari
Kab. Langkat",https://shopee.co.id/-Handphone-Second-NOKIA-X2-02-DUAL-SIM-GSM-CAMERA-2MP-RADIOFM-BL5C-i.304097847.53258672454?extraParams=%7B%22display_model_id%22%3A395770046530%2C%22model_selection_logic%22%3A2%7D&sp_atk=01b5c452-875e-4136-9209-e089505bde4a&xptdk=01b5c452-875e-4136-9209-e089505bde4a
https://down-id.img.susercontent.com/file/id-11134201-23020-yrzy9o8uqvnv22,https://down-id.img.susercontent.com/file/id-11134258-8224v-mkvw0cu9r7k1a5,nokia 105 RM 908 normal second,Rp,33.500,-4%,https://deo.shopeemobile.com/shopee/modules-federation/live/0/shopee__item-card-standard-v2/0.2.8/pc/d7099d3fd1dfdaf705ab.svg,3.5,https://deo.shopeemobile.com/shopee/modules-federation/live/0/shopee__item-card-standard-v2/0.2.8/pc/76dff349290d20891fc1.svg,2-5 Hari,https://deo.shopeemobile.com/shopee/modules-federation/live/0/shopee__item-card-standard-v2/0.2.8/pc/5dd7b4560d0e2d3190e8.svg,Kab. Cirebon,,,,https://deo.shopeemobile.com/shopee/modules-federation/live/0/shopee__item-card-standard-v2/0.2.8/pc/b4d1b8a78b3621dbdf4a.svg,,3RB+ Terjual,"Scrape to BigSeller
nokia 105 RM 908 normal second
Rp
33.500
-4%
3.5
3RB+ Terjual
2-5 Hari
Kab. Cirebon",https://shopee.co.id/nokia-105-RM-908-normal-second-i.783939110.18874198158?extraParams=%7B%22display_model_id%22%3A233669523946%2C%22model_selection_logic%22%3A2%7D&sp_atk=0a27bccd-1a9b-4026-8723-6552e6b0d9d3&xptdk=0a27bccd-1a9b-4026-8723-6552e6b0d9d3
https://down-id.img.susercontent.com/file/id-11134207-7r98q-lzq06v19k1pp03,https://down-id.img.susercontent.com/file/id-11134258-8224v-mkvw0cu9r7k1a5,Nokia Asha 210 RM-924 Normal Second type casan nokia kecil,Rp,68.000,-3%,https://deo.shopeemobile.com/shopee/modules-federation/live/0/shopee__item-card-standard-v2/0.2.8/pc/d7099d3fd1dfdaf705ab.svg,4.0,https://deo.shopeemobile.com/shopee/modules-federation/live/0/shopee__item-card-standard-v2/0.2.8/pc/76dff349290d20891fc1.svg,7-13 Hari,https://deo.shopeemobile.com/shopee/modules-federation/live/0/shopee__item-card-standard-v2/0.2.8/pc/5dd7b4560d0e2d3190e8.svg,Kab. Cirebon,,,,https://deo.shopeemobile.com/shopee/modules-federation/live/0/shopee__item-card-standard-v2/0.2.8/pc/b4d1b8a78b3621dbdf4a.svg,,319 Terjual,"Scrape to BigSeller
Nokia Asha 210 RM-924 Normal Second type casan nokia kecil
Rp
68.000
-3%
4.0
319 Terjual
7-13 Hari
Kab. Cirebon",https://shopee.co.id/Nokia-Asha-210-RM-924-Normal-Second-type-casan-nokia-kecil-i.979239140.23244067448?extraParams=%7B%22display_model_id%22%3A166789986225%2C%22model_selection_logic%22%3A2%7D&sp_atk=d7f0813f-afd7-4359-8e55-d4356a3ba00e&xptdk=d7f0813f-afd7-4359-8e55-d4356a3ba00e
https://down-id.img.susercontent.com/file/id-11134207-7r991-lvqch97o7wc70b,https://down-id.img.susercontent.com/file/id-11134258-822wr-mlx67rtd6r602f,NOKIA 105 TA 1174 KING 2019 SCOND ORY,Rp,55.700,,https://deo.shopeemobile.com/shopee/modules-federation/live/0/shopee__item-card-standard-v2/0.2.8/pc/d7099d3fd1dfdaf705ab.svg,4.8,https://deo.shopeemobile.com/shopee/modules-federation/live/0/shopee__item-card-standard-v2/0.2.8/pc/76dff349290d20891fc1.svg,2-3 Hari,https://deo.shopeemobile.com/shopee/modules-federation/live/0/shopee__item-card-standard-v2/0.2.8/pc/5dd7b4560d0e2d3190e8.svg,Kab. Cirebon,,,,,,1RB+ Terjual,"Scrape to BigSeller
NOKIA 105 TA 1174 KING 2019 SCOND ORY
Rp
55.700
4.8
1RB+ Terjual
2-3 Hari
Kab. Cirebon",https://shopee.co.id/NOKIA-105-TA-1174-KING-2019-SCOND-ORY-i.1080498531.24002898730?extraParams=%7B%22display_model_id%22%3A194799061074%2C%22model_selection_logic%22%3A3%7D&sp_atk=646a0c0b-f757-4aaf-b832-3b8f8c22d01a&xptdk=646a0c0b-f757-4aaf-b832-3b8f8c22d01a
https://down-id.img.susercontent.com/file/id-11134207-7r98o-lkwkbwkedj9082,https://down-id.img.susercontent.com/file/id-11134258-8224v-mkvw0cu9r7k1a5,Nokia 105 2017 / TA-1034 Dual Sim Bahasa Indonesia Second Ori,Rp,77.500,,https://deo.shopeemobile.com/shopee/modules-federation/live/0/shopee__item-card-standard-v2/0.2.8/pc/d7099d3fd1dfdaf705ab.svg,4.9,https://deo.shopeemobile.com/shopee/modules-federation/live/0/shopee__item-card-standard-v2/0.2.8/pc/76dff349290d20891fc1.svg,2-3 Hari,https://deo.shopeemobile.com/shopee/modules-federation/live/0/shopee__item-card-standard-v2/0.2.8/pc/5dd7b4560d0e2d3190e8.svg,Kab. Majalengka,,,https://deo.shopeemobile.com/shopee/modules-federation/live/0/shopee__item-card-standard-v2/0.2.8/pc/a425c915798471b33e5d.png,,,194 Terjual,"Scrape to BigSeller
Nokia 105 2017 / TA-1034 Dual Sim Bahasa Indonesia Second Ori
Rp
77.500
4.9
194 Terjual
2-3 Hari
Kab. Majalengka",https://shopee.co.id/Nokia-105-2017-TA-1034-Dual-Sim-Bahasa-Indonesia-Second-Ori-i.30461992.8370595519?extraParams=%7B%22display_model_id%22%3A145149719770%2C%22model_selection_logic%22%3A3%7D&sp_atk=7073da07-57b8-4edd-85c4-f930e3694977&xptdk=7073da07-57b8-4edd-85c4-f930e3694977
https://down-id.img.susercontent.com/file/id-11134207-7rbk9-m9akbu054lbhe9,https://down-id.img.susercontent.com/file/id-11134258-8224v-mkvw0cu9r7k1a5,Nokia 1800 Normal siap Pakai...,Rp,53.000,,,,https://deo.shopeemobile.com/shopee/modules-federation/live/0/shopee__item-card-standard-v2/0.2.8/pc/76dff349290d20891fc1.svg,2-4 Hari,https://deo.shopeemobile.com/shopee/modules-federation/live/0/shopee__item-card-standard-v2/0.2.8/pc/5dd7b4560d0e2d3190e8.svg,Kab. Probolinggo,,,,,Cicilan,1 Terjual,"Scrape to BigSeller
Nokia 1800 Normal siap Pakai...
Rp
53.000
Cicilan
1 Terjual
2-4 Hari
Kab. Probolinggo",https://shopee.co.id/Nokia-1800-Normal-siap-Pakai...-i.288041289.17047488317?extraParams=%7B%22display_model_id%22%3A161847483295%2C%22model_selection_logic%22%3A3%7D&sp_atk=cd8eab64-743d-408b-b385-205ddd182d89&xptdk=cd8eab64-743d-408b-b385-205ddd182d89
https://down-id.img.susercontent.com/file/id-11134207-8224o-mkgd7z3wtipwdd,https://down-id.img.susercontent.com/file/id-11134258-7r98w-lyezzaurybot13,Nokia 150 Dual Sim Camera Normal Second,Rp,65.000,,https://deo.shopeemobile.com/shopee/modules-federation/live/0/shopee__item-card-standard-v2/0.2.8/pc/d7099d3fd1dfdaf705ab.svg,5.0,https://deo.shopeemobile.com/shopee/modules-federation/live/0/shopee__item-card-standard-v2/0.2.8/pc/76dff349290d20891fc1.svg,2-5 Hari,https://deo.shopeemobile.com/shopee/modules-federation/live/0/shopee__item-card-standard-v2/0.2.8/pc/5dd7b4560d0e2d3190e8.svg,Kab. Cirebon,,,,,Produk Baru,17 Terjual,"Scrape to BigSeller
Nokia 150 Dual Sim Camera Normal Second
Rp
65.000
Produk Baru
5.0
17 Terjual
2-5 Hari
Kab. Cirebon",https://shopee.co.id/Nokia-150-Dual-Sim-Camera-Normal-Second-i.1675555240.50653449844?extraParams=%7B%22display_model_id%22%3A445332708566%2C%22model_selection_logic%22%3A3%7D&sp_atk=a161f7d1-2188-474d-95a7-cf624b0876c2&xptdk=a161f7d1-2188-474d-95a7-cf624b0876c2
https://down-id.img.susercontent.com/file/id-11134207-822wn-mlpqvbw2nls404,https://down-id.img.susercontent.com/file/id-11134258-7r98w-lyezzaurybot13,Nokia 105 (2019) Dual SIM Bekas #17861,Rp,82.000,,https://deo.shopeemobile.com/shopee/modules-federation/live/0/shopee__item-card-standard-v2/0.2.8/pc/0614b8f0a8fdde22942d.svg,,https://deo.shopeemobile.com/shopee/modules-federation/live/0/shopee__item-card-standard-v2/0.2.8/pc/38e203dc86172a6c6560.svg,,https://deo.shopeemobile.com/shopee/modules-federation/live/0/shopee__item-card-standard-v2/0.2.8/pc/5dd7b4560d0e2d3190e8.svg,Kab. Wonogiri,https://deo.shopeemobile.com/shopee/modules-federation/live/0/shopee__item-card-standard-v2/0.2.8/pc/0614b8f0a8fdde22942d.svg,Besok,,,,Besok,"Scrape to BigSeller
Nokia 105 (2019) Dual SIM Bekas #17861
Rp
82.000
Besok
Kab. Wonogiri",https://shopee.co.id/Nokia-105-(2019)-Dual-SIM-Bekas-17861-i.1583609959.49457099891?extraParams=%7B%22display_model_id%22%3A292449776612%2C%22model_selection_logic%22%3A3%7D&sp_atk=e57e5449-cc6b-49a5-bb6c-32e26a01daf4&xptdk=e57e5449-cc6b-49a5-bb6c-32e26a01daf4
https://down-id.img.susercontent.com/file/id-11134207-8224p-mjzk1ofeyxhh4c,https://down-id.img.susercontent.com/file/id-11134258-7ra0q-mbesqwmkb0gu9c,Nokia 109 (second original),Rp,107.800,,https://deo.shopeemobile.com/shopee/modules-federation/live/0/shopee__item-card-standard-v2/0.2.8/pc/0614b8f0a8fdde22942d.svg,,https://deo.shopeemobile.com/shopee/modules-federation/live/0/shopee__item-card-standard-v2/0.2.8/pc/38e203dc86172a6c6560.svg,,https://deo.shopeemobile.com/shopee/modules-federation/live/0/shopee__item-card-standard-v2/0.2.8/pc/5dd7b4560d0e2d3190e8.svg,Jakarta Timur,https://deo.shopeemobile.com/shopee/modules-federation/live/0/shopee__item-card-standard-v2/0.2.8/pc/0614b8f0a8fdde22942d.svg,Besok,https://deo.shopeemobile.com/shopee/modules-federation/live/0/shopee__item-card-standard-v2/0.2.8/pc/e4734dab67ee2f9ebd5a.png,,,Besok,"Scrape to BigSeller
Nokia 109 (second original)
Rp
107.800
Besok
Jakarta Timur",https://shopee.co.id/Nokia-109-(second-original)-i.434838157.41678388025?extraParams=%7B%22display_model_id%22%3A440493000779%2C%22model_selection_logic%22%3A3%7D&sp_atk=f934b270-21e4-42e0-8c00-4a663ab673e9&xptdk=f934b270-21e4-42e0-8c00-4a663ab673e9
https://down-id.img.susercontent.com/file/id-11134207-8224v-mkgd7z3ws45g4a,https://down-id.img.susercontent.com/file/id-11134258-7r98w-lyezzaurybot13,Nokia 216 Dual Sim Camera Normal Second,Rp,70.000,,https://deo.shopeemobile.com/shopee/modules-federation/live/0/shopee__item-card-standard-v2/0.2.8/pc/d7099d3fd1dfdaf705ab.svg,3.0,https://deo.shopeemobile.com/shopee/modules-federation/live/0/shopee__item-card-standard-v2/0.2.8/pc/76dff349290d20891fc1.svg,2-5 Hari,https://deo.shopeemobile.com/shopee/modules-federation/live/0/shopee__item-card-standard-v2/0.2.8/pc/5dd7b4560d0e2d3190e8.svg,Kab. Cirebon,,,,,Produk Baru,13 Terjual,"Scrape to BigSeller
Nokia 216 Dual Sim Camera Normal Second
Rp
70.000
Produk Baru
3.0
13 Terjual
2-5 Hari
Kab. Cirebon",https://shopee.co.id/Nokia-216-Dual-Sim-Camera-Normal-Second-i.1675555240.54303747352?extraParams=%7B%22display_model_id%22%3A325356400753%2C%22model_selection_logic%22%3A3%7D&sp_atk=7437c0de-c150-471c-b665-22397027fc19&xptdk=7437c0de-c150-471c-b665-22397027fc19
https://down-id.img.susercontent.com/file/id-11134207-82250-mjwhh2ral4hv3e,https://down-id.img.susercontent.com/file/id-11134258-7r98w-lyezzaurybot13,Nokia 215 Dual SIM Bekas Garansi Resmi #40883,Rp,102.000,,https://deo.shopeemobile.com/shopee/modules-federation/live/0/shopee__item-card-standard-v2/0.2.8/pc/0614b8f0a8fdde22942d.svg,,https://deo.shopeemobile.com/shopee/modules-federation/live/0/shopee__item-card-standard-v2/0.2.8/pc/38e203dc86172a6c6560.svg,,https://deo.shopeemobile.com/shopee/modules-federation/live/0/shopee__item-card-standard-v2/0.2.8/pc/5dd7b4560d0e2d3190e8.svg,Kab. Wonogiri,https://deo.shopeemobile.com/shopee/modules-federation/live/0/shopee__item-card-standard-v2/0.2.8/pc/0614b8f0a8fdde22942d.svg,Besok,,,,Besok,"Scrape to BigSeller
Nokia 215 Dual SIM Bekas Garansi Resmi #40883
Rp
102.000
Besok
Kab. Wonogiri",https://shopee.co.id/Nokia-215-Dual-SIM-Bekas-Garansi-Resmi-40883-i.1583609959.42428328068?extraParams=%7B%22display_model_id%22%3A259153238054%2C%22model_selection_logic%22%3A3%7D&sp_atk=9b7e8756-e866-4110-859d-89adc9c19a6b&xptdk=9b7e8756-e866-4110-859d-89adc9c19a6b
https://down-id.img.susercontent.com/file/id-11134207-8224o-mk1v9f52r6kk89,https://down-id.img.susercontent.com/file/id-11134258-7r98w-lyezzaurybot13,Nokia X2-02 Dual SIM Bekas Garansi Resmi #22767,Rp,102.000,,https://deo.shopeemobile.com/shopee/modules-federation/live/0/shopee__item-card-standard-v2/0.2.8/pc/0614b8f0a8fdde22942d.svg,,https://deo.shopeemobile.com/shopee/modules-federation/live/0/shopee__item-card-standard-v2/0.2.8/pc/38e203dc86172a6c6560.svg,,https://deo.shopeemobile.com/shopee/modules-federation/live/0/shopee__item-card-standard-v2/0.2.8/pc/5dd7b4560d0e2d3190e8.svg,Kab. Wonogiri,https://deo.shopeemobile.com/shopee/modules-federation/live/0/shopee__item-card-standard-v2/0.2.8/pc/0614b8f0a8fdde22942d.svg,Besok,,,,Besok,"Scrape to BigSeller
Nokia X2-02 Dual SIM Bekas Garansi Resmi #22767
Rp
102.000
Besok
Kab. Wonogiri",https://shopee.co.id/Nokia-X2-02-Dual-SIM-Bekas-Garansi-Resmi-22767-i.1583609959.49405541983?extraParams=%7B%22display_model_id%22%3A272373106714%2C%22model_selection_logic%22%3A3%7D&sp_atk=b950905b-11c6-4da8-83fd-2355fe44a548&xptdk=b950905b-11c6-4da8-83fd-2355fe44a548
https://down-id.img.susercontent.com/file/id-11134207-822wj-mn6mklqoe03od8,https://down-id.img.susercontent.com/file/id-11134258-7r98w-lyezzaurybot13,NOKIA N81 (2GB)  MINUS,Rp,130.000,,,,https://deo.shopeemobile.com/shopee/modules-federation/live/0/shopee__item-card-standard-v2/0.2.8/pc/76dff349290d20891fc1.svg,4-11 Hari,https://deo.shopeemobile.com/shopee/modules-federation/live/0/shopee__item-card-standard-v2/0.2.8/pc/5dd7b4560d0e2d3190e8.svg,Samarinda,,,,,,4-11 Hari,"Scrape to BigSeller
NOKIA N81 (2GB) MINUS
Rp
130.000
4-11 Hari
Samarinda",https://shopee.co.id/NOKIA-N81-(2GB)-MINUS-i.96760803.52709046328?extraParams=%7B%22display_model_id%22%3A320801401527%2C%22model_selection_logic%22%3A3%7D&sp_atk=fcacd51f-b937-42d0-bea8-6bd31fbeaf61&xptdk=fcacd51f-b937-42d0-bea8-6bd31fbeaf61
https://down-id.img.susercontent.com/file/2f958a6fb1f453310b6d8e4343b97ec8,https://down-id.img.susercontent.com/file/id-11134258-8224v-mkvw0cu9r7k1a5,NOKIA ASHA 210 SECOND DUAL SIM ( + free bubble wrap ),Rp,179.000,,https://deo.shopeemobile.com/shopee/modules-federation/live/0/shopee__item-card-standard-v2/0.2.8/pc/d7099d3fd1dfdaf705ab.svg,4.1,https://deo.shopeemobile.com/shopee/modules-federation/live/0/shopee__item-card-standard-v2/0.2.8/pc/76dff349290d20891fc1.svg,4-7 Hari,https://deo.shopeemobile.com/shopee/modules-federation/live/0/shopee__item-card-standard-v2/0.2.8/pc/5dd7b4560d0e2d3190e8.svg,Kab. Indramayu,,,,,,198 Terjual,"Scrape to BigSeller
NOKIA ASHA 210 SECOND DUAL SIM ( + free bubble wrap )
Rp
179.000
4.1
198 Terjual
4-7 Hari
Kab. Indramayu",https://shopee.co.id/NOKIA-ASHA-210-SECOND-DUAL-SIM-(-free-bubble-wrap-)-i.185807864.5654739415?extraParams=%7B%22display_model_id%22%3A207620252638%2C%22model_selection_logic%22%3A3%7D&sp_atk=848a326c-9180-455c-b730-a1993c237937&xptdk=848a326c-9180-455c-b730-a1993c237937
https://down-id.img.susercontent.com/file/id-11134207-7r98t-lvqap8g2yr7d20,https://down-id.img.susercontent.com/file/id-11134258-822wr-mlx67rtd6r602f,NOKIA 216 SELFIE SCOND ORI,Rp,75.000,,https://deo.shopeemobile.com/shopee/modules-federation/live/0/shopee__item-card-standard-v2/0.2.8/pc/d7099d3fd1dfdaf705ab.svg,4.6,https://deo.shopeemobile.com/shopee/modules-federation/live/0/shopee__item-card-standard-v2/0.2.8/pc/76dff349290d20891fc1.svg,2-3 Hari,https://deo.shopeemobile.com/shopee/modules-federation/live/0/shopee__item-card-standard-v2/0.2.8/pc/5dd7b4560d0e2d3190e8.svg,Kab. Cirebon,,,,,,133 Terjual,"Scrape to BigSeller
NOKIA 216 SELFIE SCOND ORI
Rp
75.000
4.6
133 Terjual
2-3 Hari
Kab. Cirebon",https://shopee.co.id/NOKIA-216-SELFIE-SCOND-ORI-i.1080498531.24530144641?extraParams=%7B%22display_model_id%22%3A240812619050%2C%22model_selection_logic%22%3A3%7D&sp_atk=138c7015-e327-41b6-a628-98a377a2e2fe&xptdk=138c7015-e327-41b6-a628-98a377a2e2fe
https://down-id.img.susercontent.com/file/id-11134207-822wq-mlrfx84emb5wa5,https://down-id.img.susercontent.com/file/id-11134258-8224v-mkvw0cu9r7k1a5,Nokia 7610 Minus second,Rp,135.000,,https://deo.shopeemobile.com/shopee/modules-federation/live/0/shopee__item-card-standard-v2/0.2.8/pc/0614b8f0a8fdde22942d.svg,,https://deo.shopeemobile.com/shopee/modules-federation/live/0/shopee__item-card-standard-v2/0.2.8/pc/38e203dc86172a6c6560.svg,,https://deo.shopeemobile.com/shopee/modules-federation/live/0/shopee__item-card-standard-v2/0.2.8/pc/5dd7b4560d0e2d3190e8.svg,Surabaya,https://deo.shopeemobile.com/shopee/modules-federation/live/0/shopee__item-card-standard-v2/0.2.8/pc/0614b8f0a8fdde22942d.svg,Hari ini,,,,Hari ini,"Scrape to BigSeller
Nokia 7610 Minus second
Rp
135.000
Hari ini
Surabaya",https://shopee.co.id/Nokia-7610-Minus-second-i.21237644.54107150813?extraParams=%7B%22display_model_id%22%3A330637637498%2C%22model_selection_logic%22%3A3%7D&sp_atk=fb81c2b2-82e7-468e-8521-1a2110ef284c&xptdk=fb81c2b2-82e7-468e-8521-1a2110ef284c
https://down-id.img.susercontent.com/file/sg-11134201-22100-wp4ueybf26ivc7,https://down-id.img.susercontent.com/file/id-11134258-8224v-mkvw0cu9r7k1a5,Nokia Asha 205 dan Nokia Asha 200 second original,Rp,275.000,,https://deo.shopeemobile.com/shopee/modules-federation/live/0/shopee__item-card-standard-v2/0.2.8/pc/d7099d3fd1dfdaf705ab.svg,4.5,https://deo.shopeemobile.com/shopee/modules-federation/live/0/shopee__item-card-standard-v2/0.2.8/pc/38e203dc86172a6c6560.svg,,https://deo.shopeemobile.com/shopee/modules-federation/live/0/shopee__item-card-standard-v2/0.2.8/pc/5dd7b4560d0e2d3190e8.svg,Kab. Banyuwangi,https://deo.shopeemobile.com/shopee/modules-federation/live/0/shopee__item-card-standard-v2/0.2.8/pc/0614b8f0a8fdde22942d.svg,< 2 Hari,,,,23 Terjual,"Scrape to BigSeller
Nokia Asha 205 dan Nokia Asha 200 second original
Rp
275.000
4.5
23 Terjual
< 2 Hari
Kab. Banyuwangi",https://shopee.co.id/Nokia-Asha-205-dan-Nokia-Asha-200-second-original-i.193551914.19658057519?extraParams=%7B%22display_model_id%22%3A99845146148%2C%22model_selection_logic%22%3A3%7D&sp_atk=81a7f3a0-2621-475c-a1bb-2e996b888997&xptdk=81a7f3a0-2621-475c-a1bb-2e996b888997
https://down-id.img.susercontent.com/file/id-11134207-8224r-mj830vw4uyvb00,https://down-id.img.susercontent.com/file/id-11134258-8224v-mkvw0cu9r7k1a5,Dijual Handphone Second Nokia 210,Rp,199.900,-1%,https://deo.shopeemobile.com/shopee/modules-federation/live/0/shopee__item-card-standard-v2/0.2.8/pc/0614b8f0a8fdde22942d.svg,,https://deo.shopeemobile.com/shopee/modules-federation/live/0/shopee__item-card-standard-v2/0.2.8/pc/38e203dc86172a6c6560.svg,,https://deo.shopeemobile.com/shopee/modules-federation/live/0/shopee__item-card-standard-v2/0.2.8/pc/5dd7b4560d0e2d3190e8.svg,Surabaya,https://deo.shopeemobile.com/shopee/modules-federation/live/0/shopee__item-card-standard-v2/0.2.8/pc/0614b8f0a8fdde22942d.svg,Hari ini,https://deo.shopeemobile.com/shopee/modules-federation/live/0/shopee__item-card-standard-v2/0.2.8/pc/e4734dab67ee2f9ebd5a.png,https://deo.shopeemobile.com/shopee/modules-federation/live/0/shopee__item-card-standard-v2/0.2.8/pc/b4d1b8a78b3621dbdf4a.svg,Produk Baru,Hari ini,"Scrape to BigSeller
Dijual Handphone Second Nokia 210
Rp
199.900
-1%
Produk Baru
Hari ini
Surabaya",https://shopee.co.id/Dijual-Handphone-Second-Nokia-210-i.21111963.54354337576?extraParams=%7B%22display_model_id%22%3A267318732728%2C%22model_selection_logic%22%3A3%7D&sp_atk=b1ee70cc-d788-4c9b-8ecd-3e26fabb7115&xptdk=b1ee70cc-d788-4c9b-8ecd-3e26fabb7115
https://down-id.img.susercontent.com/file/id-11134207-82251-mgs55g9yc2yzee,https://down-id.img.susercontent.com/file/id-11134258-8224v-mkvw0cu9r7k1a5,Nokia RM 1035 Hp Bekas bisa  Micro SD,Rp,38.000,-5%,https://deo.shopeemobile.com/shopee/modules-federation/live/0/shopee__item-card-standard-v2/0.2.8/pc/d7099d3fd1dfdaf705ab.svg,4.6,https://deo.shopeemobile.com/shopee/modules-federation/live/0/shopee__item-card-standard-v2/0.2.8/pc/76dff349290d20891fc1.svg,2-5 Hari,https://deo.shopeemobile.com/shopee/modules-federation/live/0/shopee__item-card-standard-v2/0.2.8/pc/5dd7b4560d0e2d3190e8.svg,Kab. Cirebon,,,,https://deo.shopeemobile.com/shopee/modules-federation/live/0/shopee__item-card-standard-v2/0.2.8/pc/b4d1b8a78b3621dbdf4a.svg,,13 Terjual,"Scrape to BigSeller
Nokia RM 1035 Hp Bekas bisa Micro SD
Rp
38.000
-5%
4.6
13 Terjual
2-5 Hari
Kab. Cirebon",https://shopee.co.id/Nokia-RM-1035-Hp-Bekas-bisa-Micro-SD-i.979239140.41526209524?extraParams=%7B%22display_model_id%22%3A370089375044%2C%22model_selection_logic%22%3A2%7D&sp_atk=70be5866-16f3-43f8-afc4-8c32f70553fc&xptdk=70be5866-16f3-43f8-afc4-8c32f70553fc
https://down-id.img.susercontent.com/file/id-11134207-8224r-mjku6fwconbac3,https://down-id.img.susercontent.com/file/id-11134258-7r98w-lyezzaurybot13,Nokia 5310 (2020) Bekas Garansi Resmi #02156,Rp,353.000,,https://deo.shopeemobile.com/shopee/modules-federation/live/0/shopee__item-card-standard-v2/0.2.8/pc/0614b8f0a8fdde22942d.svg,,https://deo.shopeemobile.com/shopee/modules-federation/live/0/shopee__item-card-standard-v2/0.2.8/pc/38e203dc86172a6c6560.svg,,https://deo.shopeemobile.com/shopee/modules-federation/live/0/shopee__item-card-standard-v2/0.2.8/pc/5dd7b4560d0e2d3190e8.svg,Kab. Wonogiri,https://deo.shopeemobile.com/shopee/modules-federation/live/0/shopee__item-card-standard-v2/0.2.8/pc/0614b8f0a8fdde22942d.svg,Besok,,,,Besok,"Scrape to BigSeller
Nokia 5310 (2020) Bekas Garansi Resmi #02156
Rp
353.000
Besok
Kab. Wonogiri",https://shopee.co.id/Nokia-5310-(2020)-Bekas-Garansi-Resmi-02156-i.1583609959.56604813175?extraParams=%7B%22display_model_id%22%3A157996550651%2C%22model_selection_logic%22%3A3%7D&sp_atk=65111874-a054-4b00-9c54-8c91564a3c02&xptdk=65111874-a054-4b00-9c54-8c91564a3c02
https://down-id.img.susercontent.com/file/id-11134207-7r98u-lr14s02dyhn1b7,https://down-id.img.susercontent.com/file/id-11134258-8224v-mkvw0cu9r7k1a5,NOKIA 216 SELFIE / 150 DUAL SIM MP3 SCOND ORY,Rp,74.000,,https://deo.shopeemobile.com/shopee/modules-federation/live/0/shopee__item-card-standard-v2/0.2.8/pc/d7099d3fd1dfdaf705ab.svg,4.3,https://deo.shopeemobile.com/shopee/modules-federation/live/0/shopee__item-card-standard-v2/0.2.8/pc/76dff349290d20891fc1.svg,3-6 Hari,https://deo.shopeemobile.com/shopee/modules-federation/live/0/shopee__item-card-standard-v2/0.2.8/pc/5dd7b4560d0e2d3190e8.svg,Kab. Cirebon,,,,,,176 Terjual,"Scrape to BigSeller
NOKIA 216 SELFIE / 150 DUAL SIM MP3 SCOND ORY
Rp
74.000
4.3
176 Terjual
3-6 Hari
Kab. Cirebon",https://shopee.co.id/NOKIA-216-SELFIE-150-DUAL-SIM-MP3-SCOND-ORY-i.972364800.25961222168?extraParams=%7B%22display_model_id%22%3A240283900095%2C%22model_selection_logic%22%3A3%7D&sp_atk=6f0c7cc5-7ae5-4e5b-82ac-901ce734535b&xptdk=6f0c7cc5-7ae5-4e5b-82ac-901ce734535b
https://down-id.img.susercontent.com/file/291cc746a38afacd3e1b7ec6143fe9e3,https://down-id.img.susercontent.com/file/id-11134258-822wr-mlx67rtd6r602f,Hp Nokia N70 / Hp Jadul Nokia N70 / Hp Bekas Nokia N70 Original,Rp,249.000,,https://deo.shopeemobile.com/shopee/modules-federation/live/0/shopee__item-card-standard-v2/0.2.8/pc/d7099d3fd1dfdaf705ab.svg,4.6,https://deo.shopeemobile.com/shopee/modules-federation/live/0/shopee__item-card-standard-v2/0.2.8/pc/76dff349290d20891fc1.svg,2-3 Hari,https://deo.shopeemobile.com/shopee/modules-federation/live/0/shopee__item-card-standard-v2/0.2.8/pc/5dd7b4560d0e2d3190e8.svg,Kab. Bandung Barat,,,,,,47 Terjual,"Scrape to BigSeller
Hp Nokia N70 / Hp Jadul Nokia N70 / Hp Bekas Nokia N70 Original
Rp
249.000
4.6
47 Terjual
2-3 Hari
Kab. Bandung Barat",https://shopee.co.id/Hp-Nokia-N70-Hp-Jadul-Nokia-N70-Hp-Bekas-Nokia-N70-Original-i.451318957.12408638500?extraParams=%7B%22display_model_id%22%3A47425565783%2C%22model_selection_logic%22%3A3%7D&sp_atk=f9657c87-ed63-4ffe-bd77-1210eb6513ad&xptdk=f9657c87-ed63-4ffe-bd77-1210eb6513ad
https://down-id.img.susercontent.com/file/18341441ab8a4f711dd05d32d68c41dd,https://down-id.img.susercontent.com/file/id-11134258-7r98w-lyezzaurybot13,Nokia 6 3/32gb mulus,Rp,900.000,,https://deo.shopeemobile.com/shopee/modules-federation/live/0/shopee__item-card-standard-v2/0.2.8/pc/d7099d3fd1dfdaf705ab.svg,5.0,https://deo.shopeemobile.com/shopee/modules-federation/live/0/shopee__item-card-standard-v2/0.2.8/pc/76dff349290d20891fc1.svg,3-7 Hari,https://deo.shopeemobile.com/shopee/modules-federation/live/0/shopee__item-card-standard-v2/0.2.8/pc/5dd7b4560d0e2d3190e8.svg,Jakarta Barat,,,,,,2 Terjual,"Scrape to BigSeller
Nokia 6 3/32gb mulus
Rp
900.000
5.0
2 Terjual
3-7 Hari
Jakarta Barat",https://shopee.co.id/Nokia-6-3-32gb-mulus-i.113814689.19620313804?extraParams=%7B%22display_model_id%22%3A68922845519%2C%22model_selection_logic%22%3A3%7D&sp_atk=287153b3-a03f-47a3-b010-57665b6d0a0a&xptdk=287153b3-a03f-47a3-b010-57665b6d0a0a
https://down-id.img.susercontent.com/file/id-11134207-8224u-mjqcpf1cvs3ld8,https://down-id.img.susercontent.com/file/id-11134258-8224v-mkvw0cu9r7k1a5,NOKIA 6300 SECOND ORI,Rp,200.000,,,,https://deo.shopeemobile.com/shopee/modules-federation/live/0/shopee__item-card-standard-v2/0.2.8/pc/76dff349290d20891fc1.svg,3-6 Hari,https://deo.shopeemobile.com/shopee/modules-federation/live/0/shopee__item-card-standard-v2/0.2.8/pc/5dd7b4560d0e2d3190e8.svg,Kab. Lampung Utara,,,,,,3-6 Hari,"Scrape to BigSeller
NOKIA 6300 SECOND ORI
Rp
200.000
3-6 Hari
Kab. Lampung Utara",https://shopee.co.id/NOKIA-6300-SECOND-ORI-i.333351742.44655011086?extraParams=%7B%22display_model_id%22%3A325459823499%2C%22model_selection_logic%22%3A3%7D&sp_atk=2e0c178f-02e3-4cb4-a722-d82f421b8fb7&xptdk=2e0c178f-02e3-4cb4-a722-d82f421b8fb7
https://down-id.img.susercontent.com/file/id-11134201-7r98o-luwoixrr4gc614,https://down-id.img.susercontent.com/file/id-11134258-8224v-mkvw0cu9r7k1a5,Nokia reborn second ori,Rp,159.000,-41%,https://deo.shopeemobile.com/shopee/modules-federation/live/0/shopee__item-card-standard-v2/0.2.8/pc/d7099d3fd1dfdaf705ab.svg,4.7,https://deo.shopeemobile.com/shopee/modules-federation/live/0/shopee__item-card-standard-v2/0.2.8/pc/76dff349290d20891fc1.svg,3-5 Hari,https://deo.shopeemobile.com/shopee/modules-federation/live/0/shopee__item-card-standard-v2/0.2.8/pc/5dd7b4560d0e2d3190e8.svg,Kab. Cirebon,,,,,,25 Terjual,"Scrape to BigSeller
Nokia reborn second ori
Rp
159.000
-41%
4.7
25 Terjual
3-5 Hari
Kab. Cirebon",https://shopee.co.id/Nokia-reborn-second-ori-i.713166277.22032965722?extraParams=%7B%22display_model_id%22%3A214070091485%2C%22model_selection_logic%22%3A3%7D&sp_atk=18df3d6a-461c-4b41-a76a-92d96774f5ae&xptdk=18df3d6a-461c-4b41-a76a-92d96774f5ae
https://down-id.img.susercontent.com/file/id-11134207-7rasf-m44od8kcjkplb7,https://down-id.img.susercontent.com/file/id-11134258-8224v-mkvw0cu9r7k1a5,Nokia 6300 kondisi baik,Rp,255.000,,https://deo.shopeemobile.com/shopee/modules-federation/live/0/shopee__item-card-standard-v2/0.2.8/pc/d7099d3fd1dfdaf705ab.svg,5.0,https://deo.shopeemobile.com/shopee/modules-federation/live/0/shopee__item-card-standard-v2/0.2.8/pc/76dff349290d20891fc1.svg,1-3 Hari,https://deo.shopeemobile.com/shopee/modules-federation/live/0/shopee__item-card-standard-v2/0.2.8/pc/5dd7b4560d0e2d3190e8.svg,Kab. Jember,,,,,,2 Terjual,"Scrape to BigSeller
Nokia 6300 kondisi baik
Rp
255.000
5.0
2 Terjual
1-3 Hari
Kab. Jember",https://shopee.co.id/Nokia-6300-kondisi-baik-i.275504603.22820750232?extraParams=%7B%22display_model_id%22%3A213764963470%2C%22model_selection_logic%22%3A3%7D&sp_atk=131fe588-3f7a-4fd6-8e97-8a49eada0fb8&xptdk=131fe588-3f7a-4fd6-8e97-8a49eada0fb8