-image-yazkc-11,-image-yazkc-11_2,text-sm,text-xs/sp14,font-medium,pointer-events-none,text-shopee-green,pointer-events-none_2,align-middle,inline-block,truncate,img,text-xs/sp14_2,w-auto,text-white,text-shopee-primary,pointer-events-none_3,_container,_container_link
https://down-id.img.susercontent.com/file/439f072f7246ba4cb774b9456d7894d1,https://down-id.img.susercontent.com/file/id-11134258-7r98w-lyezzaurybot13,Sony Xperia L3 Dual,Rp,1.125.000,https://deo.shopeemobile.com/shopee/modules-federation/live/0/shopee__item-card-standard-v2/0.2.8/pc/76dff349290d20891fc1.svg,4-7 Hari,https://deo.shopeemobile.com/shopee/modules-federation/live/0/shopee__item-card-standard-v2/0.2.8/pc/5dd7b4560d0e2d3190e8.svg,Kab. Bogor,,,,,,,,,"Scrape to BigSeller
Sony Xperia L3 Dual
Rp
1.125.000
4-7 Hari
Kab. Bogor",https://shopee.co.id/Sony-Xperia-L3-Dual-i.63253367.15636445328?extraParams=%7B%22display_model_id%22%3A123644543451%2C%22model_selection_logic%22%3A3%7D&sp_atk=54fb05b7-37b8-4adf-b59a-f3d8adbe3353&xptdk=54fb05b7-37b8-4adf-b59a-f3d8adbe3353
https://down-id.img.susercontent.com/file/id-11134207-822wu-mn635abjh2x4a4,https://down-id.img.susercontent.com/file/id-11134258-7r98w-lyezzaurybot13,HP Sony Xperia 5 Mark 3,Rp,1.800.000,https://deo.shopeemobile.com/shopee/modules-federation/live/0/shopee__item-card-standard-v2/0.2.8/pc/76dff349290d20891fc1.svg,5-10 Hari,https://deo.shopeemobile.com/shopee/modules-federation/live/0/shopee__item-card-standard-v2/0.2.8/pc/5dd7b4560d0e2d3190e8.svg,Palembang,,,,,,,,,"Scrape to BigSeller
HP Sony Xperia 5 Mark 3
Rp
1.800.000
5-10 Hari
Palembang",https://shopee.co.id/HP-Sony-Xperia-5-Mark-3-i.893017132.50058289839?extraParams=%7B%22display_model_id%22%3A315737108576%2C%22model_selection_logic%22%3A3%7D&sp_atk=aafd6974-4c57-48e8-9e3b-d65d6d97f21e&xptdk=aafd6974-4c57-48e8-9e3b-d65d6d97f21e
https://down-id.img.susercontent.com/file/637a60df5cc12d4ade438373a5e83c40,https://down-id.img.susercontent.com/file/id-11134258-7r98w-lyezzaurybot13,"SONY XPERIA XZ3 4/64 GB ORIGINAL,all OPERATOR",Rp,1.750.000,https://deo.shopeemobile.com/shopee/modules-federation/live/0/shopee__item-card-standard-v2/0.2.8/pc/38e203dc86172a6c6560.svg,9 Terjual,https://deo.shopeemobile.com/shopee/modules-federation/live/0/shopee__item-card-standard-v2/0.2.8/pc/5dd7b4560d0e2d3190e8.svg,Kab. Kediri,https://deo.shopeemobile.com/shopee/modules-federation/live/0/shopee__item-card-standard-v2/0.2.8/pc/a425c915798471b33e5d.png,Cicilan,https://deo.shopeemobile.com/shopee/modules-federation/live/0/shopee__item-card-standard-v2/0.2.8/pc/d7099d3fd1dfdaf705ab.svg,5.0,https://deo.shopeemobile.com/shopee/modules-federation/live/0/shopee__item-card-standard-v2/0.2.8/pc/0614b8f0a8fdde22942d.svg,< 2 Hari,,,"Scrape to BigSeller
SONY XPERIA XZ3 4/64 GB ORIGINAL,all OPERATOR
Rp
1.750.000
Cicilan
5.0
9 Terjual
< 2 Hari
Kab. Kediri",https://shopee.co.id/SONY-XPERIA-XZ3-4-64-GB-ORIGINAL-all-OPERATOR-i.95583795.6380028311?extraParams=%7B%22display_model_id%22%3A33808010620%2C%22model_selection_logic%22%3A3%7D&sp_atk=321c3550-97ea-4045-b596-2435fd59b84d&xptdk=321c3550-97ea-4045-b596-2435fd59b84d
https://down-id.img.susercontent.com/file/349cc8f11e2c39c5a68c5432a29072c8,https://down-id.img.susercontent.com/file/id-11134258-822wr-mlx67rtd6r602f,PhoneMe Sony Xperia XZ2 Compact,Rp,75.000,https://deo.shopeemobile.com/shopee/modules-federation/live/0/shopee__item-card-standard-v2/0.2.8/pc/38e203dc86172a6c6560.svg,3 Terjual,https://deo.shopeemobile.com/shopee/modules-federation/live/0/shopee__item-card-standard-v2/0.2.8/pc/5dd7b4560d0e2d3190e8.svg,Jakarta Barat,https://deo.shopeemobile.com/shopee/modules-federation/live/0/shopee__item-card-standard-v2/0.2.8/pc/7c9110f78e069acbced7.png,,https://deo.shopeemobile.com/shopee/modules-federation/live/0/shopee__item-card-standard-v2/0.2.8/pc/d7099d3fd1dfdaf705ab.svg,5.0,https://deo.shopeemobile.com/shopee/modules-federation/live/0/shopee__item-card-standard-v2/0.2.8/pc/0614b8f0a8fdde22942d.svg,Besok,,,"Scrape to BigSeller
PhoneMe Sony Xperia XZ2 Compact
Rp
75.000
5.0
3 Terjual
Besok
Jakarta Barat",https://shopee.co.id/PhoneMe-Sony-Xperia-XZ2-Compact-i.119027380.5445716755?extraParams=%7B%22display_model_id%22%3A21496868574%2C%22model_selection_logic%22%3A3%7D&sp_atk=b48f1d41-dcd1-4770-85b5-a394a902242b&xptdk=b48f1d41-dcd1-4770-85b5-a394a902242b
https://down-id.img.susercontent.com/file/sg-11134201-22120-kltv484g3jkvc1,https://down-id.img.susercontent.com/file/id-11134258-8224v-mkvw0cu9r7k1a5,sony xperia z5 big ram 3/32gb,Rp,680.000,https://deo.shopeemobile.com/shopee/modules-federation/live/0/shopee__item-card-standard-v2/0.2.8/pc/76dff349290d20891fc1.svg,1 Terjual,https://deo.shopeemobile.com/shopee/modules-federation/live/0/shopee__item-card-standard-v2/0.2.8/pc/5dd7b4560d0e2d3190e8.svg,Jakarta Timur,,,,,,,,,"Scrape to BigSeller
sony xperia z5 big ram 3/32gb
Rp
680.000
1 Terjual
4-7 Hari
Jakarta Timur",https://shopee.co.id/sony-xperia-z5-big-ram-3-32gb-i.191927978.22307668088?extraParams=%7B%22display_model_id%22%3A49194955256%2C%22model_selection_logic%22%3A3%7D&sp_atk=06802902-ca44-4edd-8a60-339a3bbf25c7&xptdk=06802902-ca44-4edd-8a60-339a3bbf25c7
https://down-id.img.susercontent.com/file/c2dd336880cdc619db326c052d914261,https://down-id.img.susercontent.com/file/id-11134258-8224v-mkvw0cu9r7k1a5,Sony Xperia X Global f5121,Rp,1.000.000,https://deo.shopeemobile.com/shopee/modules-federation/live/0/shopee__item-card-standard-v2/0.2.8/pc/76dff349290d20891fc1.svg,5 Terjual,https://deo.shopeemobile.com/shopee/modules-federation/live/0/shopee__item-card-standard-v2/0.2.8/pc/5dd7b4560d0e2d3190e8.svg,Kab. Tangerang,,Cicilan,https://deo.shopeemobile.com/shopee/modules-federation/live/0/shopee__item-card-standard-v2/0.2.8/pc/d7099d3fd1dfdaf705ab.svg,5.0,,,,,"Scrape to BigSeller
Sony Xperia X Global f5121
Rp
1.000.000
Cicilan
5.0
5 Terjual
4-7 Hari
Kab. Tangerang",https://shopee.co.id/Sony-Xperia-X-Global-f5121-i.13385755.3868936668?extraParams=%7B%22display_model_id%22%3A23152093660%2C%22model_selection_logic%22%3A3%7D&sp_atk=fa43ff0f-6631-4eed-aa18-db9f2206ed25&xptdk=fa43ff0f-6631-4eed-aa18-db9f2206ed25
https://down-id.img.susercontent.com/file/id-11134207-7rbke-m96y0ra2osk2a8,https://down-id.img.susercontent.com/file/id-11134258-8224v-mkvw0cu9r7k1a5,Sony Xperia Xz2 Compact 4/64 ALL OPERATOR Good Condition,Rp,1.470.000,https://deo.shopeemobile.com/shopee/modules-federation/live/0/shopee__item-card-standard-v2/0.2.8/pc/38e203dc86172a6c6560.svg,19 Terjual,https://deo.shopeemobile.com/shopee/modules-federation/live/0/shopee__item-card-standard-v2/0.2.8/pc/5dd7b4560d0e2d3190e8.svg,Kab. Jepara,https://deo.shopeemobile.com/shopee/modules-federation/live/0/shopee__item-card-standard-v2/0.2.8/pc/e4734dab67ee2f9ebd5a.png,,https://deo.shopeemobile.com/shopee/modules-federation/live/0/shopee__item-card-standard-v2/0.2.8/pc/d7099d3fd1dfdaf705ab.svg,5.0,https://deo.shopeemobile.com/shopee/modules-federation/live/0/shopee__item-card-standard-v2/0.2.8/pc/0614b8f0a8fdde22942d.svg,Besok,,,"Scrape to BigSeller
Sony Xperia Xz2 Compact 4/64 ALL OPERATOR Good Condition
Rp
1.470.000
5.0
19 Terjual
Besok
Kab. Jepara",https://shopee.co.id/Sony-Xperia-Xz2-Compact-4-64-ALL-OPERATOR-Good-Condition-i.38916987.19170668282?extraParams=%7B%22display_model_id%22%3A280759499380%2C%22model_selection_logic%22%3A3%7D&sp_atk=56bf0191-8971-4380-9e39-bc78fc5c294c&xptdk=56bf0191-8971-4380-9e39-bc78fc5c294c
https://down-id.img.susercontent.com/file/9a5fda2406255fcdf9595cc35fdaada3,,Sonyericsson W810i,Rp,250.000,https://deo.shopeemobile.com/shopee/modules-federation/live/0/shopee__item-card-standard-v2/0.2.8/pc/76dff349290d20891fc1.svg,4-8 Hari,https://deo.shopeemobile.com/shopee/modules-federation/live/0/shopee__item-card-standard-v2/0.2.8/pc/5dd7b4560d0e2d3190e8.svg,Kab. Karawang,,,,,,,,,"Scrape to BigSeller
Sonyericsson W810i
Rp
250.000
4-8 Hari
Kab. Karawang",https://shopee.co.id/Sonyericsson-W810i-i.26422652.10252732953?extraParams=%7B%22display_model_id%22%3A47383158421%2C%22model_selection_logic%22%3A3%7D&sp_atk=e94316f7-d40c-4849-b231-7c3f11ac52c0&xptdk=e94316f7-d40c-4849-b231-7c3f11ac52c0
https://down-id.img.susercontent.com/file/id-11134207-7rbkd-m7hj35uxw9if67,https://down-id.img.susercontent.com/file/id-11134258-7r98w-lyezzaurybot13,Sony Ericsson Xperia Active ST17,Rp,550.000,https://deo.shopeemobile.com/shopee/modules-federation/live/0/shopee__item-card-standard-v2/0.2.8/pc/38e203dc86172a6c6560.svg,Besok,https://deo.shopeemobile.com/shopee/modules-federation/live/0/shopee__item-card-standard-v2/0.2.8/pc/5dd7b4560d0e2d3190e8.svg,Malang,,,https://deo.shopeemobile.com/shopee/modules-federation/live/0/shopee__item-card-standard-v2/0.2.8/pc/0614b8f0a8fdde22942d.svg,,https://deo.shopeemobile.com/shopee/modules-federation/live/0/shopee__item-card-standard-v2/0.2.8/pc/0614b8f0a8fdde22942d.svg,Besok,,,"Scrape to BigSeller
Sony Ericsson Xperia Active ST17
Rp
550.000
Besok
Malang",https://shopee.co.id/Sony-Ericsson-Xperia-Active-ST17-i.368667247.26179984685?extraParams=%7B%22display_model_id%22%3A247921131338%2C%22model_selection_logic%22%3A3%7D&sp_atk=d1c56a92-5009-413c-b56e-de2f43165718&xptdk=d1c56a92-5009-413c-b56e-de2f43165718
https://down-id.img.susercontent.com/file/id-11134207-7qul6-ljec9mv5wuay57,https://down-id.img.susercontent.com/file/id-11134258-822wr-mlx67rtd6r602f,"Sony xa2 dualsim,xa ultra",Rp,385.000,https://deo.shopeemobile.com/shopee/modules-federation/live/0/shopee__item-card-standard-v2/0.2.8/pc/76dff349290d20891fc1.svg,4 Terjual,https://deo.shopeemobile.com/shopee/modules-federation/live/0/shopee__item-card-standard-v2/0.2.8/pc/5dd7b4560d0e2d3190e8.svg,Kab. Trenggalek,,,https://deo.shopeemobile.com/shopee/modules-federation/live/0/shopee__item-card-standard-v2/0.2.8/pc/d7099d3fd1dfdaf705ab.svg,3.5,,,,,"Scrape to BigSeller
Sony xa2 dualsim,xa ultra
Rp
385.000
3.5
4 Terjual
2-5 Hari
Kab. Trenggalek",https://shopee.co.id/Sony-xa2-dualsim-xa-ultra-i.739601592.20924781205?extraParams=%7B%22display_model_id%22%3A232104437874%2C%22model_selection_logic%22%3A3%7D&sp_atk=75e6f099-a57c-4d03-8f10-ad5c8fafc9d7&xptdk=75e6f099-a57c-4d03-8f10-ad5c8fafc9d7
https://down-id.img.susercontent.com/file/780eab49e19059b84147875380e4fb42,https://down-id.img.susercontent.com/file/id-11134258-7r98w-lyezzaurybot13,sony xperia xz wifi only,Rp,775.000,https://deo.shopeemobile.com/shopee/modules-federation/live/0/shopee__item-card-standard-v2/0.2.8/pc/38e203dc86172a6c6560.svg,1 Terjual,https://deo.shopeemobile.com/shopee/modules-federation/live/0/shopee__item-card-standard-v2/0.2.8/pc/5dd7b4560d0e2d3190e8.svg,Kab. Kediri,https://deo.shopeemobile.com/shopee/modules-federation/live/0/shopee__item-card-standard-v2/0.2.8/pc/a425c915798471b33e5d.png,,https://deo.shopeemobile.com/shopee/modules-federation/live/0/shopee__item-card-standard-v2/0.2.8/pc/d7099d3fd1dfdaf705ab.svg,5.0,https://deo.shopeemobile.com/shopee/modules-federation/live/0/shopee__item-card-standard-v2/0.2.8/pc/0614b8f0a8fdde22942d.svg,< 2 Hari,,,"Scrape to BigSeller
sony xperia xz wifi only
Rp
775.000
5.0
1 Terjual
< 2 Hari
Kab. Kediri",https://shopee.co.id/sony-xperia-xz-wifi-only-i.95583795.13415663617?extraParams=%7B%22display_model_id%22%3A102660447543%2C%22model_selection_logic%22%3A3%7D&sp_atk=4a285869-1332-40b2-8fcd-9e922a9395be&xptdk=4a285869-1332-40b2-8fcd-9e922a9395be
https://down-id.img.susercontent.com/file/id-11134207-822wt-mn1brlqk579kee,,Sony Xperia 1 mark III 255GB Rom 12gb ram Japan set,Rp,4.800.000,https://deo.shopeemobile.com/shopee/modules-federation/live/0/shopee__item-card-standard-v2/0.2.8/pc/38e203dc86172a6c6560.svg,Besok,https://deo.shopeemobile.com/shopee/modules-federation/live/0/shopee__item-card-standard-v2/0.2.8/pc/5dd7b4560d0e2d3190e8.svg,Kab. Kulon Progo,,,https://deo.shopeemobile.com/shopee/modules-federation/live/0/shopee__item-card-standard-v2/0.2.8/pc/0614b8f0a8fdde22942d.svg,,https://deo.shopeemobile.com/shopee/modules-federation/live/0/shopee__item-card-standard-v2/0.2.8/pc/0614b8f0a8fdde22942d.svg,Besok,,,"Scrape to BigSeller
Sony Xperia 1 mark III 255GB Rom 12gb ram Japan set
Rp
4.800.000
Besok
Kab. Kulon Progo",https://shopee.co.id/Sony-Xperia-1-mark-III-255GB-Rom-12gb-ram-Japan-set-i.34341683.47406307664?extraParams=%7B%22display_model_id%22%3A272412770118%2C%22model_selection_logic%22%3A3%7D&sp_atk=5aa2c17f-7129-4ac4-b35a-9991862fc98e&xptdk=5aa2c17f-7129-4ac4-b35a-9991862fc98e
https://down-id.img.susercontent.com/file/3fb6812e5e74bb3d45580c49caa9712a,https://down-id.img.susercontent.com/file/id-11134258-8224v-mkvw0cu9r7k1a5,Sony Xperia zr global  LTE 4G camera 13 mp,Rp,550.000,https://deo.shopeemobile.com/shopee/modules-federation/live/0/shopee__item-card-standard-v2/0.2.8/pc/76dff349290d20891fc1.svg,1 Terjual,https://deo.shopeemobile.com/shopee/modules-federation/live/0/shopee__item-card-standard-v2/0.2.8/pc/5dd7b4560d0e2d3190e8.svg,Jakarta Timur,,,https://deo.shopeemobile.com/shopee/modules-federation/live/0/shopee__item-card-standard-v2/0.2.8/pc/d7099d3fd1dfdaf705ab.svg,4.0,,,,,"Scrape to BigSeller
Sony Xperia zr global LTE 4G camera 13 mp
Rp
550.000
4.0
1 Terjual
4-7 Hari
Jakarta Timur",https://shopee.co.id/Sony-Xperia-zr-global-LTE-4G-camera-13-mp-i.191927978.9385276892?extraParams=%7B%22display_model_id%22%3A56742002098%2C%22model_selection_logic%22%3A3%7D&sp_atk=e712ad50-9cdc-481b-934d-2b4f877ac1b9&xptdk=e712ad50-9cdc-481b-934d-2b4f877ac1b9
https://down-id.img.susercontent.com/file/sg-11134201-23020-190kcqxze5mv81,,Sony xperia 1 64gb Rom 6gb ram original all operator,Rp,1.900.000,https://deo.shopeemobile.com/shopee/modules-federation/live/0/shopee__item-card-standard-v2/0.2.8/pc/38e203dc86172a6c6560.svg,56 Terjual,https://deo.shopeemobile.com/shopee/modules-federation/live/0/shopee__item-card-standard-v2/0.2.8/pc/5dd7b4560d0e2d3190e8.svg,Kab. Kulon Progo,,Cicilan,https://deo.shopeemobile.com/shopee/modules-federation/live/0/shopee__item-card-standard-v2/0.2.8/pc/d7099d3fd1dfdaf705ab.svg,4.4,https://deo.shopeemobile.com/shopee/modules-federation/live/0/shopee__item-card-standard-v2/0.2.8/pc/0614b8f0a8fdde22942d.svg,Besok,,,"Scrape to BigSeller
Sony xperia 1 64gb Rom 6gb ram original all operator
Rp
1.900.000
Cicilan
4.4
56 Terjual
Besok
Kab. Kulon Progo",https://shopee.co.id/Sony-xperia-1-64gb-Rom-6gb-ram-original-all-operator-i.34341683.2779947485?extraParams=%7B%22display_model_id%22%3A73584066317%2C%22model_selection_logic%22%3A3%7D&sp_atk=b3de7aee-cba7-4f8b-8d4b-40ba4a07362a&xptdk=b3de7aee-cba7-4f8b-8d4b-40ba4a07362a
https://down-id.img.susercontent.com/file/id-11134207-7r992-lng5mdhh76a1c5,https://down-id.img.susercontent.com/file/id-11134258-822wr-mlx67rtd6r602f,sony xperia 1 ram6 spek tinggi,Rp,1.585.000,https://deo.shopeemobile.com/shopee/modules-federation/live/0/shopee__item-card-standard-v2/0.2.8/pc/76dff349290d20891fc1.svg,15 Terjual,https://deo.shopeemobile.com/shopee/modules-federation/live/0/shopee__item-card-standard-v2/0.2.8/pc/5dd7b4560d0e2d3190e8.svg,Kab. Trenggalek,,,https://deo.shopeemobile.com/shopee/modules-federation/live/0/shopee__item-card-standard-v2/0.2.8/pc/d7099d3fd1dfdaf705ab.svg,4.5,,,,,"Scrape to BigSeller
sony xperia 1 ram6 spek tinggi
Rp
1.585.000
4.5
15 Terjual
2-5 Hari
Kab. Trenggalek",https://shopee.co.id/sony-xperia-1-ram6-spek-tinggi-i.739601592.16683233130?extraParams=%7B%22display_model_id%22%3A248198604415%2C%22model_selection_logic%22%3A3%7D&sp_atk=1bd17de8-0737-4cf7-8ddc-c951bd8611bb&xptdk=1bd17de8-0737-4cf7-8ddc-c951bd8611bb
https://down-id.img.susercontent.com/file/id-11134207-7rbk1-makwrjdysmxw97,https://down-id.img.susercontent.com/file/id-11134258-7r98w-lyezzaurybot13,Sony Xperia SP Red,Rp,800.000,https://deo.shopeemobile.com/shopee/modules-federation/live/0/shopee__item-card-standard-v2/0.2.8/pc/38e203dc86172a6c6560.svg,1 Terjual,https://deo.shopeemobile.com/shopee/modules-federation/live/0/shopee__item-card-standard-v2/0.2.8/pc/5dd7b4560d0e2d3190e8.svg,Kab. Tuban,,,https://deo.shopeemobile.com/shopee/modules-federation/live/0/shopee__item-card-standard-v2/0.2.8/pc/d7099d3fd1dfdaf705ab.svg,4.0,https://deo.shopeemobile.com/shopee/modules-federation/live/0/shopee__item-card-standard-v2/0.2.8/pc/0614b8f0a8fdde22942d.svg,< 2 Hari,,,"Scrape to BigSeller
Sony Xperia SP Red
Rp
800.000
4.0
1 Terjual
< 2 Hari
Kab. Tuban",https://shopee.co.id/Sony-Xperia-SP-Red-i.1090401794.29927171773?extraParams=%7B%22display_model_id%22%3A223840230754%2C%22model_selection_logic%22%3A3%7D&sp_atk=33313a8a-323a-4636-97de-8d1780423319&xptdk=33313a8a-323a-4636-97de-8d1780423319
https://down-id.img.susercontent.com/file/cb114cf66974841a95a5851f5fa96756,https://down-id.img.susercontent.com/file/id-11134258-7r98w-lyezzaurybot13,SONY Xperia C5 DUAL,Rp,1.000.000,https://deo.shopeemobile.com/shopee/modules-federation/live/0/shopee__item-card-standard-v2/0.2.8/pc/76dff349290d20891fc1.svg,2-3 Hari,https://deo.shopeemobile.com/shopee/modules-federation/live/0/shopee__item-card-standard-v2/0.2.8/pc/5dd7b4560d0e2d3190e8.svg,Kab. Bengkulu Selatan,,,,,,,,,"Scrape to BigSeller
SONY Xperia C5 DUAL
Rp
1.000.000
2-3 Hari
Kab. Bengkulu Selatan",https://shopee.co.id/SONY-Xperia-C5-DUAL-i.10086266.13151054564?extraParams=%7B%22display_model_id%22%3A103918416488%2C%22model_selection_logic%22%3A3%7D&sp_atk=83d09a2e-1423-4238-8646-f217ff8d2cdc&xptdk=83d09a2e-1423-4238-8646-f217ff8d2cdc
https://down-id.img.susercontent.com/file/sg-11134201-7ra30-m5a6vigmfk7ree,https://down-id.img.susercontent.com/file/id-11134258-8224v-mkvw0cu9r7k1a5,Sony Xperia 5 Original,Rp,2.850.000,https://deo.shopeemobile.com/shopee/modules-federation/live/0/shopee__item-card-standard-v2/0.2.8/pc/38e203dc86172a6c6560.svg,Besok,https://deo.shopeemobile.com/shopee/modules-federation/live/0/shopee__item-card-standard-v2/0.2.8/pc/5dd7b4560d0e2d3190e8.svg,Jakarta Barat,,,https://deo.shopeemobile.com/shopee/modules-federation/live/0/shopee__item-card-standard-v2/0.2.8/pc/0614b8f0a8fdde22942d.svg,,https://deo.shopeemobile.com/shopee/modules-federation/live/0/shopee__item-card-standard-v2/0.2.8/pc/0614b8f0a8fdde22942d.svg,Besok,,,"Scrape to BigSeller
Sony Xperia 5 Original
Rp
2.850.000
Besok
Jakarta Barat",https://shopee.co.id/Sony-Xperia-5-Original-i.440359502.27124159562?extraParams=%7B%22display_model_id%22%3A257518314892%2C%22model_selection_logic%22%3A3%7D&sp_atk=13ea79d6-248b-4b19-8259-64f416970517&xptdk=13ea79d6-248b-4b19-8259-64f416970517
https://down-id.img.susercontent.com/file/id-11134207-822wr-mnaws0czbpc54b,https://down-id.img.susercontent.com/file/id-11134258-822wp-mlyjp115kz5tc6,"[HANYA UANG MUKA] OPPO Find X9 Ultra 16GB+1TB (TIDAK ADA PENGIRIMAN HANDPHONE UNTUK PEMBELIAN UANG MUKA, Handphone baru akan dikirim setelah melakukan PELUNASAN di tanggal 21 Mei - 5 Juni 2026)",Rp,1.000.000,https://deo.shopeemobile.com/shopee/modules-federation/live/0/shopee__item-card-standard-v2/0.2.8/pc/76dff349290d20891fc1.svg,1 Terjual,https://deo.shopeemobile.com/shopee/modules-federation/live/0/shopee__item-card-standard-v2/0.2.8/pc/5dd7b4560d0e2d3190e8.svg,Tangerang,https://deo.shopeemobile.com/shopee/modules-federation/live/0/shopee__item-card-standard-v2/0.2.8/pc/7c9110f78e069acbced7.png,,,,,,,,"Scrape to BigSeller
[HANYA UANG MUKA] OPPO Find X9 Ultra 16GB+1TB (TIDAK ADA PENGIRIMAN HANDPHONE UNTUK PEMBELIAN UANG MUKA, Handphone baru akan dikirim setelah melakukan PELUNASAN di tanggal 21 Mei - 5 Juni 2026)
Rp
1.000.000
1 Terjual
8-13 Hari
Tangerang",https://shopee.co.id/-HANYA-UANG-MUKA-OPPO-Find-X9-Ultra-16GB-1TB-(TIDAK-ADA-PENGIRIMAN-HANDPHONE-UNTUK-PEMBELIAN-UANG-MUKA-Handphone-baru-akan-dikirim-setelah-melakukan-PELUNASAN-di-tanggal-21-Mei-5-Juni-2026)-i.13140292.48709202964?extraParams=%7B%22display_model_id%22%3A445813688726%2C%22model_selection_logic%22%3A3%7D&sp_atk=91d8833a-5cc4-43ab-bc7b-ed4367490ee7&xptdk=91d8833a-5cc4-43ab-bc7b-ed4367490ee7
https://down-id.img.susercontent.com/file/9bd96cadf57779c446ed2458f36ceb6b,https://down-id.img.susercontent.com/file/id-11134258-8224v-mkvw0cu9r7k1a5,Sony Xperia z3 big LTE 4g global ram 3,Rp,700.000,https://deo.shopeemobile.com/shopee/modules-federation/live/0/shopee__item-card-standard-v2/0.2.8/pc/76dff349290d20891fc1.svg,6 Terjual,https://deo.shopeemobile.com/shopee/modules-federation/live/0/shopee__item-card-standard-v2/0.2.8/pc/5dd7b4560d0e2d3190e8.svg,Jakarta Timur,,Cicilan,https://deo.shopeemobile.com/shopee/modules-federation/live/0/shopee__item-card-standard-v2/0.2.8/pc/d7099d3fd1dfdaf705ab.svg,3.8,,,,,"Scrape to BigSeller
Sony Xperia z3 big LTE 4g global ram 3
Rp
700.000
Cicilan
3.8
6 Terjual
4-7 Hari
Jakarta Timur",https://shopee.co.id/Sony-Xperia-z3-big-LTE-4g-global-ram-3-i.191927978.5097430340?extraParams=%7B%22display_model_id%22%3A84218511206%2C%22model_selection_logic%22%3A3%7D&sp_atk=88c5b565-27d4-454e-906b-06a74caf2d6d&xptdk=88c5b565-27d4-454e-906b-06a74caf2d6d
https://down-id.img.susercontent.com/file/id-11134207-822wg-mne1xg3wvw1u91,https://down-id.img.susercontent.com/file/id-11134258-822wr-mlx67rtd6r602f,"[NEW] OPPO A6x 4GB/6GB+64GB/128GB/256GB & 8GB+128GB  [IP64 Water & Dust Resistance, 6500mAh Large Battery, Snapdragon 685, 120Hz Fast Responsive Screen]",Rp,2.199.000,https://deo.shopeemobile.com/shopee/modules-federation/live/0/shopee__item-card-standard-v2/0.2.8/pc/76dff349290d20891fc1.svg,4RB+ Terjual,https://deo.shopeemobile.com/shopee/modules-federation/live/0/shopee__item-card-standard-v2/0.2.8/pc/5dd7b4560d0e2d3190e8.svg,Tangerang,https://deo.shopeemobile.com/shopee/modules-federation/live/0/shopee__item-card-standard-v2/0.2.8/pc/7c9110f78e069acbced7.png,,https://deo.shopeemobile.com/shopee/modules-federation/live/0/shopee__item-card-standard-v2/0.2.8/pc/d7099d3fd1dfdaf705ab.svg,4.9,,,,,"Scrape to BigSeller
[NEW] OPPO A6x 4GB/6GB+64GB/128GB/256GB & 8GB+128GB [IP64 Water & Dust Resistance, 6500mAh Large Battery, Snapdragon 685, 120Hz Fast Responsive Screen]
Rp
2.199.000
4.9
4RB+ Terjual
2-5 Hari
Tangerang",https://shopee.co.id/-NEW-OPPO-A6x-4GB-6GB-64GB-128GB-256GB-8GB-128GB-IP64-Water-Dust-Resistance-6500mAh-Large-Battery-Snapdragon-685-120Hz-Fast-Responsive-Screen--i.13140292.45502028831?extraParams=%7B%22display_model_id%22%3A355196907212%2C%22model_selection_logic%22%3A3%7D&sp_atk=05333274-a0a4-476f-8fee-a2d567d54ab3&xptdk=05333274-a0a4-476f-8fee-a2d567d54ab3
https://down-id.img.susercontent.com/file/id-11134207-7r98q-lmx3mws0rhxqff,https://down-id.img.susercontent.com/file/id-11134258-8224v-mkvw0cu9r7k1a5,temper glass sony z5,Rp,5.000,https://deo.shopeemobile.com/shopee/modules-federation/live/0/shopee__item-card-standard-v2/0.2.8/pc/38e203dc86172a6c6560.svg,Besok,https://deo.shopeemobile.com/shopee/modules-federation/live/0/shopee__item-card-standard-v2/0.2.8/pc/5dd7b4560d0e2d3190e8.svg,Surabaya,,,https://deo.shopeemobile.com/shopee/modules-federation/live/0/shopee__item-card-standard-v2/0.2.8/pc/0614b8f0a8fdde22942d.svg,,https://deo.shopeemobile.com/shopee/modules-federation/live/0/shopee__item-card-standard-v2/0.2.8/pc/0614b8f0a8fdde22942d.svg,Besok,,,"Scrape to BigSeller
temper glass sony z5
Rp
5.000
Besok
Surabaya",https://shopee.co.id/temper-glass-sony-z5-i.54359184.20094225896?extraParams=%7B%22display_model_id%22%3A197105251463%2C%22model_selection_logic%22%3A2%7D&sp_atk=12c72fbc-5ee4-4bc6-9cb3-03835f18d5ac&xptdk=12c72fbc-5ee4-4bc6-9cb3-03835f18d5ac
https://down-id.img.susercontent.com/file/id-11134207-7r98o-lkxrhdh308lb99,https://down-id.img.susercontent.com/file/id-11134258-822wr-mlx67rtd6r602f,Evercoss M6A 4/32 Garansi Resmi,Rp,588.000,https://deo.shopeemobile.com/shopee/modules-federation/live/0/shopee__item-card-standard-v2/0.2.8/pc/76dff349290d20891fc1.svg,592 Terjual,https://deo.shopeemobile.com/shopee/modules-federation/live/0/shopee__item-card-standard-v2/0.2.8/pc/5dd7b4560d0e2d3190e8.svg,Bekasi,https://deo.shopeemobile.com/shopee/modules-federation/live/0/shopee__item-card-standard-v2/0.2.8/pc/e4734dab67ee2f9ebd5a.png,Cicilan,https://deo.shopeemobile.com/shopee/modules-federation/live/0/shopee__item-card-standard-v2/0.2.8/pc/d7099d3fd1dfdaf705ab.svg,4.9,,,,,"Scrape to BigSeller
Evercoss M6A 4/32 Garansi Resmi
Rp
588.000
Cicilan
4.9
592 Terjual
2-3 Hari
Bekasi",https://shopee.co.id/Evercoss-M6A-4-32-Garansi-Resmi-i.63955985.1059794717?extraParams=%7B%22display_model_id%22%3A215760626169%2C%22model_selection_logic%22%3A3%7D&sp_atk=5c7e5e03-c358-4c13-97ee-dee95c063cb0&xptdk=5c7e5e03-c358-4c13-97ee-dee95c063cb0
https://down-id.img.susercontent.com/file/id-11134207-7ra0h-mdofb3emob0478,https://down-id.img.susercontent.com/file/id-11134258-8224v-mkvw0cu9r7k1a5,Hp Android fullset murah,Rp,150.000,https://deo.shopeemobile.com/shopee/modules-federation/live/0/shopee__item-card-standard-v2/0.2.8/pc/38e203dc86172a6c6560.svg,222 Terjual,https://deo.shopeemobile.com/shopee/modules-federation/live/0/shopee__item-card-standard-v2/0.2.8/pc/5dd7b4560d0e2d3190e8.svg,Jakarta Pusat,,,https://deo.shopeemobile.com/shopee/modules-federation/live/0/shopee__item-card-standard-v2/0.2.8/pc/d7099d3fd1dfdaf705ab.svg,3.8,https://deo.shopeemobile.com/shopee/modules-federation/live/0/shopee__item-card-standard-v2/0.2.8/pc/0614b8f0a8fdde22942d.svg,Besok,,,"Scrape to BigSeller
Hp Android fullset murah
Rp
150.000
3.8
222 Terjual
Besok
Jakarta Pusat",https://shopee.co.id/Hp-Android-fullset-murah-i.496201650.12298134133?extraParams=%7B%22display_model_id%22%3A335580103058%2C%22model_selection_logic%22%3A3%7D&sp_atk=b2c1158f-016a-4fec-b172-0424d0ac8ed9&xptdk=b2c1158f-016a-4fec-b172-0424d0ac8ed9
https://down-id.img.susercontent.com/file/sg-11134201-22110-m0jw5xjme4jvb2,https://down-id.img.susercontent.com/file/id-11134258-8224v-mkvw0cu9r7k1a5,"Sony xperia z3 big  D6653/6603 camera 20,7mp 4G/LTE",Rp,740.000,https://deo.shopeemobile.com/shopee/modules-federation/live/0/shopee__item-card-standard-v2/0.2.8/pc/76dff349290d20891fc1.svg,1 Terjual,https://deo.shopeemobile.com/shopee/modules-federation/live/0/shopee__item-card-standard-v2/0.2.8/pc/5dd7b4560d0e2d3190e8.svg,Jakarta Timur,,,,,,,,,"Scrape to BigSeller
Sony xperia z3 big D6653/6603 camera 20,7mp 4G/LTE
Rp
740.000
1 Terjual
4-7 Hari
Jakarta Timur",https://shopee.co.id/Sony-xperia-z3-big-D6653-6603-camera-20-7mp-4G-LTE-i.191927978.20455184514?extraParams=%7B%22display_model_id%22%3A174792831418%2C%22model_selection_logic%22%3A3%7D&sp_atk=abe314e9-d5cd-42a4-b5df-a0620e37bac7&xptdk=abe314e9-d5cd-42a4-b5df-a0620e37bac7
https://down-id.img.susercontent.com/file/id-11134207-822wt-mmzhfaecjthf20,https://down-id.img.susercontent.com/file/id-11134258-7r98w-lyezzaurybot13,"[NEW LAUNCH] vivo V70 5G (8/256) 10x Telephoto Zoom, AI Stage Mode, 4K 60 fps Video Recording, AI Travel Portrait, OriginOS 6.0",Rp,8.499.000,https://deo.shopeemobile.com/shopee/modules-federation/live/0/shopee__item-card-standard-v2/0.2.8/pc/38e203dc86172a6c6560.svg,1 Terjual,https://deo.shopeemobile.com/shopee/modules-federation/live/0/shopee__item-card-standard-v2/0.2.8/pc/5dd7b4560d0e2d3190e8.svg,Surabaya,https://deo.shopeemobile.com/shopee/modules-federation/live/0/shopee__item-card-standard-v2/0.2.8/pc/7c9110f78e069acbced7.png,,https://deo.shopeemobile.com/shopee/modules-federation/live/0/shopee__item-card-standard-v2/0.2.8/pc/d7099d3fd1dfdaf705ab.svg,5.0,https://deo.shopeemobile.com/shopee/modules-federation/live/0/shopee__item-card-standard-v2/0.2.8/pc/0614b8f0a8fdde22942d.svg,< 2 Hari,-6%,,"Scrape to BigSeller
[NEW LAUNCH] vivo V70 5G (8/256) 10x Telephoto Zoom, AI Stage Mode, 4K 60 fps Video Recording, AI Travel Portrait, OriginOS 6.0
Rp
8.499.000
-6%
5.0
1 Terjual
< 2 Hari
Surabaya",https://shopee.co.id/-NEW-LAUNCH-vivo-V70-5G-(8-256)-10x-Telephoto-Zoom-AI-Stage-Mode-4K-60-fps-Video-Recording-AI-Travel-Portrait-OriginOS-6.0-i.30843261.49208418540?extraParams=%7B%22display_model_id%22%3A218821488325%2C%22model_selection_logic%22%3A3%7D&sp_atk=a327d904-1685-4bf1-8a3d-d7c95d3b163e&xptdk=a327d904-1685-4bf1-8a3d-d7c95d3b163e
https://down-id.img.susercontent.com/file/id-11134207-822ws-mmvbutv5x9mub6,https://down-id.img.susercontent.com/file/id-11134258-7r98w-lyezzaurybot13,sony experia 5 kemenperin,Rp,2.300.000,https://deo.shopeemobile.com/shopee/modules-federation/live/0/shopee__item-card-standard-v2/0.2.8/pc/76dff349290d20891fc1.svg,3-6 Hari,https://deo.shopeemobile.com/shopee/modules-federation/live/0/shopee__item-card-standard-v2/0.2.8/pc/5dd7b4560d0e2d3190e8.svg,Kab. Sragen,,,,,,,,,"Scrape to BigSeller
sony experia 5 kemenperin
Rp
2.300.000
3-6 Hari
Kab. Sragen",https://shopee.co.id/sony-experia-5-kemenperin-i.274311478.40379913707?extraParams=%7B%22display_model_id%22%3A320756924998%2C%22model_selection_logic%22%3A3%7D&sp_atk=de0fd8d7-cf62-42d6-8c7e-5f11927fdab2&xptdk=de0fd8d7-cf62-42d6-8c7e-5f11927fdab2
https://down-id.img.susercontent.com/file/1ac6fec931350e5de24b3f74cb340575,,SONY XPERIA Z5 Compact,Rp,700.000,https://deo.shopeemobile.com/shopee/modules-federation/live/0/shopee__item-card-standard-v2/0.2.8/pc/76dff349290d20891fc1.svg,4 Terjual,https://deo.shopeemobile.com/shopee/modules-federation/live/0/shopee__item-card-standard-v2/0.2.8/pc/5dd7b4560d0e2d3190e8.svg,Jakarta Barat,,Cicilan,https://deo.shopeemobile.com/shopee/modules-federation/live/0/shopee__item-card-standard-v2/0.2.8/pc/d7099d3fd1dfdaf705ab.svg,4.0,,,,,"Scrape to BigSeller
SONY XPERIA Z5 Compact
Rp
700.000
Cicilan
4.0
4 Terjual
4-7 Hari
Jakarta Barat",https://shopee.co.id/SONY-XPERIA-Z5-Compact-i.195916908.4416732645?extraParams=%7B%22display_model_id%22%3A21708491268%2C%22model_selection_logic%22%3A3%7D&sp_atk=632689b5-c6b9-4bec-ae0f-7f0360bee4c9&xptdk=632689b5-c6b9-4bec-ae0f-7f0360bee4c9
https://down-id.img.susercontent.com/file/id-11134207-822wt-mn82mh2r1p1ie6,https://down-id.img.susercontent.com/file/id-11134258-7r98w-lyezzaurybot13,Sony Xperia 1,Rp,1.450.000,https://deo.shopeemobile.com/shopee/modules-federation/live/0/shopee__item-card-standard-v2/0.2.8/pc/38e203dc86172a6c6560.svg,1 Terjual,https://deo.shopeemobile.com/shopee/modules-federation/live/0/shopee__item-card-standard-v2/0.2.8/pc/5dd7b4560d0e2d3190e8.svg,Malang,,,https://deo.shopeemobile.com/shopee/modules-federation/live/0/shopee__item-card-standard-v2/0.2.8/pc/0614b8f0a8fdde22942d.svg,,https://deo.shopeemobile.com/shopee/modules-federation/live/0/shopee__item-card-standard-v2/0.2.8/pc/0614b8f0a8fdde22942d.svg,< 2 Hari,,,"Scrape to BigSeller
Sony Xperia 1
Rp
1.450.000
1 Terjual
< 2 Hari
Malang",https://shopee.co.id/Sony-Xperia-1-i.826436820.41760633670?extraParams=%7B%22display_model_id%22%3A290893966116%2C%22model_selection_logic%22%3A3%7D&sp_atk=88750648-00c5-4e80-ab23-e65eab893ba9&xptdk=88750648-00c5-4e80-ab23-e65eab893ba9
https://down-id.img.susercontent.com/file/id-11134207-7rbkc-m7oe1qprjwix6b,https://down-id.img.susercontent.com/file/id-11134258-8224v-mkvw0cu9r7k1a5,Sony Xperia 1ii / 1 Mark II 8/128/256GB DUAL SIM TERDAFTAR BEACKAI GOOD CONDITION,Rp,3.200.000,https://deo.shopeemobile.com/shopee/modules-federation/live/0/shopee__item-card-standard-v2/0.2.8/pc/38e203dc86172a6c6560.svg,35 Terjual,https://deo.shopeemobile.com/shopee/modules-federation/live/0/shopee__item-card-standard-v2/0.2.8/pc/5dd7b4560d0e2d3190e8.svg,Kab. Jepara,https://deo.shopeemobile.com/shopee/modules-federation/live/0/shopee__item-card-standard-v2/0.2.8/pc/e4734dab67ee2f9ebd5a.png,,https://deo.shopeemobile.com/shopee/modules-federation/live/0/shopee__item-card-standard-v2/0.2.8/pc/d7099d3fd1dfdaf705ab.svg,5.0,https://deo.shopeemobile.com/shopee/modules-federation/live/0/shopee__item-card-standard-v2/0.2.8/pc/0614b8f0a8fdde22942d.svg,Besok,,,"Scrape to BigSeller
Sony Xperia 1ii / 1 Mark II 8/128/256GB DUAL SIM TERDAFTAR BEACKAI GOOD CONDITION
Rp
3.200.000
5.0
35 Terjual
Besok
Kab. Jepara",https://shopee.co.id/Sony-Xperia-1ii-1-Mark-II-8-128-256GB-DUAL-SIM-TERDAFTAR-BEACKAI-GOOD-CONDITION-i.38916987.23962710851?extraParams=%7B%22display_model_id%22%3A247618071346%2C%22model_selection_logic%22%3A3%7D&sp_atk=d7dbaa11-aadf-4105-9a94-b9d4b513120c&xptdk=d7dbaa11-aadf-4105-9a94-b9d4b513120c
https://down-id.img.susercontent.com/file/sg-11134201-22120-4h9b2skciqlv81,https://down-id.img.susercontent.com/file/id-11134258-822wr-mlx67rtd6r602f,[Bayar Ditempat/COD] Maxtron P12 Bomba HP PowerBank / Maxtron P12i Super Big Speaker Bluetooth Ponsel Outdoor Baterai Besar 12000mAh Bergaransi,Rp,307.994,https://deo.shopeemobile.com/shopee/modules-federation/live/0/shopee__item-card-standard-v2/0.2.8/pc/76dff349290d20891fc1.svg,850 Terjual,https://deo.shopeemobile.com/shopee/modules-federation/live/0/shopee__item-card-standard-v2/0.2.8/pc/5dd7b4560d0e2d3190e8.svg,Jakarta Pusat,https://deo.shopeemobile.com/shopee/modules-federation/live/0/shopee__item-card-standard-v2/0.2.8/pc/e4734dab67ee2f9ebd5a.png,,https://deo.shopeemobile.com/shopee/modules-federation/live/0/shopee__item-card-standard-v2/0.2.8/pc/d7099d3fd1dfdaf705ab.svg,4.8,,,-5%,,"Scrape to BigSeller
[Bayar Ditempat/COD] Maxtron P12 Bomba HP PowerBank / Maxtron P12i Super Big Speaker Bluetooth Ponsel Outdoor Baterai Besar 12000mAh Bergaransi
Rp
307.994
-5%
4.8
850 Terjual
6-9 Hari
Jakarta Pusat",https://shopee.co.id/-Bayar-Ditempat-COD-Maxtron-P12-Bomba-HP-PowerBank-Maxtron-P12i-Super-Big-Speaker-Bluetooth-Ponsel-Outdoor-Baterai-Besar-12000mAh-Bergaransi-i.184907901.22215466816?extraParams=%7B%22display_model_id%22%3A302289674788%2C%22model_selection_logic%22%3A3%7D&sp_atk=7d1455fe-6d38-469b-b156-644a8ef14cc4&xptdk=7d1455fe-6d38-469b-b156-644a8ef14cc4
https://down-id.img.susercontent.com/file/id-11134207-8224r-mglpve9jj6rs77,https://down-id.img.susercontent.com/file/id-11134258-7r98w-lyezzaurybot13,"[ONLINE EXCLUSIVE] vivo V60 Lite 4G (8/128) 50MP Sony Camera, 6500 mAh + 90W FlashCharge, Bypass Charging, AI Four-Seasons, SGS 5-Star Drop Resistance",Rp,4.699.000,https://deo.shopeemobile.com/shopee/modules-federation/live/0/shopee__item-card-standard-v2/0.2.8/pc/38e203dc86172a6c6560.svg,1RB+ Terjual,https://deo.shopeemobile.com/shopee/modules-federation/live/0/shopee__item-card-standard-v2/0.2.8/pc/5dd7b4560d0e2d3190e8.svg,Surabaya,https://deo.shopeemobile.com/shopee/modules-federation/live/0/shopee__item-card-standard-v2/0.2.8/pc/7c9110f78e069acbced7.png,,https://deo.shopeemobile.com/shopee/modules-federation/live/0/shopee__item-card-standard-v2/0.2.8/pc/d7099d3fd1dfdaf705ab.svg,4.9,https://deo.shopeemobile.com/shopee/modules-federation/live/0/shopee__item-card-standard-v2/0.2.8/pc/0614b8f0a8fdde22942d.svg,< 2 Hari,,,"Scrape to BigSeller
[ONLINE EXCLUSIVE] vivo V60 Lite 4G (8/128) 50MP Sony Camera, 6500 mAh + 90W FlashCharge, Bypass Charging, AI Four-Seasons, SGS 5-Star Drop Resistance
Rp
4.699.000
4.9
1RB+ Terjual
< 2 Hari
Surabaya",https://shopee.co.id/-ONLINE-EXCLUSIVE-vivo-V60-Lite-4G-(8-128)-50MP-Sony-Camera-6500-mAh-90W-FlashCharge-Bypass-Charging-AI-Four-Seasons-SGS-5-Star-Drop-Resistance-i.30843261.42719918429?extraParams=%7B%22display_model_id%22%3A109566615404%2C%22model_selection_logic%22%3A3%7D&sp_atk=489ce451-9420-461b-89b1-1599eb171bd3&xptdk=489ce451-9420-461b-89b1-1599eb171bd3
https://down-id.img.susercontent.com/file/315999e36b2ac835679dc35c09e25224,https://down-id.img.susercontent.com/file/id-11134258-8224v-mkvw0cu9r7k1a5,sony Z5 big ram 3/32,Rp,850.000,https://deo.shopeemobile.com/shopee/modules-federation/live/0/shopee__item-card-standard-v2/0.2.8/pc/38e203dc86172a6c6560.svg,Besok,https://deo.shopeemobile.com/shopee/modules-federation/live/0/shopee__item-card-standard-v2/0.2.8/pc/5dd7b4560d0e2d3190e8.svg,Kab. Kendal,,,https://deo.shopeemobile.com/shopee/modules-federation/live/0/shopee__item-card-standard-v2/0.2.8/pc/0614b8f0a8fdde22942d.svg,,https://deo.shopeemobile.com/shopee/modules-federation/live/0/shopee__item-card-standard-v2/0.2.8/pc/0614b8f0a8fdde22942d.svg,Besok,,,"Scrape to BigSeller
sony Z5 big ram 3/32
Rp
850.000
Besok
Kab. Kendal",https://shopee.co.id/sony-Z5-big-ram-3-32-i.45410682.8415681837?extraParams=%7B%22display_model_id%22%3A33708900826%2C%22model_selection_logic%22%3A3%7D&sp_atk=eb9344d5-35de-4c31-aac4-c172adba32a8&xptdk=eb9344d5-35de-4c31-aac4-c172adba32a8
https://down-id.img.susercontent.com/file/fdeb9df66f5f20f159e9b3b82bb91af5,https://down-id.img.susercontent.com/file/id-11134258-8224v-mkvw0cu9r7k1a5,Sony Xperia X Compact 3GB-32GB Docomo Pressure Naik,Rp,985.000,https://deo.shopeemobile.com/shopee/modules-federation/live/0/shopee__item-card-standard-v2/0.2.8/pc/76dff349290d20891fc1.svg,3-6 Hari,https://deo.shopeemobile.com/shopee/modules-federation/live/0/shopee__item-card-standard-v2/0.2.8/pc/5dd7b4560d0e2d3190e8.svg,Kab. Lamongan,,,,,,,,,"Scrape to BigSeller
Sony Xperia X Compact 3GB-32GB Docomo Pressure Naik
Rp
985.000
3-6 Hari
Kab. Lamongan",https://shopee.co.id/Sony-Xperia-X-Compact-3GB-32GB-Docomo-Pressure-Naik-i.6013306.2508408607?extraParams=%7B%22display_model_id%22%3A72795156926%2C%22model_selection_logic%22%3A3%7D&sp_atk=79dfc4f3-1dca-454a-b1b1-f2b474158b73&xptdk=79dfc4f3-1dca-454a-b1b1-f2b474158b73
https://down-id.img.susercontent.com/file/sg-11134201-8261e-mkrs0vym6adgd7,https://down-id.img.susercontent.com/file/id-11134258-822wr-mlx67rtd6r602f,[NEW LAUNCH] Y05 (4/64) (4/128) - BNIB Garansi Resmi vivo Indonesia Y05 6.74 HD+ 120 Hz Baterai Besar 6500 mAh & Perlindungan SGS,Rp,1.861.000,https://deo.shopeemobile.com/shopee/modules-federation/live/0/shopee__item-card-standard-v2/0.2.8/pc/38e203dc86172a6c6560.svg,56 Terjual,https://deo.shopeemobile.com/shopee/modules-federation/live/0/shopee__item-card-standard-v2/0.2.8/pc/5dd7b4560d0e2d3190e8.svg,Surabaya,https://deo.shopeemobile.com/shopee/modules-federation/live/0/shopee__item-card-standard-v2/0.2.8/pc/e4734dab67ee2f9ebd5a.png,,https://deo.shopeemobile.com/shopee/modules-federation/live/0/shopee__item-card-standard-v2/0.2.8/pc/d7099d3fd1dfdaf705ab.svg,5.0,https://deo.shopeemobile.com/shopee/modules-federation/live/0/shopee__item-card-standard-v2/0.2.8/pc/0614b8f0a8fdde22942d.svg,3 jam,-2%,https://deo.shopeemobile.com/shopee/modules-federation/live/0/shopee__item-card-standard-v2/0.2.8/pc/b4d1b8a78b3621dbdf4a.svg,"Scrape to BigSeller
[NEW LAUNCH] Y05 (4/64) (4/128) - BNIB Garansi Resmi vivo Indonesia Y05 6.74 HD+ 120 Hz Baterai Besar 6500 mAh & Perlindungan SGS
Rp
1.861.000
-2%
5.0
56 Terjual
3 jam
Surabaya",https://shopee.co.id/-NEW-LAUNCH-Y05-(4-64)-(4-128)-BNIB-Garansi-Resmi-vivo-Indonesia-Y05-6.74-HD-120-Hz-Baterai-Besar-6500-mAh-Perlindungan-SGS-i.1326244242.45256252051?extraParams=%7B%22display_model_id%22%3A287410731424%2C%22model_selection_logic%22%3A3%7D&sp_atk=91a926e7-d534-4011-b4ad-7777ee632094&xptdk=91a926e7-d534-4011-b4ad-7777ee632094
https://down-id.img.susercontent.com/file/id-11134207-822wp-mne1vb1vycqs04,https://down-id.img.susercontent.com/file/id-11134258-822wr-mlx67rtd6r602f,"[BARU] OPPO Reno15 F 5G 8+128/256GB & 12+256GB [AI Portrait Glow 50MP Ultra Wide Selfie Camera, 7000mAh Large Battery 80W SUPERVOOC, 5-Year Fluency Authentication]",Rp,6.599.000,https://deo.shopeemobile.com/shopee/modules-federation/live/0/shopee__item-card-standard-v2/0.2.8/pc/76dff349290d20891fc1.svg,2RB+ Terjual,https://deo.shopeemobile.com/shopee/modules-federation/live/0/shopee__item-card-standard-v2/0.2.8/pc/5dd7b4560d0e2d3190e8.svg,Tangerang,https://deo.shopeemobile.com/shopee/modules-federation/live/0/shopee__item-card-standard-v2/0.2.8/pc/7c9110f78e069acbced7.png,Produk Baru,https://deo.shopeemobile.com/shopee/modules-federation/live/0/shopee__item-card-standard-v2/0.2.8/pc/d7099d3fd1dfdaf705ab.svg,5.0,,,,,"Scrape to BigSeller
[BARU] OPPO Reno15 F 5G 8+128/256GB & 12+256GB [AI Portrait Glow 50MP Ultra Wide Selfie Camera, 7000mAh Large Battery 80W SUPERVOOC, 5-Year Fluency Authentication]
Rp
6.599.000
Produk Baru
5.0
2RB+ Terjual
2-5 Hari
Tangerang",https://shopee.co.id/-BARU-OPPO-Reno15-F-5G-8-128-256GB-12-256GB-AI-Portrait-Glow-50MP-Ultra-Wide-Selfie-Camera-7000mAh-Large-Battery-80W-SUPERVOOC-5-Year-Fluency-Authentication--i.13140292.54103892625?extraParams=%7B%22display_model_id%22%3A196354363968%2C%22model_selection_logic%22%3A3%7D&sp_atk=a9e489c3-5531-40d5-a066-0229cb7f444f&xptdk=a9e489c3-5531-40d5-a066-0229cb7f444f
https://down-id.img.susercontent.com/file/a0b681116e33e7dc41b2dab7bee3dde1,https://down-id.img.susercontent.com/file/id-11134258-7r98w-lyezzaurybot13,Sony xperia xz1 4/64 all jaringan bosku,Rp,1.750.000,https://deo.shopeemobile.com/shopee/modules-federation/live/0/shopee__item-card-standard-v2/0.2.8/pc/38e203dc86172a6c6560.svg,6 Terjual,https://deo.shopeemobile.com/shopee/modules-federation/live/0/shopee__item-card-standard-v2/0.2.8/pc/5dd7b4560d0e2d3190e8.svg,Kab. Kediri,https://deo.shopeemobile.com/shopee/modules-federation/live/0/shopee__item-card-standard-v2/0.2.8/pc/a425c915798471b33e5d.png,,https://deo.shopeemobile.com/shopee/modules-federation/live/0/shopee__item-card-standard-v2/0.2.8/pc/d7099d3fd1dfdaf705ab.svg,4.8,https://deo.shopeemobile.com/shopee/modules-federation/live/0/shopee__item-card-standard-v2/0.2.8/pc/0614b8f0a8fdde22942d.svg,< 2 Hari,,,"Scrape to BigSeller
Sony xperia xz1 4/64 all jaringan bosku
Rp
1.750.000
4.8
6 Terjual
< 2 Hari
Kab. Kediri",https://shopee.co.id/Sony-xperia-xz1-4-64-all-jaringan-bosku-i.95583795.5640378716?extraParams=%7B%22display_model_id%22%3A60151327232%2C%22model_selection_logic%22%3A3%7D&sp_atk=5f686a56-58d0-4c7e-a9b2-d3985df58f59&xptdk=5f686a56-58d0-4c7e-a9b2-d3985df58f59
https://down-id.img.susercontent.com/file/id-11134207-7rasd-m5c3czehmqoo1f,https://down-id.img.susercontent.com/file/id-11134258-8224v-mkvw0cu9r7k1a5,SONY XPERIA 1 MARK II 8/128-256GB DUAL BEACKAI TERDAFTAR GOOD CONDITION,Rp,3.225.000,https://deo.shopeemobile.com/shopee/modules-federation/live/0/shopee__item-card-standard-v2/0.2.8/pc/38e203dc86172a6c6560.svg,9 Terjual,https://deo.shopeemobile.com/shopee/modules-federation/live/0/shopee__item-card-standard-v2/0.2.8/pc/5dd7b4560d0e2d3190e8.svg,Kab. Jepara,https://deo.shopeemobile.com/shopee/modules-federation/live/0/shopee__item-card-standard-v2/0.2.8/pc/e4734dab67ee2f9ebd5a.png,,https://deo.shopeemobile.com/shopee/modules-federation/live/0/shopee__item-card-standard-v2/0.2.8/pc/d7099d3fd1dfdaf705ab.svg,5.0,https://deo.shopeemobile.com/shopee/modules-federation/live/0/shopee__item-card-standard-v2/0.2.8/pc/0614b8f0a8fdde22942d.svg,Besok,,,"Scrape to BigSeller
SONY XPERIA 1 MARK II 8/128-256GB DUAL BEACKAI TERDAFTAR GOOD CONDITION
Rp
3.225.000
5.0
9 Terjual
Besok
Kab. Jepara",https://shopee.co.id/SONY-XPERIA-1-MARK-II-8-128-256GB-DUAL-BEACKAI-TERDAFTAR-GOOD-CONDITION-i.38916987.29021143161?extraParams=%7B%22display_model_id%22%3A139293239558%2C%22model_selection_logic%22%3A3%7D&sp_atk=c9da597b-f160-41aa-ad43-227a7b419fdf&xptdk=c9da597b-f160-41aa-ad43-227a7b419fdf
https://down-id.img.susercontent.com/file/id-11134201-7ra0q-mc1tr7oktcmr82,https://down-id.img.susercontent.com/file/id-11134258-7r98w-lyezzaurybot13,realme C71 4GB+8GB* |128GB (6300 Baterai | 45W Fast Charge | Military Grade Shock Resistance | NFC),Rp,1.899.000,https://deo.shopeemobile.com/shopee/modules-federation/live/0/shopee__item-card-standard-v2/0.2.8/pc/76dff349290d20891fc1.svg,10RB+ Terjual,https://deo.shopeemobile.com/shopee/modules-federation/live/0/shopee__item-card-standard-v2/0.2.8/pc/5dd7b4560d0e2d3190e8.svg,Jakarta Utara,https://deo.shopeemobile.com/shopee/modules-federation/live/0/shopee__item-card-standard-v2/0.2.8/pc/7c9110f78e069acbced7.png,,https://deo.shopeemobile.com/shopee/modules-federation/live/0/shopee__item-card-standard-v2/0.2.8/pc/d7099d3fd1dfdaf705ab.svg,4.9,,,,,"Scrape to BigSeller
realme C71 4GB+8GB* |128GB (6300 Baterai | 45W Fast Charge | Military Grade Shock Resistance | NFC)
Rp
1.899.000
4.9
10RB+ Terjual
2-3 Hari
Jakarta Utara",https://shopee.co.id/realme-C71-4GB-8GB*-128GB-(6300-Baterai-45W-Fast-Charge-Military-Grade-Shock-Resistance-NFC)-i.109598751.43453727326?extraParams=%7B%22display_model_id%22%3A227864201524%2C%22model_selection_logic%22%3A3%7D&sp_atk=8a0724bd-9c26-466e-b18d-2a49e7169498&xptdk=8a0724bd-9c26-466e-b18d-2a49e7169498
https://down-id.img.susercontent.com/file/id-11134207-82251-mkcmhxast1c86e,,Sony Xperia 1 Mark ii 8/128. wifi only,Rp,2.499.000,https://deo.shopeemobile.com/shopee/modules-federation/live/0/shopee__item-card-standard-v2/0.2.8/pc/76dff349290d20891fc1.svg,4-7 Hari,https://deo.shopeemobile.com/shopee/modules-federation/live/0/shopee__item-card-standard-v2/0.2.8/pc/5dd7b4560d0e2d3190e8.svg,Kab. Wonogiri,,,,,,,,,"Scrape to BigSeller
Sony Xperia 1 Mark ii 8/128. wifi only
Rp
2.499.000
4-7 Hari
Kab. Wonogiri",https://shopee.co.id/Sony-Xperia-1-Mark-ii-8-128.-wifi-only-i.331435669.40928604096?extraParams=%7B%22display_model_id%22%3A425530334177%2C%22model_selection_logic%22%3A3%7D&sp_atk=ea330f9b-94ed-42b3-8763-1fc688eecb21&xptdk=ea330f9b-94ed-42b3-8763-1fc688eecb21
https://down-id.img.susercontent.com/file/id-11134207-7rbk9-m9azu1oxmww2e7,https://down-id.img.susercontent.com/file/id-11134258-7r98w-lyezzaurybot13,"vivo V50 Lite 5G (8/256) Borderless Immersive Screen, Sony IMX882, 6500mAh Battery+90W Flashcharge, AI Erase 2.0, All-round Impact Resistance",Rp,4.099.000,https://deo.shopeemobile.com/shopee/modules-federation/live/0/shopee__item-card-standard-v2/0.2.8/pc/38e203dc86172a6c6560.svg,2RB+ Terjual,https://deo.shopeemobile.com/shopee/modules-federation/live/0/shopee__item-card-standard-v2/0.2.8/pc/5dd7b4560d0e2d3190e8.svg,Surabaya,https://deo.shopeemobile.com/shopee/modules-federation/live/0/shopee__item-card-standard-v2/0.2.8/pc/7c9110f78e069acbced7.png,,https://deo.shopeemobile.com/shopee/modules-federation/live/0/shopee__item-card-standard-v2/0.2.8/pc/d7099d3fd1dfdaf705ab.svg,4.9,https://deo.shopeemobile.com/shopee/modules-federation/live/0/shopee__item-card-standard-v2/0.2.8/pc/0614b8f0a8fdde22942d.svg,< 2 Hari,-11%,,"Scrape to BigSeller
vivo V50 Lite 5G (8/256) Borderless Immersive Screen, Sony IMX882, 6500mAh Battery+90W Flashcharge, AI Erase 2.0, All-round Impact Resistance
Rp
4.099.000
-11%
4.9
2RB+ Terjual
< 2 Hari
Surabaya",https://shopee.co.id/vivo-V50-Lite-5G-(8-256)-Borderless-Immersive-Screen-Sony-IMX882-6500mAh-Battery-90W-Flashcharge-AI-Erase-2.0-All-round-Impact-Resistance-i.30843261.27680415070?extraParams=%7B%22display_model_id%22%3A223977551351%2C%22model_selection_logic%22%3A3%7D&sp_atk=0a1a8574-52ae-410e-935c-f23506b7bead&xptdk=0a1a8574-52ae-410e-935c-f23506b7bead
https://down-id.img.susercontent.com/file/id-11134207-7r98o-ll1zzkb4iw681a,https://down-id.img.susercontent.com/file/id-11134258-822wr-mlx67rtd6r602f,"Sony xz1 ram 4,sony xz kamera jernih",Rp,699.000,https://deo.shopeemobile.com/shopee/modules-federation/live/0/shopee__item-card-standard-v2/0.2.8/pc/76dff349290d20891fc1.svg,13 Terjual,https://deo.shopeemobile.com/shopee/modules-federation/live/0/shopee__item-card-standard-v2/0.2.8/pc/5dd7b4560d0e2d3190e8.svg,Kab. Trenggalek,,,https://deo.shopeemobile.com/shopee/modules-federation/live/0/shopee__item-card-standard-v2/0.2.8/pc/d7099d3fd1dfdaf705ab.svg,4.9,,,,,"Scrape to BigSeller
Sony xz1 ram 4,sony xz kamera jernih
Rp
699.000
4.9
13 Terjual
2-5 Hari
Kab. Trenggalek",https://shopee.co.id/Sony-xz1-ram-4-sony-xz-kamera-jernih-i.739601592.19451589916?extraParams=%7B%22display_model_id%22%3A221361569515%2C%22model_selection_logic%22%3A3%7D&sp_atk=9025cc59-6401-44cb-a258-c85f335d96e6&xptdk=9025cc59-6401-44cb-a258-c85f335d96e6
https://down-id.img.susercontent.com/file/id-11134207-822wt-mmsivoxpfc3kf3,https://down-id.img.susercontent.com/file/id-11134258-822wr-mlx67rtd6r602f,OPPO Reno13 F 5G 12GB+256GB & 8GB+256GB,Rp,4.799.000,https://deo.shopeemobile.com/shopee/modules-federation/live/0/shopee__item-card-standard-v2/0.2.8/pc/76dff349290d20891fc1.svg,4RB+ Terjual,https://deo.shopeemobile.com/shopee/modules-federation/live/0/shopee__item-card-standard-v2/0.2.8/pc/5dd7b4560d0e2d3190e8.svg,Tangerang,https://deo.shopeemobile.com/shopee/modules-federation/live/0/shopee__item-card-standard-v2/0.2.8/pc/7c9110f78e069acbced7.png,,https://deo.shopeemobile.com/shopee/modules-federation/live/0/shopee__item-card-standard-v2/0.2.8/pc/d7099d3fd1dfdaf705ab.svg,4.9,,,-20%,,"Scrape to BigSeller
OPPO Reno13 F 5G 12GB+256GB & 8GB+256GB
Rp
4.799.000
-20%
4.9
4RB+ Terjual
2-5 Hari
Tangerang",https://shopee.co.id/OPPO-Reno13-F-5G-12GB-256GB-8GB-256GB-i.13140292.28671406020?extraParams=%7B%22display_model_id%22%3A365745350315%2C%22model_selection_logic%22%3A3%7D&sp_atk=f04a97d0-3d06-489d-ab32-0aaa0c5f5721&xptdk=f04a97d0-3d06-489d-ab32-0aaa0c5f5721
https://down-id.img.susercontent.com/file/1d59b4417f5941e12d4809b66a186523,,Sony Xperia Z3 Plus Compact - DOCOMO - Z4 - Jakarta GOJEK,Rp,600.000,https://deo.shopeemobile.com/shopee/modules-federation/live/0/shopee__item-card-standard-v2/0.2.8/pc/76dff349290d20891fc1.svg,4-7 Hari,https://deo.shopeemobile.com/shopee/modules-federation/live/0/shopee__item-card-standard-v2/0.2.8/pc/5dd7b4560d0e2d3190e8.svg,Jakarta Pusat,,,,,,,,,"Scrape to BigSeller
Sony Xperia Z3 Plus Compact - DOCOMO - Z4 - Jakarta GOJEK
Rp
600.000
4-7 Hari
Jakarta Pusat",https://shopee.co.id/Sony-Xperia-Z3-Plus-Compact-DOCOMO-Z4-Jakarta-GOJEK-i.90059973.2471102378?extraParams=%7B%22display_model_id%22%3A52585376992%2C%22model_selection_logic%22%3A3%7D&sp_atk=5864d085-f5e5-4700-aadb-97bf5f144ea7&xptdk=5864d085-f5e5-4700-aadb-97bf5f144ea7
https://down-id.img.susercontent.com/file/fe486f3331847a824b1af9c3e8ea1880,,Sony Z5 compact docomo,Rp,869.000,https://deo.shopeemobile.com/shopee/modules-federation/live/0/shopee__item-card-standard-v2/0.2.8/pc/38e203dc86172a6c6560.svg,1 Terjual,https://deo.shopeemobile.com/shopee/modules-federation/live/0/shopee__item-card-standard-v2/0.2.8/pc/5dd7b4560d0e2d3190e8.svg,Surabaya,,Cicilan,https://deo.shopeemobile.com/shopee/modules-federation/live/0/shopee__item-card-standard-v2/0.2.8/pc/d7099d3fd1dfdaf705ab.svg,5.0,https://deo.shopeemobile.com/shopee/modules-federation/live/0/shopee__item-card-standard-v2/0.2.8/pc/0614b8f0a8fdde22942d.svg,< 2 Hari,,,"Scrape to BigSeller
Sony Z5 compact docomo
Rp
869.000
Cicilan
5.0
1 Terjual
< 2 Hari
Surabaya",https://shopee.co.id/Sony-Z5-compact-docomo-i.4633000.13926750007?extraParams=%7B%22display_model_id%22%3A184298295607%2C%22model_selection_logic%22%3A3%7D&sp_atk=d5455325-2049-4a0e-a429-7ca6fb80a106&xptdk=d5455325-2049-4a0e-a429-7ca6fb80a106
https://down-id.img.susercontent.com/file/6a702be5fce4a857f1ed8adfee8e10ef,https://down-id.img.susercontent.com/file/id-11134258-7r98w-lyezzaurybot13,SONY XZ2 PREMIUM RAM 6GB INTERNAL 64GB,Rp,1.900.000,https://deo.shopeemobile.com/shopee/modules-federation/live/0/shopee__item-card-standard-v2/0.2.8/pc/38e203dc86172a6c6560.svg,4 Terjual,https://deo.shopeemobile.com/shopee/modules-federation/live/0/shopee__item-card-standard-v2/0.2.8/pc/5dd7b4560d0e2d3190e8.svg,Kab. Kediri,https://deo.shopeemobile.com/shopee/modules-federation/live/0/shopee__item-card-standard-v2/0.2.8/pc/a425c915798471b33e5d.png,Cicilan,https://deo.shopeemobile.com/shopee/modules-federation/live/0/shopee__item-card-standard-v2/0.2.8/pc/d7099d3fd1dfdaf705ab.svg,5.0,https://deo.shopeemobile.com/shopee/modules-federation/live/0/shopee__item-card-standard-v2/0.2.8/pc/0614b8f0a8fdde22942d.svg,< 2 Hari,,,"Scrape to BigSeller
SONY XZ2 PREMIUM RAM 6GB INTERNAL 64GB
Rp
1.900.000
Cicilan
5.0
4 Terjual
< 2 Hari
Kab. Kediri",https://shopee.co.id/SONY-XZ2-PREMIUM-RAM-6GB-INTERNAL-64GB-i.95583795.9617359583?extraParams=%7B%22display_model_id%22%3A33773774842%2C%22model_selection_logic%22%3A3%7D&sp_atk=4576ae74-d22b-4c9b-98f8-f1c94799ecb6&xptdk=4576ae74-d22b-4c9b-98f8-f1c94799ecb6
https://down-id.img.susercontent.com/file/00710c0824b496e222135953fe13f5bf,https://down-id.img.susercontent.com/file/id-11134258-8224v-mkvw0cu9r7k1a5,Sony Xpria XZ2 4/64,Rp,1.700.000,https://deo.shopeemobile.com/shopee/modules-federation/live/0/shopee__item-card-standard-v2/0.2.8/pc/76dff349290d20891fc1.svg,1 Terjual,https://deo.shopeemobile.com/shopee/modules-federation/live/0/shopee__item-card-standard-v2/0.2.8/pc/5dd7b4560d0e2d3190e8.svg,Kab. Kendal,,,https://deo.shopeemobile.com/shopee/modules-federation/live/0/shopee__item-card-standard-v2/0.2.8/pc/d7099d3fd1dfdaf705ab.svg,5.0,,,,,"Scrape to BigSeller
Sony Xpria XZ2 4/64
Rp
1.700.000
5.0
1 Terjual
3-7 Hari
Kab. Kendal",https://shopee.co.id/Sony-Xpria-XZ2-4-64-i.45410682.792584323?extraParams=%7B%22display_model_id%22%3A71162143625%2C%22model_selection_logic%22%3A3%7D&sp_atk=030f984f-9386-49c3-8145-342d3dedd8f6&xptdk=030f984f-9386-49c3-8145-342d3dedd8f6
https://down-id.img.susercontent.com/file/id-11134207-7qul2-lg6ln930rs6t6a,,Sony Ericsson K700 K700i Silver,Rp,350.000,https://deo.shopeemobile.com/shopee/modules-federation/live/0/shopee__item-card-standard-v2/0.2.8/pc/76dff349290d20891fc1.svg,2-4 Hari,https://deo.shopeemobile.com/shopee/modules-federation/live/0/shopee__item-card-standard-v2/0.2.8/pc/5dd7b4560d0e2d3190e8.svg,Jakarta Barat,https://deo.shopeemobile.com/shopee/modules-federation/live/0/shopee__item-card-standard-v2/0.2.8/pc/e4734dab67ee2f9ebd5a.png,,,,,,,,"Scrape to BigSeller
Sony Ericsson K700 K700i Silver
Rp
350.000
2-4 Hari
Jakarta Barat",https://shopee.co.id/Sony-Ericsson-K700-K700i-Silver-i.137197207.15831076047?extraParams=%7B%22display_model_id%22%3A123423534322%2C%22model_selection_logic%22%3A3%7D&sp_atk=6e20531c-5dd2-4cf6-9f7c-e5a7d2c0b5b2&xptdk=6e20531c-5dd2-4cf6-9f7c-e5a7d2c0b5b2
https://down-id.img.susercontent.com/file/caddd13282613167d6b792316e6de697,,sony xperia x compact,Rp,650.000,https://deo.shopeemobile.com/shopee/modules-federation/live/0/shopee__item-card-standard-v2/0.2.8/pc/76dff349290d20891fc1.svg,4-8 Hari,https://deo.shopeemobile.com/shopee/modules-federation/live/0/shopee__item-card-standard-v2/0.2.8/pc/5dd7b4560d0e2d3190e8.svg,Kab. Kuningan,,,,,,,,,"Scrape to BigSeller
sony xperia x compact
Rp
650.000
4-8 Hari
Kab. Kuningan",https://shopee.co.id/sony-xperia-x-compact-i.321207560.15129885472?extraParams=%7B%22display_model_id%22%3A86451125163%2C%22model_selection_logic%22%3A3%7D&sp_atk=07c427ef-12d6-4f1c-9702-091f706f06be&xptdk=07c427ef-12d6-4f1c-9702-091f706f06be
https://down-id.img.susercontent.com/file/id-11134207-7rbk6-mahy0uea19ztc6,https://down-id.img.susercontent.com/file/id-11134258-8224v-mkvw0cu9r7k1a5,Sony Xperia 1 VII 5G 12+256GB Global ROM Snapdragon 8 Elite,Rp,24.999.000,https://deo.shopeemobile.com/shopee/modules-federation/live/0/shopee__item-card-standard-v2/0.2.8/pc/76dff349290d20891fc1.svg,4 Terjual,https://deo.shopeemobile.com/shopee/modules-federation/live/0/shopee__item-card-standard-v2/0.2.8/pc/5dd7b4560d0e2d3190e8.svg,Jakarta Barat,,,https://deo.shopeemobile.com/shopee/modules-federation/live/0/shopee__item-card-standard-v2/0.2.8/pc/d7099d3fd1dfdaf705ab.svg,5.0,,,,,"Scrape to BigSeller
Sony Xperia 1 VII 5G 12+256GB Global ROM Snapdragon 8 Elite
Rp
24.999.000
5.0
4 Terjual
10 Hari
Jakarta Barat",https://shopee.co.id/Sony-Xperia-1-VII-5G-12-256GB-Global-ROM-Snapdragon-8-Elite-i.41695198.41502947154?extraParams=%7B%22display_model_id%22%3A196103314144%2C%22model_selection_logic%22%3A3%7D&sp_atk=5cf67b6d-d85b-4da2-9358-995df15a0b46&xptdk=5cf67b6d-d85b-4da2-9358-995df15a0b46
https://down-id.img.susercontent.com/file/id-11134207-7rbk8-m7p7gnzzv34y8b,https://down-id.img.susercontent.com/file/id-11134258-7r98w-lyezzaurybot13,Sony Xperia XZ1 Dual SIM GLOBAL,Rp,3.195.000,https://deo.shopeemobile.com/shopee/modules-federation/live/0/shopee__item-card-standard-v2/0.2.8/pc/76dff349290d20891fc1.svg,4-7 Hari,https://deo.shopeemobile.com/shopee/modules-federation/live/0/shopee__item-card-standard-v2/0.2.8/pc/5dd7b4560d0e2d3190e8.svg,Jakarta Barat,,,,,,,-10%,,"Scrape to BigSeller
Sony Xperia XZ1 Dual SIM GLOBAL
Rp
3.195.000
-10%
4-7 Hari
Jakarta Barat",https://shopee.co.id/Sony-Xperia-XZ1-Dual-SIM-GLOBAL-i.13180932.29317526226?extraParams=%7B%22display_model_id%22%3A257023051358%2C%22model_selection_logic%22%3A3%7D&sp_atk=55553c97-1082-484a-ba2f-ec04f28d8a15&xptdk=55553c97-1082-484a-ba2f-ec04f28d8a15
https://down-id.img.susercontent.com/file/id-11134207-822wo-mmfklweejoci6e,https://down-id.img.susercontent.com/file/id-11134258-7r98w-lyezzaurybot13,"[ONLINE EXCLUSIVE] vivo V50 5G (8/256) Rounded-edge Design, ZEISS Group Potrait, 6000mAh Battery+90W Flashcharge, IP68+IP69, vivo AI  Color: Harmony Red, Solid Black",Rp,5.499.000,https://deo.shopeemobile.com/shopee/modules-federation/live/0/shopee__item-card-standard-v2/0.2.8/pc/38e203dc86172a6c6560.svg,2RB+ Terjual,https://deo.shopeemobile.com/shopee/modules-federation/live/0/shopee__item-card-standard-v2/0.2.8/pc/5dd7b4560d0e2d3190e8.svg,Surabaya,https://deo.shopeemobile.com/shopee/modules-federation/live/0/shopee__item-card-standard-v2/0.2.8/pc/7c9110f78e069acbced7.png,,https://deo.shopeemobile.com/shopee/modules-federation/live/0/shopee__item-card-standard-v2/0.2.8/pc/d7099d3fd1dfdaf705ab.svg,4.9,https://deo.shopeemobile.com/shopee/modules-federation/live/0/shopee__item-card-standard-v2/0.2.8/pc/0614b8f0a8fdde22942d.svg,< 2 Hari,-15%,,"Scrape to BigSeller
[ONLINE EXCLUSIVE] vivo V50 5G (8/256) Rounded-edge Design, ZEISS Group Potrait, 6000mAh Battery+90W Flashcharge, IP68+IP69, vivo AI Color: Harmony Red, Solid Black
Rp
5.499.000
-15%
4.9
2RB+ Terjual
< 2 Hari
Surabaya",https://shopee.co.id/-ONLINE-EXCLUSIVE-vivo-V50-5G-(8-256)-Rounded-edge-Design-ZEISS-Group-Potrait-6000mAh-Battery-90W-Flashcharge-IP68-IP69-vivo-AI-Color-Harmony-Red-Solid-Black-i.30843261.27977577260?extraParams=%7B%22display_model_id%22%3A185823114743%2C%22model_selection_logic%22%3A3%7D&sp_atk=af47e775-e349-4c9d-bafc-0daa4faf8c8c&xptdk=af47e775-e349-4c9d-bafc-0daa4faf8c8c
https://down-id.img.susercontent.com/file/643f5c2862b3a93980eba113df992521,,Sony xperia x performance Rom docomo single sim 32gb Rom 4gb ram original,Rp,950.000,https://deo.shopeemobile.com/shopee/modules-federation/live/0/shopee__item-card-standard-v2/0.2.8/pc/38e203dc86172a6c6560.svg,4 Terjual,https://deo.shopeemobile.com/shopee/modules-federation/live/0/shopee__item-card-standard-v2/0.2.8/pc/5dd7b4560d0e2d3190e8.svg,Kab. Kulon Progo,,Cicilan,https://deo.shopeemobile.com/shopee/modules-federation/live/0/shopee__item-card-standard-v2/0.2.8/pc/d7099d3fd1dfdaf705ab.svg,4.3,https://deo.shopeemobile.com/shopee/modules-federation/live/0/shopee__item-card-standard-v2/0.2.8/pc/0614b8f0a8fdde22942d.svg,Besok,,,"Scrape to BigSeller
Sony xperia x performance Rom docomo single sim 32gb Rom 4gb ram original
Rp
950.000
Cicilan
4.3
4 Terjual
Besok
Kab. Kulon Progo",https://shopee.co.id/Sony-xperia-x-performance-Rom-docomo-single-sim-32gb-Rom-4gb-ram-original-i.34341683.7308456729?extraParams=%7B%22display_model_id%22%3A72256016059%2C%22model_selection_logic%22%3A3%7D&sp_atk=a4e5f544-00a4-4c94-9ca7-e525ef0a5c56&xptdk=a4e5f544-00a4-4c94-9ca7-e525ef0a5c56
https://down-id.img.susercontent.com/file/id-11134207-822wt-mldql7tx48awce,https://down-id.img.susercontent.com/file/id-11134258-7r98w-lyezzaurybot13,Sony Xperia 1 IV 12/256 Black Global,Rp,7.250.000,https://deo.shopeemobile.com/shopee/modules-federation/live/0/shopee__item-card-standard-v2/0.2.8/pc/38e203dc86172a6c6560.svg,Besok,https://deo.shopeemobile.com/shopee/modules-federation/live/0/shopee__item-card-standard-v2/0.2.8/pc/5dd7b4560d0e2d3190e8.svg,Kab. Bekasi,,,https://deo.shopeemobile.com/shopee/modules-federation/live/0/shopee__item-card-standard-v2/0.2.8/pc/0614b8f0a8fdde22942d.svg,,https://deo.shopeemobile.com/shopee/modules-federation/live/0/shopee__item-card-standard-v2/0.2.8/pc/0614b8f0a8fdde22942d.svg,Besok,,,"Scrape to BigSeller
Sony Xperia 1 IV 12/256 Black Global
Rp
7.250.000
Besok
Kab. Bekasi",https://shopee.co.id/Sony-Xperia-1-IV-12-256-Black-Global-i.12326942.57456701970?extraParams=%7B%22display_model_id%22%3A320602119075%2C%22model_selection_logic%22%3A3%7D&sp_atk=802f6b02-48f6-4615-92f9-21e31e994e7c&xptdk=802f6b02-48f6-4615-92f9-21e31e994e7c
https://down-id.img.susercontent.com/file/id-11134207-7r98o-lvrrxr17l3jt86,https://down-id.img.susercontent.com/file/id-11134258-822wr-mlx67rtd6r602f,"sony xperia 1ii mark dua,sony xperia 5 ii ram 8 flagship",Rp,2.999.000,https://deo.shopeemobile.com/shopee/modules-federation/live/0/shopee__item-card-standard-v2/0.2.8/pc/76dff349290d20891fc1.svg,9 Terjual,https://deo.shopeemobile.com/shopee/modules-federation/live/0/shopee__item-card-standard-v2/0.2.8/pc/5dd7b4560d0e2d3190e8.svg,Kab. Trenggalek,,Cicilan,https://deo.shopeemobile.com/shopee/modules-federation/live/0/shopee__item-card-standard-v2/0.2.8/pc/d7099d3fd1dfdaf705ab.svg,4.0,,,,,"Scrape to BigSeller
sony xperia 1ii mark dua,sony xperia 5 ii ram 8 flagship
Rp
2.999.000
Cicilan
4.0
9 Terjual
4-7 Hari
Kab. Trenggalek",https://shopee.co.id/sony-xperia-1ii-mark-dua-sony-xperia-5-ii-ram-8-flagship-i.739601592.17850407817?extraParams=%7B%22display_model_id%22%3A166100455955%2C%22model_selection_logic%22%3A3%7D&sp_atk=112ed5b2-4bd2-405b-9e4c-9d421d352d96&xptdk=112ed5b2-4bd2-405b-9e4c-9d421d352d96
https://down-id.img.susercontent.com/file/id-11134207-822wm-mmzhfaece77naa,https://down-id.img.susercontent.com/file/id-11134258-7r98w-lyezzaurybot13,"[NEW LAUNCH] vivo V70 5G (12/256) 10x Telephoto Zoom, AI Stage Mode, 4K 60 fps Video Recording, AI Travel Portrait, OriginOS 6.0",Rp,8.999.000,https://deo.shopeemobile.com/shopee/modules-federation/live/0/shopee__item-card-standard-v2/0.2.8/pc/38e203dc86172a6c6560.svg,212 Terjual,https://deo.shopeemobile.com/shopee/modules-federation/live/0/shopee__item-card-standard-v2/0.2.8/pc/5dd7b4560d0e2d3190e8.svg,Surabaya,https://deo.shopeemobile.com/shopee/modules-federation/live/0/shopee__item-card-standard-v2/0.2.8/pc/7c9110f78e069acbced7.png,,https://deo.shopeemobile.com/shopee/modules-federation/live/0/shopee__item-card-standard-v2/0.2.8/pc/d7099d3fd1dfdaf705ab.svg,5.0,https://deo.shopeemobile.com/shopee/modules-federation/live/0/shopee__item-card-standard-v2/0.2.8/pc/0614b8f0a8fdde22942d.svg,< 2 Hari,,,"Scrape to BigSeller
[NEW LAUNCH] vivo V70 5G (12/256) 10x Telephoto Zoom, AI Stage Mode, 4K 60 fps Video Recording, AI Travel Portrait, OriginOS 6.0
Rp
8.999.000
5.0
212 Terjual
< 2 Hari
Surabaya",https://shopee.co.id/-NEW-LAUNCH-vivo-V70-5G-(12-256)-10x-Telephoto-Zoom-AI-Stage-Mode-4K-60-fps-Video-Recording-AI-Travel-Portrait-OriginOS-6.0-i.30843261.48956052568?extraParams=%7B%22display_model_id%22%3A440549618028%2C%22model_selection_logic%22%3A3%7D&sp_atk=25e6ff11-1a27-4aad-b2cc-b8518814cbbf&xptdk=25e6ff11-1a27-4aad-b2cc-b8518814cbbf
https://down-id.img.susercontent.com/file/12599b900acbd0c36ee7b00a97481373,,sony Z big 5,Rp,750.000,https://deo.shopeemobile.com/shopee/modules-federation/live/0/shopee__item-card-standard-v2/0.2.8/pc/76dff349290d20891fc1.svg,4-7 Hari,https://deo.shopeemobile.com/shopee/modules-federation/live/0/shopee__item-card-standard-v2/0.2.8/pc/5dd7b4560d0e2d3190e8.svg,Bogor,,,,,,,,,"Scrape to BigSeller
sony Z big 5
Rp
750.000
4-7 Hari
Bogor",https://shopee.co.id/sony-Z-big-5-i.608195120.12474626616?extraParams=%7B%22display_model_id%22%3A134031985450%2C%22model_selection_logic%22%3A3%7D&sp_atk=ecc0000d-6360-4a54-a29a-c35e45bc9c1a&xptdk=ecc0000d-6360-4a54-a29a-c35e45bc9c1a
https://down-id.img.susercontent.com/file/id-11134207-7r98y-lvww4k0s1mekf1,https://down-id.img.susercontent.com/file/id-11134258-7r98w-lyezzaurybot13,Sony Xperia 5 ii Dual Sim,Rp,2.475.000,https://deo.shopeemobile.com/shopee/modules-federation/live/0/shopee__item-card-standard-v2/0.2.8/pc/76dff349290d20891fc1.svg,4-7 Hari,https://deo.shopeemobile.com/shopee/modules-federation/live/0/shopee__item-card-standard-v2/0.2.8/pc/5dd7b4560d0e2d3190e8.svg,Jakarta Barat,,,,,,,-10%,,"Scrape to BigSeller
Sony Xperia 5 ii Dual Sim
Rp
2.475.000
-10%
4-7 Hari
Jakarta Barat",https://shopee.co.id/Sony-Xperia-5-ii-Dual-Sim-i.13180932.27801357279?extraParams=%7B%22display_model_id%22%3A109176329537%2C%22model_selection_logic%22%3A3%7D&sp_atk=c25fd3a9-7b32-4386-9157-25cbec2654c2&xptdk=c25fd3a9-7b32-4386-9157-25cbec2654c2
https://down-id.img.susercontent.com/file/id-11134207-7r98x-lpyq5iiljipr10,https://down-id.img.susercontent.com/file/id-11134258-8224v-mkvw0cu9r7k1a5,Sony Xperia XZ / Xzs / Xz1 / X Compact ( Sinyal Aman  ),Rp,2.000.000,https://deo.shopeemobile.com/shopee/modules-federation/live/0/shopee__item-card-standard-v2/0.2.8/pc/76dff349290d20891fc1.svg,2 Terjual,https://deo.shopeemobile.com/shopee/modules-federation/live/0/shopee__item-card-standard-v2/0.2.8/pc/5dd7b4560d0e2d3190e8.svg,Kab. Tangerang,,,,,,,,,"Scrape to BigSeller
Sony Xperia XZ / Xzs / Xz1 / X Compact ( Sinyal Aman )
Rp
2.000.000
2 Terjual
4-7 Hari
Kab. Tangerang",https://shopee.co.id/Sony-Xperia-XZ-Xzs-Xz1-X-Compact-(-Sinyal-Aman-)-i.166783289.25504094211?extraParams=%7B%22display_model_id%22%3A236012216784%2C%22model_selection_logic%22%3A3%7D&sp_atk=01d13f9a-f360-432c-8a64-e65394c4f8b4&xptdk=01d13f9a-f360-432c-8a64-e65394c4f8b4
https://down-id.img.susercontent.com/file/id-11134207-8224z-mjt8suucu1oh49,https://down-id.img.susercontent.com/file/id-11134258-7r98w-lyezzaurybot13,SONY XPERIA 1 II fulset,Rp,2.800.000,https://deo.shopeemobile.com/shopee/modules-federation/live/0/shopee__item-card-standard-v2/0.2.8/pc/76dff349290d20891fc1.svg,2 Terjual,https://deo.shopeemobile.com/shopee/modules-federation/live/0/shopee__item-card-standard-v2/0.2.8/pc/5dd7b4560d0e2d3190e8.svg,Kab. Bojonegoro,,,https://deo.shopeemobile.com/shopee/modules-federation/live/0/shopee__item-card-standard-v2/0.2.8/pc/d7099d3fd1dfdaf705ab.svg,5.0,,,,,"Scrape to BigSeller
SONY XPERIA 1 II fulset
Rp
2.800.000
5.0
2 Terjual
3-6 Hari
Kab. Bojonegoro",https://shopee.co.id/SONY-XPERIA-1-II-fulset-i.124336305.45001517154?extraParams=%7B%22display_model_id%22%3A365137608413%2C%22model_selection_logic%22%3A3%7D&sp_atk=9ea5948a-1d76-4a45-8558-02d0c85612db&xptdk=9ea5948a-1d76-4a45-8558-02d0c85612db