-image-yazkc-11,-image-yazkc-11_2,text-sm,text-xs/sp14,font-medium,img,text-xs/sp14_2,text-xs,pointer-events-none,text-shopee-green,pointer-events-none_2,align-middle,inline-block,text-shopee-primary,pointer-events-none_3,w-auto,text-white,truncate,_container,_container_link
https://down-id.img.susercontent.com/file/98d316e3fa3d366b19f38e07638191d6,https://down-id.img.susercontent.com/file/id-11134258-822wr-mlx5y0tebegw04,ZTE V1f609,Rp,90.000,https://deo.shopeemobile.com/shopee/modules-federation/live/0/shopee__item-card-standard-v2/0.2.8/pc/d7099d3fd1dfdaf705ab.svg,5.0,9 Terjual,https://deo.shopeemobile.com/shopee/modules-federation/live/0/shopee__item-card-standard-v2/0.2.8/pc/76dff349290d20891fc1.svg,2-5 Hari,https://deo.shopeemobile.com/shopee/modules-federation/live/0/shopee__item-card-standard-v2/0.2.8/pc/5dd7b4560d0e2d3190e8.svg,Kab. Banyuwangi,,,,,,,"Scrape to BigSeller
ZTE V1f609
Rp
90.000
5.0
9 Terjual
2-5 Hari
Kab. Banyuwangi",https://shopee.co.id/ZTE-V1f609-i.215395823.12135879587?extraParams=%7B%22display_model_id%22%3A157332740710%2C%22model_selection_logic%22%3A3%7D&sp_atk=0ba867c4-ce07-4f0b-ba19-ba69125b73d2&xptdk=0ba867c4-ce07-4f0b-ba19-ba69125b73d2
https://down-id.img.susercontent.com/file/sg-11134201-7rdvz-mbros5fi6qh966,https://down-id.img.susercontent.com/file/id-11134258-8224v-mkvw0cu9r7k1a5,Zte Nubia Neo 3 GT 5G 8/256GB | Amoled 6.8inch | Unisoc T9100 | 6000mAh | Garansi Resmi,Rp,3.178.500,https://deo.shopeemobile.com/shopee/modules-federation/live/0/shopee__item-card-standard-v2/0.2.8/pc/d7099d3fd1dfdaf705ab.svg,5.0,36 Terjual,https://deo.shopeemobile.com/shopee/modules-federation/live/0/shopee__item-card-standard-v2/0.2.8/pc/38e203dc86172a6c6560.svg,,https://deo.shopeemobile.com/shopee/modules-federation/live/0/shopee__item-card-standard-v2/0.2.8/pc/5dd7b4560d0e2d3190e8.svg,Jakarta Barat,https://deo.shopeemobile.com/shopee/modules-federation/live/0/shopee__item-card-standard-v2/0.2.8/pc/e4734dab67ee2f9ebd5a.png,-21%,https://deo.shopeemobile.com/shopee/modules-federation/live/0/shopee__item-card-standard-v2/0.2.8/pc/b4d1b8a78b3621dbdf4a.svg,https://deo.shopeemobile.com/shopee/modules-federation/live/0/shopee__item-card-standard-v2/0.2.8/pc/0614b8f0a8fdde22942d.svg,Besok,,"Scrape to BigSeller
Zte Nubia Neo 3 GT 5G 8/256GB | Amoled 6.8inch | Unisoc T9100 | 6000mAh | Garansi Resmi
Rp
3.178.500
-21%
5.0
36 Terjual
Besok
Jakarta Barat",https://shopee.co.id/Zte-Nubia-Neo-3-GT-5G-8-256GB-Amoled-6.8inch-Unisoc-T9100-6000mAh-Garansi-Resmi-i.59822858.41957281391?extraParams=%7B%22display_model_id%22%3A285616084158%2C%22model_selection_logic%22%3A3%7D&sp_atk=76beb804-3191-4494-a0d8-e155104559ef&xptdk=76beb804-3191-4494-a0d8-e155104559ef
https://down-id.img.susercontent.com/file/id-11134207-8224p-mjz136gb6nlv11,https://down-id.img.susercontent.com/file/id-11134258-8224v-mkvw0cu9r7k1a5,ZTE A36 4GB 64GB BLACK / GREEN,Rp,1.579.000,https://deo.shopeemobile.com/shopee/modules-federation/live/0/shopee__item-card-standard-v2/0.2.8/pc/d7099d3fd1dfdaf705ab.svg,5.0,9 Terjual,https://deo.shopeemobile.com/shopee/modules-federation/live/0/shopee__item-card-standard-v2/0.2.8/pc/38e203dc86172a6c6560.svg,,https://deo.shopeemobile.com/shopee/modules-federation/live/0/shopee__item-card-standard-v2/0.2.8/pc/5dd7b4560d0e2d3190e8.svg,Jakarta Utara,https://deo.shopeemobile.com/shopee/modules-federation/live/0/shopee__item-card-standard-v2/0.2.8/pc/7c9110f78e069acbced7.png,-21%,,https://deo.shopeemobile.com/shopee/modules-federation/live/0/shopee__item-card-standard-v2/0.2.8/pc/0614b8f0a8fdde22942d.svg,Besok,,"Scrape to BigSeller
ZTE A36 4GB 64GB BLACK / GREEN
Rp
1.579.000
-21%
5.0
9 Terjual
Besok
Jakarta Utara",https://shopee.co.id/ZTE-A36-4GB-64GB-BLACK-GREEN-i.383392952.44357405577?extraParams=%7B%22display_model_id%22%3A320744905047%2C%22model_selection_logic%22%3A3%7D&sp_atk=1c06b433-cab1-4ec3-af7c-3503aa481fc4&xptdk=1c06b433-cab1-4ec3-af7c-3503aa481fc4
https://down-id.img.susercontent.com/file/sg-11134201-7ra2z-mbc2n4u5kkqr90,https://down-id.img.susercontent.com/file/id-11134258-8224v-mkvw0cu9r7k1a5,ZTE Neo 3 5G RAM 20 GB (8 + 12 GB) ROM 256GB  - Garansi Resmi,Rp,2.799.000,https://deo.shopeemobile.com/shopee/modules-federation/live/0/shopee__item-card-standard-v2/0.2.8/pc/d7099d3fd1dfdaf705ab.svg,5.0,10 Terjual,https://deo.shopeemobile.com/shopee/modules-federation/live/0/shopee__item-card-standard-v2/0.2.8/pc/76dff349290d20891fc1.svg,3-5 Hari,https://deo.shopeemobile.com/shopee/modules-federation/live/0/shopee__item-card-standard-v2/0.2.8/pc/5dd7b4560d0e2d3190e8.svg,Banjarmasin,https://deo.shopeemobile.com/shopee/modules-federation/live/0/shopee__item-card-standard-v2/0.2.8/pc/7c9110f78e069acbced7.png,,,,,,"Scrape to BigSeller
ZTE Neo 3 5G RAM 20 GB (8 + 12 GB) ROM 256GB - Garansi Resmi
Rp
2.799.000
5.0
10 Terjual
3-5 Hari
Banjarmasin",https://shopee.co.id/ZTE-Neo-3-5G-RAM-20-GB-(8-12-GB)-ROM-256GB-Garansi-Resmi-i.813315322.44355563550?extraParams=%7B%22display_model_id%22%3A295469570176%2C%22model_selection_logic%22%3A3%7D&sp_atk=2a244a15-7382-4341-9206-638b1622230f&xptdk=2a244a15-7382-4341-9206-638b1622230f
https://down-id.img.susercontent.com/file/id-11134207-7ra0r-mcddygzk6c7bf9,https://down-id.img.susercontent.com/file/id-11134258-7r98w-lyezzaurybot13,"ZTE Nubia Neo 3 GT 5G 8/256GB, Unisoc T9100 6000mAh 80W FastCharge 120Hz OLED Display - Garansi Resmi ZTE 1 Tahun",Rp,3.214.000,https://deo.shopeemobile.com/shopee/modules-federation/live/0/shopee__item-card-standard-v2/0.2.8/pc/d7099d3fd1dfdaf705ab.svg,5.0,100 Terjual,https://deo.shopeemobile.com/shopee/modules-federation/live/0/shopee__item-card-standard-v2/0.2.8/pc/38e203dc86172a6c6560.svg,,https://deo.shopeemobile.com/shopee/modules-federation/live/0/shopee__item-card-standard-v2/0.2.8/pc/5dd7b4560d0e2d3190e8.svg,Jakarta Barat,https://deo.shopeemobile.com/shopee/modules-federation/live/0/shopee__item-card-standard-v2/0.2.8/pc/7c9110f78e069acbced7.png,-3%,https://deo.shopeemobile.com/shopee/modules-federation/live/0/shopee__item-card-standard-v2/0.2.8/pc/b4d1b8a78b3621dbdf4a.svg,https://deo.shopeemobile.com/shopee/modules-federation/live/0/shopee__item-card-standard-v2/0.2.8/pc/0614b8f0a8fdde22942d.svg,Besok,,"Scrape to BigSeller
ZTE Nubia Neo 3 GT 5G 8/256GB, Unisoc T9100 6000mAh 80W FastCharge 120Hz OLED Display - Garansi Resmi ZTE 1 Tahun
Rp
3.214.000
-3%
5.0
100 Terjual
Besok
Jakarta Barat",https://shopee.co.id/ZTE-Nubia-Neo-3-GT-5G-8-256GB-Unisoc-T9100-6000mAh-80W-FastCharge-120Hz-OLED-Display-Garansi-Resmi-ZTE-1-Tahun-i.21617072.43659109849?extraParams=%7B%22display_model_id%22%3A249147438630%2C%22model_selection_logic%22%3A3%7D&sp_atk=c820bde8-dcb6-4512-8976-2fcf51e5c252&xptdk=c820bde8-dcb6-4512-8976-2fcf51e5c252
https://down-id.img.susercontent.com/file/id-11134207-7rbk0-m6pvkx7p82ei00,https://down-id.img.susercontent.com/file/id-11134258-8224v-mkvw0cu9r7k1a5,zte v9 port biru f609 unit only kecil besar,Rp,159.000,https://deo.shopeemobile.com/shopee/modules-federation/live/0/shopee__item-card-standard-v2/0.2.8/pc/d7099d3fd1dfdaf705ab.svg,4.7,80 Terjual,https://deo.shopeemobile.com/shopee/modules-federation/live/0/shopee__item-card-standard-v2/0.2.8/pc/76dff349290d20891fc1.svg,6-10 Hari,https://deo.shopeemobile.com/shopee/modules-federation/live/0/shopee__item-card-standard-v2/0.2.8/pc/5dd7b4560d0e2d3190e8.svg,Palembang,,,,,,,"Scrape to BigSeller
zte v9 port biru f609 unit only kecil besar
Rp
159.000
4.7
80 Terjual
6-10 Hari
Palembang",https://shopee.co.id/zte-v9-port-biru-f609-unit-only-kecil-besar-i.1481889988.24541955040?extraParams=%7B%22display_model_id%22%3A139256317488%2C%22model_selection_logic%22%3A3%7D&sp_atk=feab9fa0-fb78-48ea-bfc5-276d7b03cb41&xptdk=feab9fa0-fb78-48ea-bfc5-276d7b03cb41
https://down-id.img.susercontent.com/file/sg-11134201-7rdvx-mdoh3ozxeuuc15,https://down-id.img.susercontent.com/file/id-11134258-8224v-mkvw0cu9r7k1a5,NEW ZTE nubia Focus 2 5G 8GB 256GB 108 MP AI Camera  Layar besar 6.7 inci HD+ 120Hz,Rp,2.279.000,,,1 Terjual,https://deo.shopeemobile.com/shopee/modules-federation/live/0/shopee__item-card-standard-v2/0.2.8/pc/76dff349290d20891fc1.svg,3 Hari,https://deo.shopeemobile.com/shopee/modules-federation/live/0/shopee__item-card-standard-v2/0.2.8/pc/5dd7b4560d0e2d3190e8.svg,Jakarta Pusat,https://deo.shopeemobile.com/shopee/modules-federation/live/0/shopee__item-card-standard-v2/0.2.8/pc/7c9110f78e069acbced7.png,-24%,,,,,"Scrape to BigSeller
NEW ZTE nubia Focus 2 5G 8GB 256GB 108 MP AI Camera Layar besar 6.7 inci HD+ 120Hz
Rp
2.279.000
-24%
1 Terjual
3 Hari
Jakarta Pusat",https://shopee.co.id/NEW-ZTE-nubia-Focus-2-5G-8GB-256GB-108-MP-AI-Camera-Layar-besar-6.7-inci-HD-120Hz-i.27662413.43664324697?extraParams=%7B%22display_model_id%22%3A375649814439%2C%22model_selection_logic%22%3A3%7D&sp_atk=893f5d46-60a3-4c6a-a0ec-45fa6b258fed&xptdk=893f5d46-60a3-4c6a-a0ec-45fa6b258fed
https://down-id.img.susercontent.com/file/id-11134207-7ra0l-mb6edyed6cdga7,https://down-id.img.susercontent.com/file/id-11134258-8224v-mkvw0cu9r7k1a5,ZTE Nubia Neo 3 5G RAM 8/256 GB | Nubia Neo3 5g RAM 8GB + 12GB /256 GB GARANSI RESMI ZTE INDONESIA,Rp,2.758.000,https://deo.shopeemobile.com/shopee/modules-federation/live/0/shopee__item-card-standard-v2/0.2.8/pc/d7099d3fd1dfdaf705ab.svg,4.9,87 Terjual,https://deo.shopeemobile.com/shopee/modules-federation/live/0/shopee__item-card-standard-v2/0.2.8/pc/38e203dc86172a6c6560.svg,,https://deo.shopeemobile.com/shopee/modules-federation/live/0/shopee__item-card-standard-v2/0.2.8/pc/5dd7b4560d0e2d3190e8.svg,Jakarta Barat,https://deo.shopeemobile.com/shopee/modules-federation/live/0/shopee__item-card-standard-v2/0.2.8/pc/e4734dab67ee2f9ebd5a.png,-8%,https://deo.shopeemobile.com/shopee/modules-federation/live/0/shopee__item-card-standard-v2/0.2.8/pc/b4d1b8a78b3621dbdf4a.svg,https://deo.shopeemobile.com/shopee/modules-federation/live/0/shopee__item-card-standard-v2/0.2.8/pc/0614b8f0a8fdde22942d.svg,Besok,,"Scrape to BigSeller
ZTE Nubia Neo 3 5G RAM 8/256 GB | Nubia Neo3 5g RAM 8GB + 12GB /256 GB GARANSI RESMI ZTE INDONESIA
Rp
2.758.000
-8%
4.9
87 Terjual
Besok
Jakarta Barat",https://shopee.co.id/ZTE-Nubia-Neo-3-5G-RAM-8-256-GB-Nubia-Neo3-5g-RAM-8GB-12GB-256-GB-GARANSI-RESMI-ZTE-INDONESIA-i.147398891.41855158943?extraParams=%7B%22display_model_id%22%3A395309943517%2C%22model_selection_logic%22%3A3%7D&sp_atk=84330f3a-f91d-4d73-86d4-1686afca27cc&xptdk=84330f3a-f91d-4d73-86d4-1686afca27cc
https://down-id.img.susercontent.com/file/id-11134207-7r98v-ly3wdsa8j2lg22,https://down-id.img.susercontent.com/file/id-11134258-8224v-mkvw0cu9r7k1a5,ZTE V8,Rp,174.000,https://deo.shopeemobile.com/shopee/modules-federation/live/0/shopee__item-card-standard-v2/0.2.8/pc/d7099d3fd1dfdaf705ab.svg,4.1,261 Terjual,https://deo.shopeemobile.com/shopee/modules-federation/live/0/shopee__item-card-standard-v2/0.2.8/pc/76dff349290d20891fc1.svg,4-7 Hari,https://deo.shopeemobile.com/shopee/modules-federation/live/0/shopee__item-card-standard-v2/0.2.8/pc/5dd7b4560d0e2d3190e8.svg,Jakarta Timur,,,,,,,"Scrape to BigSeller
ZTE V8
Rp
174.000
4.1
261 Terjual
4-7 Hari
Jakarta Timur",https://shopee.co.id/ZTE-V8-i.1311865183.29456136396?extraParams=%7B%22display_model_id%22%3A256255059499%2C%22model_selection_logic%22%3A3%7D&sp_atk=7dd20c03-e3f3-4c9d-8999-83991fb13100&xptdk=7dd20c03-e3f3-4c9d-8999-83991fb13100
https://down-id.img.susercontent.com/file/id-11134207-7ra0k-mbqbh8gjv17ia1,https://down-id.img.susercontent.com/file/id-11134258-8224v-mkvw0cu9r7k1a5,ZTE NUBIA A56 RAM 4+8/128GB GARANSI RESMI 12 BULAN,Rp,1.900.000,https://deo.shopeemobile.com/shopee/modules-federation/live/0/shopee__item-card-standard-v2/0.2.8/pc/d7099d3fd1dfdaf705ab.svg,5.0,5 Terjual,https://deo.shopeemobile.com/shopee/modules-federation/live/0/shopee__item-card-standard-v2/0.2.8/pc/38e203dc86172a6c6560.svg,,https://deo.shopeemobile.com/shopee/modules-federation/live/0/shopee__item-card-standard-v2/0.2.8/pc/5dd7b4560d0e2d3190e8.svg,Pontianak,https://deo.shopeemobile.com/shopee/modules-federation/live/0/shopee__item-card-standard-v2/0.2.8/pc/e4734dab67ee2f9ebd5a.png,,,https://deo.shopeemobile.com/shopee/modules-federation/live/0/shopee__item-card-standard-v2/0.2.8/pc/0614b8f0a8fdde22942d.svg,Besok,,"Scrape to BigSeller
ZTE NUBIA A56 RAM 4+8/128GB GARANSI RESMI 12 BULAN
Rp
1.900.000
5.0
5 Terjual
Besok
Pontianak",https://shopee.co.id/ZTE-NUBIA-A56-RAM-4-8-128GB-GARANSI-RESMI-12-BULAN-i.283479061.28888292848?extraParams=%7B%22display_model_id%22%3A295605125882%2C%22model_selection_logic%22%3A3%7D&sp_atk=ccfa2993-a87e-44c2-ab24-763f1ba3c767&xptdk=ccfa2993-a87e-44c2-ab24-763f1ba3c767
https://down-id.img.susercontent.com/file/id-11134207-7ra0i-mbasvgejwsly65,https://down-id.img.susercontent.com/file/id-11134258-822wr-mlx5y0tebegw04,"ZTE NUBIA FOCUS 2 5G 8GB+256GB 108MP 6,7inches 120Hz GARANSI RESMI",Rp,2.329.000,https://deo.shopeemobile.com/shopee/modules-federation/live/0/shopee__item-card-standard-v2/0.2.8/pc/d7099d3fd1dfdaf705ab.svg,5.0,1 Terjual,https://deo.shopeemobile.com/shopee/modules-federation/live/0/shopee__item-card-standard-v2/0.2.8/pc/38e203dc86172a6c6560.svg,,https://deo.shopeemobile.com/shopee/modules-federation/live/0/shopee__item-card-standard-v2/0.2.8/pc/5dd7b4560d0e2d3190e8.svg,Jakarta Selatan,https://deo.shopeemobile.com/shopee/modules-federation/live/0/shopee__item-card-standard-v2/0.2.8/pc/e4734dab67ee2f9ebd5a.png,-1%,https://deo.shopeemobile.com/shopee/modules-federation/live/0/shopee__item-card-standard-v2/0.2.8/pc/b4d1b8a78b3621dbdf4a.svg,https://deo.shopeemobile.com/shopee/modules-federation/live/0/shopee__item-card-standard-v2/0.2.8/pc/0614b8f0a8fdde22942d.svg,Besok,,"Scrape to BigSeller
ZTE NUBIA FOCUS 2 5G 8GB+256GB 108MP 6,7inches 120Hz GARANSI RESMI
Rp
2.329.000
-1%
5.0
1 Terjual
Besok
Jakarta Selatan",https://shopee.co.id/ZTE-NUBIA-FOCUS-2-5G-8GB-256GB-108MP-6-7inches-120Hz-GARANSI-RESMI-i.257997524.26387856330?extraParams=%7B%22display_model_id%22%3A243545607505%2C%22model_selection_logic%22%3A3%7D&sp_atk=8800b1f6-4b44-4d5e-9fcc-d69654d82363&xptdk=8800b1f6-4b44-4d5e-9fcc-d69654d82363
https://down-id.img.susercontent.com/file/id-11134207-8224w-mkayom6p9wxv80,https://down-id.img.susercontent.com/file/id-11134258-7r98w-lyezzaurybot13,ZTE Nubia A76 5G 8/128 Unisoc T8300 6.75 Inch Sertifikasi IP54 Baterai 5000 mAh | Garansi Resmi ZTE Indonesia 1 Tahun,Rp,2.006.000,https://deo.shopeemobile.com/shopee/modules-federation/live/0/shopee__item-card-standard-v2/0.2.8/pc/d7099d3fd1dfdaf705ab.svg,4.0,2 Terjual,https://deo.shopeemobile.com/shopee/modules-federation/live/0/shopee__item-card-standard-v2/0.2.8/pc/38e203dc86172a6c6560.svg,,https://deo.shopeemobile.com/shopee/modules-federation/live/0/shopee__item-card-standard-v2/0.2.8/pc/5dd7b4560d0e2d3190e8.svg,Jakarta Barat,https://deo.shopeemobile.com/shopee/modules-federation/live/0/shopee__item-card-standard-v2/0.2.8/pc/7c9110f78e069acbced7.png,-16%,https://deo.shopeemobile.com/shopee/modules-federation/live/0/shopee__item-card-standard-v2/0.2.8/pc/b4d1b8a78b3621dbdf4a.svg,https://deo.shopeemobile.com/shopee/modules-federation/live/0/shopee__item-card-standard-v2/0.2.8/pc/0614b8f0a8fdde22942d.svg,Besok,,"Scrape to BigSeller
ZTE Nubia A76 5G 8/128 Unisoc T8300 6.75 Inch Sertifikasi IP54 Baterai 5000 mAh | Garansi Resmi ZTE Indonesia 1 Tahun
Rp
2.006.000
-16%
4.0
2 Terjual
Besok
Jakarta Barat",https://shopee.co.id/ZTE-Nubia-A76-5G-8-128-Unisoc-T8300-6.75-Inch-Sertifikasi-IP54-Baterai-5000-mAh-Garansi-Resmi-ZTE-Indonesia-1-Tahun-i.21617072.49955832989?extraParams=%7B%22display_model_id%22%3A149340584346%2C%22model_selection_logic%22%3A3%7D&sp_atk=545aa731-917f-4a59-90b2-493ddb0f8740&xptdk=545aa731-917f-4a59-90b2-493ddb0f8740
https://down-id.img.susercontent.com/file/id-11134207-81ztc-mepiphcwciddd6,https://down-id.img.susercontent.com/file/id-11134258-8224v-mkvw0cu9r7k1a5,ZTE Nubia Neo 3 5G 8/256 GB Garansi Resmi,Rp,2.705.000,https://deo.shopeemobile.com/shopee/modules-federation/live/0/shopee__item-card-standard-v2/0.2.8/pc/d7099d3fd1dfdaf705ab.svg,4.5,10 Terjual,https://deo.shopeemobile.com/shopee/modules-federation/live/0/shopee__item-card-standard-v2/0.2.8/pc/38e203dc86172a6c6560.svg,,https://deo.shopeemobile.com/shopee/modules-federation/live/0/shopee__item-card-standard-v2/0.2.8/pc/5dd7b4560d0e2d3190e8.svg,Medan,https://deo.shopeemobile.com/shopee/modules-federation/live/0/shopee__item-card-standard-v2/0.2.8/pc/e4734dab67ee2f9ebd5a.png,,,https://deo.shopeemobile.com/shopee/modules-federation/live/0/shopee__item-card-standard-v2/0.2.8/pc/0614b8f0a8fdde22942d.svg,Besok,,"Scrape to BigSeller
ZTE Nubia Neo 3 5G 8/256 GB Garansi Resmi
Rp
2.705.000
4.5
10 Terjual
Besok
Medan",https://shopee.co.id/ZTE-Nubia-Neo-3-5G-8-256-GB-Garansi-Resmi-i.10422348.19167281902?extraParams=%7B%22display_model_id%22%3A266574340534%2C%22model_selection_logic%22%3A3%7D&sp_atk=7ab3fe45-f038-4d96-9d63-a74914e6cca5&xptdk=7ab3fe45-f038-4d96-9d63-a74914e6cca5
https://down-id.img.susercontent.com/file/id-11134207-7ra0o-mbrmf4s5442b95,https://down-id.img.susercontent.com/file/id-11134258-8224v-mkvw0cu9r7k1a5,ZTE NUBIA NEO 3 GT 5G 8GB 256GB GARANSI RESMI INDONESIA,Rp,3.279.000,https://deo.shopeemobile.com/shopee/modules-federation/live/0/shopee__item-card-standard-v2/0.2.8/pc/d7099d3fd1dfdaf705ab.svg,5.0,39 Terjual,https://deo.shopeemobile.com/shopee/modules-federation/live/0/shopee__item-card-standard-v2/0.2.8/pc/38e203dc86172a6c6560.svg,,https://deo.shopeemobile.com/shopee/modules-federation/live/0/shopee__item-card-standard-v2/0.2.8/pc/5dd7b4560d0e2d3190e8.svg,Bandung,https://deo.shopeemobile.com/shopee/modules-federation/live/0/shopee__item-card-standard-v2/0.2.8/pc/7c9110f78e069acbced7.png,,,https://deo.shopeemobile.com/shopee/modules-federation/live/0/shopee__item-card-standard-v2/0.2.8/pc/0614b8f0a8fdde22942d.svg,Besok,,"Scrape to BigSeller
ZTE NUBIA NEO 3 GT 5G 8GB 256GB GARANSI RESMI INDONESIA
Rp
3.279.000
5.0
39 Terjual
Besok
Bandung",https://shopee.co.id/ZTE-NUBIA-NEO-3-GT-5G-8GB-256GB-GARANSI-RESMI-INDONESIA-i.1031894725.44357270810?extraParams=%7B%22display_model_id%22%3A285615711313%2C%22model_selection_logic%22%3A3%7D&sp_atk=05a3f45d-437f-486f-ad91-7b4ee67a707f&xptdk=05a3f45d-437f-486f-ad91-7b4ee67a707f
https://down-id.img.susercontent.com/file/id-11134207-7rasi-m0pgaz156dcw9a,https://down-id.img.susercontent.com/file/id-11134258-822wp-mlyjp115kz5tc6,ZTE F 670L 5G  Berkualitas,Rp,279.000,,,20 Terjual,https://deo.shopeemobile.com/shopee/modules-federation/live/0/shopee__item-card-standard-v2/0.2.8/pc/76dff349290d20891fc1.svg,3-6 Hari,https://deo.shopeemobile.com/shopee/modules-federation/live/0/shopee__item-card-standard-v2/0.2.8/pc/5dd7b4560d0e2d3190e8.svg,Kab. Tangerang,,,,,,,"Scrape to BigSeller
ZTE F 670L 5G Berkualitas
Rp
279.000
20 Terjual
3-6 Hari
Kab. Tangerang",https://shopee.co.id/ZTE-F-670L-5G-Berkualitas-i.1346119652.28012629401?extraParams=%7B%22display_model_id%22%3A205425307669%2C%22model_selection_logic%22%3A3%7D&sp_atk=dc8c18f7-9b67-455e-8fa6-2b32701b252f&xptdk=dc8c18f7-9b67-455e-8fa6-2b32701b252f
https://down-id.img.susercontent.com/file/id-11134207-7ra0u-mc0u403it5qp46,https://down-id.img.susercontent.com/file/id-11134258-8224v-mkvw0cu9r7k1a5,ZTE Nubia Neo 3 5G 8GB/256GB Garansi Resmi Nubia,Rp,2.769.000,https://deo.shopeemobile.com/shopee/modules-federation/live/0/shopee__item-card-standard-v2/0.2.8/pc/d7099d3fd1dfdaf705ab.svg,4.8,36 Terjual,https://deo.shopeemobile.com/shopee/modules-federation/live/0/shopee__item-card-standard-v2/0.2.8/pc/38e203dc86172a6c6560.svg,,https://deo.shopeemobile.com/shopee/modules-federation/live/0/shopee__item-card-standard-v2/0.2.8/pc/5dd7b4560d0e2d3190e8.svg,Jakarta Pusat,https://deo.shopeemobile.com/shopee/modules-federation/live/0/shopee__item-card-standard-v2/0.2.8/pc/7c9110f78e069acbced7.png,-8%,,https://deo.shopeemobile.com/shopee/modules-federation/live/0/shopee__item-card-standard-v2/0.2.8/pc/0614b8f0a8fdde22942d.svg,Besok,,"Scrape to BigSeller
ZTE Nubia Neo 3 5G 8GB/256GB Garansi Resmi Nubia
Rp
2.769.000
-8%
4.8
36 Terjual
Besok
Jakarta Pusat",https://shopee.co.id/ZTE-Nubia-Neo-3-5G-8GB-256GB-Garansi-Resmi-Nubia-i.1119863145.28038539022?extraParams=%7B%22display_model_id%22%3A270680545401%2C%22model_selection_logic%22%3A3%7D&sp_atk=8f0ef71f-b5ec-4916-a733-b5f723380009&xptdk=8f0ef71f-b5ec-4916-a733-b5f723380009
https://down-id.img.susercontent.com/file/id-11134207-7ra0l-mcuctd8hxxo5c3,https://down-id.img.susercontent.com/file/id-11134258-7r98w-lyezzaurybot13,ZTE NUBIA FOCUS 2 5G 8GB 256GB GARANSI RESMI,Rp,2.329.000,https://deo.shopeemobile.com/shopee/modules-federation/live/0/shopee__item-card-standard-v2/0.2.8/pc/d7099d3fd1dfdaf705ab.svg,5.0,1 Terjual,https://deo.shopeemobile.com/shopee/modules-federation/live/0/shopee__item-card-standard-v2/0.2.8/pc/38e203dc86172a6c6560.svg,,https://deo.shopeemobile.com/shopee/modules-federation/live/0/shopee__item-card-standard-v2/0.2.8/pc/5dd7b4560d0e2d3190e8.svg,Serang,https://deo.shopeemobile.com/shopee/modules-federation/live/0/shopee__item-card-standard-v2/0.2.8/pc/a425c915798471b33e5d.png,-1%,https://deo.shopeemobile.com/shopee/modules-federation/live/0/shopee__item-card-standard-v2/0.2.8/pc/b4d1b8a78b3621dbdf4a.svg,https://deo.shopeemobile.com/shopee/modules-federation/live/0/shopee__item-card-standard-v2/0.2.8/pc/0614b8f0a8fdde22942d.svg,Besok,,"Scrape to BigSeller
ZTE NUBIA FOCUS 2 5G 8GB 256GB GARANSI RESMI
Rp
2.329.000
-1%
5.0
1 Terjual
Besok
Serang",https://shopee.co.id/ZTE-NUBIA-FOCUS-2-5G-8GB-256GB-GARANSI-RESMI-i.1471353363.24196192996?extraParams=%7B%22display_model_id%22%3A285924480362%2C%22model_selection_logic%22%3A3%7D&sp_atk=001e29c0-f128-4b0a-af91-adb4446631eb&xptdk=001e29c0-f128-4b0a-af91-adb4446631eb
https://down-id.img.susercontent.com/file/id-11134207-82250-mk1zaw1g2ivc07,https://down-id.img.susercontent.com/file/id-11134258-8224v-mkvw0cu9r7k1a5,ZTE NUBIA V70 8GB 256GB - Battery 5000mAh - 50 MP AI Triple Camera,Rp,1.898.000,https://deo.shopeemobile.com/shopee/modules-federation/live/0/shopee__item-card-standard-v2/0.2.8/pc/d7099d3fd1dfdaf705ab.svg,4.8,39 Terjual,https://deo.shopeemobile.com/shopee/modules-federation/live/0/shopee__item-card-standard-v2/0.2.8/pc/38e203dc86172a6c6560.svg,,https://deo.shopeemobile.com/shopee/modules-federation/live/0/shopee__item-card-standard-v2/0.2.8/pc/5dd7b4560d0e2d3190e8.svg,Jakarta Utara,https://deo.shopeemobile.com/shopee/modules-federation/live/0/shopee__item-card-standard-v2/0.2.8/pc/7c9110f78e069acbced7.png,-54%,https://deo.shopeemobile.com/shopee/modules-federation/live/0/shopee__item-card-standard-v2/0.2.8/pc/b4d1b8a78b3621dbdf4a.svg,https://deo.shopeemobile.com/shopee/modules-federation/live/0/shopee__item-card-standard-v2/0.2.8/pc/0614b8f0a8fdde22942d.svg,Besok,,"Scrape to BigSeller
ZTE NUBIA V70 8GB 256GB - Battery 5000mAh - 50 MP AI Triple Camera
Rp
1.898.000
-54%
4.8
39 Terjual
Besok
Jakarta Utara",https://shopee.co.id/ZTE-NUBIA-V70-8GB-256GB-Battery-5000mAh-50-MP-AI-Triple-Camera-i.250649369.24225843918?extraParams=%7B%22display_model_id%22%3A370490789250%2C%22model_selection_logic%22%3A3%7D&sp_atk=b52e4323-9cad-43fc-8d5f-8e057160cbcc&xptdk=b52e4323-9cad-43fc-8d5f-8e057160cbcc
https://down-id.img.susercontent.com/file/id-11134207-8224o-mj051ixmx7us8c,https://down-id.img.susercontent.com/file/id-11134258-8224v-mkvw0cu9r7k1a5,ZTE Blade A55 ram 4/128Gb zte blade A54 ram 4/128Gb a53 pro 4/64Gb Garansi Resmi,Rp,1.659.000,https://deo.shopeemobile.com/shopee/modules-federation/live/0/shopee__item-card-standard-v2/0.2.8/pc/d7099d3fd1dfdaf705ab.svg,5.0,11 Terjual,https://deo.shopeemobile.com/shopee/modules-federation/live/0/shopee__item-card-standard-v2/0.2.8/pc/76dff349290d20891fc1.svg,2-5 Hari,https://deo.shopeemobile.com/shopee/modules-federation/live/0/shopee__item-card-standard-v2/0.2.8/pc/5dd7b4560d0e2d3190e8.svg,Tangerang,https://deo.shopeemobile.com/shopee/modules-federation/live/0/shopee__item-card-standard-v2/0.2.8/pc/7c9110f78e069acbced7.png,,,,,,"Scrape to BigSeller
ZTE Blade A55 ram 4/128Gb zte blade A54 ram 4/128Gb a53 pro 4/64Gb Garansi Resmi
Rp
1.659.000
5.0
11 Terjual
2-5 Hari
Tangerang",https://shopee.co.id/ZTE-Blade-A55-ram-4-128Gb-zte-blade-A54-ram-4-128Gb-a53-pro-4-64Gb-Garansi-Resmi-i.228771622.25956604359?extraParams=%7B%22display_model_id%22%3A232813564314%2C%22model_selection_logic%22%3A3%7D&sp_atk=dccf1224-7e44-4e00-844f-2f93f5e360bd&xptdk=dccf1224-7e44-4e00-844f-2f93f5e360bd
https://down-id.img.susercontent.com/file/08d9f36193ea6da29d4e5b9eaac5fef0,https://down-id.img.susercontent.com/file/id-11134258-822wp-mlyjp115kz5tc6,ZTE V3 F609,Rp,170.000,https://deo.shopeemobile.com/shopee/modules-federation/live/0/shopee__item-card-standard-v2/0.2.8/pc/d7099d3fd1dfdaf705ab.svg,4.7,2RB+ Terjual,https://deo.shopeemobile.com/shopee/modules-federation/live/0/shopee__item-card-standard-v2/0.2.8/pc/38e203dc86172a6c6560.svg,,https://deo.shopeemobile.com/shopee/modules-federation/live/0/shopee__item-card-standard-v2/0.2.8/pc/5dd7b4560d0e2d3190e8.svg,Jakarta Timur,,,,https://deo.shopeemobile.com/shopee/modules-federation/live/0/shopee__item-card-standard-v2/0.2.8/pc/0614b8f0a8fdde22942d.svg,Besok,,"Scrape to BigSeller
ZTE V3 F609
Rp
170.000
4.7
2RB+ Terjual
Besok
Jakarta Timur",https://shopee.co.id/ZTE-V3-F609-i.274929528.13149893565?extraParams=%7B%22display_model_id%22%3A153187325371%2C%22model_selection_logic%22%3A3%7D&sp_atk=2fe37d51-f530-419a-b4a5-3a030b282990&xptdk=2fe37d51-f530-419a-b4a5-3a030b282990
https://down-id.img.susercontent.com/file/id-11134207-81ztn-meplwsec9gjn9d,https://down-id.img.susercontent.com/file/id-11134258-8224v-mkvw0cu9r7k1a5,ZTE NUBIA NEO 3 GT 5G 8/256 GB GARANSI RESMI,Rp,3.175.000,https://deo.shopeemobile.com/shopee/modules-federation/live/0/shopee__item-card-standard-v2/0.2.8/pc/d7099d3fd1dfdaf705ab.svg,5.0,54 Terjual,https://deo.shopeemobile.com/shopee/modules-federation/live/0/shopee__item-card-standard-v2/0.2.8/pc/38e203dc86172a6c6560.svg,,https://deo.shopeemobile.com/shopee/modules-federation/live/0/shopee__item-card-standard-v2/0.2.8/pc/5dd7b4560d0e2d3190e8.svg,Medan,https://deo.shopeemobile.com/shopee/modules-federation/live/0/shopee__item-card-standard-v2/0.2.8/pc/e4734dab67ee2f9ebd5a.png,,,https://deo.shopeemobile.com/shopee/modules-federation/live/0/shopee__item-card-standard-v2/0.2.8/pc/0614b8f0a8fdde22942d.svg,Besok,,"Scrape to BigSeller
ZTE NUBIA NEO 3 GT 5G 8/256 GB GARANSI RESMI
Rp
3.175.000
5.0
54 Terjual
Besok
Medan",https://shopee.co.id/ZTE-NUBIA-NEO-3-GT-5G-8-256-GB-GARANSI-RESMI-i.10422348.11092199730?extraParams=%7B%22display_model_id%22%3A286574090841%2C%22model_selection_logic%22%3A3%7D&sp_atk=3c48dea9-e970-4504-96fe-ec277f8549f5&xptdk=3c48dea9-e970-4504-96fe-ec277f8549f5
https://down-id.img.susercontent.com/file/id-11134207-7r98p-lunl0ii00hi5e9,https://down-id.img.susercontent.com/file/id-11134258-7r98w-lyezzaurybot13,ZTE V1,Rp,89.000,https://deo.shopeemobile.com/shopee/modules-federation/live/0/shopee__item-card-standard-v2/0.2.8/pc/d7099d3fd1dfdaf705ab.svg,4.0,20 Terjual,https://deo.shopeemobile.com/shopee/modules-federation/live/0/shopee__item-card-standard-v2/0.2.8/pc/38e203dc86172a6c6560.svg,,https://deo.shopeemobile.com/shopee/modules-federation/live/0/shopee__item-card-standard-v2/0.2.8/pc/5dd7b4560d0e2d3190e8.svg,Medan,,,,https://deo.shopeemobile.com/shopee/modules-federation/live/0/shopee__item-card-standard-v2/0.2.8/pc/0614b8f0a8fdde22942d.svg,Besok,,"Scrape to BigSeller
ZTE V1
Rp
89.000
4.0
20 Terjual
Besok
Medan",https://shopee.co.id/ZTE-V1-i.842816968.24577175471?extraParams=%7B%22display_model_id%22%3A217470814356%2C%22model_selection_logic%22%3A3%7D&sp_atk=2848a792-ab8b-47a4-ba6f-6328670426b2&xptdk=2848a792-ab8b-47a4-ba6f-6328670426b2
https://down-id.img.susercontent.com/file/id-11134207-8224z-mgvw9ucol8uhc6,https://down-id.img.susercontent.com/file/id-11134258-822wr-mlx5y0tebegw04,ZTE NUBIA NEO 3 5G [8GB 256GB] GARANSI RESMI 1 TAHUN,Rp,2.764.000,https://deo.shopeemobile.com/shopee/modules-federation/live/0/shopee__item-card-standard-v2/0.2.8/pc/d7099d3fd1dfdaf705ab.svg,5.0,2 Terjual,https://deo.shopeemobile.com/shopee/modules-federation/live/0/shopee__item-card-standard-v2/0.2.8/pc/38e203dc86172a6c6560.svg,,https://deo.shopeemobile.com/shopee/modules-federation/live/0/shopee__item-card-standard-v2/0.2.8/pc/5dd7b4560d0e2d3190e8.svg,Jakarta Selatan,https://deo.shopeemobile.com/shopee/modules-federation/live/0/shopee__item-card-standard-v2/0.2.8/pc/e4734dab67ee2f9ebd5a.png,-1%,https://deo.shopeemobile.com/shopee/modules-federation/live/0/shopee__item-card-standard-v2/0.2.8/pc/b4d1b8a78b3621dbdf4a.svg,https://deo.shopeemobile.com/shopee/modules-federation/live/0/shopee__item-card-standard-v2/0.2.8/pc/0614b8f0a8fdde22942d.svg,Besok,,"Scrape to BigSeller
ZTE NUBIA NEO 3 5G [8GB 256GB] GARANSI RESMI 1 TAHUN
Rp
2.764.000
-1%
5.0
2 Terjual
Besok
Jakarta Selatan",https://shopee.co.id/ZTE-NUBIA-NEO-3-5G-8GB-256GB-GARANSI-RESMI-1-TAHUN-i.30962556.54251091809?extraParams=%7B%22display_model_id%22%3A435099518975%2C%22model_selection_logic%22%3A3%7D&sp_atk=42ea608c-fd20-4732-ad5b-48f55dbf0d29&xptdk=42ea608c-fd20-4732-ad5b-48f55dbf0d29
https://down-id.img.susercontent.com/file/id-11134207-7qul1-lfkt85yo6rtu4e,https://down-id.img.susercontent.com/file/id-11134258-822wr-mlx5y0tebegw04,ZTE V3 F609 F670L V2F660 F672y,Rp,98.000,https://deo.shopeemobile.com/shopee/modules-federation/live/0/shopee__item-card-standard-v2/0.2.8/pc/d7099d3fd1dfdaf705ab.svg,4.7,198 Terjual,https://deo.shopeemobile.com/shopee/modules-federation/live/0/shopee__item-card-standard-v2/0.2.8/pc/76dff349290d20891fc1.svg,3-4 Hari,https://deo.shopeemobile.com/shopee/modules-federation/live/0/shopee__item-card-standard-v2/0.2.8/pc/5dd7b4560d0e2d3190e8.svg,Jakarta Timur,https://deo.shopeemobile.com/shopee/modules-federation/live/0/shopee__item-card-standard-v2/0.2.8/pc/a425c915798471b33e5d.png,,,,,,"Scrape to BigSeller
ZTE V3 F609 F670L V2F660 F672y
Rp
98.000
4.7
198 Terjual
3-4 Hari
Jakarta Timur",https://shopee.co.id/ZTE-V3-F609-F670L-V2F660-F672y-i.932569206.17793923928?extraParams=%7B%22display_model_id%22%3A430564980449%2C%22model_selection_logic%22%3A3%7D&sp_atk=34e049ac-1234-4a30-a693-e05c6c24df83&xptdk=34e049ac-1234-4a30-a693-e05c6c24df83
https://down-id.img.susercontent.com/file/id-11134207-8224z-mgvxoggkcvt83a,https://down-id.img.susercontent.com/file/id-11134258-822wr-mlx5y0tebegw04,ZTE NUBIA NEO 3 GT 5G [8GB/256GB] GARANSI RESMI 1 TAHUN,Rp,3.274.000,https://deo.shopeemobile.com/shopee/modules-federation/live/0/shopee__item-card-standard-v2/0.2.8/pc/d7099d3fd1dfdaf705ab.svg,5.0,1 Terjual,https://deo.shopeemobile.com/shopee/modules-federation/live/0/shopee__item-card-standard-v2/0.2.8/pc/38e203dc86172a6c6560.svg,,https://deo.shopeemobile.com/shopee/modules-federation/live/0/shopee__item-card-standard-v2/0.2.8/pc/5dd7b4560d0e2d3190e8.svg,Jakarta Selatan,https://deo.shopeemobile.com/shopee/modules-federation/live/0/shopee__item-card-standard-v2/0.2.8/pc/e4734dab67ee2f9ebd5a.png,-1%,https://deo.shopeemobile.com/shopee/modules-federation/live/0/shopee__item-card-standard-v2/0.2.8/pc/b4d1b8a78b3621dbdf4a.svg,https://deo.shopeemobile.com/shopee/modules-federation/live/0/shopee__item-card-standard-v2/0.2.8/pc/0614b8f0a8fdde22942d.svg,Besok,,"Scrape to BigSeller
ZTE NUBIA NEO 3 GT 5G [8GB/256GB] GARANSI RESMI 1 TAHUN
Rp
3.274.000
-1%
5.0
1 Terjual
Besok
Jakarta Selatan",https://shopee.co.id/ZTE-NUBIA-NEO-3-GT-5G-8GB-256GB-GARANSI-RESMI-1-TAHUN-i.30962556.51001097207?extraParams=%7B%22display_model_id%22%3A292140307280%2C%22model_selection_logic%22%3A3%7D&sp_atk=83a7a54f-0e4b-4afb-9d93-600f8598cb09&xptdk=83a7a54f-0e4b-4afb-9d93-600f8598cb09
https://down-id.img.susercontent.com/file/id-11134207-7rash-m42lheqh7t8a11,https://down-id.img.susercontent.com/file/id-11134258-822wr-mlx67rtd6r602f,ZTE F477 V2 5DB NEW + ADAPTOR,Rp,131.040,https://deo.shopeemobile.com/shopee/modules-federation/live/0/shopee__item-card-standard-v2/0.2.8/pc/d7099d3fd1dfdaf705ab.svg,4.8,362 Terjual,https://deo.shopeemobile.com/shopee/modules-federation/live/0/shopee__item-card-standard-v2/0.2.8/pc/76dff349290d20891fc1.svg,2-3 Hari,https://deo.shopeemobile.com/shopee/modules-federation/live/0/shopee__item-card-standard-v2/0.2.8/pc/5dd7b4560d0e2d3190e8.svg,Kab. Karawang,https://deo.shopeemobile.com/shopee/modules-federation/live/0/shopee__item-card-standard-v2/0.2.8/pc/e4734dab67ee2f9ebd5a.png,,,,,,"Scrape to BigSeller
ZTE F477 V2 5DB NEW + ADAPTOR
Rp
131.040
4.8
362 Terjual
2-3 Hari
Kab. Karawang",https://shopee.co.id/ZTE-F477-V2-5DB-NEW-ADAPTOR-i.955771870.27721337558?extraParams=%7B%22display_model_id%22%3A223617009381%2C%22model_selection_logic%22%3A3%7D&sp_atk=081abb38-88ff-4280-94cf-ea193a207a1c&xptdk=081abb38-88ff-4280-94cf-ea193a207a1c
https://down-id.img.susercontent.com/file/id-11134207-7rbk9-m7003l89jwdjf7,https://down-id.img.susercontent.com/file/id-11134258-822wr-mlx67rtd6r602f,ZTE Nubia V70 Design NFC RAM 8/128GB RAM 8/256GB Garansi Resmi,Rp,2.198.000,https://deo.shopeemobile.com/shopee/modules-federation/live/0/shopee__item-card-standard-v2/0.2.8/pc/d7099d3fd1dfdaf705ab.svg,5.0,3 Terjual,https://deo.shopeemobile.com/shopee/modules-federation/live/0/shopee__item-card-standard-v2/0.2.8/pc/76dff349290d20891fc1.svg,2-3 Hari,https://deo.shopeemobile.com/shopee/modules-federation/live/0/shopee__item-card-standard-v2/0.2.8/pc/5dd7b4560d0e2d3190e8.svg,Tangerang,https://deo.shopeemobile.com/shopee/modules-federation/live/0/shopee__item-card-standard-v2/0.2.8/pc/7c9110f78e069acbced7.png,,,,,,"Scrape to BigSeller
ZTE Nubia V70 Design NFC RAM 8/128GB RAM 8/256GB Garansi Resmi
Rp
2.198.000
5.0
3 Terjual
2-3 Hari
Tangerang",https://shopee.co.id/ZTE-Nubia-V70-Design-NFC-RAM-8-128GB-RAM-8-256GB-Garansi-Resmi-i.103801415.26778195091?extraParams=%7B%22display_model_id%22%3A233880747888%2C%22model_selection_logic%22%3A3%7D&sp_atk=e15f6262-ea69-4a7a-81b7-a52e409bbebc&xptdk=e15f6262-ea69-4a7a-81b7-a52e409bbebc
https://down-id.img.susercontent.com/file/id-11134207-7rbkd-mam73zjianfi3d,https://down-id.img.susercontent.com/file/id-11134258-8224v-mkvw0cu9r7k1a5,ZTE NUBIA NEO 3 5G 8/256 GB,Rp,2.970.000,https://deo.shopeemobile.com/shopee/modules-federation/live/0/shopee__item-card-standard-v2/0.2.8/pc/d7099d3fd1dfdaf705ab.svg,5.0,16 Terjual,https://deo.shopeemobile.com/shopee/modules-federation/live/0/shopee__item-card-standard-v2/0.2.8/pc/76dff349290d20891fc1.svg,4-8 Hari,https://deo.shopeemobile.com/shopee/modules-federation/live/0/shopee__item-card-standard-v2/0.2.8/pc/5dd7b4560d0e2d3190e8.svg,Samarinda,https://deo.shopeemobile.com/shopee/modules-federation/live/0/shopee__item-card-standard-v2/0.2.8/pc/a425c915798471b33e5d.png,-15%,,,,,"Scrape to BigSeller
ZTE NUBIA NEO 3 5G 8/256 GB
Rp
2.970.000
-15%
5.0
16 Terjual
4-8 Hari
Samarinda",https://shopee.co.id/ZTE-NUBIA-NEO-3-5G-8-256-GB-i.35541502.43103200730?extraParams=%7B%22display_model_id%22%3A243482148153%2C%22model_selection_logic%22%3A3%7D&sp_atk=bc8b5b85-7acf-4047-aabc-dce919e0f495&xptdk=bc8b5b85-7acf-4047-aabc-dce919e0f495
https://down-id.img.susercontent.com/file/id-11134207-7ra0t-mbajfrcvzo0vc7,https://down-id.img.susercontent.com/file/id-11134258-7r98w-lyezzaurybot13,ZTE Nubia NEO 3 GT 8/256GB Garansi Resmi,Rp,3.510.000,https://deo.shopeemobile.com/shopee/modules-federation/live/0/shopee__item-card-standard-v2/0.2.8/pc/d7099d3fd1dfdaf705ab.svg,5.0,7 Terjual,https://deo.shopeemobile.com/shopee/modules-federation/live/0/shopee__item-card-standard-v2/0.2.8/pc/38e203dc86172a6c6560.svg,,https://deo.shopeemobile.com/shopee/modules-federation/live/0/shopee__item-card-standard-v2/0.2.8/pc/5dd7b4560d0e2d3190e8.svg,Kab. Jember,https://deo.shopeemobile.com/shopee/modules-federation/live/0/shopee__item-card-standard-v2/0.2.8/pc/e4734dab67ee2f9ebd5a.png,,,https://deo.shopeemobile.com/shopee/modules-federation/live/0/shopee__item-card-standard-v2/0.2.8/pc/0614b8f0a8fdde22942d.svg,< 2 Hari,,"Scrape to BigSeller
ZTE Nubia NEO 3 GT 8/256GB Garansi Resmi
Rp
3.510.000
5.0
7 Terjual
< 2 Hari
Kab. Jember",https://shopee.co.id/ZTE-Nubia-NEO-3-GT-8-256GB-Garansi-Resmi-i.155584273.44305480626?extraParams=%7B%22display_model_id%22%3A290461455643%2C%22model_selection_logic%22%3A3%7D&sp_atk=4681c904-22ce-49f2-a85c-1afad3a0a09f&xptdk=4681c904-22ce-49f2-a85c-1afad3a0a09f
https://down-id.img.susercontent.com/file/id-11134207-7rase-m3d2m4ash7fec3,https://down-id.img.susercontent.com/file/id-11134258-822wr-mlx67rtd6r602f,ZTE F477V2 5DB NEW + ADAPTOR,Rp,120.120,https://deo.shopeemobile.com/shopee/modules-federation/live/0/shopee__item-card-standard-v2/0.2.8/pc/d7099d3fd1dfdaf705ab.svg,4.9,1RB+ Terjual,https://deo.shopeemobile.com/shopee/modules-federation/live/0/shopee__item-card-standard-v2/0.2.8/pc/76dff349290d20891fc1.svg,2-3 Hari,https://deo.shopeemobile.com/shopee/modules-federation/live/0/shopee__item-card-standard-v2/0.2.8/pc/5dd7b4560d0e2d3190e8.svg,Kab. Bekasi,https://deo.shopeemobile.com/shopee/modules-federation/live/0/shopee__item-card-standard-v2/0.2.8/pc/e4734dab67ee2f9ebd5a.png,,,,,,"Scrape to BigSeller
ZTE F477V2 5DB NEW + ADAPTOR
Rp
120.120
4.9
1RB+ Terjual
2-3 Hari
Kab. Bekasi",https://shopee.co.id/ZTE-F477V2-5DB-NEW-ADAPTOR-i.173978239.28219662383?extraParams=%7B%22display_model_id%22%3A198188944757%2C%22model_selection_logic%22%3A3%7D&sp_atk=9cd18b0b-5037-448d-9088-9c541d07e408&xptdk=9cd18b0b-5037-448d-9088-9c541d07e408
https://down-id.img.susercontent.com/file/31e95dca3b79b018bacb98da8994503c,https://down-id.img.susercontent.com/file/id-11134258-7r98w-lyezzaurybot13,ZTE V3 ZTE V2,Rp,165.000,https://deo.shopeemobile.com/shopee/modules-federation/live/0/shopee__item-card-standard-v2/0.2.8/pc/d7099d3fd1dfdaf705ab.svg,3.5,2 Terjual,https://deo.shopeemobile.com/shopee/modules-federation/live/0/shopee__item-card-standard-v2/0.2.8/pc/38e203dc86172a6c6560.svg,,https://deo.shopeemobile.com/shopee/modules-federation/live/0/shopee__item-card-standard-v2/0.2.8/pc/5dd7b4560d0e2d3190e8.svg,Jakarta Timur,,,,https://deo.shopeemobile.com/shopee/modules-federation/live/0/shopee__item-card-standard-v2/0.2.8/pc/0614b8f0a8fdde22942d.svg,Besok,,"Scrape to BigSeller
ZTE V3 ZTE V2
Rp
165.000
3.5
2 Terjual
Besok
Jakarta Timur",https://shopee.co.id/ZTE-V3-ZTE-V2-i.586010241.14758796296?extraParams=%7B%22display_model_id%22%3A142807896534%2C%22model_selection_logic%22%3A3%7D&sp_atk=3c87d19d-d378-45ac-81e4-cb7144c218d4&xptdk=3c87d19d-d378-45ac-81e4-cb7144c218d4
https://down-id.img.susercontent.com/file/id-11134207-81zth-mes5osjxaby94e,https://down-id.img.susercontent.com/file/id-11134258-8224v-mkvw0cu9r7k1a5,ZTE NUBIA NEO 3 GT 5G (8/256GB) GARANSI RESMI,Rp,3.254.980,https://deo.shopeemobile.com/shopee/modules-federation/live/0/shopee__item-card-standard-v2/0.2.8/pc/d7099d3fd1dfdaf705ab.svg,5.0,2 Terjual,https://deo.shopeemobile.com/shopee/modules-federation/live/0/shopee__item-card-standard-v2/0.2.8/pc/38e203dc86172a6c6560.svg,,https://deo.shopeemobile.com/shopee/modules-federation/live/0/shopee__item-card-standard-v2/0.2.8/pc/5dd7b4560d0e2d3190e8.svg,Jakarta Barat,https://deo.shopeemobile.com/shopee/modules-federation/live/0/shopee__item-card-standard-v2/0.2.8/pc/e4734dab67ee2f9ebd5a.png,,,https://deo.shopeemobile.com/shopee/modules-federation/live/0/shopee__item-card-standard-v2/0.2.8/pc/0614b8f0a8fdde22942d.svg,Besok,,"Scrape to BigSeller
ZTE NUBIA NEO 3 GT 5G (8/256GB) GARANSI RESMI
Rp
3.254.980
5.0
2 Terjual
Besok
Jakarta Barat",https://shopee.co.id/ZTE-NUBIA-NEO-3-GT-5G-(8-256GB)-GARANSI-RESMI-i.16140427.41319631285?extraParams=%7B%22display_model_id%22%3A281606109018%2C%22model_selection_logic%22%3A3%7D&sp_atk=8994a84e-4794-442f-a2a2-33b271ebee7b&xptdk=8994a84e-4794-442f-a2a2-33b271ebee7b
https://down-id.img.susercontent.com/file/id-11134207-7rbka-ma1g6r5wvlelde,https://down-id.img.susercontent.com/file/id-11134258-8224v-mkvw0cu9r7k1a5,ZTE F672y,Rp,180.000,https://deo.shopeemobile.com/shopee/modules-federation/live/0/shopee__item-card-standard-v2/0.2.8/pc/d7099d3fd1dfdaf705ab.svg,5.0,562 Terjual,https://deo.shopeemobile.com/shopee/modules-federation/live/0/shopee__item-card-standard-v2/0.2.8/pc/38e203dc86172a6c6560.svg,,https://deo.shopeemobile.com/shopee/modules-federation/live/0/shopee__item-card-standard-v2/0.2.8/pc/5dd7b4560d0e2d3190e8.svg,Kab. Deli Serdang,,,,https://deo.shopeemobile.com/shopee/modules-federation/live/0/shopee__item-card-standard-v2/0.2.8/pc/0614b8f0a8fdde22942d.svg,Besok,,"Scrape to BigSeller
ZTE F672y
Rp
180.000
5.0
562 Terjual
Besok
Kab. Deli Serdang",https://shopee.co.id/ZTE-F672y-i.29105185.25271416945?extraParams=%7B%22display_model_id%22%3A89536622936%2C%22model_selection_logic%22%3A3%7D&sp_atk=7ebd449e-70fd-4142-97a8-7af5c161896f&xptdk=7ebd449e-70fd-4142-97a8-7af5c161896f
https://down-id.img.susercontent.com/file/id-11134207-8224q-mk24w6mm2dqbf3,https://down-id.img.susercontent.com/file/id-11134258-8224v-mkvw0cu9r7k1a5,ZTE NUBIA A76 5G 8GB 128GB - 50MP AF + AI Dual Camera - 5000 mAh,Rp,2.048.000,https://deo.shopeemobile.com/shopee/modules-federation/live/0/shopee__item-card-standard-v2/0.2.8/pc/d7099d3fd1dfdaf705ab.svg,5.0,13 Terjual,https://deo.shopeemobile.com/shopee/modules-federation/live/0/shopee__item-card-standard-v2/0.2.8/pc/38e203dc86172a6c6560.svg,,https://deo.shopeemobile.com/shopee/modules-federation/live/0/shopee__item-card-standard-v2/0.2.8/pc/5dd7b4560d0e2d3190e8.svg,Jakarta Utara,https://deo.shopeemobile.com/shopee/modules-federation/live/0/shopee__item-card-standard-v2/0.2.8/pc/7c9110f78e069acbced7.png,-51%,https://deo.shopeemobile.com/shopee/modules-federation/live/0/shopee__item-card-standard-v2/0.2.8/pc/b4d1b8a78b3621dbdf4a.svg,https://deo.shopeemobile.com/shopee/modules-federation/live/0/shopee__item-card-standard-v2/0.2.8/pc/0614b8f0a8fdde22942d.svg,Besok,,"Scrape to BigSeller
ZTE NUBIA A76 5G 8GB 128GB - 50MP AF + AI Dual Camera - 5000 mAh
Rp
2.048.000
-51%
5.0
13 Terjual
Besok
Jakarta Utara",https://shopee.co.id/ZTE-NUBIA-A76-5G-8GB-128GB-50MP-AF-AI-Dual-Camera-5000-mAh-i.250649369.28156834991?extraParams=%7B%22display_model_id%22%3A249154722230%2C%22model_selection_logic%22%3A3%7D&sp_atk=f1cda53a-6b70-43d3-9094-38868dc7525c&xptdk=f1cda53a-6b70-43d3-9094-38868dc7525c
https://down-id.img.susercontent.com/file/id-11134207-7rasd-m50j21s9npmqc5,https://down-id.img.susercontent.com/file/id-11134258-8224v-mkvw0cu9r7k1a5,ZTE Nubia Music RAM 4/128GB Garansi Resmi,Rp,2.100.000,https://deo.shopeemobile.com/shopee/modules-federation/live/0/shopee__item-card-standard-v2/0.2.8/pc/d7099d3fd1dfdaf705ab.svg,4.0,2 Terjual,https://deo.shopeemobile.com/shopee/modules-federation/live/0/shopee__item-card-standard-v2/0.2.8/pc/76dff349290d20891fc1.svg,2-5 Hari,https://deo.shopeemobile.com/shopee/modules-federation/live/0/shopee__item-card-standard-v2/0.2.8/pc/5dd7b4560d0e2d3190e8.svg,Tangerang,https://deo.shopeemobile.com/shopee/modules-federation/live/0/shopee__item-card-standard-v2/0.2.8/pc/7c9110f78e069acbced7.png,,,,,,"Scrape to BigSeller
ZTE Nubia Music RAM 4/128GB Garansi Resmi
Rp
2.100.000
4.0
2 Terjual
2-5 Hari
Tangerang",https://shopee.co.id/ZTE-Nubia-Music-RAM-4-128GB-Garansi-Resmi-i.228771622.27123522535?extraParams=%7B%22display_model_id%22%3A242468170761%2C%22model_selection_logic%22%3A3%7D&sp_atk=da314b17-cbd4-43a8-9a78-f9478d323fb0&xptdk=da314b17-cbd4-43a8-9a78-f9478d323fb0
https://down-id.img.susercontent.com/file/0f6226318562d2cab0596873978e1b21,https://down-id.img.susercontent.com/file/id-11134258-8224v-mkvw0cu9r7k1a5,hp zte axon m dual screen dual layar dual sim snyl 4g aman anti blok ram 4gb rom 64gb seken mulus bkan z fold s10 10s,Rp,2.490.000,,,,,,https://deo.shopeemobile.com/shopee/modules-federation/live/0/shopee__item-card-standard-v2/0.2.8/pc/5dd7b4560d0e2d3190e8.svg,Kab. Musi Banyuasin,,,,,,Cicilan,"Scrape to BigSeller
hp zte axon m dual screen dual layar dual sim snyl 4g aman anti blok ram 4gb rom 64gb seken mulus bkan z fold s10 10s
Rp
2.490.000
Cicilan
Kab. Musi Banyuasin",https://shopee.co.id/hp-zte-axon-m-dual-screen-dual-layar-dual-sim-snyl-4g-aman-anti-blok-ram-4gb-rom-64gb-seken-mulus-bkan-z-fold-s10-10s-i.14353058.12059954481?extraParams=%7B%22display_model_id%22%3A86215148231%2C%22model_selection_logic%22%3A3%7D&sp_atk=bfbc18e7-388d-4895-bd32-749a3d897adb&xptdk=bfbc18e7-388d-4895-bd32-749a3d897adb
https://down-id.img.susercontent.com/file/id-11134207-7rasm-m5bmstcio6rk5c,https://down-id.img.susercontent.com/file/id-11134258-822wr-mlx67rtd6r602f,ZTE nubia music NFC ram 4/128gb baterai 5000mah zte nubia garansi resmi,Rp,2.098.000,https://deo.shopeemobile.com/shopee/modules-federation/live/0/shopee__item-card-standard-v2/0.2.8/pc/d7099d3fd1dfdaf705ab.svg,5.0,1 Terjual,https://deo.shopeemobile.com/shopee/modules-federation/live/0/shopee__item-card-standard-v2/0.2.8/pc/76dff349290d20891fc1.svg,2-3 Hari,https://deo.shopeemobile.com/shopee/modules-federation/live/0/shopee__item-card-standard-v2/0.2.8/pc/5dd7b4560d0e2d3190e8.svg,Tangerang,https://deo.shopeemobile.com/shopee/modules-federation/live/0/shopee__item-card-standard-v2/0.2.8/pc/7c9110f78e069acbced7.png,,,,,,"Scrape to BigSeller
ZTE nubia music NFC ram 4/128gb baterai 5000mah zte nubia garansi resmi
Rp
2.098.000
5.0
1 Terjual
2-3 Hari
Tangerang",https://shopee.co.id/ZTE-nubia-music-NFC-ram-4-128gb-baterai-5000mah-zte-nubia-garansi-resmi-i.103801415.29573883727?extraParams=%7B%22display_model_id%22%3A242494380366%2C%22model_selection_logic%22%3A3%7D&sp_atk=de02126b-595c-47cc-9642-d44ce627658c&xptdk=de02126b-595c-47cc-9642-d44ce627658c
https://down-id.img.susercontent.com/file/id-11134207-81ztp-metyja4qnimed9,https://down-id.img.susercontent.com/file/id-11134258-8224v-mkvw0cu9r7k1a5,ZTE Nubia Neo 3 5G RAM 8GB | 256GB | Unisoc T8300 | 6000 mAh | Fast Charging 33W | Garansi Resmi ZTE,Rp,2.800.000,https://deo.shopeemobile.com/shopee/modules-federation/live/0/shopee__item-card-standard-v2/0.2.8/pc/d7099d3fd1dfdaf705ab.svg,5.0,11 Terjual,https://deo.shopeemobile.com/shopee/modules-federation/live/0/shopee__item-card-standard-v2/0.2.8/pc/76dff349290d20891fc1.svg,2-3 Hari,https://deo.shopeemobile.com/shopee/modules-federation/live/0/shopee__item-card-standard-v2/0.2.8/pc/5dd7b4560d0e2d3190e8.svg,Tangerang,https://deo.shopeemobile.com/shopee/modules-federation/live/0/shopee__item-card-standard-v2/0.2.8/pc/7c9110f78e069acbced7.png,-42%,,,,,"Scrape to BigSeller
ZTE Nubia Neo 3 5G RAM 8GB | 256GB | Unisoc T8300 | 6000 mAh | Fast Charging 33W | Garansi Resmi ZTE
Rp
2.800.000
-42%
5.0
11 Terjual
2-3 Hari
Tangerang",https://shopee.co.id/ZTE-Nubia-Neo-3-5G-RAM-8GB-256GB-Unisoc-T8300-6000-mAh-Fast-Charging-33W-Garansi-Resmi-ZTE-i.1517186678.41370061905?extraParams=%7B%22display_model_id%22%3A410765266336%2C%22model_selection_logic%22%3A3%7D&sp_atk=1c3b58b4-4992-45ef-9ce5-a4034e802510&xptdk=1c3b58b4-4992-45ef-9ce5-a4034e802510
https://down-id.img.susercontent.com/file/id-11134207-822wj-mmr1uthhe8le01,https://down-id.img.susercontent.com/file/id-11134258-8224v-mkvw0cu9r7k1a5,ZTE Nubia Neo 3 5G 8GB 256GB NEW Garansi RESMI,Rp,2.769.000,https://deo.shopeemobile.com/shopee/modules-federation/live/0/shopee__item-card-standard-v2/0.2.8/pc/d7099d3fd1dfdaf705ab.svg,5.0,1 Terjual,https://deo.shopeemobile.com/shopee/modules-federation/live/0/shopee__item-card-standard-v2/0.2.8/pc/38e203dc86172a6c6560.svg,,https://deo.shopeemobile.com/shopee/modules-federation/live/0/shopee__item-card-standard-v2/0.2.8/pc/5dd7b4560d0e2d3190e8.svg,Depok,https://deo.shopeemobile.com/shopee/modules-federation/live/0/shopee__item-card-standard-v2/0.2.8/pc/e4734dab67ee2f9ebd5a.png,,,https://deo.shopeemobile.com/shopee/modules-federation/live/0/shopee__item-card-standard-v2/0.2.8/pc/0614b8f0a8fdde22942d.svg,Besok,,"Scrape to BigSeller
ZTE Nubia Neo 3 5G 8GB 256GB NEW Garansi RESMI
Rp
2.769.000
5.0
1 Terjual
Besok
Depok",https://shopee.co.id/ZTE-Nubia-Neo-3-5G-8GB-256GB-NEW-Garansi-RESMI-i.923855370.40053091195?extraParams=%7B%22display_model_id%22%3A265252880608%2C%22model_selection_logic%22%3A3%7D&sp_atk=2db38e00-2976-4cb9-aad3-0b0c8409330e&xptdk=2db38e00-2976-4cb9-aad3-0b0c8409330e
https://down-id.img.susercontent.com/file/id-11134207-7ra0i-mbq4xtsjbd007b,https://down-id.img.susercontent.com/file/id-11134258-8224v-mkvw0cu9r7k1a5,ZTE Nubia Neo 3 5G 8/256 8+12/256 20/256 Garansi Resmi 1 Tahun ZTE Nubia Neo 3 8/256 Nubia Neo 3 5G 8+12/256 Nubia Neo 3 8+12/256 Nubia Neo 3 5G 20/256 Nubia Neo 3 5G 20/256,Rp,2.899.000,https://deo.shopeemobile.com/shopee/modules-federation/live/0/shopee__item-card-standard-v2/0.2.8/pc/d7099d3fd1dfdaf705ab.svg,5.0,5 Terjual,https://deo.shopeemobile.com/shopee/modules-federation/live/0/shopee__item-card-standard-v2/0.2.8/pc/76dff349290d20891fc1.svg,4-11 Hari,https://deo.shopeemobile.com/shopee/modules-federation/live/0/shopee__item-card-standard-v2/0.2.8/pc/5dd7b4560d0e2d3190e8.svg,Pontianak,https://deo.shopeemobile.com/shopee/modules-federation/live/0/shopee__item-card-standard-v2/0.2.8/pc/e4734dab67ee2f9ebd5a.png,,,,,,"Scrape to BigSeller
ZTE Nubia Neo 3 5G 8/256 8+12/256 20/256 Garansi Resmi 1 Tahun ZTE Nubia Neo 3 8/256 Nubia Neo 3 5G 8+12/256 Nubia Neo 3 8+12/256 Nubia Neo 3 5G 20/256 Nubia Neo 3 5G 20/256
Rp
2.899.000
5.0
5 Terjual
4-11 Hari
Pontianak",https://shopee.co.id/ZTE-Nubia-Neo-3-5G-8-256-8-12-256-20-256-Garansi-Resmi-1-Tahun-ZTE-Nubia-Neo-3-8-256-Nubia-Neo-3-5G-8-12-256-Nubia-Neo-3-8-12-256-Nubia-Neo-3-5G-20-256-Nubia-Neo-3-5G-20-256-i.47594593.27487306904?extraParams=%7B%22display_model_id%22%3A198546666980%2C%22model_selection_logic%22%3A3%7D&sp_atk=67e839fb-c3e6-426f-8cdf-47c7253d7017&xptdk=67e839fb-c3e6-426f-8cdf-47c7253d7017
https://down-id.img.susercontent.com/file/id-11134207-8224z-mk14upy5jojm2c,https://down-id.img.susercontent.com/file/id-11134258-8224v-mkvw0cu9r7k1a5,ZTE NUBIA A76 5G RAM 8/128 GARANSI RESMI,Rp,2.182.000,,,1 Terjual,https://deo.shopeemobile.com/shopee/modules-federation/live/0/shopee__item-card-standard-v2/0.2.8/pc/76dff349290d20891fc1.svg,2-5 Hari,https://deo.shopeemobile.com/shopee/modules-federation/live/0/shopee__item-card-standard-v2/0.2.8/pc/5dd7b4560d0e2d3190e8.svg,Tangerang,https://deo.shopeemobile.com/shopee/modules-federation/live/0/shopee__item-card-standard-v2/0.2.8/pc/7c9110f78e069acbced7.png,,,,,,"Scrape to BigSeller
ZTE NUBIA A76 5G RAM 8/128 GARANSI RESMI
Rp
2.182.000
1 Terjual
2-5 Hari
Tangerang",https://shopee.co.id/ZTE-NUBIA-A76-5G-RAM-8-128-GARANSI-RESMI-i.228771622.48455491335?extraParams=%7B%22display_model_id%22%3A345497602720%2C%22model_selection_logic%22%3A3%7D&sp_atk=553c574c-5e46-42cd-addf-0be0c9a1cc19&xptdk=553c574c-5e46-42cd-addf-0be0c9a1cc19
https://down-id.img.susercontent.com/file/id-11134207-7rbk0-m700jrk3p3xm01,https://down-id.img.susercontent.com/file/id-11134258-8224v-mkvw0cu9r7k1a5,ZTE Nubia V70 Design NFC RAM 8/128GB RAM 8/256GB GARANSI RESMI,Rp,2.122.000,https://deo.shopeemobile.com/shopee/modules-federation/live/0/shopee__item-card-standard-v2/0.2.8/pc/d7099d3fd1dfdaf705ab.svg,5.0,8 Terjual,https://deo.shopeemobile.com/shopee/modules-federation/live/0/shopee__item-card-standard-v2/0.2.8/pc/76dff349290d20891fc1.svg,2-5 Hari,https://deo.shopeemobile.com/shopee/modules-federation/live/0/shopee__item-card-standard-v2/0.2.8/pc/5dd7b4560d0e2d3190e8.svg,Tangerang,https://deo.shopeemobile.com/shopee/modules-federation/live/0/shopee__item-card-standard-v2/0.2.8/pc/7c9110f78e069acbced7.png,,,,,,"Scrape to BigSeller
ZTE Nubia V70 Design NFC RAM 8/128GB RAM 8/256GB GARANSI RESMI
Rp
2.122.000
5.0
8 Terjual
2-5 Hari
Tangerang",https://shopee.co.id/ZTE-Nubia-V70-Design-NFC-RAM-8-128GB-RAM-8-256GB-GARANSI-RESMI-i.228771622.27628200711?extraParams=%7B%22display_model_id%22%3A159046729446%2C%22model_selection_logic%22%3A3%7D&sp_atk=40e24b2c-13d9-49a0-b407-d7fca91a57ec&xptdk=40e24b2c-13d9-49a0-b407-d7fca91a57ec
https://down-id.img.susercontent.com/file/4d662d0b1a9ccbace7bf39a531c98dfd,https://down-id.img.susercontent.com/file/id-11134258-8224v-mkvw0cu9r7k1a5,ZTE ZXHN F670 SECOND ORIGINAL,Rp,321.111,https://deo.shopeemobile.com/shopee/modules-federation/live/0/shopee__item-card-standard-v2/0.2.8/pc/d7099d3fd1dfdaf705ab.svg,4.9,1RB+ Terjual,https://deo.shopeemobile.com/shopee/modules-federation/live/0/shopee__item-card-standard-v2/0.2.8/pc/76dff349290d20891fc1.svg,2-4 Hari,https://deo.shopeemobile.com/shopee/modules-federation/live/0/shopee__item-card-standard-v2/0.2.8/pc/5dd7b4560d0e2d3190e8.svg,Jakarta Barat,,,,,,,"Scrape to BigSeller
ZTE ZXHN F670 SECOND ORIGINAL
Rp
321.111
4.9
1RB+ Terjual
2-4 Hari
Jakarta Barat",https://shopee.co.id/ZTE-ZXHN-F670-SECOND-ORIGINAL-i.81058966.19504585142?extraParams=%7B%22display_model_id%22%3A200258214239%2C%22model_selection_logic%22%3A3%7D&sp_atk=0b8bc90c-6008-48ff-a38d-625d27d144ff&xptdk=0b8bc90c-6008-48ff-a38d-625d27d144ff
https://down-id.img.susercontent.com/file/sg-11134201-22120-q7hm0y67y4kv10,,zte v5 biru,Rp,170.000,https://deo.shopeemobile.com/shopee/modules-federation/live/0/shopee__item-card-standard-v2/0.2.8/pc/d7099d3fd1dfdaf705ab.svg,4.9,126 Terjual,https://deo.shopeemobile.com/shopee/modules-federation/live/0/shopee__item-card-standard-v2/0.2.8/pc/76dff349290d20891fc1.svg,9-14 Hari,https://deo.shopeemobile.com/shopee/modules-federation/live/0/shopee__item-card-standard-v2/0.2.8/pc/5dd7b4560d0e2d3190e8.svg,Tanjung Pinang,https://deo.shopeemobile.com/shopee/modules-federation/live/0/shopee__item-card-standard-v2/0.2.8/pc/a425c915798471b33e5d.png,,,,,,"Scrape to BigSeller
zte v5 biru
Rp
170.000
4.9
126 Terjual
9-14 Hari
Tanjung Pinang",https://shopee.co.id/zte-v5-biru-i.117071808.19962610306?extraParams=%7B%22display_model_id%22%3A156261108368%2C%22model_selection_logic%22%3A3%7D&sp_atk=c5e1df48-cbc9-44d0-b264-708024920da2&xptdk=c5e1df48-cbc9-44d0-b264-708024920da2
https://down-id.img.susercontent.com/file/id-11134207-7rbke-ma8aa2jfoz9h9d,https://down-id.img.susercontent.com/file/id-11134258-8224v-mkvw0cu9r7k1a5,ZTE NUBIA NEO 3 5G GARANSI RESMI NASIONAL,Rp,2.792.000,https://deo.shopeemobile.com/shopee/modules-federation/live/0/shopee__item-card-standard-v2/0.2.8/pc/d7099d3fd1dfdaf705ab.svg,5.0,3 Terjual,https://deo.shopeemobile.com/shopee/modules-federation/live/0/shopee__item-card-standard-v2/0.2.8/pc/76dff349290d20891fc1.svg,4-7 Hari,https://deo.shopeemobile.com/shopee/modules-federation/live/0/shopee__item-card-standard-v2/0.2.8/pc/5dd7b4560d0e2d3190e8.svg,Kab. Deli Serdang,https://deo.shopeemobile.com/shopee/modules-federation/live/0/shopee__item-card-standard-v2/0.2.8/pc/a425c915798471b33e5d.png,-1%,,,,,"Scrape to BigSeller
ZTE NUBIA NEO 3 5G GARANSI RESMI NASIONAL
Rp
2.792.000
-1%
5.0
3 Terjual
4-7 Hari
Kab. Deli Serdang",https://shopee.co.id/ZTE-NUBIA-NEO-3-5G-GARANSI-RESMI-NASIONAL-i.12240927.44402223097?extraParams=%7B%22display_model_id%22%3A198532350551%2C%22model_selection_logic%22%3A3%7D&sp_atk=16e777a4-672b-4169-8368-29b5474c21eb&xptdk=16e777a4-672b-4169-8368-29b5474c21eb
https://down-id.img.susercontent.com/file/sg-11134207-7rfig-m3iwaoaa7i052b,https://down-id.img.susercontent.com/file/id-11134258-8224v-mkvw0cu9r7k1a5,zte v3,Rp,200.000,https://deo.shopeemobile.com/shopee/modules-federation/live/0/shopee__item-card-standard-v2/0.2.8/pc/d7099d3fd1dfdaf705ab.svg,4.9,81 Terjual,https://deo.shopeemobile.com/shopee/modules-federation/live/0/shopee__item-card-standard-v2/0.2.8/pc/38e203dc86172a6c6560.svg,,https://deo.shopeemobile.com/shopee/modules-federation/live/0/shopee__item-card-standard-v2/0.2.8/pc/5dd7b4560d0e2d3190e8.svg,Payakumbuh,,,,https://deo.shopeemobile.com/shopee/modules-federation/live/0/shopee__item-card-standard-v2/0.2.8/pc/0614b8f0a8fdde22942d.svg,Besok,,"Scrape to BigSeller
zte v3
Rp
200.000
4.9
81 Terjual
Besok
Payakumbuh",https://shopee.co.id/zte-v3-i.35130126.24789227359?extraParams=%7B%22display_model_id%22%3A39847013585%2C%22model_selection_logic%22%3A3%7D&sp_atk=776f6de9-bfa9-4187-963a-6ed4234f939b&xptdk=776f6de9-bfa9-4187-963a-6ed4234f939b
https://down-id.img.susercontent.com/file/id-11134207-7rasb-m3d29f77dzin17,https://down-id.img.susercontent.com/file/id-11134258-822wr-mlx67rtd6r602f,ZTE F477V2 5DB NEW + ADAPTOR,Rp,120.120,https://deo.shopeemobile.com/shopee/modules-federation/live/0/shopee__item-card-standard-v2/0.2.8/pc/d7099d3fd1dfdaf705ab.svg,5.0,390 Terjual,https://deo.shopeemobile.com/shopee/modules-federation/live/0/shopee__item-card-standard-v2/0.2.8/pc/76dff349290d20891fc1.svg,2-3 Hari,https://deo.shopeemobile.com/shopee/modules-federation/live/0/shopee__item-card-standard-v2/0.2.8/pc/5dd7b4560d0e2d3190e8.svg,Kab. Bekasi,https://deo.shopeemobile.com/shopee/modules-federation/live/0/shopee__item-card-standard-v2/0.2.8/pc/e4734dab67ee2f9ebd5a.png,,,,,,"Scrape to BigSeller
ZTE F477V2 5DB NEW + ADAPTOR
Rp
120.120
5.0
390 Terjual
2-3 Hari
Kab. Bekasi",https://shopee.co.id/ZTE-F477V2-5DB-NEW-ADAPTOR-i.187476401.29369637474?extraParams=%7B%22display_model_id%22%3A108580421027%2C%22model_selection_logic%22%3A3%7D&sp_atk=881963e8-923a-411d-83c5-acd9ecbd98e1&xptdk=881963e8-923a-411d-83c5-acd9ecbd98e1
https://down-id.img.susercontent.com/file/id-11134207-7ra0p-mbbujs7ajce0f9,https://down-id.img.susercontent.com/file/id-11134258-822wr-mlx67rtd6r602f,ZTE F609 versi 2,Rp,150.000,https://deo.shopeemobile.com/shopee/modules-federation/live/0/shopee__item-card-standard-v2/0.2.8/pc/d7099d3fd1dfdaf705ab.svg,4.9,32 Terjual,https://deo.shopeemobile.com/shopee/modules-federation/live/0/shopee__item-card-standard-v2/0.2.8/pc/38e203dc86172a6c6560.svg,,https://deo.shopeemobile.com/shopee/modules-federation/live/0/shopee__item-card-standard-v2/0.2.8/pc/5dd7b4560d0e2d3190e8.svg,Kab. Tangerang,https://deo.shopeemobile.com/shopee/modules-federation/live/0/shopee__item-card-standard-v2/0.2.8/pc/e4734dab67ee2f9ebd5a.png,,,https://deo.shopeemobile.com/shopee/modules-federation/live/0/shopee__item-card-standard-v2/0.2.8/pc/0614b8f0a8fdde22942d.svg,Besok,,"Scrape to BigSeller
ZTE F609 versi 2
Rp
150.000
4.9
32 Terjual
Besok
Kab. Tangerang",https://shopee.co.id/ZTE-F609-versi-2-i.21243036.43755542837?extraParams=%7B%22display_model_id%22%3A305467674254%2C%22model_selection_logic%22%3A3%7D&sp_atk=fcf82a9c-d3f3-4d6c-bb26-f3b7918da8d7&xptdk=fcf82a9c-d3f3-4d6c-bb26-f3b7918da8d7
https://down-id.img.susercontent.com/file/id-11134207-7rasd-m5bmlw1nkl527a,https://down-id.img.susercontent.com/file/id-11134258-8224v-mkvw0cu9r7k1a5,ZTE Nubia Neo 2 5G RAM 8/256GB Garansi Resmi,Rp,2.600.000,https://deo.shopeemobile.com/shopee/modules-federation/live/0/shopee__item-card-standard-v2/0.2.8/pc/d7099d3fd1dfdaf705ab.svg,4.7,34 Terjual,https://deo.shopeemobile.com/shopee/modules-federation/live/0/shopee__item-card-standard-v2/0.2.8/pc/76dff349290d20891fc1.svg,2-5 Hari,https://deo.shopeemobile.com/shopee/modules-federation/live/0/shopee__item-card-standard-v2/0.2.8/pc/5dd7b4560d0e2d3190e8.svg,Tangerang,https://deo.shopeemobile.com/shopee/modules-federation/live/0/shopee__item-card-standard-v2/0.2.8/pc/7c9110f78e069acbced7.png,,,,,,"Scrape to BigSeller
ZTE Nubia Neo 2 5G RAM 8/256GB Garansi Resmi
Rp
2.600.000
4.7
34 Terjual
2-5 Hari
Tangerang",https://shopee.co.id/ZTE-Nubia-Neo-2-5G-RAM-8-256GB-Garansi-Resmi-i.228771622.28773508291?extraParams=%7B%22display_model_id%22%3A248614995315%2C%22model_selection_logic%22%3A3%7D&sp_atk=3941817f-5fc6-4700-8871-eecf4be5dbef&xptdk=3941817f-5fc6-4700-8871-eecf4be5dbef
https://down-id.img.susercontent.com/file/id-11134207-7ra0g-mboopxcrnxdy50,https://down-id.img.susercontent.com/file/id-11134258-8224v-mkvw0cu9r7k1a5,Zte Nubia Neo 3 GT 5G 8/256 8+8/256 16/256 Garansi Resmi 1 Tahun Nubia Neo 3GT 5G 8/256 Nubia Neo 3 GT 8/256 Nubia Neo 3GT 8/256 Nubia Neo 3 GT 5G 8+8/256 Nubia Neo 3 GT 5G 16/256 Nubia Neo 3 GT 8+8/256 Nubia Neo 3 GT 16/256,Rp,3.399.000,https://deo.shopeemobile.com/shopee/modules-federation/live/0/shopee__item-card-standard-v2/0.2.8/pc/d7099d3fd1dfdaf705ab.svg,5.0,7 Terjual,https://deo.shopeemobile.com/shopee/modules-federation/live/0/shopee__item-card-standard-v2/0.2.8/pc/76dff349290d20891fc1.svg,4-11 Hari,https://deo.shopeemobile.com/shopee/modules-federation/live/0/shopee__item-card-standard-v2/0.2.8/pc/5dd7b4560d0e2d3190e8.svg,Pontianak,https://deo.shopeemobile.com/shopee/modules-federation/live/0/shopee__item-card-standard-v2/0.2.8/pc/e4734dab67ee2f9ebd5a.png,,,,,,"Scrape to BigSeller
Zte Nubia Neo 3 GT 5G 8/256 8+8/256 16/256 Garansi Resmi 1 Tahun Nubia Neo 3GT 5G 8/256 Nubia Neo 3 GT 8/256 Nubia Neo 3GT 8/256 Nubia Neo 3 GT 5G 8+8/256 Nubia Neo 3 GT 5G 16/256 Nubia Neo 3 GT 8+8/256 Nubia Neo 3 GT 16/256
Rp
3.399.000
5.0
7 Terjual
4-11 Hari
Pontianak",https://shopee.co.id/Zte-Nubia-Neo-3-GT-5G-8-256-8-8-256-16-256-Garansi-Resmi-1-Tahun-Nubia-Neo-3GT-5G-8-256-Nubia-Neo-3-GT-8-256-Nubia-Neo-3GT-8-256-Nubia-Neo-3-GT-5G-8-8-256-Nubia-Neo-3-GT-5G-16-256-Nubia-Neo-3-GT-8-8-256-Nubia-Neo-3-GT-16-256-i.47594593.43756981227?extraParams=%7B%22display_model_id%22%3A300591827567%2C%22model_selection_logic%22%3A3%7D&sp_atk=a2ea4df7-2203-4320-af47-05ad84798316&xptdk=a2ea4df7-2203-4320-af47-05ad84798316
https://down-id.img.susercontent.com/file/id-11134207-7ra0s-mckqbnjvmot36d,https://down-id.img.susercontent.com/file/id-11134258-8224v-mkvw0cu9r7k1a5,ZTE ZXHN F609,Rp,185.000,https://deo.shopeemobile.com/shopee/modules-federation/live/0/shopee__item-card-standard-v2/0.2.8/pc/d7099d3fd1dfdaf705ab.svg,4.9,105 Terjual,https://deo.shopeemobile.com/shopee/modules-federation/live/0/shopee__item-card-standard-v2/0.2.8/pc/76dff349290d20891fc1.svg,2-3 Hari,https://deo.shopeemobile.com/shopee/modules-federation/live/0/shopee__item-card-standard-v2/0.2.8/pc/5dd7b4560d0e2d3190e8.svg,Tangerang,,,,,,,"Scrape to BigSeller
ZTE ZXHN F609
Rp
185.000
4.9
105 Terjual
2-3 Hari
Tangerang",https://shopee.co.id/ZTE-ZXHN-F609-i.696234836.25401517674?extraParams=%7B%22display_model_id%22%3A215369089213%2C%22model_selection_logic%22%3A3%7D&sp_atk=d7ff2e41-98ad-435f-8030-1e264990de3d&xptdk=d7ff2e41-98ad-435f-8030-1e264990de3d
https://down-id.img.susercontent.com/file/id-11134207-81zti-meqn7bzjbi8631,https://down-id.img.susercontent.com/file/id-11134258-8224v-mkvw0cu9r7k1a5,ZTE NUBIA NEO 3 5G 8/256 GB,Rp,2.970.000,https://deo.shopeemobile.com/shopee/modules-federation/live/0/shopee__item-card-standard-v2/0.2.8/pc/d7099d3fd1dfdaf705ab.svg,4.3,5 Terjual,https://deo.shopeemobile.com/shopee/modules-federation/live/0/shopee__item-card-standard-v2/0.2.8/pc/76dff349290d20891fc1.svg,4-8 Hari,https://deo.shopeemobile.com/shopee/modules-federation/live/0/shopee__item-card-standard-v2/0.2.8/pc/5dd7b4560d0e2d3190e8.svg,Samarinda,https://deo.shopeemobile.com/shopee/modules-federation/live/0/shopee__item-card-standard-v2/0.2.8/pc/e4734dab67ee2f9ebd5a.png,-15%,,,,,"Scrape to BigSeller
ZTE NUBIA NEO 3 5G 8/256 GB
Rp
2.970.000
-15%
4.3
5 Terjual
4-8 Hari
Samarinda",https://shopee.co.id/ZTE-NUBIA-NEO-3-5G-8-256-GB-i.1159910408.44053153312?extraParams=%7B%22display_model_id%22%3A280261521828%2C%22model_selection_logic%22%3A3%7D&sp_atk=665c1476-a923-4761-8761-028f25a13d92&xptdk=665c1476-a923-4761-8761-028f25a13d92
https://down-id.img.susercontent.com/file/c205e233c78a7028e104479bf9e1c141,,zte v3,Rp,175.000,,,,https://deo.shopeemobile.com/shopee/modules-federation/live/0/shopee__item-card-standard-v2/0.2.8/pc/76dff349290d20891fc1.svg,6-10 Hari,https://deo.shopeemobile.com/shopee/modules-federation/live/0/shopee__item-card-standard-v2/0.2.8/pc/5dd7b4560d0e2d3190e8.svg,Jambi,,,,,,,"Scrape to BigSeller
zte v3
Rp
175.000
6-10 Hari
Jambi",https://shopee.co.id/zte-v3-i.266534876.9612362568?extraParams=%7B%22display_model_id%22%3A24249660059%2C%22model_selection_logic%22%3A3%7D&sp_atk=505e3cca-2492-48c6-a28d-530b02cf5a95&xptdk=505e3cca-2492-48c6-a28d-530b02cf5a95
https://down-id.img.susercontent.com/file/300fe57ef7af175e916ee6c7e3209344,,ZTE V3 NWW,Rp,150.000,,,,https://deo.shopeemobile.com/shopee/modules-federation/live/0/shopee__item-card-standard-v2/0.2.8/pc/38e203dc86172a6c6560.svg,,https://deo.shopeemobile.com/shopee/modules-federation/live/0/shopee__item-card-standard-v2/0.2.8/pc/5dd7b4560d0e2d3190e8.svg,Singkawang,,,,https://deo.shopeemobile.com/shopee/modules-federation/live/0/shopee__item-card-standard-v2/0.2.8/pc/0614b8f0a8fdde22942d.svg,Besok,,"Scrape to BigSeller
ZTE V3 NWW
Rp
150.000
Besok
Singkawang",https://shopee.co.id/ZTE-V3-NWW-i.366479741.3975520756?extraParams=%7B%22display_model_id%22%3A53269404603%2C%22model_selection_logic%22%3A3%7D&sp_atk=8b99f811-98c4-4f78-9e26-0a54b3b008d3&xptdk=8b99f811-98c4-4f78-9e26-0a54b3b008d3
https://down-id.img.susercontent.com/file/id-11134207-8224v-mibx8rnce4u9d4,https://down-id.img.susercontent.com/file/id-11134258-8224v-mkvw0cu9r7k1a5,ZTE NUBIA NEO 3 GT 5G RAM 8GB/256GB HP GAMING SHOULDER TRIGGER AMOLED 120HZ GARANSI RESMI,Rp,3.185.000,https://deo.shopeemobile.com/shopee/modules-federation/live/0/shopee__item-card-standard-v2/0.2.8/pc/d7099d3fd1dfdaf705ab.svg,5.0,3 Terjual,https://deo.shopeemobile.com/shopee/modules-federation/live/0/shopee__item-card-standard-v2/0.2.8/pc/76dff349290d20891fc1.svg,3-6 Hari,https://deo.shopeemobile.com/shopee/modules-federation/live/0/shopee__item-card-standard-v2/0.2.8/pc/5dd7b4560d0e2d3190e8.svg,Medan,https://deo.shopeemobile.com/shopee/modules-federation/live/0/shopee__item-card-standard-v2/0.2.8/pc/a425c915798471b33e5d.png,,,,,,"Scrape to BigSeller
ZTE NUBIA NEO 3 GT 5G RAM 8GB/256GB HP GAMING SHOULDER TRIGGER AMOLED 120HZ GARANSI RESMI
Rp
3.185.000
5.0
3 Terjual
3-6 Hari
Medan",https://shopee.co.id/ZTE-NUBIA-NEO-3-GT-5G-RAM-8GB-256GB-HP-GAMING-SHOULDER-TRIGGER-AMOLED-120HZ-GARANSI-RESMI-i.1598052667.44360935193?extraParams=%7B%22display_model_id%22%3A290918191904%2C%22model_selection_logic%22%3A3%7D&sp_atk=ba0e21c5-ad13-4429-8d31-aad120b5c9f8&xptdk=ba0e21c5-ad13-4429-8d31-aad120b5c9f8
https://down-id.img.susercontent.com/file/id-11134207-822wo-mn14nzedciyt2c,https://down-id.img.susercontent.com/file/id-11134258-8224v-mkvw0cu9r7k1a5,ZTE NUBIA NEO 3 GT 8/256 GB,Rp,3.289.000,https://deo.shopeemobile.com/shopee/modules-federation/live/0/shopee__item-card-standard-v2/0.2.8/pc/d7099d3fd1dfdaf705ab.svg,5.0,4 Terjual,https://deo.shopeemobile.com/shopee/modules-federation/live/0/shopee__item-card-standard-v2/0.2.8/pc/76dff349290d20891fc1.svg,4-8 Hari,https://deo.shopeemobile.com/shopee/modules-federation/live/0/shopee__item-card-standard-v2/0.2.8/pc/5dd7b4560d0e2d3190e8.svg,Samarinda,https://deo.shopeemobile.com/shopee/modules-federation/live/0/shopee__item-card-standard-v2/0.2.8/pc/e4734dab67ee2f9ebd5a.png,-11%,,,,,"Scrape to BigSeller
ZTE NUBIA NEO 3 GT 8/256 GB
Rp
3.289.000
-11%
5.0
4 Terjual
4-8 Hari
Samarinda",https://shopee.co.id/ZTE-NUBIA-NEO-3-GT-8-256-GB-i.1159910408.42503158293?extraParams=%7B%22display_model_id%22%3A395061410990%2C%22model_selection_logic%22%3A3%7D&sp_atk=d5bcb1e5-a2db-4087-8488-d001b12781be&xptdk=d5bcb1e5-a2db-4087-8488-d001b12781be
https://down-id.img.susercontent.com/file/id-11134207-7rbk7-makrebtnf6ec9c,https://down-id.img.susercontent.com/file/id-11134258-8224v-mkvw0cu9r7k1a5,ZTE NUBIA NEO3 5G 8GB 256GB,Rp,2.769.000,https://deo.shopeemobile.com/shopee/modules-federation/live/0/shopee__item-card-standard-v2/0.2.8/pc/d7099d3fd1dfdaf705ab.svg,5.0,3 Terjual,https://deo.shopeemobile.com/shopee/modules-federation/live/0/shopee__item-card-standard-v2/0.2.8/pc/38e203dc86172a6c6560.svg,,https://deo.shopeemobile.com/shopee/modules-federation/live/0/shopee__item-card-standard-v2/0.2.8/pc/5dd7b4560d0e2d3190e8.svg,Jakarta Utara,https://deo.shopeemobile.com/shopee/modules-federation/live/0/shopee__item-card-standard-v2/0.2.8/pc/7c9110f78e069acbced7.png,-19%,,https://deo.shopeemobile.com/shopee/modules-federation/live/0/shopee__item-card-standard-v2/0.2.8/pc/0614b8f0a8fdde22942d.svg,Besok,,"Scrape to BigSeller
ZTE NUBIA NEO3 5G 8GB 256GB
Rp
2.769.000
-19%
5.0
3 Terjual
Besok
Jakarta Utara",https://shopee.co.id/ZTE-NUBIA-NEO3-5G-8GB-256GB-i.383392952.43053209699?extraParams=%7B%22display_model_id%22%3A285265765022%2C%22model_selection_logic%22%3A3%7D&sp_atk=90b5116a-16d9-4ffe-a10b-56db2bbfc243&xptdk=90b5116a-16d9-4ffe-a10b-56db2bbfc243
https://down-id.img.susercontent.com/file/id-11134207-8224q-mk0tm4ka5vd3f5,https://down-id.img.susercontent.com/file/id-11134258-8224v-mkvw0cu9r7k1a5,ZTE Nubia Neo 3 GT 5G 8/256GB Garansi Resmi.,Rp,3.185.000,https://deo.shopeemobile.com/shopee/modules-federation/live/0/shopee__item-card-standard-v2/0.2.8/pc/d7099d3fd1dfdaf705ab.svg,5.0,37 Terjual,https://deo.shopeemobile.com/shopee/modules-federation/live/0/shopee__item-card-standard-v2/0.2.8/pc/38e203dc86172a6c6560.svg,,https://deo.shopeemobile.com/shopee/modules-federation/live/0/shopee__item-card-standard-v2/0.2.8/pc/5dd7b4560d0e2d3190e8.svg,Medan,https://deo.shopeemobile.com/shopee/modules-federation/live/0/shopee__item-card-standard-v2/0.2.8/pc/a425c915798471b33e5d.png,,,https://deo.shopeemobile.com/shopee/modules-federation/live/0/shopee__item-card-standard-v2/0.2.8/pc/0614b8f0a8fdde22942d.svg,Besok,,"Scrape to BigSeller
ZTE Nubia Neo 3 GT 5G 8/256GB Garansi Resmi.
Rp
3.185.000
5.0
37 Terjual
Besok
Medan",https://shopee.co.id/ZTE-Nubia-Neo-3-GT-5G-8-256GB-Garansi-Resmi.-i.1465037947.42708242304?extraParams=%7B%22display_model_id%22%3A290695098084%2C%22model_selection_logic%22%3A3%7D&sp_atk=e3b3b61d-419a-4b87-8949-d7100959b01b&xptdk=e3b3b61d-419a-4b87-8949-d7100959b01b
https://down-id.img.susercontent.com/file/id-11134207-7r98z-m085i99n9fefe2,https://down-id.img.susercontent.com/file/id-11134258-822wr-mlx67rtd6r602f,ZTE F477 V2 NEW,Rp,120.120,https://deo.shopeemobile.com/shopee/modules-federation/live/0/shopee__item-card-standard-v2/0.2.8/pc/d7099d3fd1dfdaf705ab.svg,5.0,160 Terjual,https://deo.shopeemobile.com/shopee/modules-federation/live/0/shopee__item-card-standard-v2/0.2.8/pc/76dff349290d20891fc1.svg,2-3 Hari,https://deo.shopeemobile.com/shopee/modules-federation/live/0/shopee__item-card-standard-v2/0.2.8/pc/5dd7b4560d0e2d3190e8.svg,Kab. Karawang,https://deo.shopeemobile.com/shopee/modules-federation/live/0/shopee__item-card-standard-v2/0.2.8/pc/e4734dab67ee2f9ebd5a.png,,,,,,"Scrape to BigSeller
ZTE F477 V2 NEW
Rp
120.120
5.0
160 Terjual
2-3 Hari
Kab. Karawang",https://shopee.co.id/ZTE-F477-V2-NEW-i.955771870.26661422734?extraParams=%7B%22display_model_id%22%3A109264698982%2C%22model_selection_logic%22%3A3%7D&sp_atk=26a4dc90-1b78-4602-a97e-e47b44eff33b&xptdk=26a4dc90-1b78-4602-a97e-e47b44eff33b
https://down-id.img.susercontent.com/file/id-11134207-7r98o-lvejvzdlakyndb,https://down-id.img.susercontent.com/file/id-11134258-822wr-mlx67rtd6r602f,ZTE F460 V6 SUPPORT BRIDGE,Rp,102.999,https://deo.shopeemobile.com/shopee/modules-federation/live/0/shopee__item-card-standard-v2/0.2.8/pc/d7099d3fd1dfdaf705ab.svg,4.8,1RB+ Terjual,https://deo.shopeemobile.com/shopee/modules-federation/live/0/shopee__item-card-standard-v2/0.2.8/pc/38e203dc86172a6c6560.svg,,https://deo.shopeemobile.com/shopee/modules-federation/live/0/shopee__item-card-standard-v2/0.2.8/pc/5dd7b4560d0e2d3190e8.svg,Kab. Indramayu,https://deo.shopeemobile.com/shopee/modules-federation/live/0/shopee__item-card-standard-v2/0.2.8/pc/e4734dab67ee2f9ebd5a.png,,,https://deo.shopeemobile.com/shopee/modules-federation/live/0/shopee__item-card-standard-v2/0.2.8/pc/0614b8f0a8fdde22942d.svg,Besok,,"Scrape to BigSeller
ZTE F460 V6 SUPPORT BRIDGE
Rp
102.999
4.8
1RB+ Terjual
Besok
Kab. Indramayu",https://shopee.co.id/ZTE-F460-V6-SUPPORT-BRIDGE-i.1888501.22251320477?extraParams=%7B%22display_model_id%22%3A222802573116%2C%22model_selection_logic%22%3A3%7D&sp_atk=589ffc24-5168-47ae-a4d6-fdd0fca6792f&xptdk=589ffc24-5168-47ae-a4d6-fdd0fca6792f