-image-yazkc-11,-image-yazkc-11_2,text-sm,inline-block,text-xs/sp14,font-medium,text-xs/sp14_2,pointer-events-none,text-shopee-green,pointer-events-none_2,align-middle,w-auto,text-white,text-shopee-primary,truncate,img_2,pointer-events-none_3,_container,_container_link
https://down-id.img.susercontent.com/file/id-11134207-7rbkc-maywctgwdu0494,https://down-id.img.susercontent.com/file/id-11134258-7r98w-lyezzaurybot13,ZYREX ULTRA INTEL N100 8GB 128+256GB W11 14.0FHD BLIT METAL 2Y BLK,https://deo.shopeemobile.com/shopee/modules-federation/live/0/shopee__item-card-standard-v2/0.2.8/pc/7c9110f78e069acbced7.png,Rp,5.149.000,5.0,https://deo.shopeemobile.com/shopee/modules-federation/live/0/shopee__item-card-standard-v2/0.2.8/pc/76dff349290d20891fc1.svg,3 Terjual,https://deo.shopeemobile.com/shopee/modules-federation/live/0/shopee__item-card-standard-v2/0.2.8/pc/5dd7b4560d0e2d3190e8.svg,Pontianak,,,,,https://deo.shopeemobile.com/shopee/modules-federation/live/0/shopee__item-card-standard-v2/0.2.8/pc/d7099d3fd1dfdaf705ab.svg,,"ZYREX ULTRA INTEL N100 8GB 128+256GB W11 14.0FHD BLIT METAL 2Y BLK
Rp
5.149.000
5.0
3 Terjual
3-8 Hari
Pontianak",https://shopee.co.id/ZYREX-ULTRA-INTEL-N100-8GB-128-256GB-W11-14.0FHD-BLIT-METAL-2Y-BLK-i.1534026306.42354452144?extraParams=%7B%22display_model_id%22%3A258518124960%2C%22model_selection_logic%22%3A3%7D&sp_atk=1432a113-8646-4ce1-acc0-8bae6020d75c&xptdk=1432a113-8646-4ce1-acc0-8bae6020d75c
https://down-id.img.susercontent.com/file/id-11134207-7rbka-mamj0njn8dx4b4,,ZYREX ULTRA INTEL N100 8GB 384SSD W11,,Rp,4.975.000,5.0,https://deo.shopeemobile.com/shopee/modules-federation/live/0/shopee__item-card-standard-v2/0.2.8/pc/38e203dc86172a6c6560.svg,3 Terjual,https://deo.shopeemobile.com/shopee/modules-federation/live/0/shopee__item-card-standard-v2/0.2.8/pc/5dd7b4560d0e2d3190e8.svg,Surabaya,https://deo.shopeemobile.com/shopee/modules-federation/live/0/shopee__item-card-standard-v2/0.2.8/pc/0614b8f0a8fdde22942d.svg,Besok 11:00,,,https://deo.shopeemobile.com/shopee/modules-federation/live/0/shopee__item-card-standard-v2/0.2.8/pc/d7099d3fd1dfdaf705ab.svg,,"ZYREX ULTRA INTEL N100 8GB 384SSD W11
Rp
4.975.000
5.0
3 Terjual
Besok 11:00
Surabaya",https://shopee.co.id/ZYREX-ULTRA-INTEL-N100-8GB-384SSD-W11-i.1058807.44203364098?extraParams=%7B%22display_model_id%22%3A285279455249%2C%22model_selection_logic%22%3A3%7D&sp_atk=1ebcf5c9-3ba0-48d9-ad6e-41ed414a7c48&xptdk=1ebcf5c9-3ba0-48d9-ad6e-41ed414a7c48
https://down-id.img.susercontent.com/file/id-11134207-7ra0u-mbhxwko8of6m07,https://down-id.img.susercontent.com/file/id-11134258-8224v-mkvw0cu9r7k1a5,"Zyrex L-Book Intel Celeron 8GB 384GB Win 11 14"" HD",https://deo.shopeemobile.com/shopee/modules-federation/live/0/shopee__item-card-standard-v2/0.2.8/pc/e4734dab67ee2f9ebd5a.png,Rp,4.160.000,4.9,https://deo.shopeemobile.com/shopee/modules-federation/live/0/shopee__item-card-standard-v2/0.2.8/pc/38e203dc86172a6c6560.svg,14 Terjual,https://deo.shopeemobile.com/shopee/modules-federation/live/0/shopee__item-card-standard-v2/0.2.8/pc/5dd7b4560d0e2d3190e8.svg,Jakarta Pusat,https://deo.shopeemobile.com/shopee/modules-federation/live/0/shopee__item-card-standard-v2/0.2.8/pc/0614b8f0a8fdde22942d.svg,< 2 Hari,,,https://deo.shopeemobile.com/shopee/modules-federation/live/0/shopee__item-card-standard-v2/0.2.8/pc/d7099d3fd1dfdaf705ab.svg,,"Zyrex L-Book Intel Celeron 8GB 384GB Win 11 14"" HD
Rp
4.160.000
4.9
14 Terjual
< 2 Hari
Jakarta Pusat",https://shopee.co.id/Zyrex-L-Book-Intel-Celeron-8GB-384GB-Win-11-14-HD-i.1316244009.43756402718?extraParams=%7B%22display_model_id%22%3A305536773496%2C%22model_selection_logic%22%3A3%7D&sp_atk=f4177159-47e2-4b2f-bd1d-6811752cb73e&xptdk=f4177159-47e2-4b2f-bd1d-6811752cb73e
https://down-id.img.susercontent.com/file/id-11134207-7rbk4-m9y8f6g9l2e67a,https://down-id.img.susercontent.com/file/id-11134258-822wr-mlx5y0tebegw04,Laptop ZYREX D-TECH Ryzen 5 3500U 16GB SSD 256GB 14 HD W11 - ZYREX DTECH,https://deo.shopeemobile.com/shopee/modules-federation/live/0/shopee__item-card-standard-v2/0.2.8/pc/e4734dab67ee2f9ebd5a.png,Rp,6.393.000,4.9,https://deo.shopeemobile.com/shopee/modules-federation/live/0/shopee__item-card-standard-v2/0.2.8/pc/38e203dc86172a6c6560.svg,10 Terjual,https://deo.shopeemobile.com/shopee/modules-federation/live/0/shopee__item-card-standard-v2/0.2.8/pc/5dd7b4560d0e2d3190e8.svg,Tangerang Selatan,https://deo.shopeemobile.com/shopee/modules-federation/live/0/shopee__item-card-standard-v2/0.2.8/pc/0614b8f0a8fdde22942d.svg,< 2 Hari,-30%,Hadiah Gratis,https://deo.shopeemobile.com/shopee/modules-federation/live/0/shopee__item-card-standard-v2/0.2.8/pc/d7099d3fd1dfdaf705ab.svg,,"Laptop ZYREX D-TECH Ryzen 5 3500U 16GB SSD 256GB 14 HD W11 - ZYREX DTECH
Rp
6.393.000
-30%
Hadiah Gratis
4.9
10 Terjual
< 2 Hari
Tangerang Selatan",https://shopee.co.id/Laptop-ZYREX-D-TECH-Ryzen-5-3500U-16GB-SSD-256GB-14-HD-W11-ZYREX-DTECH-i.1093264460.25542134197?extraParams=%7B%22display_model_id%22%3A440643655724%2C%22model_selection_logic%22%3A3%7D&sp_atk=2cb6a666-3cbf-4a9b-b8f9-32c4850cd852&xptdk=2cb6a666-3cbf-4a9b-b8f9-32c4850cd852
https://down-id.img.susercontent.com/file/id-11134207-7ra0k-md5vchnl9vtw1e,https://down-id.img.susercontent.com/file/id-11134258-8224v-mkvw0cu9r7k1a5,"Zyrex Blaze i5-12450H 14"" FHD IPS 16GB 512GB SSD",https://deo.shopeemobile.com/shopee/modules-federation/live/0/shopee__item-card-standard-v2/0.2.8/pc/a425c915798471b33e5d.png,Rp,7.499.000,,https://deo.shopeemobile.com/shopee/modules-federation/live/0/shopee__item-card-standard-v2/0.2.8/pc/38e203dc86172a6c6560.svg,< 2 Hari,https://deo.shopeemobile.com/shopee/modules-federation/live/0/shopee__item-card-standard-v2/0.2.8/pc/5dd7b4560d0e2d3190e8.svg,Yogyakarta,https://deo.shopeemobile.com/shopee/modules-federation/live/0/shopee__item-card-standard-v2/0.2.8/pc/0614b8f0a8fdde22942d.svg,< 2 Hari,,,https://deo.shopeemobile.com/shopee/modules-federation/live/0/shopee__item-card-standard-v2/0.2.8/pc/0614b8f0a8fdde22942d.svg,,"Zyrex Blaze i5-12450H 14"" FHD IPS 16GB 512GB SSD
Rp
7.499.000
< 2 Hari
Yogyakarta",https://shopee.co.id/Zyrex-Blaze-i5-12450H-14-FHD-IPS-16GB-512GB-SSD-i.259775845.41211984933?extraParams=%7B%22display_model_id%22%3A291004454264%2C%22model_selection_logic%22%3A3%7D&sp_atk=46f1d42e-ee6e-4eda-bc7c-8d99e89b61fc&xptdk=46f1d42e-ee6e-4eda-bc7c-8d99e89b61fc
https://down-id.img.susercontent.com/file/id-11134207-81zte-meu6n7x54ydedc,https://down-id.img.susercontent.com/file/id-11134258-8224v-mkvw0cu9r7k1a5,"Laptop Zyrex L-Book Zyrex Lifebook Intel N4020 8GB 128GB eMMC WIN 11 Home 14""HD",,Rp,4.099.000,,https://deo.shopeemobile.com/shopee/modules-federation/live/0/shopee__item-card-standard-v2/0.2.8/pc/38e203dc86172a6c6560.svg,< 2 Hari,https://deo.shopeemobile.com/shopee/modules-federation/live/0/shopee__item-card-standard-v2/0.2.8/pc/5dd7b4560d0e2d3190e8.svg,Jakarta Pusat,https://deo.shopeemobile.com/shopee/modules-federation/live/0/shopee__item-card-standard-v2/0.2.8/pc/0614b8f0a8fdde22942d.svg,< 2 Hari,,,https://deo.shopeemobile.com/shopee/modules-federation/live/0/shopee__item-card-standard-v2/0.2.8/pc/0614b8f0a8fdde22942d.svg,,"Laptop Zyrex L-Book Zyrex Lifebook Intel N4020 8GB 128GB eMMC WIN 11 Home 14""HD
Rp
4.099.000
< 2 Hari
Jakarta Pusat",https://shopee.co.id/Laptop-Zyrex-L-Book-Zyrex-Lifebook-Intel-N4020-8GB-128GB-eMMC-WIN-11-Home-14-HD-i.233137926.43220092244?extraParams=%7B%22display_model_id%22%3A196273260467%2C%22model_selection_logic%22%3A3%7D&sp_atk=2a16bb6f-113f-4807-a82c-4cc7b2550cc7&xptdk=2a16bb6f-113f-4807-a82c-4cc7b2550cc7
https://down-id.img.susercontent.com/file/id-11134207-7ra0n-mceg2ew28apxa6,https://down-id.img.susercontent.com/file/id-11134258-8224v-mkvw0cu9r7k1a5,LAPTOP ZYREX L-BOOK N4020 8GB 256GB WINDOWS 11PRO 14.0 GARANSI RESMI,https://deo.shopeemobile.com/shopee/modules-federation/live/0/shopee__item-card-standard-v2/0.2.8/pc/e4734dab67ee2f9ebd5a.png,Rp,4.155.000,5.0,https://deo.shopeemobile.com/shopee/modules-federation/live/0/shopee__item-card-standard-v2/0.2.8/pc/76dff349290d20891fc1.svg,10 Terjual,https://deo.shopeemobile.com/shopee/modules-federation/live/0/shopee__item-card-standard-v2/0.2.8/pc/5dd7b4560d0e2d3190e8.svg,Depok,,,-1%,,https://deo.shopeemobile.com/shopee/modules-federation/live/0/shopee__item-card-standard-v2/0.2.8/pc/d7099d3fd1dfdaf705ab.svg,https://deo.shopeemobile.com/shopee/modules-federation/live/0/shopee__item-card-standard-v2/0.2.8/pc/b4d1b8a78b3621dbdf4a.svg,"LAPTOP ZYREX L-BOOK N4020 8GB 256GB WINDOWS 11PRO 14.0 GARANSI RESMI
Rp
4.155.000
-1%
5.0
10 Terjual
3-4 Hari
Depok",https://shopee.co.id/LAPTOP-ZYREX-L-BOOK-N4020-8GB-256GB-WINDOWS-11PRO-14.0-GARANSI-RESMI-i.331211968.25334520031?extraParams=%7B%22display_model_id%22%3A275768646086%2C%22model_selection_logic%22%3A3%7D&sp_atk=98077782-bb94-45a5-8eae-97de7cada810&xptdk=98077782-bb94-45a5-8eae-97de7cada810
https://down-id.img.susercontent.com/file/id-11134207-822ws-mmlo7pn3gy6ca1,https://down-id.img.susercontent.com/file/id-11134258-8224v-mkvw0cu9r7k1a5,ZYREX SKY 232 PRIME I5 1035G7 8GB 512GB W11 14.0FHD,https://deo.shopeemobile.com/shopee/modules-federation/live/0/shopee__item-card-standard-v2/0.2.8/pc/7c9110f78e069acbced7.png,Rp,5.759.000,,https://deo.shopeemobile.com/shopee/modules-federation/live/0/shopee__item-card-standard-v2/0.2.8/pc/38e203dc86172a6c6560.svg,Besok,https://deo.shopeemobile.com/shopee/modules-federation/live/0/shopee__item-card-standard-v2/0.2.8/pc/5dd7b4560d0e2d3190e8.svg,Surabaya,https://deo.shopeemobile.com/shopee/modules-federation/live/0/shopee__item-card-standard-v2/0.2.8/pc/0614b8f0a8fdde22942d.svg,Besok,-1%,,https://deo.shopeemobile.com/shopee/modules-federation/live/0/shopee__item-card-standard-v2/0.2.8/pc/0614b8f0a8fdde22942d.svg,https://deo.shopeemobile.com/shopee/modules-federation/live/0/shopee__item-card-standard-v2/0.2.8/pc/b4d1b8a78b3621dbdf4a.svg,"ZYREX SKY 232 PRIME I5 1035G7 8GB 512GB W11 14.0FHD
Rp
5.759.000
-1%
Besok
Surabaya",https://shopee.co.id/ZYREX-SKY-232-PRIME-I5-1035G7-8GB-512GB-W11-14.0FHD-i.1471949508.49907249519?extraParams=%7B%22display_model_id%22%3A445644455419%2C%22model_selection_logic%22%3A3%7D&sp_atk=70f3fc91-6a08-4542-ad98-c8121f6e54e5&xptdk=70f3fc91-6a08-4542-ad98-c8121f6e54e5
https://down-id.img.susercontent.com/file/id-11134207-8224s-mgj6ac56qdce75,https://down-id.img.susercontent.com/file/id-11134258-8224q-mkvvibsp8oowa6,"Zyrex D-Tech Pro V2 Ryzen 5 16GB 512GB 14"" Win 11",https://deo.shopeemobile.com/shopee/modules-federation/live/0/shopee__item-card-standard-v2/0.2.8/pc/e4734dab67ee2f9ebd5a.png,Rp,8.575.000,5.0,https://deo.shopeemobile.com/shopee/modules-federation/live/0/shopee__item-card-standard-v2/0.2.8/pc/38e203dc86172a6c6560.svg,4 Terjual,https://deo.shopeemobile.com/shopee/modules-federation/live/0/shopee__item-card-standard-v2/0.2.8/pc/5dd7b4560d0e2d3190e8.svg,Semarang,https://deo.shopeemobile.com/shopee/modules-federation/live/0/shopee__item-card-standard-v2/0.2.8/pc/0614b8f0a8fdde22942d.svg,< 2 Hari,-25%,Pilih Lokal,https://deo.shopeemobile.com/shopee/modules-federation/live/0/shopee__item-card-standard-v2/0.2.8/pc/d7099d3fd1dfdaf705ab.svg,,"Zyrex D-Tech Pro V2 Ryzen 5 16GB 512GB 14"" Win 11
Rp
8.575.000
-25%
Pilih Lokal
5.0
4 Terjual
< 2 Hari
Semarang",https://shopee.co.id/Zyrex-D-Tech-Pro-V2-Ryzen-5-16GB-512GB-14-Win-11-i.1084083096.24496576214?extraParams=%7B%22display_model_id%22%3A286235148548%2C%22model_selection_logic%22%3A3%7D&sp_atk=79695b2e-cf32-49ce-a8ac-e797dc327b83&xptdk=79695b2e-cf32-49ce-a8ac-e797dc327b83
https://down-id.img.susercontent.com/file/id-11134207-8224y-mjfa6cnszoqtae,https://down-id.img.susercontent.com/file/id-11134258-8224v-mkvw0cu9r7k1a5,ZYREX D-TECH RYZEN 5 3500 16GB 256GB W11 14.0 2Y,https://deo.shopeemobile.com/shopee/modules-federation/live/0/shopee__item-card-standard-v2/0.2.8/pc/e4734dab67ee2f9ebd5a.png,Rp,7.551.000,5.0,https://deo.shopeemobile.com/shopee/modules-federation/live/0/shopee__item-card-standard-v2/0.2.8/pc/38e203dc86172a6c6560.svg,6 Terjual,https://deo.shopeemobile.com/shopee/modules-federation/live/0/shopee__item-card-standard-v2/0.2.8/pc/5dd7b4560d0e2d3190e8.svg,Jakarta Selatan,https://deo.shopeemobile.com/shopee/modules-federation/live/0/shopee__item-card-standard-v2/0.2.8/pc/0614b8f0a8fdde22942d.svg,< 2 Hari,-1%,,https://deo.shopeemobile.com/shopee/modules-federation/live/0/shopee__item-card-standard-v2/0.2.8/pc/d7099d3fd1dfdaf705ab.svg,https://deo.shopeemobile.com/shopee/modules-federation/live/0/shopee__item-card-standard-v2/0.2.8/pc/b4d1b8a78b3621dbdf4a.svg,"ZYREX D-TECH RYZEN 5 3500 16GB 256GB W11 14.0 2Y
Rp
7.551.000
-1%
5.0
6 Terjual
< 2 Hari
Jakarta Selatan",https://shopee.co.id/ZYREX-D-TECH-RYZEN-5-3500-16GB-256GB-W11-14.0-2Y-i.925508383.25745458719?extraParams=%7B%22display_model_id%22%3A280711507150%2C%22model_selection_logic%22%3A3%7D&sp_atk=ec701448-e571-4816-b6c5-a0b6749482a8&xptdk=ec701448-e571-4816-b6c5-a0b6749482a8
https://down-id.img.susercontent.com/file/id-11134207-822wk-mloekxyaw5xc49,https://down-id.img.susercontent.com/file/id-11134258-8224v-mkvw0cu9r7k1a5,"Laptop Zyrex D-Tech Ryzen 5 3500U 16GB SSD 256GB 14"" HD W11 Garansi Resmi",https://deo.shopeemobile.com/shopee/modules-federation/live/0/shopee__item-card-standard-v2/0.2.8/pc/e4734dab67ee2f9ebd5a.png,Rp,7.890.000,,https://deo.shopeemobile.com/shopee/modules-federation/live/0/shopee__item-card-standard-v2/0.2.8/pc/38e203dc86172a6c6560.svg,< 2 Hari,https://deo.shopeemobile.com/shopee/modules-federation/live/0/shopee__item-card-standard-v2/0.2.8/pc/5dd7b4560d0e2d3190e8.svg,Kab. Sleman,https://deo.shopeemobile.com/shopee/modules-federation/live/0/shopee__item-card-standard-v2/0.2.8/pc/0614b8f0a8fdde22942d.svg,< 2 Hari,,,https://deo.shopeemobile.com/shopee/modules-federation/live/0/shopee__item-card-standard-v2/0.2.8/pc/0614b8f0a8fdde22942d.svg,,"Laptop Zyrex D-Tech Ryzen 5 3500U 16GB SSD 256GB 14"" HD W11 Garansi Resmi
Rp
7.890.000
< 2 Hari
Kab. Sleman",https://shopee.co.id/Laptop-Zyrex-D-Tech-Ryzen-5-3500U-16GB-SSD-256GB-14-HD-W11-Garansi-Resmi-i.40255164.51957067691?extraParams=%7B%22display_model_id%22%3A282448730625%2C%22model_selection_logic%22%3A3%7D&sp_atk=c550d440-6069-435d-97ac-38d8edaab181&xptdk=c550d440-6069-435d-97ac-38d8edaab181
https://down-id.img.susercontent.com/file/id-11134207-7ra0m-mcn27dj7w4vscd,https://down-id.img.susercontent.com/file/id-11134258-822wr-mlx5y0tebegw04,Zyrex Lifebook N4020 8GB 512GB Windows 11 Pro,https://deo.shopeemobile.com/shopee/modules-federation/live/0/shopee__item-card-standard-v2/0.2.8/pc/e4734dab67ee2f9ebd5a.png,Rp,3.960.000,5.0,https://deo.shopeemobile.com/shopee/modules-federation/live/0/shopee__item-card-standard-v2/0.2.8/pc/38e203dc86172a6c6560.svg,3 Terjual,https://deo.shopeemobile.com/shopee/modules-federation/live/0/shopee__item-card-standard-v2/0.2.8/pc/5dd7b4560d0e2d3190e8.svg,Jakarta Selatan,https://deo.shopeemobile.com/shopee/modules-federation/live/0/shopee__item-card-standard-v2/0.2.8/pc/0614b8f0a8fdde22942d.svg,< 2 Hari,-5%,,https://deo.shopeemobile.com/shopee/modules-federation/live/0/shopee__item-card-standard-v2/0.2.8/pc/d7099d3fd1dfdaf705ab.svg,https://deo.shopeemobile.com/shopee/modules-federation/live/0/shopee__item-card-standard-v2/0.2.8/pc/b4d1b8a78b3621dbdf4a.svg,"Zyrex Lifebook N4020 8GB 512GB Windows 11 Pro
Rp
3.960.000
-5%
5.0
3 Terjual
< 2 Hari
Jakarta Selatan",https://shopee.co.id/Zyrex-Lifebook-N4020-8GB-512GB-Windows-11-Pro-i.256652736.43551539605?extraParams=%7B%22display_model_id%22%3A305126233267%2C%22model_selection_logic%22%3A3%7D&sp_atk=ae31ad96-ca37-4405-9bdc-775a02af26ca&xptdk=ae31ad96-ca37-4405-9bdc-775a02af26ca
https://down-id.img.susercontent.com/file/id-11134207-8224w-mjcfdj02bnyf3b,https://down-id.img.susercontent.com/file/id-11134258-8224v-mkvw0cu9r7k1a5,Laptop Zyrex Blaze I5 12450H 16GB 512GB Win 11 14.0 Full HD BLIT,https://deo.shopeemobile.com/shopee/modules-federation/live/0/shopee__item-card-standard-v2/0.2.8/pc/7c9110f78e069acbced7.png,Rp,7.611.000,,https://deo.shopeemobile.com/shopee/modules-federation/live/0/shopee__item-card-standard-v2/0.2.8/pc/38e203dc86172a6c6560.svg,1 Terjual,https://deo.shopeemobile.com/shopee/modules-federation/live/0/shopee__item-card-standard-v2/0.2.8/pc/5dd7b4560d0e2d3190e8.svg,Depok,https://deo.shopeemobile.com/shopee/modules-federation/live/0/shopee__item-card-standard-v2/0.2.8/pc/0614b8f0a8fdde22942d.svg,< 2 Hari,-21%,,https://deo.shopeemobile.com/shopee/modules-federation/live/0/shopee__item-card-standard-v2/0.2.8/pc/0614b8f0a8fdde22942d.svg,,"Laptop Zyrex Blaze I5 12450H 16GB 512GB Win 11 14.0 Full HD BLIT
Rp
7.611.000
-21%
1 Terjual
< 2 Hari
Depok",https://shopee.co.id/Laptop-Zyrex-Blaze-I5-12450H-16GB-512GB-Win-11-14.0-Full-HD-BLIT-i.1274014683.40354632886?extraParams=%7B%22display_model_id%22%3A400417382984%2C%22model_selection_logic%22%3A3%7D&sp_atk=502f915e-30da-4c2c-8d09-eddefd1a1b6d&xptdk=502f915e-30da-4c2c-8d09-eddefd1a1b6d
https://down-id.img.susercontent.com/file/id-11134207-7rbke-mb25domrwlr8e2,https://down-id.img.susercontent.com/file/id-11134258-8224v-mkvw0cu9r7k1a5,"Zyrex L-Book Intel Celeron N4020 8GB 128GB/256GB Windows 11 14"" HD",https://deo.shopeemobile.com/shopee/modules-federation/live/0/shopee__item-card-standard-v2/0.2.8/pc/a425c915798471b33e5d.png,Rp,3.800.000,5.0,https://deo.shopeemobile.com/shopee/modules-federation/live/0/shopee__item-card-standard-v2/0.2.8/pc/38e203dc86172a6c6560.svg,4 Terjual,https://deo.shopeemobile.com/shopee/modules-federation/live/0/shopee__item-card-standard-v2/0.2.8/pc/5dd7b4560d0e2d3190e8.svg,Yogyakarta,https://deo.shopeemobile.com/shopee/modules-federation/live/0/shopee__item-card-standard-v2/0.2.8/pc/0614b8f0a8fdde22942d.svg,< 2 Hari,,,https://deo.shopeemobile.com/shopee/modules-federation/live/0/shopee__item-card-standard-v2/0.2.8/pc/d7099d3fd1dfdaf705ab.svg,,"Zyrex L-Book Intel Celeron N4020 8GB 128GB/256GB Windows 11 14"" HD
Rp
3.800.000
5.0
4 Terjual
< 2 Hari
Yogyakarta",https://shopee.co.id/Zyrex-L-Book-Intel-Celeron-N4020-8GB-128GB-256GB-Windows-11-14-HD-i.259775845.41104657675?extraParams=%7B%22display_model_id%22%3A290786688122%2C%22model_selection_logic%22%3A3%7D&sp_atk=cb4bc440-bf7e-41ed-8857-c839c313e0da&xptdk=cb4bc440-bf7e-41ed-8857-c839c313e0da
https://down-id.img.susercontent.com/file/id-11134207-7rasj-m1xu7wbppz95dd,https://down-id.img.susercontent.com/file/id-11134258-8224v-mkvw0cu9r7k1a5,ZYREX BUNAKEN INTEL CELERON N4020 4GB DDR4 256GB+64GB W11,,Rp,3.785.000,5.0,https://deo.shopeemobile.com/shopee/modules-federation/live/0/shopee__item-card-standard-v2/0.2.8/pc/76dff349290d20891fc1.svg,5 Terjual,https://deo.shopeemobile.com/shopee/modules-federation/live/0/shopee__item-card-standard-v2/0.2.8/pc/5dd7b4560d0e2d3190e8.svg,Malang,,,,,https://deo.shopeemobile.com/shopee/modules-federation/live/0/shopee__item-card-standard-v2/0.2.8/pc/d7099d3fd1dfdaf705ab.svg,,"ZYREX BUNAKEN INTEL CELERON N4020 4GB DDR4 256GB+64GB W11
Rp
3.785.000
5.0
5 Terjual
2-3 Hari
Malang",https://shopee.co.id/ZYREX-BUNAKEN-INTEL-CELERON-N4020-4GB-DDR4-256GB-64GB-W11-i.1037613796.25737727088?extraParams=%7B%22display_model_id%22%3A195507275358%2C%22model_selection_logic%22%3A3%7D&sp_atk=f1f1e328-bfe6-49a0-9644-89289cf7acf0&xptdk=f1f1e328-bfe6-49a0-9644-89289cf7acf0
https://down-id.img.susercontent.com/file/id-11134207-822wi-mlsv0i6lktmq9e,https://down-id.img.susercontent.com/file/id-11134258-822wr-mlx5y0tebegw04,Zyrex L-Book Laptop 14 Inch Intel N4020 8GB 128GB Windows 11 - Garansi Resmi,https://deo.shopeemobile.com/shopee/modules-federation/live/0/shopee__item-card-standard-v2/0.2.8/pc/e4734dab67ee2f9ebd5a.png,Rp,3.749.000,,https://deo.shopeemobile.com/shopee/modules-federation/live/0/shopee__item-card-standard-v2/0.2.8/pc/38e203dc86172a6c6560.svg,< 2 Hari,https://deo.shopeemobile.com/shopee/modules-federation/live/0/shopee__item-card-standard-v2/0.2.8/pc/5dd7b4560d0e2d3190e8.svg,Yogyakarta,https://deo.shopeemobile.com/shopee/modules-federation/live/0/shopee__item-card-standard-v2/0.2.8/pc/0614b8f0a8fdde22942d.svg,< 2 Hari,-17%,,https://deo.shopeemobile.com/shopee/modules-federation/live/0/shopee__item-card-standard-v2/0.2.8/pc/0614b8f0a8fdde22942d.svg,,"Zyrex L-Book Laptop 14 Inch Intel N4020 8GB 128GB Windows 11 - Garansi Resmi
Rp
3.749.000
-17%
< 2 Hari
Yogyakarta",https://shopee.co.id/Zyrex-L-Book-Laptop-14-Inch-Intel-N4020-8GB-128GB-Windows-11-Garansi-Resmi-i.33211656.52206843932?extraParams=%7B%22display_model_id%22%3A405612557619%2C%22model_selection_logic%22%3A3%7D&sp_atk=70232a2d-bc76-49bc-b1c5-4ed4f48d95d0&xptdk=70232a2d-bc76-49bc-b1c5-4ed4f48d95d0
https://down-id.img.susercontent.com/file/id-11134207-8224s-mj850bbw8miof5,https://down-id.img.susercontent.com/file/id-11134258-8224v-mkvw0cu9r7k1a5,ZYREX BLAZE I5 12450H 16GB 512GB W11 14.0FHD BLIT METAL 2Y GRY,,Rp,6.901.000,,https://deo.shopeemobile.com/shopee/modules-federation/live/0/shopee__item-card-standard-v2/0.2.8/pc/38e203dc86172a6c6560.svg,< 2 Hari,https://deo.shopeemobile.com/shopee/modules-federation/live/0/shopee__item-card-standard-v2/0.2.8/pc/5dd7b4560d0e2d3190e8.svg,Jakarta Pusat,https://deo.shopeemobile.com/shopee/modules-federation/live/0/shopee__item-card-standard-v2/0.2.8/pc/0614b8f0a8fdde22942d.svg,< 2 Hari,,Produk Baru,https://deo.shopeemobile.com/shopee/modules-federation/live/0/shopee__item-card-standard-v2/0.2.8/pc/0614b8f0a8fdde22942d.svg,,"ZYREX BLAZE I5 12450H 16GB 512GB W11 14.0FHD BLIT METAL 2Y GRY
Rp
6.901.000
Produk Baru
< 2 Hari
Jakarta Pusat",https://shopee.co.id/ZYREX-BLAZE-I5-12450H-16GB-512GB-W11-14.0FHD-BLIT-METAL-2Y-GRY-i.651287406.44377839066?extraParams=%7B%22display_model_id%22%3A287318632613%2C%22model_selection_logic%22%3A3%7D&sp_atk=cb071b85-dd2c-41a9-b318-51f5def45eed&xptdk=cb071b85-dd2c-41a9-b318-51f5def45eed
https://down-id.img.susercontent.com/file/id-11134207-7rbkc-maxpp00w2ab801,https://down-id.img.susercontent.com/file/id-11134258-8224v-mkvw0cu9r7k1a5,Zyrex L-Book Intel Celeron 8GB 128GB Windows 11,,Rp,4.160.000,4.8,https://deo.shopeemobile.com/shopee/modules-federation/live/0/shopee__item-card-standard-v2/0.2.8/pc/76dff349290d20891fc1.svg,55 Terjual,https://deo.shopeemobile.com/shopee/modules-federation/live/0/shopee__item-card-standard-v2/0.2.8/pc/5dd7b4560d0e2d3190e8.svg,Bogor,,,,Cicilan,https://deo.shopeemobile.com/shopee/modules-federation/live/0/shopee__item-card-standard-v2/0.2.8/pc/d7099d3fd1dfdaf705ab.svg,,"Zyrex L-Book Intel Celeron 8GB 128GB Windows 11
Rp
4.160.000
Cicilan
4.8
55 Terjual
3-4 Hari
Bogor",https://shopee.co.id/Zyrex-L-Book-Intel-Celeron-8GB-128GB-Windows-11-i.238865572.7354146461?extraParams=%7B%22display_model_id%22%3A177212075704%2C%22model_selection_logic%22%3A3%7D&sp_atk=a2609aed-cbc5-495a-90f5-611e4e341783&xptdk=a2609aed-cbc5-495a-90f5-611e4e341783
https://down-id.img.susercontent.com/file/id-11134207-822wj-mn9i6j32ihomeb,https://down-id.img.susercontent.com/file/id-11134258-8224v-mkvw0cu9r7k1a5,Zyrex Notebook L-Book Intel Series N4020 Ram 8GB Storage 128 eMMC Windows 11 Pro 14.0 Inch HD,https://deo.shopeemobile.com/shopee/modules-federation/live/0/shopee__item-card-standard-v2/0.2.8/pc/7c9110f78e069acbced7.png,Rp,4.135.000,,https://deo.shopeemobile.com/shopee/modules-federation/live/0/shopee__item-card-standard-v2/0.2.8/pc/76dff349290d20891fc1.svg,4-7 Hari,https://deo.shopeemobile.com/shopee/modules-federation/live/0/shopee__item-card-standard-v2/0.2.8/pc/5dd7b4560d0e2d3190e8.svg,Jakarta Utara,,,-79%,,,https://deo.shopeemobile.com/shopee/modules-federation/live/0/shopee__item-card-standard-v2/0.2.8/pc/b4d1b8a78b3621dbdf4a.svg,"Zyrex Notebook L-Book Intel Series N4020 Ram 8GB Storage 128 eMMC Windows 11 Pro 14.0 Inch HD
Rp
4.135.000
-79%
4-7 Hari
Jakarta Utara",https://shopee.co.id/Zyrex-Notebook-L-Book-Intel-Series-N4020-Ram-8GB-Storage-128-eMMC-Windows-11-Pro-14.0-Inch-HD-i.1273188903.52859132193?extraParams=%7B%22display_model_id%22%3A307552308865%2C%22model_selection_logic%22%3A3%7D&sp_atk=9ec6ddc1-83a8-42eb-9890-3cf4509eaef0&xptdk=9ec6ddc1-83a8-42eb-9890-3cf4509eaef0
https://down-id.img.susercontent.com/file/id-11134207-81ztd-me5hx7nbc7ieed,https://down-id.img.susercontent.com/file/id-11134258-7r98w-lyezzaurybot13,Zyrex D-Tech Pro V1 | Ryzen 5 6600H 16GB 512GB 14.0FHD W11,https://deo.shopeemobile.com/shopee/modules-federation/live/0/shopee__item-card-standard-v2/0.2.8/pc/7c9110f78e069acbced7.png,Rp,8.499.000,5.0,https://deo.shopeemobile.com/shopee/modules-federation/live/0/shopee__item-card-standard-v2/0.2.8/pc/76dff349290d20891fc1.svg,8 Terjual,https://deo.shopeemobile.com/shopee/modules-federation/live/0/shopee__item-card-standard-v2/0.2.8/pc/5dd7b4560d0e2d3190e8.svg,Yogyakarta,,,,,https://deo.shopeemobile.com/shopee/modules-federation/live/0/shopee__item-card-standard-v2/0.2.8/pc/d7099d3fd1dfdaf705ab.svg,,"Zyrex D-Tech Pro V1 | Ryzen 5 6600H 16GB 512GB 14.0FHD W11
Rp
8.499.000
5.0
8 Terjual
2-4 Hari
Yogyakarta",https://shopee.co.id/Zyrex-D-Tech-Pro-V1-Ryzen-5-6600H-16GB-512GB-14.0FHD-W11-i.1543389959.40813895361?extraParams=%7B%22display_model_id%22%3A296147124804%2C%22model_selection_logic%22%3A3%7D&sp_atk=282c4bdf-4ab4-4e11-8dc3-847340215fd6&xptdk=282c4bdf-4ab4-4e11-8dc3-847340215fd6
https://down-id.img.susercontent.com/file/id-11134207-8224y-mi9y6nmvpzpk8e,https://down-id.img.susercontent.com/file/id-11134258-8224v-mkvw0cu9r7k1a5,"LAPTOP ZYREX L-BOOK N4020 8GB 128GB 14""HD Win11",,Rp,4.049.000,,https://deo.shopeemobile.com/shopee/modules-federation/live/0/shopee__item-card-standard-v2/0.2.8/pc/38e203dc86172a6c6560.svg,< 2 Hari,https://deo.shopeemobile.com/shopee/modules-federation/live/0/shopee__item-card-standard-v2/0.2.8/pc/5dd7b4560d0e2d3190e8.svg,Jakarta Barat,https://deo.shopeemobile.com/shopee/modules-federation/live/0/shopee__item-card-standard-v2/0.2.8/pc/0614b8f0a8fdde22942d.svg,< 2 Hari,-30%,Produk Baru,https://deo.shopeemobile.com/shopee/modules-federation/live/0/shopee__item-card-standard-v2/0.2.8/pc/0614b8f0a8fdde22942d.svg,,"LAPTOP ZYREX L-BOOK N4020 8GB 128GB 14""HD Win11
Rp
4.049.000
-30%
Produk Baru
< 2 Hari
Jakarta Barat",https://shopee.co.id/LAPTOP-ZYREX-L-BOOK-N4020-8GB-128GB-14-HD-Win11-i.30555036.51203111775?extraParams=%7B%22display_model_id%22%3A435765235416%2C%22model_selection_logic%22%3A3%7D&sp_atk=f4a47201-1cd4-4d15-b17b-1c5d0967f3f1&xptdk=f4a47201-1cd4-4d15-b17b-1c5d0967f3f1
https://down-id.img.susercontent.com/file/id-11134207-7ra0o-mcl1s1iqgybcea,https://down-id.img.susercontent.com/file/id-11134258-8224v-mkvw0cu9r7k1a5,Zyrex L-Book N4020 8GB 256GB SSD Windows 11 Pro,https://deo.shopeemobile.com/shopee/modules-federation/live/0/shopee__item-card-standard-v2/0.2.8/pc/a425c915798471b33e5d.png,Rp,3.960.000,5.0,https://deo.shopeemobile.com/shopee/modules-federation/live/0/shopee__item-card-standard-v2/0.2.8/pc/76dff349290d20891fc1.svg,2 Terjual,https://deo.shopeemobile.com/shopee/modules-federation/live/0/shopee__item-card-standard-v2/0.2.8/pc/5dd7b4560d0e2d3190e8.svg,Jakarta Utara,,,-5%,,https://deo.shopeemobile.com/shopee/modules-federation/live/0/shopee__item-card-standard-v2/0.2.8/pc/d7099d3fd1dfdaf705ab.svg,https://deo.shopeemobile.com/shopee/modules-federation/live/0/shopee__item-card-standard-v2/0.2.8/pc/b4d1b8a78b3621dbdf4a.svg,"Zyrex L-Book N4020 8GB 256GB SSD Windows 11 Pro
Rp
3.960.000
-5%
5.0
2 Terjual
3-4 Hari
Jakarta Utara",https://shopee.co.id/Zyrex-L-Book-N4020-8GB-256GB-SSD-Windows-11-Pro-i.364038165.40410178362?extraParams=%7B%22display_model_id%22%3A275856039988%2C%22model_selection_logic%22%3A3%7D&sp_atk=936679d6-eefc-468f-87f3-b1f781f0a511&xptdk=936679d6-eefc-468f-87f3-b1f781f0a511
https://down-id.img.susercontent.com/file/id-11134207-8224r-mjqi1bo9jqx184,https://down-id.img.susercontent.com/file/id-11134258-8224v-mkvw0cu9r7k1a5,LAPTOP ZYREX D-TECH PRO V2 RYZEN 5 6600H 16GB 512GB W11 14.0FHD IPS BLIT,https://deo.shopeemobile.com/shopee/modules-federation/live/0/shopee__item-card-standard-v2/0.2.8/pc/7c9110f78e069acbced7.png,Rp,8.199.000,5.0,https://deo.shopeemobile.com/shopee/modules-federation/live/0/shopee__item-card-standard-v2/0.2.8/pc/38e203dc86172a6c6560.svg,11 Terjual,https://deo.shopeemobile.com/shopee/modules-federation/live/0/shopee__item-card-standard-v2/0.2.8/pc/5dd7b4560d0e2d3190e8.svg,Medan,https://deo.shopeemobile.com/shopee/modules-federation/live/0/shopee__item-card-standard-v2/0.2.8/pc/0614b8f0a8fdde22942d.svg,< 2 Hari,,,https://deo.shopeemobile.com/shopee/modules-federation/live/0/shopee__item-card-standard-v2/0.2.8/pc/d7099d3fd1dfdaf705ab.svg,,"LAPTOP ZYREX D-TECH PRO V2 RYZEN 5 6600H 16GB 512GB W11 14.0FHD IPS BLIT
Rp
8.199.000
5.0
11 Terjual
< 2 Hari
Medan",https://shopee.co.id/LAPTOP-ZYREX-D-TECH-PRO-V2-RYZEN-5-6600H-16GB-512GB-W11-14.0FHD-IPS-BLIT-i.982425970.40814451061?extraParams=%7B%22display_model_id%22%3A89870892240%2C%22model_selection_logic%22%3A3%7D&sp_atk=5cc7f256-4309-43d8-a5cd-2af769a7b485&xptdk=5cc7f256-4309-43d8-a5cd-2af769a7b485
https://down-id.img.susercontent.com/file/id-11134207-7ra0r-mb92zv875djt19,https://down-id.img.susercontent.com/file/id-11134258-8224v-mkvw0cu9r7k1a5,ZYREX Lifebook N4020 8GB 384GB W11PRO 14.0,https://deo.shopeemobile.com/shopee/modules-federation/live/0/shopee__item-card-standard-v2/0.2.8/pc/e4734dab67ee2f9ebd5a.png,Rp,4.160.000,5.0,https://deo.shopeemobile.com/shopee/modules-federation/live/0/shopee__item-card-standard-v2/0.2.8/pc/38e203dc86172a6c6560.svg,2 Terjual,https://deo.shopeemobile.com/shopee/modules-federation/live/0/shopee__item-card-standard-v2/0.2.8/pc/5dd7b4560d0e2d3190e8.svg,Depok,https://deo.shopeemobile.com/shopee/modules-federation/live/0/shopee__item-card-standard-v2/0.2.8/pc/0614b8f0a8fdde22942d.svg,< 2 Hari,,,https://deo.shopeemobile.com/shopee/modules-federation/live/0/shopee__item-card-standard-v2/0.2.8/pc/d7099d3fd1dfdaf705ab.svg,,"ZYREX Lifebook N4020 8GB 384GB W11PRO 14.0
Rp
4.160.000
5.0
2 Terjual
< 2 Hari
Depok",https://shopee.co.id/ZYREX-Lifebook-N4020-8GB-384GB-W11PRO-14.0-i.923855370.29287823819?extraParams=%7B%22display_model_id%22%3A186129049287%2C%22model_selection_logic%22%3A3%7D&sp_atk=18a6a59f-bc66-4737-b1d3-853fbcfe8a93&xptdk=18a6a59f-bc66-4737-b1d3-853fbcfe8a93
https://down-id.img.susercontent.com/file/sg-11134201-82262-mhu8zjns3v2gcf,https://down-id.img.susercontent.com/file/id-11134258-7r98w-lyezzaurybot13,Zyrex D-Tech Pro V1 Ryzen 5 16GB 512GB IPS,https://deo.shopeemobile.com/shopee/modules-federation/live/0/shopee__item-card-standard-v2/0.2.8/pc/7c9110f78e069acbced7.png,Rp,8.057.000,5.0,https://deo.shopeemobile.com/shopee/modules-federation/live/0/shopee__item-card-standard-v2/0.2.8/pc/76dff349290d20891fc1.svg,1 Terjual,https://deo.shopeemobile.com/shopee/modules-federation/live/0/shopee__item-card-standard-v2/0.2.8/pc/5dd7b4560d0e2d3190e8.svg,Jakarta Utara,,,-1%,,https://deo.shopeemobile.com/shopee/modules-federation/live/0/shopee__item-card-standard-v2/0.2.8/pc/d7099d3fd1dfdaf705ab.svg,https://deo.shopeemobile.com/shopee/modules-federation/live/0/shopee__item-card-standard-v2/0.2.8/pc/b4d1b8a78b3621dbdf4a.svg,"Zyrex D-Tech Pro V1 Ryzen 5 16GB 512GB IPS
Rp
8.057.000
-1%
5.0
1 Terjual
3-5 Hari
Jakarta Utara",https://shopee.co.id/Zyrex-D-Tech-Pro-V1-Ryzen-5-16GB-512GB-IPS-i.1640101372.54452301190?extraParams=%7B%22display_model_id%22%3A400223301056%2C%22model_selection_logic%22%3A3%7D&sp_atk=fae933ba-c237-4437-9faf-bdc0dbf3f1be&xptdk=fae933ba-c237-4437-9faf-bdc0dbf3f1be
https://down-id.img.susercontent.com/file/sg-11134201-821fk-mh30vtecxn9r36,https://down-id.img.susercontent.com/file/id-11134258-8224v-mkvw0cu9r7k1a5,Laptop ZYREX L-BOOK - N4020 8GB 128GB eMMC 14HD WINDOWS 11 DARK GREY,https://deo.shopeemobile.com/shopee/modules-federation/live/0/shopee__item-card-standard-v2/0.2.8/pc/7c9110f78e069acbced7.png,Rp,4.099.000,,https://deo.shopeemobile.com/shopee/modules-federation/live/0/shopee__item-card-standard-v2/0.2.8/pc/38e203dc86172a6c6560.svg,< 2 Hari,https://deo.shopeemobile.com/shopee/modules-federation/live/0/shopee__item-card-standard-v2/0.2.8/pc/5dd7b4560d0e2d3190e8.svg,Jakarta Pusat,https://deo.shopeemobile.com/shopee/modules-federation/live/0/shopee__item-card-standard-v2/0.2.8/pc/0614b8f0a8fdde22942d.svg,< 2 Hari,,,https://deo.shopeemobile.com/shopee/modules-federation/live/0/shopee__item-card-standard-v2/0.2.8/pc/0614b8f0a8fdde22942d.svg,,"Laptop ZYREX L-BOOK - N4020 8GB 128GB eMMC 14HD WINDOWS 11 DARK GREY
Rp
4.099.000
< 2 Hari
Jakarta Pusat",https://shopee.co.id/Laptop-ZYREX-L-BOOK-N4020-8GB-128GB-eMMC-14HD-WINDOWS-11-DARK-GREY-i.56983549.48101468981?extraParams=%7B%22display_model_id%22%3A350132593198%2C%22model_selection_logic%22%3A3%7D&sp_atk=04a64689-230f-494d-8d78-e3a3acee8cc6&xptdk=04a64689-230f-494d-8d78-e3a3acee8cc6
https://down-id.img.susercontent.com/file/id-11134207-7ra0o-mb4stiol02hl48,https://down-id.img.susercontent.com/file/id-11134258-8224v-mkvw0cu9r7k1a5,"ZYREX D-TECH RYZEN 5 3500U 16GB 256GB 14"" HD TN",https://deo.shopeemobile.com/shopee/modules-federation/live/0/shopee__item-card-standard-v2/0.2.8/pc/7c9110f78e069acbced7.png,Rp,7.561.000,4.9,https://deo.shopeemobile.com/shopee/modules-federation/live/0/shopee__item-card-standard-v2/0.2.8/pc/38e203dc86172a6c6560.svg,11 Terjual,https://deo.shopeemobile.com/shopee/modules-federation/live/0/shopee__item-card-standard-v2/0.2.8/pc/5dd7b4560d0e2d3190e8.svg,Bandung,https://deo.shopeemobile.com/shopee/modules-federation/live/0/shopee__item-card-standard-v2/0.2.8/pc/0614b8f0a8fdde22942d.svg,< 2 Hari,,,https://deo.shopeemobile.com/shopee/modules-federation/live/0/shopee__item-card-standard-v2/0.2.8/pc/d7099d3fd1dfdaf705ab.svg,,"ZYREX D-TECH RYZEN 5 3500U 16GB 256GB 14"" HD TN
Rp
7.561.000
4.9
11 Terjual
< 2 Hari
Bandung",https://shopee.co.id/ZYREX-D-TECH-RYZEN-5-3500U-16GB-256GB-14-HD-TN-i.1031894725.40005013612?extraParams=%7B%22display_model_id%22%3A275422345063%2C%22model_selection_logic%22%3A3%7D&sp_atk=04205dbd-b0f0-4bb4-a973-080e0e168f04&xptdk=04205dbd-b0f0-4bb4-a973-080e0e168f04
https://down-id.img.susercontent.com/file/id-11134207-8224q-mi9lhmn2adc4ec,https://down-id.img.susercontent.com/file/id-11134258-8224v-mkvw0cu9r7k1a5,"Laptop Zyrex L-Book 14"" 8GB 128GB Windows 11",https://deo.shopeemobile.com/shopee/modules-federation/live/0/shopee__item-card-standard-v2/0.2.8/pc/a425c915798471b33e5d.png,Rp,4.199.000,,https://deo.shopeemobile.com/shopee/modules-federation/live/0/shopee__item-card-standard-v2/0.2.8/pc/38e203dc86172a6c6560.svg,1 Terjual,https://deo.shopeemobile.com/shopee/modules-federation/live/0/shopee__item-card-standard-v2/0.2.8/pc/5dd7b4560d0e2d3190e8.svg,Palembang,https://deo.shopeemobile.com/shopee/modules-federation/live/0/shopee__item-card-standard-v2/0.2.8/pc/0614b8f0a8fdde22942d.svg,< 2 Hari,,Produk Baru,https://deo.shopeemobile.com/shopee/modules-federation/live/0/shopee__item-card-standard-v2/0.2.8/pc/0614b8f0a8fdde22942d.svg,,"Laptop Zyrex L-Book 14"" 8GB 128GB Windows 11
Rp
4.199.000
Produk Baru
1 Terjual
< 2 Hari
Palembang",https://shopee.co.id/Laptop-Zyrex-L-Book-14-8GB-128GB-Windows-11-i.13885226.57103092398?extraParams=%7B%22display_model_id%22%3A277255471756%2C%22model_selection_logic%22%3A3%7D&sp_atk=4a344682-5536-4f87-bd5b-7b037573fef5&xptdk=4a344682-5536-4f87-bd5b-7b037573fef5
https://down-id.img.susercontent.com/file/id-11134207-8224y-mhok3abenls89a,https://down-id.img.susercontent.com/file/id-11134258-8224v-mkvw0cu9r7k1a5,"Zyrex D-Tech Ryzen 5 3500 Ram 16GB Ssd 256GB Win 11 14"" Backlit",https://deo.shopeemobile.com/shopee/modules-federation/live/0/shopee__item-card-standard-v2/0.2.8/pc/7c9110f78e069acbced7.png,Rp,7.551.000,5.0,https://deo.shopeemobile.com/shopee/modules-federation/live/0/shopee__item-card-standard-v2/0.2.8/pc/76dff349290d20891fc1.svg,10 Terjual,https://deo.shopeemobile.com/shopee/modules-federation/live/0/shopee__item-card-standard-v2/0.2.8/pc/5dd7b4560d0e2d3190e8.svg,Kab. Karawang,,,-1%,,https://deo.shopeemobile.com/shopee/modules-federation/live/0/shopee__item-card-standard-v2/0.2.8/pc/d7099d3fd1dfdaf705ab.svg,https://deo.shopeemobile.com/shopee/modules-federation/live/0/shopee__item-card-standard-v2/0.2.8/pc/b4d1b8a78b3621dbdf4a.svg,"Zyrex D-Tech Ryzen 5 3500 Ram 16GB Ssd 256GB Win 11 14"" Backlit
Rp
7.551.000
-1%
5.0
10 Terjual
3-5 Hari
Kab. Karawang",https://shopee.co.id/Zyrex-D-Tech-Ryzen-5-3500-Ram-16GB-Ssd-256GB-Win-11-14-Backlit-i.1306576837.27280937386?extraParams=%7B%22display_model_id%22%3A280444272429%2C%22model_selection_logic%22%3A3%7D&sp_atk=e6a8a007-6bf4-48d0-acb0-4067964774c8&xptdk=e6a8a007-6bf4-48d0-acb0-4067964774c8
https://down-id.img.susercontent.com/file/id-11134207-7ra0j-mbp5r9w5e4lid7,https://down-id.img.susercontent.com/file/id-11134258-8224v-mkvw0cu9r7k1a5,Laptop Zyrex D-Tech Pro Ryzen 5 16GB 1TB SSD,https://deo.shopeemobile.com/shopee/modules-federation/live/0/shopee__item-card-standard-v2/0.2.8/pc/e4734dab67ee2f9ebd5a.png,Rp,7.107.000,4.9,https://deo.shopeemobile.com/shopee/modules-federation/live/0/shopee__item-card-standard-v2/0.2.8/pc/38e203dc86172a6c6560.svg,25 Terjual,https://deo.shopeemobile.com/shopee/modules-federation/live/0/shopee__item-card-standard-v2/0.2.8/pc/5dd7b4560d0e2d3190e8.svg,Jakarta Selatan,https://deo.shopeemobile.com/shopee/modules-federation/live/0/shopee__item-card-standard-v2/0.2.8/pc/0614b8f0a8fdde22942d.svg,< 2 Hari,-3%,,https://deo.shopeemobile.com/shopee/modules-federation/live/0/shopee__item-card-standard-v2/0.2.8/pc/d7099d3fd1dfdaf705ab.svg,https://deo.shopeemobile.com/shopee/modules-federation/live/0/shopee__item-card-standard-v2/0.2.8/pc/b4d1b8a78b3621dbdf4a.svg,"Laptop Zyrex D-Tech Pro Ryzen 5 16GB 1TB SSD
Rp
7.107.000
-3%
4.9
25 Terjual
< 2 Hari
Jakarta Selatan",https://shopee.co.id/Laptop-Zyrex-D-Tech-Pro-Ryzen-5-16GB-1TB-SSD-i.256652736.29888270331?extraParams=%7B%22display_model_id%22%3A435614364667%2C%22model_selection_logic%22%3A3%7D&sp_atk=8dd597b3-7cb2-4e5b-b1ff-25a5679f4944&xptdk=8dd597b3-7cb2-4e5b-b1ff-25a5679f4944
https://down-id.img.susercontent.com/file/id-11134207-8224p-mgvmy4ktmr6294,https://down-id.img.susercontent.com/file/id-11134258-7r98w-lyezzaurybot13,"ZYREX D-TECH RYZEN 5 3500 16GB 256GB WIN11 14"" 2Y BLUE",https://deo.shopeemobile.com/shopee/modules-federation/live/0/shopee__item-card-standard-v2/0.2.8/pc/7c9110f78e069acbced7.png,Rp,7.881.000,5.0,https://deo.shopeemobile.com/shopee/modules-federation/live/0/shopee__item-card-standard-v2/0.2.8/pc/38e203dc86172a6c6560.svg,23 Terjual,https://deo.shopeemobile.com/shopee/modules-federation/live/0/shopee__item-card-standard-v2/0.2.8/pc/5dd7b4560d0e2d3190e8.svg,Makassar,https://deo.shopeemobile.com/shopee/modules-federation/live/0/shopee__item-card-standard-v2/0.2.8/pc/0614b8f0a8fdde22942d.svg,< 2 Hari,,,https://deo.shopeemobile.com/shopee/modules-federation/live/0/shopee__item-card-standard-v2/0.2.8/pc/d7099d3fd1dfdaf705ab.svg,,"ZYREX D-TECH RYZEN 5 3500 16GB 256GB WIN11 14"" 2Y BLUE
Rp
7.881.000
5.0
23 Terjual
< 2 Hari
Makassar",https://shopee.co.id/ZYREX-D-TECH-RYZEN-5-3500-16GB-256GB-WIN11-14-2Y-BLUE-i.1534048892.51501098865?extraParams=%7B%22display_model_id%22%3A228199473835%2C%22model_selection_logic%22%3A3%7D&sp_atk=7c0993c3-2a90-40ee-9aa3-d52078561967&xptdk=7c0993c3-2a90-40ee-9aa3-d52078561967
https://down-id.img.susercontent.com/file/id-11134207-8224s-mkjhm2rv7u9xc7,https://down-id.img.susercontent.com/file/id-11134258-822wr-mlx5y0tebegw04,Laptop Zyrex D-Tech RYZEN 5 3500U 16GB 256SSD W11 14Inch BLUE | GARANSI RESMI,https://deo.shopeemobile.com/shopee/modules-federation/live/0/shopee__item-card-standard-v2/0.2.8/pc/e4734dab67ee2f9ebd5a.png,Rp,6.383.000,5.0,https://deo.shopeemobile.com/shopee/modules-federation/live/0/shopee__item-card-standard-v2/0.2.8/pc/76dff349290d20891fc1.svg,1 Terjual,https://deo.shopeemobile.com/shopee/modules-federation/live/0/shopee__item-card-standard-v2/0.2.8/pc/5dd7b4560d0e2d3190e8.svg,Jakarta Timur,,,-1%,,https://deo.shopeemobile.com/shopee/modules-federation/live/0/shopee__item-card-standard-v2/0.2.8/pc/d7099d3fd1dfdaf705ab.svg,https://deo.shopeemobile.com/shopee/modules-federation/live/0/shopee__item-card-standard-v2/0.2.8/pc/b4d1b8a78b3621dbdf4a.svg,"Laptop Zyrex D-Tech RYZEN 5 3500U 16GB 256SSD W11 14Inch BLUE | GARANSI RESMI
Rp
6.383.000
-1%
5.0
1 Terjual
3-5 Hari
Jakarta Timur",https://shopee.co.id/Laptop-Zyrex-D-Tech-RYZEN-5-3500U-16GB-256SSD-W11-14Inch-BLUE-GARANSI-RESMI-i.291375862.28424899768?extraParams=%7B%22display_model_id%22%3A340551218160%2C%22model_selection_logic%22%3A3%7D&sp_atk=c8ef2f0c-471f-4d73-8a46-640fb9132561&xptdk=c8ef2f0c-471f-4d73-8a46-640fb9132561
https://down-id.img.susercontent.com/file/id-11134207-8224u-mipj0b9ywkxs84,https://down-id.img.susercontent.com/file/id-11134258-7r98w-lyezzaurybot13,ZYREX D-TECH PRO V1 RYZEN 5 6600H 16GB 512GB W11 14.0FHD IPS BLIT LAN 1Y GRY,https://deo.shopeemobile.com/shopee/modules-federation/live/0/shopee__item-card-standard-v2/0.2.8/pc/7c9110f78e069acbced7.png,Rp,8.082.500,,https://deo.shopeemobile.com/shopee/modules-federation/live/0/shopee__item-card-standard-v2/0.2.8/pc/76dff349290d20891fc1.svg,1 Terjual,https://deo.shopeemobile.com/shopee/modules-federation/live/0/shopee__item-card-standard-v2/0.2.8/pc/5dd7b4560d0e2d3190e8.svg,Pontianak,,,,Produk Baru,,,"ZYREX D-TECH PRO V1 RYZEN 5 6600H 16GB 512GB W11 14.0FHD IPS BLIT LAN 1Y GRY
Rp
8.082.500
Produk Baru
1 Terjual
3-8 Hari
Pontianak",https://shopee.co.id/ZYREX-D-TECH-PRO-V1-RYZEN-5-6600H-16GB-512GB-W11-14.0FHD-IPS-BLIT-LAN-1Y-GRY-i.1534026306.56903776272?extraParams=%7B%22display_model_id%22%3A425358165299%2C%22model_selection_logic%22%3A3%7D&sp_atk=65eb0d2e-1135-4315-a051-c56315c7634a&xptdk=65eb0d2e-1135-4315-a051-c56315c7634a
https://down-id.img.susercontent.com/file/id-11134207-7rbk6-ma9de731izfef9,https://down-id.img.susercontent.com/file/id-11134258-8224v-mkvw0cu9r7k1a5,"ZYREX LIFEBOOK INTEL N4020 8GB 128GB 14"" TN",https://deo.shopeemobile.com/shopee/modules-federation/live/0/shopee__item-card-standard-v2/0.2.8/pc/7c9110f78e069acbced7.png,Rp,4.160.000,5.0,https://deo.shopeemobile.com/shopee/modules-federation/live/0/shopee__item-card-standard-v2/0.2.8/pc/38e203dc86172a6c6560.svg,8 Terjual,https://deo.shopeemobile.com/shopee/modules-federation/live/0/shopee__item-card-standard-v2/0.2.8/pc/5dd7b4560d0e2d3190e8.svg,Bandung,https://deo.shopeemobile.com/shopee/modules-federation/live/0/shopee__item-card-standard-v2/0.2.8/pc/0614b8f0a8fdde22942d.svg,< 2 Hari,,,https://deo.shopeemobile.com/shopee/modules-federation/live/0/shopee__item-card-standard-v2/0.2.8/pc/d7099d3fd1dfdaf705ab.svg,,"ZYREX LIFEBOOK INTEL N4020 8GB 128GB 14"" TN
Rp
4.160.000
5.0
8 Terjual
< 2 Hari
Bandung",https://shopee.co.id/ZYREX-LIFEBOOK-INTEL-N4020-8GB-128GB-14-TN-i.1031894725.42302287529?extraParams=%7B%22display_model_id%22%3A227841401237%2C%22model_selection_logic%22%3A3%7D&sp_atk=4e311020-1487-4040-a081-d30ac658adef&xptdk=4e311020-1487-4040-a081-d30ac658adef
https://down-id.img.susercontent.com/file/id-11134207-7rbk4-ma5gvkg6b804c7,https://down-id.img.susercontent.com/file/id-11134258-8224v-mkvw0cu9r7k1a5,ZYREX L-BOOK N4020 8GB 128GB W11PRO 14.0 SLV,https://deo.shopeemobile.com/shopee/modules-federation/live/0/shopee__item-card-standard-v2/0.2.8/pc/e4734dab67ee2f9ebd5a.png,Rp,4.160.000,,https://deo.shopeemobile.com/shopee/modules-federation/live/0/shopee__item-card-standard-v2/0.2.8/pc/38e203dc86172a6c6560.svg,< 2 Hari,https://deo.shopeemobile.com/shopee/modules-federation/live/0/shopee__item-card-standard-v2/0.2.8/pc/5dd7b4560d0e2d3190e8.svg,Jakarta Timur,https://deo.shopeemobile.com/shopee/modules-federation/live/0/shopee__item-card-standard-v2/0.2.8/pc/0614b8f0a8fdde22942d.svg,< 2 Hari,,,https://deo.shopeemobile.com/shopee/modules-federation/live/0/shopee__item-card-standard-v2/0.2.8/pc/0614b8f0a8fdde22942d.svg,,"ZYREX L-BOOK N4020 8GB 128GB W11PRO 14.0 SLV
Rp
4.160.000
< 2 Hari
Jakarta Timur",https://shopee.co.id/ZYREX-L-BOOK-N4020-8GB-128GB-W11PRO-14.0-SLV-i.260151737.28036897859?extraParams=%7B%22display_model_id%22%3A253526705247%2C%22model_selection_logic%22%3A3%7D&sp_atk=fda38c6c-0aad-45d4-a27f-69bed847bc94&xptdk=fda38c6c-0aad-45d4-a27f-69bed847bc94
https://down-id.img.susercontent.com/file/id-11134207-8224p-mh8vykj2yv4e85,https://down-id.img.susercontent.com/file/id-11134258-8224v-mkvw0cu9r7k1a5,Zyrex Lifebook Intel N4020 8GB 128/256GB Win 11 Pro,https://deo.shopeemobile.com/shopee/modules-federation/live/0/shopee__item-card-standard-v2/0.2.8/pc/e4734dab67ee2f9ebd5a.png,Rp,4.160.000,5.0,https://deo.shopeemobile.com/shopee/modules-federation/live/0/shopee__item-card-standard-v2/0.2.8/pc/38e203dc86172a6c6560.svg,3 Terjual,https://deo.shopeemobile.com/shopee/modules-federation/live/0/shopee__item-card-standard-v2/0.2.8/pc/5dd7b4560d0e2d3190e8.svg,Depok,https://deo.shopeemobile.com/shopee/modules-federation/live/0/shopee__item-card-standard-v2/0.2.8/pc/0614b8f0a8fdde22942d.svg,< 2 Hari,,,https://deo.shopeemobile.com/shopee/modules-federation/live/0/shopee__item-card-standard-v2/0.2.8/pc/d7099d3fd1dfdaf705ab.svg,,"Zyrex Lifebook Intel N4020 8GB 128/256GB Win 11 Pro
Rp
4.160.000
5.0
3 Terjual
< 2 Hari
Depok",https://shopee.co.id/Zyrex-Lifebook-Intel-N4020-8GB-128-256GB-Win-11-Pro-i.261978781.26387299893?extraParams=%7B%22display_model_id%22%3A300295837993%2C%22model_selection_logic%22%3A3%7D&sp_atk=9de60642-4278-4772-9f60-7be43a479362&xptdk=9de60642-4278-4772-9f60-7be43a479362
https://down-id.img.susercontent.com/file/id-11134207-7ra0n-mb4wb9s9ie8p34,https://down-id.img.susercontent.com/file/id-11134258-8224q-mkvvibsp8oowa6,LAPTOP ZYREX LIFEBOOK N4020 8GB 256GB WINDOWS 11 PRO 14.0,https://deo.shopeemobile.com/shopee/modules-federation/live/0/shopee__item-card-standard-v2/0.2.8/pc/e4734dab67ee2f9ebd5a.png,Rp,3.960.000,,https://deo.shopeemobile.com/shopee/modules-federation/live/0/shopee__item-card-standard-v2/0.2.8/pc/38e203dc86172a6c6560.svg,3 Terjual,https://deo.shopeemobile.com/shopee/modules-federation/live/0/shopee__item-card-standard-v2/0.2.8/pc/5dd7b4560d0e2d3190e8.svg,Depok,https://deo.shopeemobile.com/shopee/modules-federation/live/0/shopee__item-card-standard-v2/0.2.8/pc/0614b8f0a8fdde22942d.svg,< 2 Hari,-5%,Pilih Lokal,https://deo.shopeemobile.com/shopee/modules-federation/live/0/shopee__item-card-standard-v2/0.2.8/pc/0614b8f0a8fdde22942d.svg,https://deo.shopeemobile.com/shopee/modules-federation/live/0/shopee__item-card-standard-v2/0.2.8/pc/b4d1b8a78b3621dbdf4a.svg,"LAPTOP ZYREX LIFEBOOK N4020 8GB 256GB WINDOWS 11 PRO 14.0
Rp
3.960.000
-5%
Pilih Lokal
3 Terjual
< 2 Hari
Depok",https://shopee.co.id/LAPTOP-ZYREX-LIFEBOOK-N4020-8GB-256GB-WINDOWS-11-PRO-14.0-i.15641210.40205065734?extraParams=%7B%22display_model_id%22%3A234300645456%2C%22model_selection_logic%22%3A3%7D&sp_atk=dec06a54-65b2-48f9-9ab1-e2f700482fff&xptdk=dec06a54-65b2-48f9-9ab1-e2f700482fff
https://down-id.img.susercontent.com/file/id-11134207-7rasm-m5pgobya8togcc,https://down-id.img.susercontent.com/file/id-11134258-8224v-mkvw0cu9r7k1a5,"Zyrex D-TECH Ryzen 5 16GB 256GB 14"" Laptop",https://deo.shopeemobile.com/shopee/modules-federation/live/0/shopee__item-card-standard-v2/0.2.8/pc/e4734dab67ee2f9ebd5a.png,Rp,7.499.000,5.0,https://deo.shopeemobile.com/shopee/modules-federation/live/0/shopee__item-card-standard-v2/0.2.8/pc/38e203dc86172a6c6560.svg,1 Terjual,https://deo.shopeemobile.com/shopee/modules-federation/live/0/shopee__item-card-standard-v2/0.2.8/pc/5dd7b4560d0e2d3190e8.svg,Semarang,https://deo.shopeemobile.com/shopee/modules-federation/live/0/shopee__item-card-standard-v2/0.2.8/pc/0614b8f0a8fdde22942d.svg,< 2 Hari,-17%,,https://deo.shopeemobile.com/shopee/modules-federation/live/0/shopee__item-card-standard-v2/0.2.8/pc/d7099d3fd1dfdaf705ab.svg,,"Zyrex D-TECH Ryzen 5 16GB 256GB 14"" Laptop
Rp
7.499.000
-17%
5.0
1 Terjual
< 2 Hari
Semarang",https://shopee.co.id/Zyrex-D-TECH-Ryzen-5-16GB-256GB-14-Laptop-i.1084083096.27724898507?extraParams=%7B%22display_model_id%22%3A340105052760%2C%22model_selection_logic%22%3A3%7D&sp_atk=ce403f09-55f5-48fa-9919-9a8da867f353&xptdk=ce403f09-55f5-48fa-9919-9a8da867f353
https://down-id.img.susercontent.com/file/id-11134207-7ra0n-mb4ubepzk5o46d,https://down-id.img.susercontent.com/file/id-11134258-822wr-mlx5y0tebegw04,LAPTOP SEKOLAH Zyrex L-BOOK Intel N4020 [8GB 128GB/256GB] Windows 11 PRO 14.0 HD,https://deo.shopeemobile.com/shopee/modules-federation/live/0/shopee__item-card-standard-v2/0.2.8/pc/e4734dab67ee2f9ebd5a.png,Rp,4.150.000,5.0,https://deo.shopeemobile.com/shopee/modules-federation/live/0/shopee__item-card-standard-v2/0.2.8/pc/38e203dc86172a6c6560.svg,3 Terjual,https://deo.shopeemobile.com/shopee/modules-federation/live/0/shopee__item-card-standard-v2/0.2.8/pc/5dd7b4560d0e2d3190e8.svg,Jakarta Timur,https://deo.shopeemobile.com/shopee/modules-federation/live/0/shopee__item-card-standard-v2/0.2.8/pc/0614b8f0a8fdde22942d.svg,< 2 Hari,,Kombo Hemat,https://deo.shopeemobile.com/shopee/modules-federation/live/0/shopee__item-card-standard-v2/0.2.8/pc/d7099d3fd1dfdaf705ab.svg,,"LAPTOP SEKOLAH Zyrex L-BOOK Intel N4020 [8GB 128GB/256GB] Windows 11 PRO 14.0 HD
Rp
4.150.000
Kombo Hemat
5.0
3 Terjual
< 2 Hari
Jakarta Timur",https://shopee.co.id/LAPTOP-SEKOLAH-Zyrex-L-BOOK-Intel-N4020-8GB-128GB-256GB-Windows-11-PRO-14.0-HD-i.457194221.40604979000?extraParams=%7B%22display_model_id%22%3A275422319397%2C%22model_selection_logic%22%3A3%7D&sp_atk=1a776fe5-440d-42b1-96c9-138465544656&xptdk=1a776fe5-440d-42b1-96c9-138465544656
https://down-id.img.susercontent.com/file/id-11134207-81zti-mezgscwkjy8bcf,https://down-id.img.susercontent.com/file/id-11134258-8224v-mkvw0cu9r7k1a5,Laptop Zyrex D-TECH Ryzen 5 3500 16GB 256GB W11 14.0 2Y BLU GARANSI RESMI,https://deo.shopeemobile.com/shopee/modules-federation/live/0/shopee__item-card-standard-v2/0.2.8/pc/a425c915798471b33e5d.png,Rp,6.393.000,5.0,https://deo.shopeemobile.com/shopee/modules-federation/live/0/shopee__item-card-standard-v2/0.2.8/pc/76dff349290d20891fc1.svg,1 Terjual,https://deo.shopeemobile.com/shopee/modules-federation/live/0/shopee__item-card-standard-v2/0.2.8/pc/5dd7b4560d0e2d3190e8.svg,Jakarta Timur,,,,,https://deo.shopeemobile.com/shopee/modules-federation/live/0/shopee__item-card-standard-v2/0.2.8/pc/d7099d3fd1dfdaf705ab.svg,,"Laptop Zyrex D-TECH Ryzen 5 3500 16GB 256GB W11 14.0 2Y BLU GARANSI RESMI
Rp
6.393.000
5.0
1 Terjual
3-4 Hari
Jakarta Timur",https://shopee.co.id/Laptop-Zyrex-D-TECH-Ryzen-5-3500-16GB-256GB-W11-14.0-2Y-BLU-GARANSI-RESMI-i.1564683536.41955819094?extraParams=%7B%22display_model_id%22%3A315758458899%2C%22model_selection_logic%22%3A3%7D&sp_atk=7ae30d49-9a00-4950-85b3-2bdb390387d6&xptdk=7ae30d49-9a00-4950-85b3-2bdb390387d6
https://down-id.img.susercontent.com/file/id-11134207-7rbk5-matibjju73or4a,https://down-id.img.susercontent.com/file/id-11134258-822wr-mlx5y0tebegw04,"Laptop Zyrex L-BOOK intel Celeron N4020 8GB RAM 256GB SSD 14.0""HD Windows 11 PRO+OFFICE 2024",https://deo.shopeemobile.com/shopee/modules-federation/live/0/shopee__item-card-standard-v2/0.2.8/pc/e4734dab67ee2f9ebd5a.png,Rp,3.960.000,4.9,https://deo.shopeemobile.com/shopee/modules-federation/live/0/shopee__item-card-standard-v2/0.2.8/pc/38e203dc86172a6c6560.svg,20 Terjual,https://deo.shopeemobile.com/shopee/modules-federation/live/0/shopee__item-card-standard-v2/0.2.8/pc/5dd7b4560d0e2d3190e8.svg,Jakarta Selatan,https://deo.shopeemobile.com/shopee/modules-federation/live/0/shopee__item-card-standard-v2/0.2.8/pc/0614b8f0a8fdde22942d.svg,< 2 Hari,-5%,,https://deo.shopeemobile.com/shopee/modules-federation/live/0/shopee__item-card-standard-v2/0.2.8/pc/d7099d3fd1dfdaf705ab.svg,https://deo.shopeemobile.com/shopee/modules-federation/live/0/shopee__item-card-standard-v2/0.2.8/pc/b4d1b8a78b3621dbdf4a.svg,"Laptop Zyrex L-BOOK intel Celeron N4020 8GB RAM 256GB SSD 14.0""HD Windows 11 PRO+OFFICE 2024
Rp
3.960.000
-5%
4.9
20 Terjual
< 2 Hari
Jakarta Selatan",https://shopee.co.id/Laptop-Zyrex-L-BOOK-intel-Celeron-N4020-8GB-RAM-256GB-SSD-14.0-HD-Windows-11-PRO-OFFICE-2024-i.257997524.23436587502?extraParams=%7B%22display_model_id%22%3A127522713868%2C%22model_selection_logic%22%3A3%7D&sp_atk=98dc44f7-b9f7-4e7f-8db9-538fda778194&xptdk=98dc44f7-b9f7-4e7f-8db9-538fda778194
https://down-id.img.susercontent.com/file/id-11134207-822wk-mlxrewslk7i8f7,https://down-id.img.susercontent.com/file/id-11134258-8224v-mkvw0cu9r7k1a5,NEW! Zyrex L-Book Intel Celeron N4020 8GB/128GB Windows 11 PRO 14.0,https://deo.shopeemobile.com/shopee/modules-federation/live/0/shopee__item-card-standard-v2/0.2.8/pc/e4734dab67ee2f9ebd5a.png,Rp,4.160.000,5.0,https://deo.shopeemobile.com/shopee/modules-federation/live/0/shopee__item-card-standard-v2/0.2.8/pc/76dff349290d20891fc1.svg,3 Terjual,https://deo.shopeemobile.com/shopee/modules-federation/live/0/shopee__item-card-standard-v2/0.2.8/pc/5dd7b4560d0e2d3190e8.svg,Jakarta Pusat,,,,,https://deo.shopeemobile.com/shopee/modules-federation/live/0/shopee__item-card-standard-v2/0.2.8/pc/d7099d3fd1dfdaf705ab.svg,,"NEW! Zyrex L-Book Intel Celeron N4020 8GB/128GB Windows 11 PRO 14.0
Rp
4.160.000
5.0
3 Terjual
3-5 Hari
Jakarta Pusat",https://shopee.co.id/NEW!-Zyrex-L-Book-Intel-Celeron-N4020-8GB-128GB-Windows-11-PRO-14.0-i.241683399.43964153788?extraParams=%7B%22display_model_id%22%3A435646420823%2C%22model_selection_logic%22%3A3%7D&sp_atk=8cb0164d-3429-44f1-8416-cc61386eabe4&xptdk=8cb0164d-3429-44f1-8416-cc61386eabe4
https://down-id.img.susercontent.com/file/id-11134207-8224r-mj3o1uiu0o3n44,https://down-id.img.susercontent.com/file/id-11134258-822wr-mlx5y0tebegw04,Laptop Zyrex Blaze Core i5 32GB 1TB SSD Windows 11,https://deo.shopeemobile.com/shopee/modules-federation/live/0/shopee__item-card-standard-v2/0.2.8/pc/e4734dab67ee2f9ebd5a.png,Rp,7.561.000,,https://deo.shopeemobile.com/shopee/modules-federation/live/0/shopee__item-card-standard-v2/0.2.8/pc/38e203dc86172a6c6560.svg,1 Terjual,https://deo.shopeemobile.com/shopee/modules-federation/live/0/shopee__item-card-standard-v2/0.2.8/pc/5dd7b4560d0e2d3190e8.svg,Jakarta Selatan,https://deo.shopeemobile.com/shopee/modules-federation/live/0/shopee__item-card-standard-v2/0.2.8/pc/0614b8f0a8fdde22942d.svg,< 2 Hari,-1%,,https://deo.shopeemobile.com/shopee/modules-federation/live/0/shopee__item-card-standard-v2/0.2.8/pc/0614b8f0a8fdde22942d.svg,https://deo.shopeemobile.com/shopee/modules-federation/live/0/shopee__item-card-standard-v2/0.2.8/pc/b4d1b8a78b3621dbdf4a.svg,"Laptop Zyrex Blaze Core i5 32GB 1TB SSD Windows 11
Rp
7.561.000
-1%
1 Terjual
< 2 Hari
Jakarta Selatan",https://shopee.co.id/Laptop-Zyrex-Blaze-Core-i5-32GB-1TB-SSD-Windows-11-i.256652736.28371989420?extraParams=%7B%22display_model_id%22%3A208105183804%2C%22model_selection_logic%22%3A3%7D&sp_atk=39d9bc50-4ed4-4ee6-9ab0-38914ae07adb&xptdk=39d9bc50-4ed4-4ee6-9ab0-38914ae07adb
https://down-id.img.susercontent.com/file/id-11134207-7rbk2-may0bgtl7qm034,https://down-id.img.susercontent.com/file/id-11134258-8224v-mkvw0cu9r7k1a5,Zyrex L-Book N4020 8GB 128GB W11PRO 14.0 Inches Silver,https://deo.shopeemobile.com/shopee/modules-federation/live/0/shopee__item-card-standard-v2/0.2.8/pc/e4734dab67ee2f9ebd5a.png,Rp,4.150.000,5.0,https://deo.shopeemobile.com/shopee/modules-federation/live/0/shopee__item-card-standard-v2/0.2.8/pc/76dff349290d20891fc1.svg,3 Terjual,https://deo.shopeemobile.com/shopee/modules-federation/live/0/shopee__item-card-standard-v2/0.2.8/pc/5dd7b4560d0e2d3190e8.svg,Bekasi,,,-1%,,https://deo.shopeemobile.com/shopee/modules-federation/live/0/shopee__item-card-standard-v2/0.2.8/pc/d7099d3fd1dfdaf705ab.svg,https://deo.shopeemobile.com/shopee/modules-federation/live/0/shopee__item-card-standard-v2/0.2.8/pc/b4d1b8a78b3621dbdf4a.svg,"Zyrex L-Book N4020 8GB 128GB W11PRO 14.0 Inches Silver
Rp
4.150.000
-1%
5.0
3 Terjual
3-4 Hari
Bekasi",https://shopee.co.id/Zyrex-L-Book-N4020-8GB-128GB-W11PRO-14.0-Inches-Silver-i.319647164.26187553301?extraParams=%7B%22display_model_id%22%3A300373413230%2C%22model_selection_logic%22%3A3%7D&sp_atk=090e1495-4976-46de-906f-901166396510&xptdk=090e1495-4976-46de-906f-901166396510
https://down-id.img.susercontent.com/file/id-11134207-7ra0q-md5swbtdoomwfc,https://down-id.img.susercontent.com/file/id-11134258-8224v-mkvw0cu9r7k1a5,LAPTOP ZYREX L-BOOK N4020 8GB 256GB WINDOWS 11PRO 14.0 GARANSI RESMI,https://deo.shopeemobile.com/shopee/modules-federation/live/0/shopee__item-card-standard-v2/0.2.8/pc/e4734dab67ee2f9ebd5a.png,Rp,4.160.000,5.0,https://deo.shopeemobile.com/shopee/modules-federation/live/0/shopee__item-card-standard-v2/0.2.8/pc/38e203dc86172a6c6560.svg,1 Terjual,https://deo.shopeemobile.com/shopee/modules-federation/live/0/shopee__item-card-standard-v2/0.2.8/pc/5dd7b4560d0e2d3190e8.svg,Depok,https://deo.shopeemobile.com/shopee/modules-federation/live/0/shopee__item-card-standard-v2/0.2.8/pc/0614b8f0a8fdde22942d.svg,< 2 Hari,,,https://deo.shopeemobile.com/shopee/modules-federation/live/0/shopee__item-card-standard-v2/0.2.8/pc/d7099d3fd1dfdaf705ab.svg,,"LAPTOP ZYREX L-BOOK N4020 8GB 256GB WINDOWS 11PRO 14.0 GARANSI RESMI
Rp
4.160.000
5.0
1 Terjual
< 2 Hari
Depok",https://shopee.co.id/LAPTOP-ZYREX-L-BOOK-N4020-8GB-256GB-WINDOWS-11PRO-14.0-GARANSI-RESMI-i.649625196.40902869217?extraParams=%7B%22display_model_id%22%3A271004403065%2C%22model_selection_logic%22%3A3%7D&sp_atk=c63b68f5-e237-4b4a-b3de-c6b37f85242b&xptdk=c63b68f5-e237-4b4a-b3de-c6b37f85242b
https://down-id.img.susercontent.com/file/id-11134207-81zth-mdydl4zzs6pvcb,https://down-id.img.susercontent.com/file/id-11134258-7r98w-lyezzaurybot13,ZYREX D-TECH RYZEN 5 3500 16GB 256GB W11 14.0 2Y BLUE,,Rp,4.039.000,,https://deo.shopeemobile.com/shopee/modules-federation/live/0/shopee__item-card-standard-v2/0.2.8/pc/76dff349290d20891fc1.svg,4-7 Hari,https://deo.shopeemobile.com/shopee/modules-federation/live/0/shopee__item-card-standard-v2/0.2.8/pc/5dd7b4560d0e2d3190e8.svg,Jakarta Pusat,,,,,,,"ZYREX D-TECH RYZEN 5 3500 16GB 256GB W11 14.0 2Y BLUE
Rp
4.039.000
4-7 Hari
Jakarta Pusat",https://shopee.co.id/ZYREX-D-TECH-RYZEN-5-3500-16GB-256GB-W11-14.0-2Y-BLUE-i.1472029061.43665458080?extraParams=%7B%22display_model_id%22%3A266275405039%2C%22model_selection_logic%22%3A3%7D&sp_atk=30ab0767-bb52-4164-95b5-1ed6638d5b22&xptdk=30ab0767-bb52-4164-95b5-1ed6638d5b22
https://down-id.img.susercontent.com/file/id-11134207-7rbk1-mac96c9wyz2o33,https://down-id.img.susercontent.com/file/id-11134258-8224v-mkvw0cu9r7k1a5,Laptop Pelajar / ZYREX L-BOOK N4020 Ram 8GB 128GB Windows 11 PRO 14.0 inch,https://deo.shopeemobile.com/shopee/modules-federation/live/0/shopee__item-card-standard-v2/0.2.8/pc/e4734dab67ee2f9ebd5a.png,Rp,3.960.000,5.0,https://deo.shopeemobile.com/shopee/modules-federation/live/0/shopee__item-card-standard-v2/0.2.8/pc/38e203dc86172a6c6560.svg,3 Terjual,https://deo.shopeemobile.com/shopee/modules-federation/live/0/shopee__item-card-standard-v2/0.2.8/pc/5dd7b4560d0e2d3190e8.svg,Sukabumi,https://deo.shopeemobile.com/shopee/modules-federation/live/0/shopee__item-card-standard-v2/0.2.8/pc/0614b8f0a8fdde22942d.svg,< 2 Hari,-5%,,https://deo.shopeemobile.com/shopee/modules-federation/live/0/shopee__item-card-standard-v2/0.2.8/pc/d7099d3fd1dfdaf705ab.svg,https://deo.shopeemobile.com/shopee/modules-federation/live/0/shopee__item-card-standard-v2/0.2.8/pc/b4d1b8a78b3621dbdf4a.svg,"Laptop Pelajar / ZYREX L-BOOK N4020 Ram 8GB 128GB Windows 11 PRO 14.0 inch
Rp
3.960.000
-5%
5.0
3 Terjual
< 2 Hari
Sukabumi",https://shopee.co.id/Laptop-Pelajar-ZYREX-L-BOOK-N4020-Ram-8GB-128GB-Windows-11-PRO-14.0-inch-i.564177320.24751353307?extraParams=%7B%22display_model_id%22%3A243801273339%2C%22model_selection_logic%22%3A3%7D&sp_atk=6170be24-94ce-4fae-9c6c-195888af643f&xptdk=6170be24-94ce-4fae-9c6c-195888af643f
https://down-id.img.susercontent.com/file/sg-11134201-82629-mkdmnrds2br6bb,https://down-id.img.susercontent.com/file/id-11134258-822wr-mlx67rtd6r602f,LAPTOP ZYREX L-BOOK N4020/8/128/W11/D.GREY,https://deo.shopeemobile.com/shopee/modules-federation/live/0/shopee__item-card-standard-v2/0.2.8/pc/a425c915798471b33e5d.png,Rp,4.000.000,,https://deo.shopeemobile.com/shopee/modules-federation/live/0/shopee__item-card-standard-v2/0.2.8/pc/76dff349290d20891fc1.svg,3-4 Hari,https://deo.shopeemobile.com/shopee/modules-federation/live/0/shopee__item-card-standard-v2/0.2.8/pc/5dd7b4560d0e2d3190e8.svg,Kab. Cianjur,,,,,,,"LAPTOP ZYREX L-BOOK N4020/8/128/W11/D.GREY
Rp
4.000.000
3-4 Hari
Kab. Cianjur",https://shopee.co.id/LAPTOP-ZYREX-L-BOOK-N4020-8-128-W11-D.GREY-i.44412577.43028627390?extraParams=%7B%22display_model_id%22%3A307391853083%2C%22model_selection_logic%22%3A3%7D&sp_atk=92b07f80-ee7f-4e11-b707-c0abb2777c8b&xptdk=92b07f80-ee7f-4e11-b707-c0abb2777c8b
https://down-id.img.susercontent.com/file/id-11134201-7rasa-m2ali6yjwvhwc2,https://down-id.img.susercontent.com/file/id-11134258-8224v-mkvw0cu9r7k1a5,"Zyrex Sky 232 Mini Intel N4020 4GB 256GB+64GB FHD 11.6""",https://deo.shopeemobile.com/shopee/modules-federation/live/0/shopee__item-card-standard-v2/0.2.8/pc/e4734dab67ee2f9ebd5a.png,Rp,2.841.000,5.0,https://deo.shopeemobile.com/shopee/modules-federation/live/0/shopee__item-card-standard-v2/0.2.8/pc/76dff349290d20891fc1.svg,14 Terjual,https://deo.shopeemobile.com/shopee/modules-federation/live/0/shopee__item-card-standard-v2/0.2.8/pc/5dd7b4560d0e2d3190e8.svg,Bekasi,,,,,https://deo.shopeemobile.com/shopee/modules-federation/live/0/shopee__item-card-standard-v2/0.2.8/pc/d7099d3fd1dfdaf705ab.svg,,"Zyrex Sky 232 Mini Intel N4020 4GB 256GB+64GB FHD 11.6""
Rp
2.841.000
5.0
14 Terjual
3-4 Hari
Bekasi",https://shopee.co.id/Zyrex-Sky-232-Mini-Intel-N4020-4GB-256GB-64GB-FHD-11.6--i.319647164.26906573131?extraParams=%7B%22display_model_id%22%3A242834106749%2C%22model_selection_logic%22%3A3%7D&sp_atk=98d4620d-5abf-4a93-be7f-736c0dc8a139&xptdk=98d4620d-5abf-4a93-be7f-736c0dc8a139
https://down-id.img.susercontent.com/file/id-11134207-7ra0s-mb3gtv8lzumxdd,https://down-id.img.susercontent.com/file/id-11134258-8224v-mkvw0cu9r7k1a5,ZYREX L-Book Intel Celeron N4020 / 8gb+256ssd / windows 11 pro/ 14inch HD/ Garansi resmi / laptop,https://deo.shopeemobile.com/shopee/modules-federation/live/0/shopee__item-card-standard-v2/0.2.8/pc/7c9110f78e069acbced7.png,Rp,4.160.000,5.0,https://deo.shopeemobile.com/shopee/modules-federation/live/0/shopee__item-card-standard-v2/0.2.8/pc/76dff349290d20891fc1.svg,5 Terjual,https://deo.shopeemobile.com/shopee/modules-federation/live/0/shopee__item-card-standard-v2/0.2.8/pc/5dd7b4560d0e2d3190e8.svg,Bekasi,,,,,https://deo.shopeemobile.com/shopee/modules-federation/live/0/shopee__item-card-standard-v2/0.2.8/pc/d7099d3fd1dfdaf705ab.svg,,"ZYREX L-Book Intel Celeron N4020 / 8gb+256ssd / windows 11 pro/ 14inch HD/ Garansi resmi / laptop
Rp
4.160.000
5.0
5 Terjual
3-4 Hari
Bekasi",https://shopee.co.id/ZYREX-L-Book-Intel-Celeron-N4020-8gb-256ssd-windows-11-pro-14inch-HD-Garansi-resmi-laptop-i.1273812769.43204785634?extraParams=%7B%22display_model_id%22%3A305405105291%2C%22model_selection_logic%22%3A3%7D&sp_atk=73f5c05c-32c3-4531-9fc2-00f9edf6d7a0&xptdk=73f5c05c-32c3-4531-9fc2-00f9edf6d7a0
https://down-id.img.susercontent.com/file/id-11134207-8224r-mijz9ch6pssne0,https://down-id.img.susercontent.com/file/id-11134258-8224v-mkvw0cu9r7k1a5,Laptop Gaming ZyrexD-Tech Pro V2 Ryzen 5 16GB 512GB,https://deo.shopeemobile.com/shopee/modules-federation/live/0/shopee__item-card-standard-v2/0.2.8/pc/a425c915798471b33e5d.png,Rp,8.322.000,5.0,https://deo.shopeemobile.com/shopee/modules-federation/live/0/shopee__item-card-standard-v2/0.2.8/pc/38e203dc86172a6c6560.svg,2 Terjual,https://deo.shopeemobile.com/shopee/modules-federation/live/0/shopee__item-card-standard-v2/0.2.8/pc/5dd7b4560d0e2d3190e8.svg,Jakarta Timur,https://deo.shopeemobile.com/shopee/modules-federation/live/0/shopee__item-card-standard-v2/0.2.8/pc/0614b8f0a8fdde22942d.svg,< 2 Hari,,,https://deo.shopeemobile.com/shopee/modules-federation/live/0/shopee__item-card-standard-v2/0.2.8/pc/d7099d3fd1dfdaf705ab.svg,,"Laptop Gaming ZyrexD-Tech Pro V2 Ryzen 5 16GB 512GB
Rp
8.322.000
5.0
2 Terjual
< 2 Hari
Jakarta Timur",https://shopee.co.id/Laptop-Gaming-ZyrexD-Tech-Pro-V2-Ryzen-5-16GB-512GB-i.697591682.43226425808?extraParams=%7B%22display_model_id%22%3A350129372946%2C%22model_selection_logic%22%3A3%7D&sp_atk=eec12a48-eeaa-4a4e-bb67-fba09ce49a6f&xptdk=eec12a48-eeaa-4a4e-bb67-fba09ce49a6f
https://down-id.img.susercontent.com/file/id-11134207-7ra0h-mb4zf6c64syh7c,https://down-id.img.susercontent.com/file/id-11134258-8224v-mkvw0cu9r7k1a5,"ZYREX L-BOOK INTEL CELERON N4020 8GB 128GB 14"" HD TN",https://deo.shopeemobile.com/shopee/modules-federation/live/0/shopee__item-card-standard-v2/0.2.8/pc/7c9110f78e069acbced7.png,Rp,4.160.000,5.0,https://deo.shopeemobile.com/shopee/modules-federation/live/0/shopee__item-card-standard-v2/0.2.8/pc/38e203dc86172a6c6560.svg,10 Terjual,https://deo.shopeemobile.com/shopee/modules-federation/live/0/shopee__item-card-standard-v2/0.2.8/pc/5dd7b4560d0e2d3190e8.svg,Bandung,https://deo.shopeemobile.com/shopee/modules-federation/live/0/shopee__item-card-standard-v2/0.2.8/pc/0614b8f0a8fdde22942d.svg,< 2 Hari,,,https://deo.shopeemobile.com/shopee/modules-federation/live/0/shopee__item-card-standard-v2/0.2.8/pc/d7099d3fd1dfdaf705ab.svg,,"ZYREX L-BOOK INTEL CELERON N4020 8GB 128GB 14"" HD TN
Rp
4.160.000
5.0
10 Terjual
< 2 Hari
Bandung",https://shopee.co.id/ZYREX-L-BOOK-INTEL-CELERON-N4020-8GB-128GB-14-HD-TN-i.1031894725.42854990899?extraParams=%7B%22display_model_id%22%3A300422777063%2C%22model_selection_logic%22%3A3%7D&sp_atk=3c12d5ed-9236-486c-ba6c-3e43ffe49575&xptdk=3c12d5ed-9236-486c-ba6c-3e43ffe49575
https://down-id.img.susercontent.com/file/id-11134207-7rasd-m52fah61fezh45,https://down-id.img.susercontent.com/file/id-11134258-8224v-mkvw0cu9r7k1a5,"Laptop Zyrex D-TECH Ryzen 5-3500U 16GB 512GB 14"" HD Backlit Windows 11 Pro + OHS - Zyrex D-Tech [HARGA SPESIAL]",https://deo.shopeemobile.com/shopee/modules-federation/live/0/shopee__item-card-standard-v2/0.2.8/pc/a425c915798471b33e5d.png,Rp,7.561.000,5.0,https://deo.shopeemobile.com/shopee/modules-federation/live/0/shopee__item-card-standard-v2/0.2.8/pc/76dff349290d20891fc1.svg,1 Terjual,https://deo.shopeemobile.com/shopee/modules-federation/live/0/shopee__item-card-standard-v2/0.2.8/pc/5dd7b4560d0e2d3190e8.svg,Jakarta Utara,,,,,https://deo.shopeemobile.com/shopee/modules-federation/live/0/shopee__item-card-standard-v2/0.2.8/pc/d7099d3fd1dfdaf705ab.svg,,"Laptop Zyrex D-TECH Ryzen 5-3500U 16GB 512GB 14"" HD Backlit Windows 11 Pro + OHS - Zyrex D-Tech [HARGA SPESIAL]
Rp
7.561.000
5.0
1 Terjual
3-4 Hari
Jakarta Utara",https://shopee.co.id/Laptop-Zyrex-D-TECH-Ryzen-5-3500U-16GB-512GB-14-HD-Backlit-Windows-11-Pro-OHS-Zyrex-D-Tech-HARGA-SPESIAL--i.364038165.26923673310?extraParams=%7B%22display_model_id%22%3A176922780388%2C%22model_selection_logic%22%3A3%7D&sp_atk=ade021c1-6362-4498-a3c4-dd294de46ece&xptdk=ade021c1-6362-4498-a3c4-dd294de46ece
https://down-id.img.susercontent.com/file/id-11134207-822wi-mn9kdnqctp1gaf,https://down-id.img.susercontent.com/file/id-11134258-8224v-mkvw0cu9r7k1a5,Zyrex D-Tech - Amd Series Ryzen 5 3500 Ram 16GB Storage 256GB SSD Windows 11 Home 14.0 HD Keyboard Backlit,https://deo.shopeemobile.com/shopee/modules-federation/live/0/shopee__item-card-standard-v2/0.2.8/pc/7c9110f78e069acbced7.png,Rp,6.568.000,,https://deo.shopeemobile.com/shopee/modules-federation/live/0/shopee__item-card-standard-v2/0.2.8/pc/76dff349290d20891fc1.svg,4-7 Hari,https://deo.shopeemobile.com/shopee/modules-federation/live/0/shopee__item-card-standard-v2/0.2.8/pc/5dd7b4560d0e2d3190e8.svg,Jakarta Utara,,,-67%,,,https://deo.shopeemobile.com/shopee/modules-federation/live/0/shopee__item-card-standard-v2/0.2.8/pc/b4d1b8a78b3621dbdf4a.svg,"Zyrex D-Tech - Amd Series Ryzen 5 3500 Ram 16GB Storage 256GB SSD Windows 11 Home 14.0 HD Keyboard Backlit
Rp
6.568.000
-67%
4-7 Hari
Jakarta Utara",https://shopee.co.id/Zyrex-D-Tech-Amd-Series-Ryzen-5-3500-Ram-16GB-Storage-256GB-SSD-Windows-11-Home-14.0-HD-Keyboard-Backlit-i.1273188903.46259165752?extraParams=%7B%22display_model_id%22%3A340809513166%2C%22model_selection_logic%22%3A3%7D&sp_atk=65b827d7-24b7-444f-ab85-2a5c7586ab43&xptdk=65b827d7-24b7-444f-ab85-2a5c7586ab43
https://down-id.img.susercontent.com/file/id-11134207-7rasd-m5milu951etca4,https://down-id.img.susercontent.com/file/id-11134258-8224v-mkvw0cu9r7k1a5,ZYREX D-TECH RYZEN 5 3500 16GB 256GB W11+OFFICE PERMANEN 14.0 2Y BLU,https://deo.shopeemobile.com/shopee/modules-federation/live/0/shopee__item-card-standard-v2/0.2.8/pc/7c9110f78e069acbced7.png,Rp,7.551.000,4.8,https://deo.shopeemobile.com/shopee/modules-federation/live/0/shopee__item-card-standard-v2/0.2.8/pc/76dff349290d20891fc1.svg,9 Terjual,https://deo.shopeemobile.com/shopee/modules-federation/live/0/shopee__item-card-standard-v2/0.2.8/pc/5dd7b4560d0e2d3190e8.svg,Bogor,,,-1%,,https://deo.shopeemobile.com/shopee/modules-federation/live/0/shopee__item-card-standard-v2/0.2.8/pc/d7099d3fd1dfdaf705ab.svg,https://deo.shopeemobile.com/shopee/modules-federation/live/0/shopee__item-card-standard-v2/0.2.8/pc/b4d1b8a78b3621dbdf4a.svg,"ZYREX D-TECH RYZEN 5 3500 16GB 256GB W11+OFFICE PERMANEN 14.0 2Y BLU
Rp
7.551.000
-1%
4.8
9 Terjual
3-4 Hari
Bogor",https://shopee.co.id/ZYREX-D-TECH-RYZEN-5-3500-16GB-256GB-W11-OFFICE-PERMANEN-14.0-2Y-BLU-i.1275013122.29774808567?extraParams=%7B%22display_model_id%22%3A108579141527%2C%22model_selection_logic%22%3A3%7D&sp_atk=d6dfa5cd-d413-41a6-bb83-1d9e7f3c32be&xptdk=d6dfa5cd-d413-41a6-bb83-1d9e7f3c32be
https://down-id.img.susercontent.com/file/id-11134207-8224p-mjcdw09wo16s57,https://down-id.img.susercontent.com/file/id-11134258-8224v-mkvw0cu9r7k1a5,Laptop Zyrex Lifebook L-Book Intel N4020 8GB 384GB Windows 11PRO 14.0 Inci,https://deo.shopeemobile.com/shopee/modules-federation/live/0/shopee__item-card-standard-v2/0.2.8/pc/7c9110f78e069acbced7.png,Rp,4.160.000,4.3,https://deo.shopeemobile.com/shopee/modules-federation/live/0/shopee__item-card-standard-v2/0.2.8/pc/38e203dc86172a6c6560.svg,13 Terjual,https://deo.shopeemobile.com/shopee/modules-federation/live/0/shopee__item-card-standard-v2/0.2.8/pc/5dd7b4560d0e2d3190e8.svg,Depok,https://deo.shopeemobile.com/shopee/modules-federation/live/0/shopee__item-card-standard-v2/0.2.8/pc/0614b8f0a8fdde22942d.svg,< 2 Hari,-22%,,https://deo.shopeemobile.com/shopee/modules-federation/live/0/shopee__item-card-standard-v2/0.2.8/pc/d7099d3fd1dfdaf705ab.svg,,"Laptop Zyrex Lifebook L-Book Intel N4020 8GB 384GB Windows 11PRO 14.0 Inci
Rp
4.160.000
-22%
4.3
13 Terjual
< 2 Hari
Depok",https://shopee.co.id/Laptop-Zyrex-Lifebook-L-Book-Intel-N4020-8GB-384GB-Windows-11PRO-14.0-Inci-i.1274014683.27771967207?extraParams=%7B%22display_model_id%22%3A315417951024%2C%22model_selection_logic%22%3A3%7D&sp_atk=7620f144-59f5-49e2-877b-263976e505db&xptdk=7620f144-59f5-49e2-877b-263976e505db
https://down-id.img.susercontent.com/file/id-11134207-7ra0l-mbwckzuqlffbdb,https://down-id.img.susercontent.com/file/id-11134258-8224v-mkvw0cu9r7k1a5,Laptop Zyrex L Book Intel 8GB 256GB SSD Windows 11PRO,https://deo.shopeemobile.com/shopee/modules-federation/live/0/shopee__item-card-standard-v2/0.2.8/pc/a425c915798471b33e5d.png,Rp,4.160.000,5.0,https://deo.shopeemobile.com/shopee/modules-federation/live/0/shopee__item-card-standard-v2/0.2.8/pc/38e203dc86172a6c6560.svg,2 Terjual,https://deo.shopeemobile.com/shopee/modules-federation/live/0/shopee__item-card-standard-v2/0.2.8/pc/5dd7b4560d0e2d3190e8.svg,Jakarta Timur,https://deo.shopeemobile.com/shopee/modules-federation/live/0/shopee__item-card-standard-v2/0.2.8/pc/0614b8f0a8fdde22942d.svg,< 2 Hari,,Cicilan,https://deo.shopeemobile.com/shopee/modules-federation/live/0/shopee__item-card-standard-v2/0.2.8/pc/d7099d3fd1dfdaf705ab.svg,,"Laptop Zyrex L Book Intel 8GB 256GB SSD Windows 11PRO
Rp
4.160.000
Cicilan
5.0
2 Terjual
< 2 Hari
Jakarta Timur",https://shopee.co.id/Laptop-Zyrex-L-Book-Intel-8GB-256GB-SSD-Windows-11PRO-i.225418842.4917337255?extraParams=%7B%22display_model_id%22%3A300649600439%2C%22model_selection_logic%22%3A3%7D&sp_atk=0eea164a-3282-4d5a-ae13-332b9f963666&xptdk=0eea164a-3282-4d5a-ae13-332b9f963666
https://down-id.img.susercontent.com/file/id-11134207-8224p-mi5kbl2k5q819b,https://down-id.img.susercontent.com/file/id-11134258-8224v-mkvw0cu9r7k1a5,Laptop ZYREX D-TECH AMD RYZEN 5 3500U 16GB DDR4 256GB SSD WIN11 BLUE,https://deo.shopeemobile.com/shopee/modules-federation/live/0/shopee__item-card-standard-v2/0.2.8/pc/e4734dab67ee2f9ebd5a.png,Rp,6.078.000,,https://deo.shopeemobile.com/shopee/modules-federation/live/0/shopee__item-card-standard-v2/0.2.8/pc/38e203dc86172a6c6560.svg,1 Terjual,https://deo.shopeemobile.com/shopee/modules-federation/live/0/shopee__item-card-standard-v2/0.2.8/pc/5dd7b4560d0e2d3190e8.svg,Medan,https://deo.shopeemobile.com/shopee/modules-federation/live/0/shopee__item-card-standard-v2/0.2.8/pc/0614b8f0a8fdde22942d.svg,< 2 Hari,,,https://deo.shopeemobile.com/shopee/modules-federation/live/0/shopee__item-card-standard-v2/0.2.8/pc/0614b8f0a8fdde22942d.svg,,"Laptop ZYREX D-TECH AMD RYZEN 5 3500U 16GB DDR4 256GB SSD WIN11 BLUE
Rp
6.078.000
1 Terjual
< 2 Hari
Medan",https://shopee.co.id/Laptop-ZYREX-D-TECH-AMD-RYZEN-5-3500U-16GB-DDR4-256GB-SSD-WIN11-BLUE-i.1028114671.54852981401?extraParams=%7B%22display_model_id%22%3A445287798053%2C%22model_selection_logic%22%3A3%7D&sp_atk=40a3bbc8-445c-433a-9759-e116e70f8338&xptdk=40a3bbc8-445c-433a-9759-e116e70f8338
https://down-id.img.susercontent.com/file/id-11134207-7rasj-m0vvtcved4qvdc,https://down-id.img.susercontent.com/file/id-11134258-8224v-mkvw0cu9r7k1a5,"ZYREX L-BOOK Intel Core N4020 8GB 256GB Win11 PRO 14.0"" HD Silver / grey",https://deo.shopeemobile.com/shopee/modules-federation/live/0/shopee__item-card-standard-v2/0.2.8/pc/7c9110f78e069acbced7.png,Rp,3.960.000,5.0,https://deo.shopeemobile.com/shopee/modules-federation/live/0/shopee__item-card-standard-v2/0.2.8/pc/38e203dc86172a6c6560.svg,7 Terjual,https://deo.shopeemobile.com/shopee/modules-federation/live/0/shopee__item-card-standard-v2/0.2.8/pc/5dd7b4560d0e2d3190e8.svg,Tangerang,https://deo.shopeemobile.com/shopee/modules-federation/live/0/shopee__item-card-standard-v2/0.2.8/pc/0614b8f0a8fdde22942d.svg,< 2 Hari,-34%,,https://deo.shopeemobile.com/shopee/modules-federation/live/0/shopee__item-card-standard-v2/0.2.8/pc/d7099d3fd1dfdaf705ab.svg,https://deo.shopeemobile.com/shopee/modules-federation/live/0/shopee__item-card-standard-v2/0.2.8/pc/b4d1b8a78b3621dbdf4a.svg,"ZYREX L-BOOK Intel Core N4020 8GB 256GB Win11 PRO 14.0"" HD Silver / grey
Rp
3.960.000
-34%
5.0
7 Terjual
< 2 Hari
Tangerang",https://shopee.co.id/ZYREX-L-BOOK-Intel-Core-N4020-8GB-256GB-Win11-PRO-14.0-HD-Silver-grey-i.1274920948.28062956078?extraParams=%7B%22display_model_id%22%3A300761478286%2C%22model_selection_logic%22%3A3%7D&sp_atk=262c2fff-314e-4e41-9e55-dd07160a0e3c&xptdk=262c2fff-314e-4e41-9e55-dd07160a0e3c
https://down-id.img.susercontent.com/file/sg-11134201-8261c-mkd9m6qgya6d46,https://down-id.img.susercontent.com/file/id-11134258-8224v-mkvw0cu9r7k1a5,ZYREX BLAZE I5 12450H 16GB 512GB W11 14.0FHD,https://deo.shopeemobile.com/shopee/modules-federation/live/0/shopee__item-card-standard-v2/0.2.8/pc/7c9110f78e069acbced7.png,Rp,7.611.000,5.0,https://deo.shopeemobile.com/shopee/modules-federation/live/0/shopee__item-card-standard-v2/0.2.8/pc/76dff349290d20891fc1.svg,17 Terjual,https://deo.shopeemobile.com/shopee/modules-federation/live/0/shopee__item-card-standard-v2/0.2.8/pc/5dd7b4560d0e2d3190e8.svg,Jakarta Utara,,,-31%,Cicilan,https://deo.shopeemobile.com/shopee/modules-federation/live/0/shopee__item-card-standard-v2/0.2.8/pc/d7099d3fd1dfdaf705ab.svg,,"ZYREX BLAZE I5 12450H 16GB 512GB W11 14.0FHD
Rp
7.611.000
-31%
Cicilan
5.0
17 Terjual
3-5 Hari
Jakarta Utara",https://shopee.co.id/ZYREX-BLAZE-I5-12450H-16GB-512GB-W11-14.0FHD-i.405763687.9138116628?extraParams=%7B%22display_model_id%22%3A248471244712%2C%22model_selection_logic%22%3A3%7D&sp_atk=41346c39-5c44-4f92-b0bd-fbabc22b8f46&xptdk=41346c39-5c44-4f92-b0bd-fbabc22b8f46