-image-yazkc-11,-image-yazkc-11_2,text-sm,inline-block,text-xs/sp14,font-medium,text-shopee-primary,pointer-events-none,pointer-events-none_2,w-auto,text-white,pointer-events-none_3,align-middle,img,text-xs/sp14_2,text-shopee-green,truncate,_container,_container_link
https://down-id.img.susercontent.com/file/id-11134207-8224y-mg4sqojkim177e,https://down-id.img.susercontent.com/file/id-11134258-8224v-mkvw0cu9r7k1a5,ADVAN SOULMATE X2 AMD 3020 8GB 128GB Windows11 14.0 IPS,https://deo.shopeemobile.com/shopee/modules-federation/live/0/shopee__item-card-standard-v2/0.2.8/pc/7c9110f78e069acbced7.png,Rp,3.729.000,-1%,https://deo.shopeemobile.com/shopee/modules-federation/live/0/shopee__item-card-standard-v2/0.2.8/pc/b4d1b8a78b3621dbdf4a.svg,https://deo.shopeemobile.com/shopee/modules-federation/live/0/shopee__item-card-standard-v2/0.2.8/pc/38e203dc86172a6c6560.svg,https://deo.shopeemobile.com/shopee/modules-federation/live/0/shopee__item-card-standard-v2/0.2.8/pc/0614b8f0a8fdde22942d.svg,Besok,https://deo.shopeemobile.com/shopee/modules-federation/live/0/shopee__item-card-standard-v2/0.2.8/pc/5dd7b4560d0e2d3190e8.svg,Surabaya,https://deo.shopeemobile.com/shopee/modules-federation/live/0/shopee__item-card-standard-v2/0.2.8/pc/0614b8f0a8fdde22942d.svg,,2 Terjual,,"ADVAN SOULMATE X2 AMD 3020 8GB 128GB Windows11 14.0 IPS
Rp
3.729.000
-1%
2 Terjual
Besok
Surabaya",https://shopee.co.id/ADVAN-SOULMATE-X2-AMD-3020-8GB-128GB-Windows11-14.0-IPS-i.1471949508.40875444816?extraParams=%7B%22display_model_id%22%3A410693503214%2C%22model_selection_logic%22%3A3%7D&sp_atk=dd9b2e42-c9cd-4886-b4a0-49e014ab777a&xptdk=dd9b2e42-c9cd-4886-b4a0-49e014ab777a
https://down-id.img.susercontent.com/file/id-11134207-8224z-mie5e70jigp215,https://down-id.img.susercontent.com/file/id-11134258-822wr-mlx67rtd6r602f,"ADVAN Laptop | Workmate R5 8GB 256GB Win11 14"" Laptop",,Rp,5.599.000,-15%,,https://deo.shopeemobile.com/shopee/modules-federation/live/0/shopee__item-card-standard-v2/0.2.8/pc/38e203dc86172a6c6560.svg,https://deo.shopeemobile.com/shopee/modules-federation/live/0/shopee__item-card-standard-v2/0.2.8/pc/0614b8f0a8fdde22942d.svg,< 2 Hari,https://deo.shopeemobile.com/shopee/modules-federation/live/0/shopee__item-card-standard-v2/0.2.8/pc/5dd7b4560d0e2d3190e8.svg,Jakarta Selatan,https://deo.shopeemobile.com/shopee/modules-federation/live/0/shopee__item-card-standard-v2/0.2.8/pc/d7099d3fd1dfdaf705ab.svg,5.0,18 Terjual,,"ADVAN Laptop | Workmate R5 8GB 256GB Win11 14"" Laptop
Rp
5.599.000
-15%
5.0
18 Terjual
< 2 Hari
Jakarta Selatan",https://shopee.co.id/ADVAN-Laptop-Workmate-R5-8GB-256GB-Win11-14-Laptop-i.45695884.27039618166?extraParams=%7B%22display_model_id%22%3A375135948021%2C%22model_selection_logic%22%3A3%7D&sp_atk=8b1e1f83-29e9-4438-9422-17b8bd5ae16b&xptdk=8b1e1f83-29e9-4438-9422-17b8bd5ae16b
https://down-id.img.susercontent.com/file/id-11134207-82252-mgrgcsd4wx7122,https://down-id.img.susercontent.com/file/id-11134258-8224v-mkvw0cu9r7k1a5,Advan Soulmate X2 AMD Athlon 3020e 8GB 128GB SSD 14Inch FHD Windows 11,https://deo.shopeemobile.com/shopee/modules-federation/live/0/shopee__item-card-standard-v2/0.2.8/pc/a425c915798471b33e5d.png,Rp,4.119.000,,,https://deo.shopeemobile.com/shopee/modules-federation/live/0/shopee__item-card-standard-v2/0.2.8/pc/76dff349290d20891fc1.svg,,,https://deo.shopeemobile.com/shopee/modules-federation/live/0/shopee__item-card-standard-v2/0.2.8/pc/5dd7b4560d0e2d3190e8.svg,Malang,,,1 Terjual,,"Advan Soulmate X2 AMD Athlon 3020e 8GB 128GB SSD 14Inch FHD Windows 11
Rp
4.119.000
1 Terjual
1-3 Hari
Malang",https://shopee.co.id/Advan-Soulmate-X2-AMD-Athlon-3020e-8GB-128GB-SSD-14Inch-FHD-Windows-11-i.164898651.48900976798?extraParams=%7B%22display_model_id%22%3A435086282694%2C%22model_selection_logic%22%3A3%7D&sp_atk=4873ed36-63a4-40cb-a7e5-a8b620535b51&xptdk=4873ed36-63a4-40cb-a7e5-a8b620535b51
https://down-id.img.susercontent.com/file/id-11134207-822wu-mmzn7if0hmh4d6,,Intel N100 QuadCore Laptop Dual Slot Storage Rotasi 180 ADVAN T-BOOK 8/128,https://deo.shopeemobile.com/shopee/modules-federation/live/0/shopee__item-card-standard-v2/0.2.8/pc/a425c915798471b33e5d.png,Rp,2.403.000,,,https://deo.shopeemobile.com/shopee/modules-federation/live/0/shopee__item-card-standard-v2/0.2.8/pc/38e203dc86172a6c6560.svg,https://deo.shopeemobile.com/shopee/modules-federation/live/0/shopee__item-card-standard-v2/0.2.8/pc/0614b8f0a8fdde22942d.svg,< 2 Hari,https://deo.shopeemobile.com/shopee/modules-federation/live/0/shopee__item-card-standard-v2/0.2.8/pc/5dd7b4560d0e2d3190e8.svg,Semarang,https://deo.shopeemobile.com/shopee/modules-federation/live/0/shopee__item-card-standard-v2/0.2.8/pc/0614b8f0a8fdde22942d.svg,,< 2 Hari,,"Intel N100 QuadCore Laptop Dual Slot Storage Rotasi 180 ADVAN T-BOOK 8/128
Rp
2.403.000
< 2 Hari
Semarang",https://shopee.co.id/Intel-N100-QuadCore-Laptop-Dual-Slot-Storage-Rotasi-180-ADVAN-T-BOOK-8-128-i.1315466012.49258735954?extraParams=%7B%22display_model_id%22%3A380773609227%2C%22model_selection_logic%22%3A3%7D&sp_atk=ddd4f266-f7f2-45e1-a8af-fc583a8889a9&xptdk=ddd4f266-f7f2-45e1-a8af-fc583a8889a9
https://down-id.img.susercontent.com/file/id-11134207-7rbkd-ma89l8acd2m84e,https://down-id.img.susercontent.com/file/id-11134258-8224q-mkvvibsp8oowa6,Advan WorkPlus 14 Ryzen 5 16GB 512GB Win11,https://deo.shopeemobile.com/shopee/modules-federation/live/0/shopee__item-card-standard-v2/0.2.8/pc/e4734dab67ee2f9ebd5a.png,Rp,5.799.000,,,https://deo.shopeemobile.com/shopee/modules-federation/live/0/shopee__item-card-standard-v2/0.2.8/pc/38e203dc86172a6c6560.svg,https://deo.shopeemobile.com/shopee/modules-federation/live/0/shopee__item-card-standard-v2/0.2.8/pc/0614b8f0a8fdde22942d.svg,< 2 Hari,https://deo.shopeemobile.com/shopee/modules-federation/live/0/shopee__item-card-standard-v2/0.2.8/pc/5dd7b4560d0e2d3190e8.svg,Tangerang,https://deo.shopeemobile.com/shopee/modules-federation/live/0/shopee__item-card-standard-v2/0.2.8/pc/d7099d3fd1dfdaf705ab.svg,4.9,35 Terjual,Pilih Lokal,"Advan WorkPlus 14 Ryzen 5 16GB 512GB Win11
Rp
5.799.000
Pilih Lokal
Hadiah Gratis
4.9
35 Terjual
< 2 Hari
Tangerang",https://shopee.co.id/Advan-WorkPlus-14-Ryzen-5-16GB-512GB-Win11-i.290474546.42402193976?extraParams=%7B%22display_model_id%22%3A248714898896%2C%22model_selection_logic%22%3A3%7D&sp_atk=19e83d9c-13a2-43db-8e21-3d91e417b4d5&xptdk=19e83d9c-13a2-43db-8e21-3d91e417b4d5
https://down-id.img.susercontent.com/file/id-11134207-7ra0q-mdbig0vjijh3ef,,ADVAN WORKMATE RYZEN 5 3500U 16GB 256SSD W11,,Rp,5.800.000,,,https://deo.shopeemobile.com/shopee/modules-federation/live/0/shopee__item-card-standard-v2/0.2.8/pc/38e203dc86172a6c6560.svg,https://deo.shopeemobile.com/shopee/modules-federation/live/0/shopee__item-card-standard-v2/0.2.8/pc/0614b8f0a8fdde22942d.svg,Besok 11:00,https://deo.shopeemobile.com/shopee/modules-federation/live/0/shopee__item-card-standard-v2/0.2.8/pc/5dd7b4560d0e2d3190e8.svg,Surabaya,https://deo.shopeemobile.com/shopee/modules-federation/live/0/shopee__item-card-standard-v2/0.2.8/pc/d7099d3fd1dfdaf705ab.svg,5.0,39 Terjual,,"ADVAN WORKMATE RYZEN 5 3500U 16GB 256SSD W11
Rp
5.800.000
5.0
39 Terjual
Besok 11:00
Surabaya",https://shopee.co.id/ADVAN-WORKMATE-RYZEN-5-3500U-16GB-256SSD-W11-i.1058807.25741607350?extraParams=%7B%22display_model_id%22%3A271036293377%2C%22model_selection_logic%22%3A3%7D&sp_atk=1de58d16-35c2-4f33-9b2e-e8ff5db56706&xptdk=1de58d16-35c2-4f33-9b2e-e8ff5db56706
https://down-id.img.susercontent.com/file/id-11134207-8224y-mkmlqva97pxi4b,https://down-id.img.susercontent.com/file/id-11134258-8224v-mkvw0cu9r7k1a5,Advan Workplus Heritage Ryzen 5 16GB 1TB IPS,https://deo.shopeemobile.com/shopee/modules-federation/live/0/shopee__item-card-standard-v2/0.2.8/pc/7c9110f78e069acbced7.png,Rp,7.349.000,,,https://deo.shopeemobile.com/shopee/modules-federation/live/0/shopee__item-card-standard-v2/0.2.8/pc/38e203dc86172a6c6560.svg,https://deo.shopeemobile.com/shopee/modules-federation/live/0/shopee__item-card-standard-v2/0.2.8/pc/0614b8f0a8fdde22942d.svg,< 2 Hari,https://deo.shopeemobile.com/shopee/modules-federation/live/0/shopee__item-card-standard-v2/0.2.8/pc/5dd7b4560d0e2d3190e8.svg,Jakarta Pusat,https://deo.shopeemobile.com/shopee/modules-federation/live/0/shopee__item-card-standard-v2/0.2.8/pc/d7099d3fd1dfdaf705ab.svg,4.9,216 Terjual,,"Advan Workplus Heritage Ryzen 5 16GB 1TB IPS
Rp
7.349.000
4.9
216 Terjual
< 2 Hari
Jakarta Pusat",https://shopee.co.id/Advan-Workplus-Heritage-Ryzen-5-16GB-1TB-IPS-i.32829345.23378795964?extraParams=%7B%22display_model_id%22%3A400557455382%2C%22model_selection_logic%22%3A3%7D&sp_atk=aa5325a1-3f3a-451a-a4e3-3b8dce98c2b0&xptdk=aa5325a1-3f3a-451a-a4e3-3b8dce98c2b0
https://down-id.img.susercontent.com/file/id-11134207-82250-mie20b4388hyd5,https://down-id.img.susercontent.com/file/id-11134258-822wp-mlyjp115kz5tc6,ADVAN Laptop WorkMate | AMD Ryzen 5 3500U / Intel i3-1215U | 14 Inch LIGHT BLUE,https://deo.shopeemobile.com/shopee/modules-federation/live/0/shopee__item-card-standard-v2/0.2.8/pc/a425c915798471b33e5d.png,Rp,6.115.000,,,https://deo.shopeemobile.com/shopee/modules-federation/live/0/shopee__item-card-standard-v2/0.2.8/pc/38e203dc86172a6c6560.svg,https://deo.shopeemobile.com/shopee/modules-federation/live/0/shopee__item-card-standard-v2/0.2.8/pc/0614b8f0a8fdde22942d.svg,< 2 Hari,https://deo.shopeemobile.com/shopee/modules-federation/live/0/shopee__item-card-standard-v2/0.2.8/pc/5dd7b4560d0e2d3190e8.svg,Jambi,https://deo.shopeemobile.com/shopee/modules-federation/live/0/shopee__item-card-standard-v2/0.2.8/pc/0614b8f0a8fdde22942d.svg,,1 Terjual,Produk Baru,"ADVAN Laptop WorkMate | AMD Ryzen 5 3500U / Intel i3-1215U | 14 Inch LIGHT BLUE
Rp
6.115.000
Produk Baru
1 Terjual
< 2 Hari
Jambi",https://shopee.co.id/ADVAN-Laptop-WorkMate-AMD-Ryzen-5-3500U-Intel-i3-1215U-14-Inch-LIGHT-BLUE-i.348466600.42477344251?extraParams=%7B%22display_model_id%22%3A330317630342%2C%22model_selection_logic%22%3A3%7D&sp_atk=0d715265-48c8-4d09-8561-4c60a046f90d&xptdk=0d715265-48c8-4d09-8561-4c60a046f90d
https://down-id.img.susercontent.com/file/id-11134207-8224r-mhfyedzmrc3w62,https://down-id.img.susercontent.com/file/id-11134258-8224v-mkvw0cu9r7k1a5,"Advan Laptop WorkMate Ryzen 5 16GB 1TB SSD 14""",https://deo.shopeemobile.com/shopee/modules-federation/live/0/shopee__item-card-standard-v2/0.2.8/pc/e4734dab67ee2f9ebd5a.png,Rp,5.798.000,-1%,https://deo.shopeemobile.com/shopee/modules-federation/live/0/shopee__item-card-standard-v2/0.2.8/pc/b4d1b8a78b3621dbdf4a.svg,https://deo.shopeemobile.com/shopee/modules-federation/live/0/shopee__item-card-standard-v2/0.2.8/pc/38e203dc86172a6c6560.svg,https://deo.shopeemobile.com/shopee/modules-federation/live/0/shopee__item-card-standard-v2/0.2.8/pc/0614b8f0a8fdde22942d.svg,< 2 Hari,https://deo.shopeemobile.com/shopee/modules-federation/live/0/shopee__item-card-standard-v2/0.2.8/pc/5dd7b4560d0e2d3190e8.svg,Bogor,https://deo.shopeemobile.com/shopee/modules-federation/live/0/shopee__item-card-standard-v2/0.2.8/pc/d7099d3fd1dfdaf705ab.svg,5.0,39 Terjual,,"Advan Laptop WorkMate Ryzen 5 16GB 1TB SSD 14""
Rp
5.798.000
-1%
5.0
39 Terjual
< 2 Hari
Bogor",https://shopee.co.id/Advan-Laptop-WorkMate-Ryzen-5-16GB-1TB-SSD-14--i.757795871.20768130469?extraParams=%7B%22display_model_id%22%3A395163549112%2C%22model_selection_logic%22%3A3%7D&sp_atk=6bce6c66-7da9-4d0a-bb7a-4e192fc9480b&xptdk=6bce6c66-7da9-4d0a-bb7a-4e192fc9480b
https://down-id.img.susercontent.com/file/id-11134207-7ra0p-mdo2vmbiajymd9,https://down-id.img.susercontent.com/file/id-11134258-8224v-mkvw0cu9r7k1a5,Advan 1405 AMD Ryzen 5 3500U Ram 16Gb Ssd NVMe 512Gb,,Rp,3.850.000,,,https://deo.shopeemobile.com/shopee/modules-federation/live/0/shopee__item-card-standard-v2/0.2.8/pc/38e203dc86172a6c6560.svg,https://deo.shopeemobile.com/shopee/modules-federation/live/0/shopee__item-card-standard-v2/0.2.8/pc/0614b8f0a8fdde22942d.svg,< 2 Hari,https://deo.shopeemobile.com/shopee/modules-federation/live/0/shopee__item-card-standard-v2/0.2.8/pc/5dd7b4560d0e2d3190e8.svg,Malang,https://deo.shopeemobile.com/shopee/modules-federation/live/0/shopee__item-card-standard-v2/0.2.8/pc/0614b8f0a8fdde22942d.svg,,1 Terjual,Cicilan,"Advan 1405 AMD Ryzen 5 3500U Ram 16Gb Ssd NVMe 512Gb
Rp
3.850.000
Cicilan
1 Terjual
< 2 Hari
Malang",https://shopee.co.id/Advan-1405-AMD-Ryzen-5-3500U-Ram-16Gb-Ssd-NVMe-512Gb-i.44435356.10652856944?extraParams=%7B%22display_model_id%22%3A301176166551%2C%22model_selection_logic%22%3A3%7D&sp_atk=c50b97f6-3e04-484d-a1a2-d713e99a610d&xptdk=c50b97f6-3e04-484d-a1a2-d713e99a610d
https://down-id.img.susercontent.com/file/id-11134207-8224s-mhlfzvhvfchw6e,https://down-id.img.susercontent.com/file/id-11134258-8224v-mkvw0cu9r7k1a5,ADVAN Soulmate X AMD 3020e 8GB SSD 128GB 14” FHD IPS Free Windows 11,https://deo.shopeemobile.com/shopee/modules-federation/live/0/shopee__item-card-standard-v2/0.2.8/pc/e4734dab67ee2f9ebd5a.png,Rp,3.590.000,,,https://deo.shopeemobile.com/shopee/modules-federation/live/0/shopee__item-card-standard-v2/0.2.8/pc/38e203dc86172a6c6560.svg,https://deo.shopeemobile.com/shopee/modules-federation/live/0/shopee__item-card-standard-v2/0.2.8/pc/0614b8f0a8fdde22942d.svg,< 2 Hari,https://deo.shopeemobile.com/shopee/modules-federation/live/0/shopee__item-card-standard-v2/0.2.8/pc/5dd7b4560d0e2d3190e8.svg,Kab. Sleman,https://deo.shopeemobile.com/shopee/modules-federation/live/0/shopee__item-card-standard-v2/0.2.8/pc/d7099d3fd1dfdaf705ab.svg,5.0,4 Terjual,,"ADVAN Soulmate X AMD 3020e 8GB SSD 128GB 14” FHD IPS Free Windows 11
Rp
3.590.000
5.0
4 Terjual
< 2 Hari
Kab. Sleman",https://shopee.co.id/ADVAN-Soulmate-X-AMD-3020e-8GB-SSD-128GB-14%E2%80%9D-FHD-IPS-Free-Windows-11-i.40255164.40726833442?extraParams=%7B%22display_model_id%22%3A262529262035%2C%22model_selection_logic%22%3A3%7D&sp_atk=b1131d09-378d-495f-8070-fdd6441b8ed4&xptdk=b1131d09-378d-495f-8070-fdd6441b8ed4
https://down-id.img.susercontent.com/file/id-11134207-8224u-mha8hmavrcpacb,https://down-id.img.susercontent.com/file/id-11134258-8224q-mkvvibsp8oowa6,"Advan Workmate Ryzen 5 14"" FHD+ IPS Win 11",https://deo.shopeemobile.com/shopee/modules-federation/live/0/shopee__item-card-standard-v2/0.2.8/pc/e4734dab67ee2f9ebd5a.png,Rp,5.899.000,-31%,,https://deo.shopeemobile.com/shopee/modules-federation/live/0/shopee__item-card-standard-v2/0.2.8/pc/38e203dc86172a6c6560.svg,https://deo.shopeemobile.com/shopee/modules-federation/live/0/shopee__item-card-standard-v2/0.2.8/pc/0614b8f0a8fdde22942d.svg,< 2 Hari,https://deo.shopeemobile.com/shopee/modules-federation/live/0/shopee__item-card-standard-v2/0.2.8/pc/5dd7b4560d0e2d3190e8.svg,Semarang,https://deo.shopeemobile.com/shopee/modules-federation/live/0/shopee__item-card-standard-v2/0.2.8/pc/d7099d3fd1dfdaf705ab.svg,5.0,183 Terjual,Pilih Lokal,"Advan Workmate Ryzen 5 14"" FHD+ IPS Win 11
Rp
5.899.000
-31%
Pilih Lokal
5.0
183 Terjual
< 2 Hari
Semarang",https://shopee.co.id/Advan-Workmate-Ryzen-5-14-FHD-IPS-Win-11-i.1084083096.19484824739?extraParams=%7B%22display_model_id%22%3A276184197497%2C%22model_selection_logic%22%3A3%7D&sp_atk=6955ed8d-21a9-4a0e-8d50-d09285224ce2&xptdk=6955ed8d-21a9-4a0e-8d50-d09285224ce2
https://down-id.img.susercontent.com/file/id-11134207-822wu-mmfju7o9tjb741,https://down-id.img.susercontent.com/file/id-11134258-8224v-mkvw0cu9r7k1a5,"NB ADVAN SOULMATE X2 L25D-DALI1 Blue- ATHLON 3020E -14"" FHD IPS-8GB-128 GB-WINDOWS 11-DESAIN MINIMALIS,RINGAN,PERFORMA TANGGUH,LAPTOP MURAH",,Rp,4.377.309,,,https://deo.shopeemobile.com/shopee/modules-federation/live/0/shopee__item-card-standard-v2/0.2.8/pc/76dff349290d20891fc1.svg,,,https://deo.shopeemobile.com/shopee/modules-federation/live/0/shopee__item-card-standard-v2/0.2.8/pc/5dd7b4560d0e2d3190e8.svg,Kab. Sleman,,,4-7 Hari,,"NB ADVAN SOULMATE X2 L25D-DALI1 Blue- ATHLON 3020E -14"" FHD IPS-8GB-128 GB-WINDOWS 11-DESAIN MINIMALIS,RINGAN,PERFORMA TANGGUH,LAPTOP MURAH
Rp
4.377.309
4-7 Hari
Kab. Sleman",https://shopee.co.id/NB-ADVAN-SOULMATE-X2-L25D-DALI1-Blue-ATHLON-3020E-14-FHD-IPS-8GB-128-GB-WINDOWS-11-DESAIN-MINIMALIS-RINGAN-PERFORMA-TANGGUH-LAPTOP-MURAH-i.129695263.56357942647?extraParams=%7B%22display_model_id%22%3A330705545296%2C%22model_selection_logic%22%3A3%7D&sp_atk=e9beccaa-60ac-434c-8fc5-733201e0f7d3&xptdk=e9beccaa-60ac-434c-8fc5-733201e0f7d3
https://down-id.img.susercontent.com/file/id-11134207-822wo-mmllh67wkqo852,https://down-id.img.susercontent.com/file/id-11134258-822wr-mlx67rtd6r602f,"ADVAN SOULMATE X2AMD 3020E
Ram 8 Gb
SSD 128 Gb
Keyboard empuk",https://deo.shopeemobile.com/shopee/modules-federation/live/0/shopee__item-card-standard-v2/0.2.8/pc/a425c915798471b33e5d.png,Rp,3.584.000,,,https://deo.shopeemobile.com/shopee/modules-federation/live/0/shopee__item-card-standard-v2/0.2.8/pc/38e203dc86172a6c6560.svg,https://deo.shopeemobile.com/shopee/modules-federation/live/0/shopee__item-card-standard-v2/0.2.8/pc/0614b8f0a8fdde22942d.svg,< 2 Hari,https://deo.shopeemobile.com/shopee/modules-federation/live/0/shopee__item-card-standard-v2/0.2.8/pc/5dd7b4560d0e2d3190e8.svg,Kab. Bantul,https://deo.shopeemobile.com/shopee/modules-federation/live/0/shopee__item-card-standard-v2/0.2.8/pc/0614b8f0a8fdde22942d.svg,,< 2 Hari,,"ADVAN SOULMATE X2AMD 3020E Ram 8 Gb SSD 128 Gb Keyboard empuk
Rp
3.584.000
< 2 Hari
Kab. Bantul",https://shopee.co.id/ADVAN-SOULMATE-X2AMD-3020E-Ram-8-Gb-SSD-128-Gb-Keyboard-empuk-i.162504535.52758182411?extraParams=%7B%22display_model_id%22%3A425726889304%2C%22model_selection_logic%22%3A3%7D&sp_atk=5bb90fcf-311d-410d-aead-b9523403eea0&xptdk=5bb90fcf-311d-410d-aead-b9523403eea0
https://down-id.img.susercontent.com/file/id-11134207-8224v-mhjy5a059uki91,https://down-id.img.susercontent.com/file/id-11134258-8224v-mkvw0cu9r7k1a5,"Advan Workmate Ryzen 5 32GB SSD 14"" IPS Windows 11",https://deo.shopeemobile.com/shopee/modules-federation/live/0/shopee__item-card-standard-v2/0.2.8/pc/e4734dab67ee2f9ebd5a.png,Rp,5.979.000,,,https://deo.shopeemobile.com/shopee/modules-federation/live/0/shopee__item-card-standard-v2/0.2.8/pc/38e203dc86172a6c6560.svg,https://deo.shopeemobile.com/shopee/modules-federation/live/0/shopee__item-card-standard-v2/0.2.8/pc/0614b8f0a8fdde22942d.svg,Besok 11:00,https://deo.shopeemobile.com/shopee/modules-federation/live/0/shopee__item-card-standard-v2/0.2.8/pc/5dd7b4560d0e2d3190e8.svg,Surabaya,https://deo.shopeemobile.com/shopee/modules-federation/live/0/shopee__item-card-standard-v2/0.2.8/pc/d7099d3fd1dfdaf705ab.svg,4.9,636 Terjual,Cicilan,"Advan Workmate Ryzen 5 32GB SSD 14"" IPS Windows 11
Rp
5.979.000
Cicilan
4.9
636 Terjual
Besok 11:00
Surabaya",https://shopee.co.id/Advan-Workmate-Ryzen-5-32GB-SSD-14-IPS-Windows-11-i.96950295.12212386301?extraParams=%7B%22display_model_id%22%3A227570918862%2C%22model_selection_logic%22%3A3%7D&sp_atk=1f9a1f4c-41f2-4d25-b34d-860cfedb61fb&xptdk=1f9a1f4c-41f2-4d25-b34d-860cfedb61fb
https://down-id.img.susercontent.com/file/id-11134207-8224w-mjup9fr6vy0w03,https://down-id.img.susercontent.com/file/id-11134258-8224v-mkvw0cu9r7k1a5,ADVAN Laptop 2 In 1 360 Go Touchscreen AMD Ryzen 3-3200U 14 Inch IPS FHD 8GB 256GB Win 11 Original Garansi Resmi,https://deo.shopeemobile.com/shopee/modules-federation/live/0/shopee__item-card-standard-v2/0.2.8/pc/7c9110f78e069acbced7.png,Rp,5.396.000,-40%,https://deo.shopeemobile.com/shopee/modules-federation/live/0/shopee__item-card-standard-v2/0.2.8/pc/b4d1b8a78b3621dbdf4a.svg,https://deo.shopeemobile.com/shopee/modules-federation/live/0/shopee__item-card-standard-v2/0.2.8/pc/38e203dc86172a6c6560.svg,https://deo.shopeemobile.com/shopee/modules-federation/live/0/shopee__item-card-standard-v2/0.2.8/pc/0614b8f0a8fdde22942d.svg,Besok,https://deo.shopeemobile.com/shopee/modules-federation/live/0/shopee__item-card-standard-v2/0.2.8/pc/5dd7b4560d0e2d3190e8.svg,Surabaya,https://deo.shopeemobile.com/shopee/modules-federation/live/0/shopee__item-card-standard-v2/0.2.8/pc/d7099d3fd1dfdaf705ab.svg,5.0,11 Terjual,,"ADVAN Laptop 2 In 1 360 Go Touchscreen AMD Ryzen 3-3200U 14 Inch IPS FHD 8GB 256GB Win 11 Original Garansi Resmi
Rp
5.396.000
-40%
5.0
11 Terjual
Besok
Surabaya",https://shopee.co.id/ADVAN-Laptop-2-In-1-360-Go-Touchscreen-AMD-Ryzen-3-3200U-14-Inch-IPS-FHD-8GB-256GB-Win-11-Original-Garansi-Resmi-i.318218543.55555236824?extraParams=%7B%22display_model_id%22%3A315479082014%2C%22model_selection_logic%22%3A3%7D&sp_atk=51f46f6c-b23f-4726-b3fa-55a48ef33daf&xptdk=51f46f6c-b23f-4726-b3fa-55a48ef33daf
https://down-id.img.susercontent.com/file/id-11134207-81ztp-mfcatjki3ggd5c,https://down-id.img.susercontent.com/file/id-11134258-822wr-mlx67rtd6r602f,"Advan Soulmate X2 AMD Athlon 3020e 8GB SSD 128GB 14"" W11",https://deo.shopeemobile.com/shopee/modules-federation/live/0/shopee__item-card-standard-v2/0.2.8/pc/e4734dab67ee2f9ebd5a.png,Rp,4.065.000,,,https://deo.shopeemobile.com/shopee/modules-federation/live/0/shopee__item-card-standard-v2/0.2.8/pc/76dff349290d20891fc1.svg,,,https://deo.shopeemobile.com/shopee/modules-federation/live/0/shopee__item-card-standard-v2/0.2.8/pc/5dd7b4560d0e2d3190e8.svg,Yogyakarta,,,3 Terjual,,"Advan Soulmate X2 AMD Athlon 3020e 8GB SSD 128GB 14"" W11
Rp
4.065.000
3 Terjual
3-4 Hari
Yogyakarta",https://shopee.co.id/Advan-Soulmate-X2-AMD-Athlon-3020e-8GB-SSD-128GB-14-W11-i.29339583.27742516660?extraParams=%7B%22display_model_id%22%3A420465143594%2C%22model_selection_logic%22%3A3%7D&sp_atk=fafe0f21-7a6b-41a4-9825-a6ee169002d4&xptdk=fafe0f21-7a6b-41a4-9825-a6ee169002d4
https://down-id.img.susercontent.com/file/id-11134207-7rbkb-m95w9yvmcliz30,https://down-id.img.susercontent.com/file/id-11134258-822wr-mlx67rtd6r602f,Laptop Advan Soulmate Plus 1405 Ryzen 5 8GB 256GB,https://deo.shopeemobile.com/shopee/modules-federation/live/0/shopee__item-card-standard-v2/0.2.8/pc/e4734dab67ee2f9ebd5a.png,Rp,4.500.000,,,https://deo.shopeemobile.com/shopee/modules-federation/live/0/shopee__item-card-standard-v2/0.2.8/pc/38e203dc86172a6c6560.svg,https://deo.shopeemobile.com/shopee/modules-federation/live/0/shopee__item-card-standard-v2/0.2.8/pc/0614b8f0a8fdde22942d.svg,< 2 Hari,https://deo.shopeemobile.com/shopee/modules-federation/live/0/shopee__item-card-standard-v2/0.2.8/pc/5dd7b4560d0e2d3190e8.svg,Jakarta Timur,https://deo.shopeemobile.com/shopee/modules-federation/live/0/shopee__item-card-standard-v2/0.2.8/pc/d7099d3fd1dfdaf705ab.svg,4.7,4 Terjual,,"Laptop Advan Soulmate Plus 1405 Ryzen 5 8GB 256GB
Rp
4.500.000
4.7
4 Terjual
< 2 Hari
Jakarta Timur",https://shopee.co.id/Laptop-Advan-Soulmate-Plus-1405-Ryzen-5-8GB-256GB-i.21730609.27185435387?extraParams=%7B%22display_model_id%22%3A248334359519%2C%22model_selection_logic%22%3A3%7D&sp_atk=e67f0b3a-bec3-4e48-b74b-75a350596ddc&xptdk=e67f0b3a-bec3-4e48-b74b-75a350596ddc
https://down-id.img.susercontent.com/file/id-11134207-8224q-mh2rufu1xb7yf4,https://down-id.img.susercontent.com/file/id-11134258-8224v-mkvw0cu9r7k1a5,"Advan WorkPlus Ryzen 5 16GB 512GB IPS 14""",https://deo.shopeemobile.com/shopee/modules-federation/live/0/shopee__item-card-standard-v2/0.2.8/pc/e4734dab67ee2f9ebd5a.png,Rp,7.689.000,,,https://deo.shopeemobile.com/shopee/modules-federation/live/0/shopee__item-card-standard-v2/0.2.8/pc/38e203dc86172a6c6560.svg,https://deo.shopeemobile.com/shopee/modules-federation/live/0/shopee__item-card-standard-v2/0.2.8/pc/0614b8f0a8fdde22942d.svg,< 2 Hari,https://deo.shopeemobile.com/shopee/modules-federation/live/0/shopee__item-card-standard-v2/0.2.8/pc/5dd7b4560d0e2d3190e8.svg,Malang,https://deo.shopeemobile.com/shopee/modules-federation/live/0/shopee__item-card-standard-v2/0.2.8/pc/d7099d3fd1dfdaf705ab.svg,5.0,21 Terjual,,"Advan WorkPlus Ryzen 5 16GB 512GB IPS 14""
Rp
7.689.000
5.0
21 Terjual
< 2 Hari
Malang",https://shopee.co.id/Advan-WorkPlus-Ryzen-5-16GB-512GB-IPS-14--i.10625226.41052204768?extraParams=%7B%22display_model_id%22%3A267319110834%2C%22model_selection_logic%22%3A3%7D&sp_atk=f2ac0a38-6a92-4eff-8c32-a936d411a0d2&xptdk=f2ac0a38-6a92-4eff-8c32-a936d411a0d2
https://down-id.img.susercontent.com/file/id-11134207-822wr-mmae61fmnwug6b,https://down-id.img.susercontent.com/file/id-11134258-8224v-mkvw0cu9r7k1a5,"ADVAN Workmate Ultra Intel Ultra 5 115U With AI Boost NPU 8GB/256GB 14"" FHD IPS Laptop Notebook Windows 11 - Notebook ADVAN WORKMATE U5MT1 U5-115U/8GB/256GB",https://deo.shopeemobile.com/shopee/modules-federation/live/0/shopee__item-card-standard-v2/0.2.8/pc/7c9110f78e069acbced7.png,Rp,8.149.000,,,https://deo.shopeemobile.com/shopee/modules-federation/live/0/shopee__item-card-standard-v2/0.2.8/pc/38e203dc86172a6c6560.svg,https://deo.shopeemobile.com/shopee/modules-federation/live/0/shopee__item-card-standard-v2/0.2.8/pc/0614b8f0a8fdde22942d.svg,Besok 12:00,https://deo.shopeemobile.com/shopee/modules-federation/live/0/shopee__item-card-standard-v2/0.2.8/pc/5dd7b4560d0e2d3190e8.svg,Surabaya,https://deo.shopeemobile.com/shopee/modules-federation/live/0/shopee__item-card-standard-v2/0.2.8/pc/0614b8f0a8fdde22942d.svg,,Besok 12:00,,"ADVAN Workmate Ultra Intel Ultra 5 115U With AI Boost NPU 8GB/256GB 14"" FHD IPS Laptop Notebook Windows 11 - Notebook ADVAN WORKMATE U5MT1 U5-115U/8GB/256GB
Rp
8.149.000
Besok 12:00
Surabaya",https://shopee.co.id/ADVAN-Workmate-Ultra-Intel-Ultra-5-115U-With-AI-Boost-NPU-8GB-256GB-14-FHD-IPS-Laptop-Notebook-Windows-11-Notebook-ADVAN-WORKMATE-U5MT1-U5-115U-8GB-256GB-i.186184847.50856414383?extraParams=%7B%22display_model_id%22%3A395579297320%2C%22model_selection_logic%22%3A3%7D&sp_atk=8910e813-f072-4875-b351-49b51fd2d06b&xptdk=8910e813-f072-4875-b351-49b51fd2d06b
https://down-id.img.susercontent.com/file/id-11134207-82252-mi1e9xloo4cgf6,https://down-id.img.susercontent.com/file/id-11134258-8224v-mkvw0cu9r7k1a5,"LAPTOP BARU - ADVAN SOULMATE 14 - INTEL CELERON N4020, RAM 8 GB, SSD 128 GB, 14 INCH, GARANSI RESMI ADVAN 1 TAHUN",,Rp,3.950.000,,,https://deo.shopeemobile.com/shopee/modules-federation/live/0/shopee__item-card-standard-v2/0.2.8/pc/38e203dc86172a6c6560.svg,https://deo.shopeemobile.com/shopee/modules-federation/live/0/shopee__item-card-standard-v2/0.2.8/pc/0614b8f0a8fdde22942d.svg,< 2 Hari,https://deo.shopeemobile.com/shopee/modules-federation/live/0/shopee__item-card-standard-v2/0.2.8/pc/5dd7b4560d0e2d3190e8.svg,Makassar,https://deo.shopeemobile.com/shopee/modules-federation/live/0/shopee__item-card-standard-v2/0.2.8/pc/0614b8f0a8fdde22942d.svg,,< 2 Hari,,"LAPTOP BARU - ADVAN SOULMATE 14 - INTEL CELERON N4020, RAM 8 GB, SSD 128 GB, 14 INCH, GARANSI RESMI ADVAN 1 TAHUN
Rp
3.950.000
< 2 Hari
Makassar",https://shopee.co.id/LAPTOP-BARU-ADVAN-SOULMATE-14-INTEL-CELERON-N4020-RAM-8-GB-SSD-128-GB-14-INCH-GARANSI-RESMI-ADVAN-1-TAHUN-i.11267362.53602813537?extraParams=%7B%22display_model_id%22%3A277240189209%2C%22model_selection_logic%22%3A3%7D&sp_atk=20942a3f-c86c-4634-a599-39f9dbf956da&xptdk=20942a3f-c86c-4634-a599-39f9dbf956da
https://down-id.img.susercontent.com/file/id-11134207-82250-mg7n4m0xp5ah88,https://down-id.img.susercontent.com/file/id-11134258-822wk-mlx5wnmfz7k3dd,"Laptop Advan Workmate R5-3500U 8GB/256GB 14"" FHD IPS Win11",https://deo.shopeemobile.com/shopee/modules-federation/live/0/shopee__item-card-standard-v2/0.2.8/pc/e4734dab67ee2f9ebd5a.png,Rp,5.890.000,-26%,,https://deo.shopeemobile.com/shopee/modules-federation/live/0/shopee__item-card-standard-v2/0.2.8/pc/38e203dc86172a6c6560.svg,https://deo.shopeemobile.com/shopee/modules-federation/live/0/shopee__item-card-standard-v2/0.2.8/pc/0614b8f0a8fdde22942d.svg,< 2 Hari,https://deo.shopeemobile.com/shopee/modules-federation/live/0/shopee__item-card-standard-v2/0.2.8/pc/5dd7b4560d0e2d3190e8.svg,Jakarta Pusat,https://deo.shopeemobile.com/shopee/modules-federation/live/0/shopee__item-card-standard-v2/0.2.8/pc/d7099d3fd1dfdaf705ab.svg,4.9,1RB+ Terjual,Pilih Lokal,"Laptop Advan Workmate R5-3500U 8GB/256GB 14"" FHD IPS Win11
Rp
5.890.000
-26%
Pilih Lokal
Cicilan
4.9
1RB+ Terjual
< 2 Hari
Jakarta Pusat",https://shopee.co.id/Laptop-Advan-Workmate-R5-3500U-8GB-256GB-14-FHD-IPS-Win11-i.148846460.7432686911?extraParams=%7B%22display_model_id%22%3A301153194409%2C%22model_selection_logic%22%3A3%7D&sp_atk=966b9367-94fc-40d5-b51f-80a6a4485755&xptdk=966b9367-94fc-40d5-b51f-80a6a4485755
https://down-id.img.susercontent.com/file/id-11134207-822wg-mmfhqyekrw8x09,https://down-id.img.susercontent.com/file/id-11134258-8224v-mkvw0cu9r7k1a5,Laptop Advan Soulmate X2 AMD 8GB 128GB Win11,https://deo.shopeemobile.com/shopee/modules-federation/live/0/shopee__item-card-standard-v2/0.2.8/pc/e4734dab67ee2f9ebd5a.png,Rp,3.754.000,-25%,,https://deo.shopeemobile.com/shopee/modules-federation/live/0/shopee__item-card-standard-v2/0.2.8/pc/38e203dc86172a6c6560.svg,https://deo.shopeemobile.com/shopee/modules-federation/live/0/shopee__item-card-standard-v2/0.2.8/pc/0614b8f0a8fdde22942d.svg,< 2 Hari,https://deo.shopeemobile.com/shopee/modules-federation/live/0/shopee__item-card-standard-v2/0.2.8/pc/5dd7b4560d0e2d3190e8.svg,Jakarta Pusat,https://deo.shopeemobile.com/shopee/modules-federation/live/0/shopee__item-card-standard-v2/0.2.8/pc/d7099d3fd1dfdaf705ab.svg,5.0,362 Terjual,,"Laptop Advan Soulmate X2 AMD 8GB 128GB Win11
Rp
3.754.000
-25%
5.0
362 Terjual
< 2 Hari
Jakarta Pusat",https://shopee.co.id/Laptop-Advan-Soulmate-X2-AMD-8GB-128GB-Win11-i.148846460.55456112355?extraParams=%7B%22display_model_id%22%3A320705301800%2C%22model_selection_logic%22%3A3%7D&sp_atk=5d21a359-3bd4-401d-b7ea-20515d7afb06&xptdk=5d21a359-3bd4-401d-b7ea-20515d7afb06
https://down-id.img.susercontent.com/file/id-11134207-7ra0k-md4w98nxhzbsaf,https://down-id.img.susercontent.com/file/id-11134258-8224v-mkvw0cu9r7k1a5,Advan Workmate Ryzen 5 16GB 1TB SSD Windows 11,https://deo.shopeemobile.com/shopee/modules-federation/live/0/shopee__item-card-standard-v2/0.2.8/pc/e4734dab67ee2f9ebd5a.png,Rp,5.633.000,-1%,https://deo.shopeemobile.com/shopee/modules-federation/live/0/shopee__item-card-standard-v2/0.2.8/pc/b4d1b8a78b3621dbdf4a.svg,https://deo.shopeemobile.com/shopee/modules-federation/live/0/shopee__item-card-standard-v2/0.2.8/pc/38e203dc86172a6c6560.svg,https://deo.shopeemobile.com/shopee/modules-federation/live/0/shopee__item-card-standard-v2/0.2.8/pc/0614b8f0a8fdde22942d.svg,< 2 Hari,https://deo.shopeemobile.com/shopee/modules-federation/live/0/shopee__item-card-standard-v2/0.2.8/pc/5dd7b4560d0e2d3190e8.svg,Jakarta Selatan,https://deo.shopeemobile.com/shopee/modules-federation/live/0/shopee__item-card-standard-v2/0.2.8/pc/d7099d3fd1dfdaf705ab.svg,4.9,29 Terjual,Cicilan,"Advan Workmate Ryzen 5 16GB 1TB SSD Windows 11
Rp
5.633.000
-1%
Cicilan
4.9
29 Terjual
< 2 Hari
Jakarta Selatan",https://shopee.co.id/Advan-Workmate-Ryzen-5-16GB-1TB-SSD-Windows-11-i.256652736.15300435508?extraParams=%7B%22display_model_id%22%3A207252898645%2C%22model_selection_logic%22%3A3%7D&sp_atk=9e625f65-9f8a-4fd7-b1f9-e831a324f536&xptdk=9e625f65-9f8a-4fd7-b1f9-e831a324f536
https://down-id.img.susercontent.com/file/id-11134207-822wr-mmskecmtd8922e,https://down-id.img.susercontent.com/file/id-11134258-8224q-mkvvibsp8oowa6,Advan Soulmate X2 AMD 3020E 8GB 128GB SSD IPS,https://deo.shopeemobile.com/shopee/modules-federation/live/0/shopee__item-card-standard-v2/0.2.8/pc/e4734dab67ee2f9ebd5a.png,Rp,4.049.000,,,https://deo.shopeemobile.com/shopee/modules-federation/live/0/shopee__item-card-standard-v2/0.2.8/pc/38e203dc86172a6c6560.svg,https://deo.shopeemobile.com/shopee/modules-federation/live/0/shopee__item-card-standard-v2/0.2.8/pc/0614b8f0a8fdde22942d.svg,< 2 Hari,https://deo.shopeemobile.com/shopee/modules-federation/live/0/shopee__item-card-standard-v2/0.2.8/pc/5dd7b4560d0e2d3190e8.svg,Medan,https://deo.shopeemobile.com/shopee/modules-federation/live/0/shopee__item-card-standard-v2/0.2.8/pc/d7099d3fd1dfdaf705ab.svg,4.9,147 Terjual,Pilih Lokal,"Advan Soulmate X2 AMD 3020E 8GB 128GB SSD IPS
Rp
4.049.000
Pilih Lokal
4.9
147 Terjual
< 2 Hari
Medan",https://shopee.co.id/Advan-Soulmate-X2-AMD-3020E-8GB-128GB-SSD-IPS-i.35441254.22279982426?extraParams=%7B%22display_model_id%22%3A330744796412%2C%22model_selection_logic%22%3A3%7D&sp_atk=7d1ad10a-b044-4057-9142-215c7d3ea11e&xptdk=7d1ad10a-b044-4057-9142-215c7d3ea11e
https://down-id.img.susercontent.com/file/sg-11134201-7rfg5-m3af61k0lykr15,https://down-id.img.susercontent.com/file/id-11134258-8224v-mkvw0cu9r7k1a5,LAPTOP - ADVAN TBOOK X TRANSFORMERS GARANSI RESMI,,Rp,3.030.000,,,https://deo.shopeemobile.com/shopee/modules-federation/live/0/shopee__item-card-standard-v2/0.2.8/pc/76dff349290d20891fc1.svg,,,https://deo.shopeemobile.com/shopee/modules-federation/live/0/shopee__item-card-standard-v2/0.2.8/pc/5dd7b4560d0e2d3190e8.svg,Jakarta Pusat,,,4-7 Hari,,"LAPTOP - ADVAN TBOOK X TRANSFORMERS GARANSI RESMI
Rp
3.030.000
4-7 Hari
Jakarta Pusat",https://shopee.co.id/LAPTOP-ADVAN-TBOOK-X-TRANSFORMERS-GARANSI-RESMI-i.1362772826.29666154195?extraParams=%7B%22display_model_id%22%3A223403084358%2C%22model_selection_logic%22%3A3%7D&sp_atk=7be21103-24c3-4864-aa38-719389a8d49f&xptdk=7be21103-24c3-4864-aa38-719389a8d49f
https://down-id.img.susercontent.com/file/id-11134207-8224q-mkjkwdoc4l5132,https://down-id.img.susercontent.com/file/id-11134258-822wr-mlx67rtd6r602f,Laptop Advan Workmate AMD Ryzen 5-3500U RAM 8GB SSD 256GB Baru beli 1 minggu,https://deo.shopeemobile.com/shopee/modules-federation/live/0/shopee__item-card-standard-v2/0.2.8/pc/e4734dab67ee2f9ebd5a.png,Rp,5.800.000,,,https://deo.shopeemobile.com/shopee/modules-federation/live/0/shopee__item-card-standard-v2/0.2.8/pc/38e203dc86172a6c6560.svg,https://deo.shopeemobile.com/shopee/modules-federation/live/0/shopee__item-card-standard-v2/0.2.8/pc/0614b8f0a8fdde22942d.svg,< 2 Hari,https://deo.shopeemobile.com/shopee/modules-federation/live/0/shopee__item-card-standard-v2/0.2.8/pc/5dd7b4560d0e2d3190e8.svg,Jakarta Timur,https://deo.shopeemobile.com/shopee/modules-federation/live/0/shopee__item-card-standard-v2/0.2.8/pc/0614b8f0a8fdde22942d.svg,,1 Terjual,Produk Baru,"Laptop Advan Workmate AMD Ryzen 5-3500U RAM 8GB SSD 256GB Baru beli 1 minggu
Rp
5.800.000
Produk Baru
1 Terjual
< 2 Hari
Jakarta Timur",https://shopee.co.id/Laptop-Advan-Workmate-AMD-Ryzen-5-3500U-RAM-8GB-SSD-256GB-Baru-beli-1-minggu-i.21730609.51003262572?extraParams=%7B%22display_model_id%22%3A320314594036%2C%22model_selection_logic%22%3A3%7D&sp_atk=ff55efb9-4e3d-46f4-a06a-166c3929bc51&xptdk=ff55efb9-4e3d-46f4-a06a-166c3929bc51
https://down-id.img.susercontent.com/file/id-11134207-7rbk1-m680wjmhgy3cf5,https://down-id.img.susercontent.com/file/id-11134258-822wr-mlx67rtd6r602f,READY STOCK Advan Soulmate 1405 Celeron 4GB 128GB SSD,https://deo.shopeemobile.com/shopee/modules-federation/live/0/shopee__item-card-standard-v2/0.2.8/pc/a425c915798471b33e5d.png,Rp,1.850.000,,,https://deo.shopeemobile.com/shopee/modules-federation/live/0/shopee__item-card-standard-v2/0.2.8/pc/38e203dc86172a6c6560.svg,https://deo.shopeemobile.com/shopee/modules-federation/live/0/shopee__item-card-standard-v2/0.2.8/pc/0614b8f0a8fdde22942d.svg,< 2 Hari,https://deo.shopeemobile.com/shopee/modules-federation/live/0/shopee__item-card-standard-v2/0.2.8/pc/5dd7b4560d0e2d3190e8.svg,Jakarta Barat,https://deo.shopeemobile.com/shopee/modules-federation/live/0/shopee__item-card-standard-v2/0.2.8/pc/d7099d3fd1dfdaf705ab.svg,4.9,14 Terjual,,"READY STOCK Advan Soulmate 1405 Celeron 4GB 128GB SSD
Rp
1.850.000
4.9
14 Terjual
< 2 Hari
Jakarta Barat",https://shopee.co.id/READY-STOCK-Advan-Soulmate-1405-Celeron-4GB-128GB-SSD-i.346011270.28726175394?extraParams=%7B%22display_model_id%22%3A89106130639%2C%22model_selection_logic%22%3A3%7D&sp_atk=cf0f335f-e8d7-4da1-8755-fff74b6b211a&xptdk=cf0f335f-e8d7-4da1-8755-fff74b6b211a
https://down-id.img.susercontent.com/file/id-11134207-82252-mklunr2t730m53,https://down-id.img.susercontent.com/file/id-11134258-8224v-mkvw0cu9r7k1a5,"Advan TBook N100 8GB 384GB SSD 14"" Win 11",https://deo.shopeemobile.com/shopee/modules-federation/live/0/shopee__item-card-standard-v2/0.2.8/pc/e4734dab67ee2f9ebd5a.png,Rp,4.599.000,,,https://deo.shopeemobile.com/shopee/modules-federation/live/0/shopee__item-card-standard-v2/0.2.8/pc/38e203dc86172a6c6560.svg,https://deo.shopeemobile.com/shopee/modules-federation/live/0/shopee__item-card-standard-v2/0.2.8/pc/0614b8f0a8fdde22942d.svg,Besok 11:00,https://deo.shopeemobile.com/shopee/modules-federation/live/0/shopee__item-card-standard-v2/0.2.8/pc/5dd7b4560d0e2d3190e8.svg,Surabaya,https://deo.shopeemobile.com/shopee/modules-federation/live/0/shopee__item-card-standard-v2/0.2.8/pc/d7099d3fd1dfdaf705ab.svg,4.5,6 Terjual,,"Advan TBook N100 8GB 384GB SSD 14"" Win 11
Rp
4.599.000
4.5
6 Terjual
Besok 11:00
Surabaya",https://shopee.co.id/Advan-TBook-N100-8GB-384GB-SSD-14-Win-11-i.96950295.25807406013?extraParams=%7B%22display_model_id%22%3A430555468550%2C%22model_selection_logic%22%3A3%7D&sp_atk=532e1c43-799b-493a-afa2-2e3f0a2fda5a&xptdk=532e1c43-799b-493a-afa2-2e3f0a2fda5a
https://down-id.img.susercontent.com/file/id-11134207-822wo-mmwrrorkgoi029,https://down-id.img.susercontent.com/file/id-11134258-8224v-mkvw0cu9r7k1a5,ADVAN SOULMATE X2 AMD 3020 - RAM 8GB 128GB WINDOWS 11 14.0 IPS,https://deo.shopeemobile.com/shopee/modules-federation/live/0/shopee__item-card-standard-v2/0.2.8/pc/7c9110f78e069acbced7.png,Rp,3.753.000,-50%,https://deo.shopeemobile.com/shopee/modules-federation/live/0/shopee__item-card-standard-v2/0.2.8/pc/b4d1b8a78b3621dbdf4a.svg,https://deo.shopeemobile.com/shopee/modules-federation/live/0/shopee__item-card-standard-v2/0.2.8/pc/38e203dc86172a6c6560.svg,https://deo.shopeemobile.com/shopee/modules-federation/live/0/shopee__item-card-standard-v2/0.2.8/pc/0614b8f0a8fdde22942d.svg,< 2 Hari,https://deo.shopeemobile.com/shopee/modules-federation/live/0/shopee__item-card-standard-v2/0.2.8/pc/5dd7b4560d0e2d3190e8.svg,Jakarta Utara,https://deo.shopeemobile.com/shopee/modules-federation/live/0/shopee__item-card-standard-v2/0.2.8/pc/d7099d3fd1dfdaf705ab.svg,4.9,43 Terjual,Cicilan,"ADVAN SOULMATE X2 AMD 3020 - RAM 8GB 128GB WINDOWS 11 14.0 IPS
Rp
3.753.000
-50%
Cicilan
Hadiah Gratis
4.9
43 Terjual
< 2 Hari
Jakarta Utara",https://shopee.co.id/ADVAN-SOULMATE-X2-AMD-3020-RAM-8GB-128GB-WINDOWS-11-14.0-IPS-i.250649369.15014278387?extraParams=%7B%22display_model_id%22%3A355773132874%2C%22model_selection_logic%22%3A3%7D&sp_atk=efb52a51-a56d-478b-8f16-7a3844581e98&xptdk=efb52a51-a56d-478b-8f16-7a3844581e98
https://down-id.img.susercontent.com/file/id-11134207-8224q-mfw3vvdrz5zib5,https://down-id.img.susercontent.com/file/id-11134258-8224v-mkvw0cu9r7k1a5,LAPTOP ADVAN SOULMATE X2 AMD 3020 8GB 128GB 14.0 IPS,https://deo.shopeemobile.com/shopee/modules-federation/live/0/shopee__item-card-standard-v2/0.2.8/pc/7c9110f78e069acbced7.png,Rp,3.744.000,-46%,https://deo.shopeemobile.com/shopee/modules-federation/live/0/shopee__item-card-standard-v2/0.2.8/pc/b4d1b8a78b3621dbdf4a.svg,https://deo.shopeemobile.com/shopee/modules-federation/live/0/shopee__item-card-standard-v2/0.2.8/pc/38e203dc86172a6c6560.svg,https://deo.shopeemobile.com/shopee/modules-federation/live/0/shopee__item-card-standard-v2/0.2.8/pc/0614b8f0a8fdde22942d.svg,Besok,https://deo.shopeemobile.com/shopee/modules-federation/live/0/shopee__item-card-standard-v2/0.2.8/pc/5dd7b4560d0e2d3190e8.svg,Surabaya,https://deo.shopeemobile.com/shopee/modules-federation/live/0/shopee__item-card-standard-v2/0.2.8/pc/d7099d3fd1dfdaf705ab.svg,5.0,2 Terjual,,"LAPTOP ADVAN SOULMATE X2 AMD 3020 8GB 128GB 14.0 IPS
Rp
3.744.000
-46%
5.0
2 Terjual
Besok
Surabaya",https://shopee.co.id/LAPTOP-ADVAN-SOULMATE-X2-AMD-3020-8GB-128GB-14.0-IPS-i.1273997571.24797492989?extraParams=%7B%22display_model_id%22%3A244031737631%2C%22model_selection_logic%22%3A3%7D&sp_atk=285f5d56-1ec9-4acb-a9ba-82be132e265f&xptdk=285f5d56-1ec9-4acb-a9ba-82be132e265f
https://down-id.img.susercontent.com/file/id-11134207-8224v-mjgv5vj2el1fc3,https://down-id.img.susercontent.com/file/id-11134258-822wr-mlx67rtd6r602f,"ADVAN Soulmate X2 Laptop AMD 3020e 8GB 128GB 14""FHD IPS Radeon Win11",https://deo.shopeemobile.com/shopee/modules-federation/live/0/shopee__item-card-standard-v2/0.2.8/pc/e4734dab67ee2f9ebd5a.png,Rp,3.950.000,,,https://deo.shopeemobile.com/shopee/modules-federation/live/0/shopee__item-card-standard-v2/0.2.8/pc/76dff349290d20891fc1.svg,,,https://deo.shopeemobile.com/shopee/modules-federation/live/0/shopee__item-card-standard-v2/0.2.8/pc/5dd7b4560d0e2d3190e8.svg,Balikpapan,https://deo.shopeemobile.com/shopee/modules-federation/live/0/shopee__item-card-standard-v2/0.2.8/pc/d7099d3fd1dfdaf705ab.svg,5.0,8 Terjual,,"ADVAN Soulmate X2 Laptop AMD 3020e 8GB 128GB 14""FHD IPS Radeon Win11
Rp
3.950.000
5.0
8 Terjual
2-4 Hari
Balikpapan",https://shopee.co.id/ADVAN-Soulmate-X2-Laptop-AMD-3020e-8GB-128GB-14-FHD-IPS-Radeon-Win11-i.27051321.52304644521?extraParams=%7B%22display_model_id%22%3A272333883236%2C%22model_selection_logic%22%3A3%7D&sp_atk=24aa26d4-1ea3-4caf-9049-22d6e60d50e1&xptdk=24aa26d4-1ea3-4caf-9049-22d6e60d50e1
https://down-id.img.susercontent.com/file/id-11134207-822wk-mlohrg3bybyn0d,https://down-id.img.susercontent.com/file/id-11134258-8224v-mkvw0cu9r7k1a5,LAPTOP ADVAN EXCLUSIVE Soulmate X2 8/128GB | TBOOK N100 | WORKMATE I3 8/256GB,,Rp,4.053.000,,,https://deo.shopeemobile.com/shopee/modules-federation/live/0/shopee__item-card-standard-v2/0.2.8/pc/38e203dc86172a6c6560.svg,https://deo.shopeemobile.com/shopee/modules-federation/live/0/shopee__item-card-standard-v2/0.2.8/pc/0614b8f0a8fdde22942d.svg,< 2 Hari,https://deo.shopeemobile.com/shopee/modules-federation/live/0/shopee__item-card-standard-v2/0.2.8/pc/5dd7b4560d0e2d3190e8.svg,Sukabumi,https://deo.shopeemobile.com/shopee/modules-federation/live/0/shopee__item-card-standard-v2/0.2.8/pc/d7099d3fd1dfdaf705ab.svg,5.0,7 Terjual,,"LAPTOP ADVAN EXCLUSIVE Soulmate X2 8/128GB | TBOOK N100 | WORKMATE I3 8/256GB
Rp
4.053.000
5.0
7 Terjual
< 2 Hari
Sukabumi",https://shopee.co.id/LAPTOP-ADVAN-EXCLUSIVE-Soulmate-X2-8-128GB-TBOOK-N100-WORKMATE-I3-8-256GB-i.107125444.23770799564?extraParams=%7B%22display_model_id%22%3A400672355893%2C%22model_selection_logic%22%3A3%7D&sp_atk=ae6794fa-2a45-4e84-a399-c2730564d19b&xptdk=ae6794fa-2a45-4e84-a399-c2730564d19b
https://down-id.img.susercontent.com/file/id-11134207-822ws-mmae61fj5hqb3d,https://down-id.img.susercontent.com/file/id-11134258-8224v-mkvw0cu9r7k1a5,"Advan Workmate L25C R53S1 Ryzen 5 3500U 8GB 256GB 14"" FHD+ Windows 11 Home - Notebook ADVAN WORKMATE R53S1 R5-3500U",https://deo.shopeemobile.com/shopee/modules-federation/live/0/shopee__item-card-standard-v2/0.2.8/pc/7c9110f78e069acbced7.png,Rp,6.199.000,,,https://deo.shopeemobile.com/shopee/modules-federation/live/0/shopee__item-card-standard-v2/0.2.8/pc/38e203dc86172a6c6560.svg,https://deo.shopeemobile.com/shopee/modules-federation/live/0/shopee__item-card-standard-v2/0.2.8/pc/0614b8f0a8fdde22942d.svg,Besok 12:00,https://deo.shopeemobile.com/shopee/modules-federation/live/0/shopee__item-card-standard-v2/0.2.8/pc/5dd7b4560d0e2d3190e8.svg,Surabaya,https://deo.shopeemobile.com/shopee/modules-federation/live/0/shopee__item-card-standard-v2/0.2.8/pc/d7099d3fd1dfdaf705ab.svg,5.0,1 Terjual,,"Advan Workmate L25C R53S1 Ryzen 5 3500U 8GB 256GB 14"" FHD+ Windows 11 Home - Notebook ADVAN WORKMATE R53S1 R5-3500U
Rp
6.199.000
5.0
1 Terjual
Besok 12:00
Surabaya",https://shopee.co.id/Advan-Workmate-L25C-R53S1-Ryzen-5-3500U-8GB-256GB-14-FHD-Windows-11-Home-Notebook-ADVAN-WORKMATE-R53S1-R5-3500U-i.186184847.53355923380?extraParams=%7B%22display_model_id%22%3A355535956577%2C%22model_selection_logic%22%3A3%7D&sp_atk=c7860f28-e5cd-45a9-b0c6-6ed8c730a05e&xptdk=c7860f28-e5cd-45a9-b0c6-6ed8c730a05e
https://down-id.img.susercontent.com/file/id-11134207-822wr-mmm0cywfclqce0,https://down-id.img.susercontent.com/file/id-11134258-8224v-mkvw0cu9r7k1a5,ADVAN Workpro Intel core i5 12450H RAM32GB SSD1TB 14'' Fhd Ips Windows 11,https://deo.shopeemobile.com/shopee/modules-federation/live/0/shopee__item-card-standard-v2/0.2.8/pc/7c9110f78e069acbced7.png,Rp,7.099.000,,,https://deo.shopeemobile.com/shopee/modules-federation/live/0/shopee__item-card-standard-v2/0.2.8/pc/38e203dc86172a6c6560.svg,https://deo.shopeemobile.com/shopee/modules-federation/live/0/shopee__item-card-standard-v2/0.2.8/pc/0614b8f0a8fdde22942d.svg,< 2 Hari,https://deo.shopeemobile.com/shopee/modules-federation/live/0/shopee__item-card-standard-v2/0.2.8/pc/5dd7b4560d0e2d3190e8.svg,Jakarta Pusat,https://deo.shopeemobile.com/shopee/modules-federation/live/0/shopee__item-card-standard-v2/0.2.8/pc/d7099d3fd1dfdaf705ab.svg,4.9,69 Terjual,,"ADVAN Workpro Intel core i5 12450H RAM32GB SSD1TB 14'' Fhd Ips Windows 11
Rp
7.099.000
4.9
69 Terjual
< 2 Hari
Jakarta Pusat",https://shopee.co.id/ADVAN-Workpro-Intel-core-i5-12450H-RAM32GB-SSD1TB-14''-Fhd-Ips-Windows-11-i.32829345.25388377541?extraParams=%7B%22display_model_id%22%3A158886560289%2C%22model_selection_logic%22%3A3%7D&sp_atk=87a35741-6f3d-4e41-952c-b8adfd4e51d8&xptdk=87a35741-6f3d-4e41-952c-b8adfd4e51d8
https://down-id.img.susercontent.com/file/id-11134207-822ws-mmmotqbonwg2be,https://down-id.img.susercontent.com/file/id-11134258-8224v-mkvw0cu9r7k1a5,"Laptop Advan Soulmate 1405, Ryzen 5 - 3500U, Ram8Gb Ssd256Gb, Normal",,Rp,3.900.000,,,https://deo.shopeemobile.com/shopee/modules-federation/live/0/shopee__item-card-standard-v2/0.2.8/pc/38e203dc86172a6c6560.svg,https://deo.shopeemobile.com/shopee/modules-federation/live/0/shopee__item-card-standard-v2/0.2.8/pc/0614b8f0a8fdde22942d.svg,< 2 Hari,https://deo.shopeemobile.com/shopee/modules-federation/live/0/shopee__item-card-standard-v2/0.2.8/pc/5dd7b4560d0e2d3190e8.svg,Tangerang,https://deo.shopeemobile.com/shopee/modules-federation/live/0/shopee__item-card-standard-v2/0.2.8/pc/0614b8f0a8fdde22942d.svg,,< 2 Hari,,"Laptop Advan Soulmate 1405, Ryzen 5 - 3500U, Ram8Gb Ssd256Gb, Normal
Rp
3.900.000
< 2 Hari
Tangerang",https://shopee.co.id/Laptop-Advan-Soulmate-1405-Ryzen-5-3500U-Ram8Gb-Ssd256Gb-Normal-i.214357959.52008211797?extraParams=%7B%22display_model_id%22%3A320729787169%2C%22model_selection_logic%22%3A3%7D&sp_atk=fac4ca65-ef4a-410b-89ba-4ed17e7b7725&xptdk=fac4ca65-ef4a-410b-89ba-4ed17e7b7725
https://down-id.img.susercontent.com/file/id-11134207-7ra0l-mdof6qx9js7jd6,https://down-id.img.susercontent.com/file/id-11134258-822wr-mlx67rtd6r602f,"ADVAN Soulmate T 1405 8GB 128GB 14"" HD Windows 11",https://deo.shopeemobile.com/shopee/modules-federation/live/0/shopee__item-card-standard-v2/0.2.8/pc/e4734dab67ee2f9ebd5a.png,Rp,3.399.000,,,https://deo.shopeemobile.com/shopee/modules-federation/live/0/shopee__item-card-standard-v2/0.2.8/pc/76dff349290d20891fc1.svg,,,https://deo.shopeemobile.com/shopee/modules-federation/live/0/shopee__item-card-standard-v2/0.2.8/pc/5dd7b4560d0e2d3190e8.svg,Balikpapan,https://deo.shopeemobile.com/shopee/modules-federation/live/0/shopee__item-card-standard-v2/0.2.8/pc/d7099d3fd1dfdaf705ab.svg,5.0,46 Terjual,Pilih Lokal,"ADVAN Soulmate T 1405 8GB 128GB 14"" HD Windows 11
Rp
3.399.000
Pilih Lokal
5.0
46 Terjual
2-4 Hari
Balikpapan",https://shopee.co.id/ADVAN-Soulmate-T-1405-8GB-128GB-14-HD-Windows-11-i.27051321.25671925063?extraParams=%7B%22display_model_id%22%3A286181277582%2C%22model_selection_logic%22%3A3%7D&sp_atk=9cfbf04c-1031-421d-9c19-d6762e64e96e&xptdk=9cfbf04c-1031-421d-9c19-d6762e64e96e
https://down-id.img.susercontent.com/file/id-11134207-8224u-mknc40x97awz19,https://down-id.img.susercontent.com/file/id-11134258-8224v-mkvw0cu9r7k1a5,LAPTOP ADVAN SOULMATE X2 AMD 3020 - RAM 8GB 128GB WINDOWS11 14.0 IPS,https://deo.shopeemobile.com/shopee/modules-federation/live/0/shopee__item-card-standard-v2/0.2.8/pc/7c9110f78e069acbced7.png,Rp,3.753.000,-56%,https://deo.shopeemobile.com/shopee/modules-federation/live/0/shopee__item-card-standard-v2/0.2.8/pc/b4d1b8a78b3621dbdf4a.svg,https://deo.shopeemobile.com/shopee/modules-federation/live/0/shopee__item-card-standard-v2/0.2.8/pc/38e203dc86172a6c6560.svg,https://deo.shopeemobile.com/shopee/modules-federation/live/0/shopee__item-card-standard-v2/0.2.8/pc/0614b8f0a8fdde22942d.svg,< 2 Hari,https://deo.shopeemobile.com/shopee/modules-federation/live/0/shopee__item-card-standard-v2/0.2.8/pc/5dd7b4560d0e2d3190e8.svg,Jakarta Utara,https://deo.shopeemobile.com/shopee/modules-federation/live/0/shopee__item-card-standard-v2/0.2.8/pc/d7099d3fd1dfdaf705ab.svg,4.9,113 Terjual,Cicilan,"LAPTOP ADVAN SOULMATE X2 AMD 3020 - RAM 8GB 128GB WINDOWS11 14.0 IPS
Rp
3.753.000
-56%
Cicilan
Hadiah Gratis
4.9
113 Terjual
< 2 Hari
Jakarta Utara",https://shopee.co.id/LAPTOP-ADVAN-SOULMATE-X2-AMD-3020-RAM-8GB-128GB-WINDOWS11-14.0-IPS-i.250649369.15511352621?extraParams=%7B%22display_model_id%22%3A282553749751%2C%22model_selection_logic%22%3A3%7D&sp_atk=45eb3413-67b0-40a3-bc1c-97d61e061074&xptdk=45eb3413-67b0-40a3-bc1c-97d61e061074
https://down-id.img.susercontent.com/file/id-11134207-8224p-mjf8qqk3fqpu18,https://down-id.img.susercontent.com/file/id-11134258-8224v-mkvw0cu9r7k1a5,ADVAN Laptop Tbook Intel Core N100 8GB 128GB+512GB Win 11 14.0 Inch,https://deo.shopeemobile.com/shopee/modules-federation/live/0/shopee__item-card-standard-v2/0.2.8/pc/7c9110f78e069acbced7.png,Rp,4.262.000,-26%,,https://deo.shopeemobile.com/shopee/modules-federation/live/0/shopee__item-card-standard-v2/0.2.8/pc/38e203dc86172a6c6560.svg,https://deo.shopeemobile.com/shopee/modules-federation/live/0/shopee__item-card-standard-v2/0.2.8/pc/0614b8f0a8fdde22942d.svg,< 2 Hari,https://deo.shopeemobile.com/shopee/modules-federation/live/0/shopee__item-card-standard-v2/0.2.8/pc/5dd7b4560d0e2d3190e8.svg,Depok,https://deo.shopeemobile.com/shopee/modules-federation/live/0/shopee__item-card-standard-v2/0.2.8/pc/d7099d3fd1dfdaf705ab.svg,4.9,25 Terjual,,"ADVAN Laptop Tbook Intel Core N100 8GB 128GB+512GB Win 11 14.0 Inch
Rp
4.262.000
-26%
4.9
25 Terjual
< 2 Hari
Depok",https://shopee.co.id/ADVAN-Laptop-Tbook-Intel-Core-N100-8GB-128GB-512GB-Win-11-14.0-Inch-i.1274014683.28966862342?extraParams=%7B%22display_model_id%22%3A440426818152%2C%22model_selection_logic%22%3A3%7D&sp_atk=6b7660f3-01d1-490e-8c2c-fb3e7d22215a&xptdk=6b7660f3-01d1-490e-8c2c-fb3e7d22215a
https://down-id.img.susercontent.com/file/sg-11134201-7renm-m8ira95lyilef6,https://down-id.img.susercontent.com/file/id-11134258-8224v-mkvw0cu9r7k1a5,ADVAN TBook Intel Celeron N100 4 Core RAM16GB SSD1TB 14'' Hd Windows 11,,Rp,2.499.000,,,https://deo.shopeemobile.com/shopee/modules-federation/live/0/shopee__item-card-standard-v2/0.2.8/pc/76dff349290d20891fc1.svg,,,https://deo.shopeemobile.com/shopee/modules-federation/live/0/shopee__item-card-standard-v2/0.2.8/pc/5dd7b4560d0e2d3190e8.svg,Malang,,,1 Terjual,,"ADVAN TBook Intel Celeron N100 4 Core RAM16GB SSD1TB 14'' Hd Windows 11
Rp
2.499.000
1 Terjual
2-3 Hari
Malang",https://shopee.co.id/ADVAN-TBook-Intel-Celeron-N100-4-Core-RAM16GB-SSD1TB-14''-Hd-Windows-11-i.141725604.26533209404?extraParams=%7B%22display_model_id%22%3A253164891588%2C%22model_selection_logic%22%3A3%7D&sp_atk=6f47eb4e-bb0d-41aa-bb74-a3f77dbeb015&xptdk=6f47eb4e-bb0d-41aa-bb74-a3f77dbeb015
https://down-id.img.susercontent.com/file/id-11134207-7ra0r-mdk1wo6n4houff,https://down-id.img.susercontent.com/file/id-11134258-8224v-mkvw0cu9r7k1a5,Advan Laptop Workmate AMD Ryzen 5 3500U / Intel i3-1215U 8GB SSD 256GB 14 Inch FHD+ Windows 11 Original Garansi Resmi,https://deo.shopeemobile.com/shopee/modules-federation/live/0/shopee__item-card-standard-v2/0.2.8/pc/7c9110f78e069acbced7.png,Rp,5.996.000,-26%,https://deo.shopeemobile.com/shopee/modules-federation/live/0/shopee__item-card-standard-v2/0.2.8/pc/b4d1b8a78b3621dbdf4a.svg,https://deo.shopeemobile.com/shopee/modules-federation/live/0/shopee__item-card-standard-v2/0.2.8/pc/76dff349290d20891fc1.svg,,,https://deo.shopeemobile.com/shopee/modules-federation/live/0/shopee__item-card-standard-v2/0.2.8/pc/5dd7b4560d0e2d3190e8.svg,Mojokerto,https://deo.shopeemobile.com/shopee/modules-federation/live/0/shopee__item-card-standard-v2/0.2.8/pc/d7099d3fd1dfdaf705ab.svg,4.9,176 Terjual,,"Advan Laptop Workmate AMD Ryzen 5 3500U / Intel i3-1215U 8GB SSD 256GB 14 Inch FHD+ Windows 11 Original Garansi Resmi
Rp
5.996.000
-26%
4.9
176 Terjual
2-3 Hari
Mojokerto",https://shopee.co.id/Advan-Laptop-Workmate-AMD-Ryzen-5-3500U-Intel-i3-1215U-8GB-SSD-256GB-14-Inch-FHD-Windows-11-Original-Garansi-Resmi-i.318218543.28490099609?extraParams=%7B%22display_model_id%22%3A248851735315%2C%22model_selection_logic%22%3A3%7D&sp_atk=db9006a2-6e39-4263-a164-8febb6a9b584&xptdk=db9006a2-6e39-4263-a164-8febb6a9b584
https://down-id.img.susercontent.com/file/id-11134207-8224s-ml3dsuo4fs3lfe,https://down-id.img.susercontent.com/file/id-11134258-8224v-mkvw0cu9r7k1a5,"Advan Workmate L25C R53S1 Ryzen 5 3500U 8GB 256GB 14"" FHD+ Windows 11 Home - Notebook ADVAN WORKMATE R53S1 R5-3500U",https://deo.shopeemobile.com/shopee/modules-federation/live/0/shopee__item-card-standard-v2/0.2.8/pc/7c9110f78e069acbced7.png,Rp,6.199.000,,,https://deo.shopeemobile.com/shopee/modules-federation/live/0/shopee__item-card-standard-v2/0.2.8/pc/38e203dc86172a6c6560.svg,https://deo.shopeemobile.com/shopee/modules-federation/live/0/shopee__item-card-standard-v2/0.2.8/pc/0614b8f0a8fdde22942d.svg,Besok 12:00,https://deo.shopeemobile.com/shopee/modules-federation/live/0/shopee__item-card-standard-v2/0.2.8/pc/5dd7b4560d0e2d3190e8.svg,Surabaya,https://deo.shopeemobile.com/shopee/modules-federation/live/0/shopee__item-card-standard-v2/0.2.8/pc/d7099d3fd1dfdaf705ab.svg,5.0,1 Terjual,,"Advan Workmate L25C R53S1 Ryzen 5 3500U 8GB 256GB 14"" FHD+ Windows 11 Home - Notebook ADVAN WORKMATE R53S1 R5-3500U
Rp
6.199.000
5.0
1 Terjual
Besok 12:00
Surabaya",https://shopee.co.id/Advan-Workmate-L25C-R53S1-Ryzen-5-3500U-8GB-256GB-14-FHD-Windows-11-Home-Notebook-ADVAN-WORKMATE-R53S1-R5-3500U-i.437285338.45705938640?extraParams=%7B%22display_model_id%22%3A410535967687%2C%22model_selection_logic%22%3A3%7D&sp_atk=69d51544-7918-4824-85af-34d8e5ba306c&xptdk=69d51544-7918-4824-85af-34d8e5ba306c
https://down-id.img.susercontent.com/file/id-11134207-7ra0q-mblwbevk9rk644,https://down-id.img.susercontent.com/file/id-11134258-8224v-mkvw0cu9r7k1a5,LAPTOP ADVAN WORKMATE - AMD RYZEN 5 3500U RAM 8GB 256GB W11 14.0WUXGA IPS,https://deo.shopeemobile.com/shopee/modules-federation/live/0/shopee__item-card-standard-v2/0.2.8/pc/7c9110f78e069acbced7.png,Rp,5.682.000,-27%,https://deo.shopeemobile.com/shopee/modules-federation/live/0/shopee__item-card-standard-v2/0.2.8/pc/b4d1b8a78b3621dbdf4a.svg,https://deo.shopeemobile.com/shopee/modules-federation/live/0/shopee__item-card-standard-v2/0.2.8/pc/38e203dc86172a6c6560.svg,https://deo.shopeemobile.com/shopee/modules-federation/live/0/shopee__item-card-standard-v2/0.2.8/pc/0614b8f0a8fdde22942d.svg,< 2 Hari,https://deo.shopeemobile.com/shopee/modules-federation/live/0/shopee__item-card-standard-v2/0.2.8/pc/5dd7b4560d0e2d3190e8.svg,Jakarta Utara,https://deo.shopeemobile.com/shopee/modules-federation/live/0/shopee__item-card-standard-v2/0.2.8/pc/d7099d3fd1dfdaf705ab.svg,4.9,190 Terjual,Cicilan,"LAPTOP ADVAN WORKMATE - AMD RYZEN 5 3500U RAM 8GB 256GB W11 14.0WUXGA IPS
Rp
5.682.000
-27%
Cicilan
4.9
190 Terjual
< 2 Hari
Jakarta Utara",https://shopee.co.id/LAPTOP-ADVAN-WORKMATE-AMD-RYZEN-5-3500U-RAM-8GB-256GB-W11-14.0WUXGA-IPS-i.78730497.12048243571?extraParams=%7B%22display_model_id%22%3A295562237531%2C%22model_selection_logic%22%3A3%7D&sp_atk=062cb2f7-62ab-42ee-89e8-04791c6db25b&xptdk=062cb2f7-62ab-42ee-89e8-04791c6db25b
https://down-id.img.susercontent.com/file/id-11134207-822wl-mln221wy0tmtc8,https://down-id.img.susercontent.com/file/id-11134258-8224v-mkvw0cu9r7k1a5,Advan Evo-X 13 2 In 1 Intel 6500Y 12Gb 256Ssd 13.0 3K Ips Win11 1Year,https://deo.shopeemobile.com/shopee/modules-federation/live/0/shopee__item-card-standard-v2/0.2.8/pc/7c9110f78e069acbced7.png,Rp,5.999.000,,,https://deo.shopeemobile.com/shopee/modules-federation/live/0/shopee__item-card-standard-v2/0.2.8/pc/38e203dc86172a6c6560.svg,https://deo.shopeemobile.com/shopee/modules-federation/live/0/shopee__item-card-standard-v2/0.2.8/pc/0614b8f0a8fdde22942d.svg,< 2 Hari,https://deo.shopeemobile.com/shopee/modules-federation/live/0/shopee__item-card-standard-v2/0.2.8/pc/5dd7b4560d0e2d3190e8.svg,Jakarta Pusat,https://deo.shopeemobile.com/shopee/modules-federation/live/0/shopee__item-card-standard-v2/0.2.8/pc/d7099d3fd1dfdaf705ab.svg,5.0,2 Terjual,,"Advan Evo-X 13 2 In 1 Intel 6500Y 12Gb 256Ssd 13.0 3K Ips Win11 1Year
Rp
5.999.000
5.0
2 Terjual
< 2 Hari
Jakarta Pusat",https://shopee.co.id/Advan-Evo-X-13-2-In-1-Intel-6500Y-12Gb-256Ssd-13.0-3K-Ips-Win11-1Year-i.56983549.51556197441?extraParams=%7B%22display_model_id%22%3A425563100018%2C%22model_selection_logic%22%3A3%7D&sp_atk=fee3a939-170a-466e-9be8-d090a818d44e&xptdk=fee3a939-170a-466e-9be8-d090a818d44e
https://down-id.img.susercontent.com/file/id-11134207-81ztd-mei0o55scgsmf3,https://down-id.img.susercontent.com/file/id-11134258-8224v-mkvw0cu9r7k1a5,"Advan Workmate Ryzen 5 14"" FHD+ IPS 8GB 256GB",,Rp,6.125.000,,,https://deo.shopeemobile.com/shopee/modules-federation/live/0/shopee__item-card-standard-v2/0.2.8/pc/76dff349290d20891fc1.svg,,,https://deo.shopeemobile.com/shopee/modules-federation/live/0/shopee__item-card-standard-v2/0.2.8/pc/5dd7b4560d0e2d3190e8.svg,Kab. Jember,https://deo.shopeemobile.com/shopee/modules-federation/live/0/shopee__item-card-standard-v2/0.2.8/pc/d7099d3fd1dfdaf705ab.svg,5.0,3 Terjual,,"Advan Workmate Ryzen 5 14"" FHD+ IPS 8GB 256GB
Rp
6.125.000
5.0
3 Terjual
2-3 Hari
Kab. Jember",https://shopee.co.id/Advan-Workmate-Ryzen-5-14-FHD-IPS-8GB-256GB-i.758566046.40818466617?extraParams=%7B%22display_model_id%22%3A234494806470%2C%22model_selection_logic%22%3A3%7D&sp_atk=8e298356-40e1-4b21-98e9-cb0dd42be562&xptdk=8e298356-40e1-4b21-98e9-cb0dd42be562
https://down-id.img.susercontent.com/file/id-11134207-8224y-mjpqkxwhdou9fb,https://down-id.img.susercontent.com/file/id-11134258-8224q-mkvvibsp8oowa6,ADVAN 2 in 1 Flip 360 Go AMD RYZEN 3 3200U RAM16GB SSD1TB 14inc FHD IPS Touchscreen Windows 11,https://deo.shopeemobile.com/shopee/modules-federation/live/0/shopee__item-card-standard-v2/0.2.8/pc/7c9110f78e069acbced7.png,Rp,5.493.510,-1%,,https://deo.shopeemobile.com/shopee/modules-federation/live/0/shopee__item-card-standard-v2/0.2.8/pc/38e203dc86172a6c6560.svg,https://deo.shopeemobile.com/shopee/modules-federation/live/0/shopee__item-card-standard-v2/0.2.8/pc/0614b8f0a8fdde22942d.svg,< 2 Hari,https://deo.shopeemobile.com/shopee/modules-federation/live/0/shopee__item-card-standard-v2/0.2.8/pc/5dd7b4560d0e2d3190e8.svg,Jakarta Pusat,https://deo.shopeemobile.com/shopee/modules-federation/live/0/shopee__item-card-standard-v2/0.2.8/pc/d7099d3fd1dfdaf705ab.svg,5.0,227 Terjual,Pilih Lokal,"ADVAN 2 in 1 Flip 360 Go AMD RYZEN 3 3200U RAM16GB SSD1TB 14inc FHD IPS Touchscreen Windows 11
Rp
5.493.510
-1%
Pilih Lokal
5.0
227 Terjual
< 2 Hari
Jakarta Pusat",https://shopee.co.id/ADVAN-2-in-1-Flip-360-Go-AMD-RYZEN-3-3200U-RAM16GB-SSD1TB-14inc-FHD-IPS-Touchscreen-Windows-11-i.186855095.22574512541?extraParams=%7B%22display_model_id%22%3A325460726042%2C%22model_selection_logic%22%3A3%7D&sp_atk=b7c2cfac-ae9e-4f31-862e-74ce18d328e9&xptdk=b7c2cfac-ae9e-4f31-862e-74ce18d328e9
https://down-id.img.susercontent.com/file/id-11134207-822ws-mmmxzt2dux3921,https://down-id.img.susercontent.com/file/id-11134258-8224v-mkvw0cu9r7k1a5,ADVAN Soulmate X AMD 3020e RAM 4GB SSD 128GB 14” IPS FHD Windows 11 Garansi,https://deo.shopeemobile.com/shopee/modules-federation/live/0/shopee__item-card-standard-v2/0.2.8/pc/e4734dab67ee2f9ebd5a.png,Rp,3.599.000,,,https://deo.shopeemobile.com/shopee/modules-federation/live/0/shopee__item-card-standard-v2/0.2.8/pc/38e203dc86172a6c6560.svg,https://deo.shopeemobile.com/shopee/modules-federation/live/0/shopee__item-card-standard-v2/0.2.8/pc/0614b8f0a8fdde22942d.svg,< 2 Hari,https://deo.shopeemobile.com/shopee/modules-federation/live/0/shopee__item-card-standard-v2/0.2.8/pc/5dd7b4560d0e2d3190e8.svg,Makassar,https://deo.shopeemobile.com/shopee/modules-federation/live/0/shopee__item-card-standard-v2/0.2.8/pc/0614b8f0a8fdde22942d.svg,,2 Terjual,,"ADVAN Soulmate X AMD 3020e RAM 4GB SSD 128GB 14” IPS FHD Windows 11 Garansi
Rp
3.599.000
2 Terjual
< 2 Hari
Makassar",https://shopee.co.id/ADVAN-Soulmate-X-AMD-3020e-RAM-4GB-SSD-128GB-14%E2%80%9D-IPS-FHD-Windows-11-Garansi-i.131155808.49858238643?extraParams=%7B%22display_model_id%22%3A282506603273%2C%22model_selection_logic%22%3A3%7D&sp_atk=7825ee97-f8b7-4cdb-8671-90e55613ac62&xptdk=7825ee97-f8b7-4cdb-8671-90e55613ac62
https://down-id.img.susercontent.com/file/id-11134207-822wi-mmgwy07bxw5gf9,https://down-id.img.susercontent.com/file/id-11134258-8224v-mkvw0cu9r7k1a5,Advan Workmate Intel Core I3 1215U 8/256GB L25C-I3AD1 Grey 8/256,https://deo.shopeemobile.com/shopee/modules-federation/live/0/shopee__item-card-standard-v2/0.2.8/pc/e4734dab67ee2f9ebd5a.png,Rp,5.539.000,,,https://deo.shopeemobile.com/shopee/modules-federation/live/0/shopee__item-card-standard-v2/0.2.8/pc/38e203dc86172a6c6560.svg,https://deo.shopeemobile.com/shopee/modules-federation/live/0/shopee__item-card-standard-v2/0.2.8/pc/0614b8f0a8fdde22942d.svg,< 2 Hari,https://deo.shopeemobile.com/shopee/modules-federation/live/0/shopee__item-card-standard-v2/0.2.8/pc/5dd7b4560d0e2d3190e8.svg,Malang,https://deo.shopeemobile.com/shopee/modules-federation/live/0/shopee__item-card-standard-v2/0.2.8/pc/0614b8f0a8fdde22942d.svg,,< 2 Hari,,"Advan Workmate Intel Core I3 1215U 8/256GB L25C-I3AD1 Grey 8/256
Rp
5.539.000
< 2 Hari
Malang",https://shopee.co.id/Advan-Workmate-Intel-Core-I3-1215U-8-256GB-L25C-I3AD1-Grey-8-256-i.1041049414.40229646725?extraParams=%7B%22display_model_id%22%3A350709210049%2C%22model_selection_logic%22%3A3%7D&sp_atk=2bea3fe7-365f-4cc5-8a57-44fc396acfb5&xptdk=2bea3fe7-365f-4cc5-8a57-44fc396acfb5
https://down-id.img.susercontent.com/file/sg-11134201-81zu0-mmvjtsv2tc0398,https://down-id.img.susercontent.com/file/id-11134258-822wr-mlx67rtd6r602f,"Advan Soulmate X2 AMD Athlon 3020e 8GB SSD 128GB 14"" W11",https://deo.shopeemobile.com/shopee/modules-federation/live/0/shopee__item-card-standard-v2/0.2.8/pc/a425c915798471b33e5d.png,Rp,4.086.000,,,https://deo.shopeemobile.com/shopee/modules-federation/live/0/shopee__item-card-standard-v2/0.2.8/pc/76dff349290d20891fc1.svg,,,https://deo.shopeemobile.com/shopee/modules-federation/live/0/shopee__item-card-standard-v2/0.2.8/pc/5dd7b4560d0e2d3190e8.svg,Surakarta (Solo),,,2-3 Hari,,"Advan Soulmate X2 AMD Athlon 3020e 8GB SSD 128GB 14"" W11
Rp
4.086.000
2-3 Hari
Surakarta (Solo)",https://shopee.co.id/Advan-Soulmate-X2-AMD-Athlon-3020e-8GB-SSD-128GB-14-W11-i.484463974.47558564790?extraParams=%7B%22display_model_id%22%3A310758858192%2C%22model_selection_logic%22%3A3%7D&sp_atk=52649f68-702f-4e6d-ba95-baefbdc3d613&xptdk=52649f68-702f-4e6d-ba95-baefbdc3d613
https://down-id.img.susercontent.com/file/id-11134207-7rasj-m4a0dpike7x586,https://down-id.img.susercontent.com/file/id-11134258-8224v-mkvw0cu9r7k1a5,"Promo Laptop Advan Soulmate Intel N4020 14""",https://deo.shopeemobile.com/shopee/modules-federation/live/0/shopee__item-card-standard-v2/0.2.8/pc/e4734dab67ee2f9ebd5a.png,Rp,3.718.650,,,https://deo.shopeemobile.com/shopee/modules-federation/live/0/shopee__item-card-standard-v2/0.2.8/pc/38e203dc86172a6c6560.svg,https://deo.shopeemobile.com/shopee/modules-federation/live/0/shopee__item-card-standard-v2/0.2.8/pc/0614b8f0a8fdde22942d.svg,Besok 11:00,https://deo.shopeemobile.com/shopee/modules-federation/live/0/shopee__item-card-standard-v2/0.2.8/pc/5dd7b4560d0e2d3190e8.svg,Surabaya,https://deo.shopeemobile.com/shopee/modules-federation/live/0/shopee__item-card-standard-v2/0.2.8/pc/0614b8f0a8fdde22942d.svg,,Besok 11:00,,"Promo Laptop Advan Soulmate Intel N4020 14""
Rp
3.718.650
Besok 11:00
Surabaya",https://shopee.co.id/Promo-Laptop-Advan-Soulmate-Intel-N4020-14--i.7217222.26871917067?extraParams=%7B%22display_model_id%22%3A242354412881%2C%22model_selection_logic%22%3A3%7D&sp_atk=0f9d5b72-e44d-44c1-8357-15cab040d544&xptdk=0f9d5b72-e44d-44c1-8357-15cab040d544
https://down-id.img.susercontent.com/file/id-11134207-822wi-mmfop0kuz7r513,https://down-id.img.susercontent.com/file/id-11134258-8224v-mkvw0cu9r7k1a5,"ADVAN WORKMATE AMD RYZEN 5-3500U 8GB SSD 256GB 14""FHD WINDOWS 11 | Grey",,Rp,6.164.600,,,https://deo.shopeemobile.com/shopee/modules-federation/live/0/shopee__item-card-standard-v2/0.2.8/pc/38e203dc86172a6c6560.svg,https://deo.shopeemobile.com/shopee/modules-federation/live/0/shopee__item-card-standard-v2/0.2.8/pc/0614b8f0a8fdde22942d.svg,Besok,https://deo.shopeemobile.com/shopee/modules-federation/live/0/shopee__item-card-standard-v2/0.2.8/pc/5dd7b4560d0e2d3190e8.svg,Surabaya,https://deo.shopeemobile.com/shopee/modules-federation/live/0/shopee__item-card-standard-v2/0.2.8/pc/0614b8f0a8fdde22942d.svg,,Besok,,"ADVAN WORKMATE AMD RYZEN 5-3500U 8GB SSD 256GB 14""FHD WINDOWS 11 | Grey
Rp
6.164.600
Besok
Surabaya",https://shopee.co.id/ADVAN-WORKMATE-AMD-RYZEN-5-3500U-8GB-SSD-256GB-14-FHD-WINDOWS-11-Grey-i.7140755.55208887114?extraParams=%7B%22display_model_id%22%3A345788001248%2C%22model_selection_logic%22%3A3%7D&sp_atk=062e8356-2a0e-4c58-a764-9eab84215e9a&xptdk=062e8356-2a0e-4c58-a764-9eab84215e9a
https://down-id.img.susercontent.com/file/id-11134207-822wm-mnaw6qd9w5c34f,https://down-id.img.susercontent.com/file/id-11134258-8224v-mkvw0cu9r7k1a5,Laptop Advan WorkPlus Work Plus Heritage Ryzen 5 7535HS 16GB / 8GB RAM 512GB SSD 14 inch IPS Windows 11,https://deo.shopeemobile.com/shopee/modules-federation/live/0/shopee__item-card-standard-v2/0.2.8/pc/7c9110f78e069acbced7.png,Rp,7.689.000,,,https://deo.shopeemobile.com/shopee/modules-federation/live/0/shopee__item-card-standard-v2/0.2.8/pc/38e203dc86172a6c6560.svg,https://deo.shopeemobile.com/shopee/modules-federation/live/0/shopee__item-card-standard-v2/0.2.8/pc/0614b8f0a8fdde22942d.svg,Besok 11:00,https://deo.shopeemobile.com/shopee/modules-federation/live/0/shopee__item-card-standard-v2/0.2.8/pc/5dd7b4560d0e2d3190e8.svg,Surabaya,https://deo.shopeemobile.com/shopee/modules-federation/live/0/shopee__item-card-standard-v2/0.2.8/pc/d7099d3fd1dfdaf705ab.svg,4.8,19 Terjual,,"Laptop Advan WorkPlus Work Plus Heritage Ryzen 5 7535HS 16GB / 8GB RAM 512GB SSD 14 inch IPS Windows 11
Rp
7.689.000
4.8
19 Terjual
Besok 11:00
Surabaya",https://shopee.co.id/Laptop-Advan-WorkPlus-Work-Plus-Heritage-Ryzen-5-7535HS-16GB-8GB-RAM-512GB-SSD-14-inch-IPS-Windows-11-i.26681244.42852283308?extraParams=%7B%22display_model_id%22%3A285187716577%2C%22model_selection_logic%22%3A3%7D&sp_atk=216f864a-5fce-4ee6-90da-2cf9e13285fa&xptdk=216f864a-5fce-4ee6-90da-2cf9e13285fa
https://down-id.img.susercontent.com/file/id-11134207-822wt-mn72vtfml24m39,https://down-id.img.susercontent.com/file/id-11134258-8224v-mkvw0cu9r7k1a5,[BEST SELLER] ADVAN Laptop WorkMate | AMD Ryzen 5 3500U 16GB 1TB SSD 14 WUXGA Win 11Home ROSE GOLD,,Rp,5.798.000,-1%,https://deo.shopeemobile.com/shopee/modules-federation/live/0/shopee__item-card-standard-v2/0.2.8/pc/b4d1b8a78b3621dbdf4a.svg,https://deo.shopeemobile.com/shopee/modules-federation/live/0/shopee__item-card-standard-v2/0.2.8/pc/38e203dc86172a6c6560.svg,https://deo.shopeemobile.com/shopee/modules-federation/live/0/shopee__item-card-standard-v2/0.2.8/pc/0614b8f0a8fdde22942d.svg,< 2 Hari,https://deo.shopeemobile.com/shopee/modules-federation/live/0/shopee__item-card-standard-v2/0.2.8/pc/5dd7b4560d0e2d3190e8.svg,Bogor,https://deo.shopeemobile.com/shopee/modules-federation/live/0/shopee__item-card-standard-v2/0.2.8/pc/d7099d3fd1dfdaf705ab.svg,5.0,5 Terjual,,"[BEST SELLER] ADVAN Laptop WorkMate | AMD Ryzen 5 3500U 16GB 1TB SSD 14 WUXGA Win 11Home ROSE GOLD
Rp
5.798.000
-1%
5.0
5 Terjual
< 2 Hari
Bogor",https://shopee.co.id/-BEST-SELLER-ADVAN-Laptop-WorkMate-AMD-Ryzen-5-3500U-16GB-1TB-SSD-14-WUXGA-Win-11Home-ROSE-GOLD-i.1411036600.43211688447?extraParams=%7B%22display_model_id%22%3A277192716153%2C%22model_selection_logic%22%3A3%7D&sp_atk=850e8001-53c6-4bf8-b4c6-51dc6db35787&xptdk=850e8001-53c6-4bf8-b4c6-51dc6db35787
https://down-id.img.susercontent.com/file/id-11134207-81ztl-mdymkawi6fwma4,https://down-id.img.susercontent.com/file/id-11134258-822wr-mlx5y0tebegw04,"Advan TBook 14"" HD Intel Core N100 8GB 512GB SSD",,Rp,3.099.000,,,https://deo.shopeemobile.com/shopee/modules-federation/live/0/shopee__item-card-standard-v2/0.2.8/pc/38e203dc86172a6c6560.svg,https://deo.shopeemobile.com/shopee/modules-federation/live/0/shopee__item-card-standard-v2/0.2.8/pc/0614b8f0a8fdde22942d.svg,< 2 Hari,https://deo.shopeemobile.com/shopee/modules-federation/live/0/shopee__item-card-standard-v2/0.2.8/pc/5dd7b4560d0e2d3190e8.svg,Bogor,https://deo.shopeemobile.com/shopee/modules-federation/live/0/shopee__item-card-standard-v2/0.2.8/pc/d7099d3fd1dfdaf705ab.svg,5.0,11 Terjual,,"Advan TBook 14"" HD Intel Core N100 8GB 512GB SSD
Rp
3.099.000
5.0
11 Terjual
< 2 Hari
Bogor",https://shopee.co.id/Advan-TBook-14-HD-Intel-Core-N100-8GB-512GB-SSD-i.1410904708.43153162447?extraParams=%7B%22display_model_id%22%3A275687309448%2C%22model_selection_logic%22%3A3%7D&sp_atk=18888c0f-02dd-4695-8a2c-9c9bbd003fe6&xptdk=18888c0f-02dd-4695-8a2c-9c9bbd003fe6
https://down-id.img.susercontent.com/file/id-11134207-8224q-mha3bfmv589476,https://down-id.img.susercontent.com/file/id-11134258-8224v-mkvw0cu9r7k1a5,ADVAN WORKMATE - AMD RYZEN 5 3500U RAM 8GB 256GB W11 14.0WUXGA IPS,https://deo.shopeemobile.com/shopee/modules-federation/live/0/shopee__item-card-standard-v2/0.2.8/pc/7c9110f78e069acbced7.png,Rp,5.682.000,-69%,https://deo.shopeemobile.com/shopee/modules-federation/live/0/shopee__item-card-standard-v2/0.2.8/pc/b4d1b8a78b3621dbdf4a.svg,https://deo.shopeemobile.com/shopee/modules-federation/live/0/shopee__item-card-standard-v2/0.2.8/pc/38e203dc86172a6c6560.svg,https://deo.shopeemobile.com/shopee/modules-federation/live/0/shopee__item-card-standard-v2/0.2.8/pc/0614b8f0a8fdde22942d.svg,< 2 Hari,https://deo.shopeemobile.com/shopee/modules-federation/live/0/shopee__item-card-standard-v2/0.2.8/pc/5dd7b4560d0e2d3190e8.svg,Jakarta Utara,https://deo.shopeemobile.com/shopee/modules-federation/live/0/shopee__item-card-standard-v2/0.2.8/pc/d7099d3fd1dfdaf705ab.svg,4.9,112 Terjual,Cicilan,"ADVAN WORKMATE - AMD RYZEN 5 3500U RAM 8GB 256GB W11 14.0WUXGA IPS
Rp
5.682.000
-69%
Cicilan
4.9
112 Terjual
< 2 Hari
Jakarta Utara",https://shopee.co.id/ADVAN-WORKMATE-AMD-RYZEN-5-3500U-RAM-8GB-256GB-W11-14.0WUXGA-IPS-i.78730497.5000874326?extraParams=%7B%22display_model_id%22%3A282486138372%2C%22model_selection_logic%22%3A3%7D&sp_atk=03e7c9aa-7317-430a-a0c4-27d66830055f&xptdk=03e7c9aa-7317-430a-a0c4-27d66830055f
https://down-id.img.susercontent.com/file/id-11134207-8224s-ml0atqozuku994,https://down-id.img.susercontent.com/file/id-11134258-8224v-mkvw0cu9r7k1a5,Laptop Advan WorkPro Lite | Intel Core i5-1235U | 8GB RAM | 256GB SSD | WIN 11,https://deo.shopeemobile.com/shopee/modules-federation/live/0/shopee__item-card-standard-v2/0.2.8/pc/e4734dab67ee2f9ebd5a.png,Rp,6.968.000,,,https://deo.shopeemobile.com/shopee/modules-federation/live/0/shopee__item-card-standard-v2/0.2.8/pc/38e203dc86172a6c6560.svg,https://deo.shopeemobile.com/shopee/modules-federation/live/0/shopee__item-card-standard-v2/0.2.8/pc/0614b8f0a8fdde22942d.svg,< 2 Hari,https://deo.shopeemobile.com/shopee/modules-federation/live/0/shopee__item-card-standard-v2/0.2.8/pc/5dd7b4560d0e2d3190e8.svg,Kab. Sleman,https://deo.shopeemobile.com/shopee/modules-federation/live/0/shopee__item-card-standard-v2/0.2.8/pc/0614b8f0a8fdde22942d.svg,,< 2 Hari,,"Laptop Advan WorkPro Lite | Intel Core i5-1235U | 8GB RAM | 256GB SSD | WIN 11
Rp
6.968.000
< 2 Hari
Kab. Sleman",https://shopee.co.id/Laptop-Advan-WorkPro-Lite-Intel-Core-i5-1235U-8GB-RAM-256GB-SSD-WIN-11-i.610490109.29508255418?extraParams=%7B%22display_model_id%22%3A195320035161%2C%22model_selection_logic%22%3A3%7D&sp_atk=3fd6071b-b1f5-4a69-916d-c195dcb96c4a&xptdk=3fd6071b-b1f5-4a69-916d-c195dcb96c4a
https://down-id.img.susercontent.com/file/sg-11134201-81zvs-mn2nm6st46pw1d,https://down-id.img.susercontent.com/file/id-11134258-8224v-mkvw0cu9r7k1a5,"Laptop Editing Advan Soulmate X1 AMD 3020E Ram 4GB DDR4 128GB SSD 14"" FHD IPS Windows 11",https://deo.shopeemobile.com/shopee/modules-federation/live/0/shopee__item-card-standard-v2/0.2.8/pc/e4734dab67ee2f9ebd5a.png,Rp,3.516.000,-30%,,https://deo.shopeemobile.com/shopee/modules-federation/live/0/shopee__item-card-standard-v2/0.2.8/pc/76dff349290d20891fc1.svg,,,https://deo.shopeemobile.com/shopee/modules-federation/live/0/shopee__item-card-standard-v2/0.2.8/pc/5dd7b4560d0e2d3190e8.svg,Madiun,,,2-4 Hari,,"Laptop Editing Advan Soulmate X1 AMD 3020E Ram 4GB DDR4 128GB SSD 14"" FHD IPS Windows 11
Rp
3.516.000
-30%
2-4 Hari
Madiun",https://shopee.co.id/Laptop-Editing-Advan-Soulmate-X1-AMD-3020E-Ram-4GB-DDR4-128GB-SSD-14-FHD-IPS-Windows-11-i.55231304.53858863968?extraParams=%7B%22display_model_id%22%3A400786773309%2C%22model_selection_logic%22%3A3%7D&sp_atk=d11f336b-2cf2-446c-9c36-fd5a1f507c91&xptdk=d11f336b-2cf2-446c-9c36-fd5a1f507c91
https://down-id.img.susercontent.com/file/id-11134207-82251-mj8d7ewx5seda3,https://down-id.img.susercontent.com/file/id-11134258-8224q-mkvvibsp8oowa6,"Advan Heritage Ryzen 5 14"" IPS SSD 8GB 512GB",https://deo.shopeemobile.com/shopee/modules-federation/live/0/shopee__item-card-standard-v2/0.2.8/pc/e4734dab67ee2f9ebd5a.png,Rp,7.350.000,-8%,,https://deo.shopeemobile.com/shopee/modules-federation/live/0/shopee__item-card-standard-v2/0.2.8/pc/76dff349290d20891fc1.svg,,,https://deo.shopeemobile.com/shopee/modules-federation/live/0/shopee__item-card-standard-v2/0.2.8/pc/5dd7b4560d0e2d3190e8.svg,Kab. Kediri,https://deo.shopeemobile.com/shopee/modules-federation/live/0/shopee__item-card-standard-v2/0.2.8/pc/d7099d3fd1dfdaf705ab.svg,5.0,35 Terjual,Pilih Lokal,"Advan Heritage Ryzen 5 14"" IPS SSD 8GB 512GB
Rp
7.350.000
-8%
Pilih Lokal
5.0
35 Terjual
2-3 Hari
Kab. Kediri",https://shopee.co.id/Advan-Heritage-Ryzen-5-14-IPS-SSD-8GB-512GB-i.12084313.23663630809?extraParams=%7B%22display_model_id%22%3A271178821285%2C%22model_selection_logic%22%3A3%7D&sp_atk=4caf33d8-d9ad-4e83-b635-8cb6a838e837&xptdk=4caf33d8-d9ad-4e83-b635-8cb6a838e837
https://down-id.img.susercontent.com/file/id-11134207-81ztm-mek115sl39jb8b,https://down-id.img.susercontent.com/file/id-11134258-8224q-mkvvibsp8oowa6,Advan T-Book 14 Intel N100 8GB 384GB SSD Win11,https://deo.shopeemobile.com/shopee/modules-federation/live/0/shopee__item-card-standard-v2/0.2.8/pc/e4734dab67ee2f9ebd5a.png,Rp,4.298.000,-1%,https://deo.shopeemobile.com/shopee/modules-federation/live/0/shopee__item-card-standard-v2/0.2.8/pc/b4d1b8a78b3621dbdf4a.svg,https://deo.shopeemobile.com/shopee/modules-federation/live/0/shopee__item-card-standard-v2/0.2.8/pc/38e203dc86172a6c6560.svg,https://deo.shopeemobile.com/shopee/modules-federation/live/0/shopee__item-card-standard-v2/0.2.8/pc/0614b8f0a8fdde22942d.svg,< 2 Hari,https://deo.shopeemobile.com/shopee/modules-federation/live/0/shopee__item-card-standard-v2/0.2.8/pc/5dd7b4560d0e2d3190e8.svg,Tangerang Selatan,https://deo.shopeemobile.com/shopee/modules-federation/live/0/shopee__item-card-standard-v2/0.2.8/pc/d7099d3fd1dfdaf705ab.svg,5.0,18 Terjual,Pilih Lokal,"Advan T-Book 14 Intel N100 8GB 384GB SSD Win11
Rp
4.298.000
-1%
Pilih Lokal
Hadiah Gratis
5.0
18 Terjual
< 2 Hari
Tangerang Selatan",https://shopee.co.id/Advan-T-Book-14-Intel-N100-8GB-384GB-SSD-Win11-i.1407296337.41202136693?extraParams=%7B%22display_model_id%22%3A275710157120%2C%22model_selection_logic%22%3A3%7D&sp_atk=fe7f8df3-afb4-461a-9a44-8558c646b9b1&xptdk=fe7f8df3-afb4-461a-9a44-8558c646b9b1
https://down-id.img.susercontent.com/file/id-11134207-8224p-mjyyxq37uo05ce,https://down-id.img.susercontent.com/file/id-11134258-7r98w-lyezzaurybot13,"Advan 360 Go 14"" Ryzen 3 8GB/256GB Touchscreen 2-in-1",https://deo.shopeemobile.com/shopee/modules-federation/live/0/shopee__item-card-standard-v2/0.2.8/pc/e4734dab67ee2f9ebd5a.png,Rp,5.450.000,,,https://deo.shopeemobile.com/shopee/modules-federation/live/0/shopee__item-card-standard-v2/0.2.8/pc/38e203dc86172a6c6560.svg,https://deo.shopeemobile.com/shopee/modules-federation/live/0/shopee__item-card-standard-v2/0.2.8/pc/0614b8f0a8fdde22942d.svg,< 2 Hari,https://deo.shopeemobile.com/shopee/modules-federation/live/0/shopee__item-card-standard-v2/0.2.8/pc/5dd7b4560d0e2d3190e8.svg,Kab. Banyuwangi,https://deo.shopeemobile.com/shopee/modules-federation/live/0/shopee__item-card-standard-v2/0.2.8/pc/d7099d3fd1dfdaf705ab.svg,5.0,26 Terjual,,"Advan 360 Go 14"" Ryzen 3 8GB/256GB Touchscreen 2-in-1
Rp
5.450.000
5.0
26 Terjual
< 2 Hari
Kab. Banyuwangi",https://shopee.co.id/Advan-360-Go-14-Ryzen-3-8GB-256GB-Touchscreen-2-in-1-i.19508006.29360986533?extraParams=%7B%22display_model_id%22%3A410568714611%2C%22model_selection_logic%22%3A3%7D&sp_atk=2de9e76b-1711-4966-a652-e02f384b647b&xptdk=2de9e76b-1711-4966-a652-e02f384b647b