-image-yazkc-11,-image-yazkc-11_2,text-sm,inline-block,text-xs/sp14,font-medium,truncate,img,text-xs/sp14_2,text-xs,pointer-events-none,align-middle,text-shopee-primary,pointer-events-none_2,_container,_container_link
https://down-id.img.susercontent.com/file/id-11134207-8224q-mkb7r8tpn3t222,https://down-id.img.susercontent.com/file/id-11134258-8224v-mkvw0cu9r7k1a5,Laptop Infinix Xbook B14 Ryzen 7 7735HS 16GB 1TB SSD 14 inch WUXGA IPS Windows 11,https://deo.shopeemobile.com/shopee/modules-federation/live/0/shopee__item-card-standard-v2/0.2.8/pc/e4734dab67ee2f9ebd5a.png,Rp,8.499.000,Hadiah Gratis,https://deo.shopeemobile.com/shopee/modules-federation/live/0/shopee__item-card-standard-v2/0.2.8/pc/d7099d3fd1dfdaf705ab.svg,5.0,11 Terjual,https://deo.shopeemobile.com/shopee/modules-federation/live/0/shopee__item-card-standard-v2/0.2.8/pc/5dd7b4560d0e2d3190e8.svg,Jakarta Selatan,,,"Laptop Infinix Xbook B14 Ryzen 7 7735HS 16GB 1TB SSD 14 inch WUXGA IPS Windows 11
Rp
8.499.000
Hadiah Gratis
5.0
11 Terjual
Jakarta Selatan",https://shopee.co.id/Laptop-Infinix-Xbook-B14-Ryzen-7-7735HS-16GB-1TB-SSD-14-inch-WUXGA-IPS-Windows-11-i.217781231.41028579460?extraParams=%7B%22display_model_id%22%3A259161436005%2C%22model_selection_logic%22%3A3%7D&sp_atk=aa8ed22a-7d24-4a5e-9553-b8d1ef6f4b43&xptdk=aa8ed22a-7d24-4a5e-9553-b8d1ef6f4b43
https://down-id.img.susercontent.com/file/id-11134207-8224s-mh8ml795spag7a,https://down-id.img.susercontent.com/file/id-11134258-822wr-mlx67rtd6r602f,"Infinix Xbook B14 AMD Ryzen 5-7535HS 8GB/16GB SSD 512GB 14"" W11",https://deo.shopeemobile.com/shopee/modules-federation/live/0/shopee__item-card-standard-v2/0.2.8/pc/e4734dab67ee2f9ebd5a.png,Rp,7.979.000,,https://deo.shopeemobile.com/shopee/modules-federation/live/0/shopee__item-card-standard-v2/0.2.8/pc/d7099d3fd1dfdaf705ab.svg,5.0,7 Terjual,https://deo.shopeemobile.com/shopee/modules-federation/live/0/shopee__item-card-standard-v2/0.2.8/pc/5dd7b4560d0e2d3190e8.svg,Yogyakarta,,,"Infinix Xbook B14 AMD Ryzen 5-7535HS 8GB/16GB SSD 512GB 14"" W11
Rp
7.979.000
5.0
7 Terjual
Yogyakarta",https://shopee.co.id/Infinix-Xbook-B14-AMD-Ryzen-5-7535HS-8GB-16GB-SSD-512GB-14-W11-i.29339583.47701718370?extraParams=%7B%22display_model_id%22%3A365411611598%2C%22model_selection_logic%22%3A3%7D&sp_atk=762ff8bf-4da3-43f8-bda4-d51acc9dab13&xptdk=762ff8bf-4da3-43f8-bda4-d51acc9dab13
https://down-id.img.susercontent.com/file/id-11134201-822wj-mn7f53ssl4w019,,Terlaris Infinix Laptop X2 Core I3 8Gb 256Gb Garansi Resmi 2 Tahun Notebook Grey Ready Stock Baru,,Rp,5.161.250,,,,,https://deo.shopeemobile.com/shopee/modules-federation/live/0/shopee__item-card-standard-v2/0.2.8/pc/5dd7b4560d0e2d3190e8.svg,Jakarta Timur,-25%,https://deo.shopeemobile.com/shopee/modules-federation/live/0/shopee__item-card-standard-v2/0.2.8/pc/b4d1b8a78b3621dbdf4a.svg,"Terlaris Infinix Laptop X2 Core I3 8Gb 256Gb Garansi Resmi 2 Tahun Notebook Grey Ready Stock Baru
Rp
5.161.250
-25%
Jakarta Timur",https://shopee.co.id/Terlaris-Infinix-Laptop-X2-Core-I3-8Gb-256Gb-Garansi-Resmi-2-Tahun-Notebook-Grey-Ready-Stock-Baru-i.1801608174.41530169187?extraParams=%7B%22display_model_id%22%3A350804371200%2C%22model_selection_logic%22%3A3%7D&sp_atk=88f0deaa-8f49-47fd-81f8-30e4118fb31c&xptdk=88f0deaa-8f49-47fd-81f8-30e4118fb31c
https://down-id.img.susercontent.com/file/id-11134207-822ws-mn8an4qmby88c4,https://down-id.img.susercontent.com/file/id-11134258-822wr-mlx5y0tebegw04,INFINIX XBOOK B14 RYZEN 7 7735HS RAM 16GB SSD 512GB W11 14.0WUXGA,https://deo.shopeemobile.com/shopee/modules-federation/live/0/shopee__item-card-standard-v2/0.2.8/pc/e4734dab67ee2f9ebd5a.png,Rp,7.398.000,,https://deo.shopeemobile.com/shopee/modules-federation/live/0/shopee__item-card-standard-v2/0.2.8/pc/d7099d3fd1dfdaf705ab.svg,5.0,4 Terjual,https://deo.shopeemobile.com/shopee/modules-federation/live/0/shopee__item-card-standard-v2/0.2.8/pc/5dd7b4560d0e2d3190e8.svg,Depok,-1%,https://deo.shopeemobile.com/shopee/modules-federation/live/0/shopee__item-card-standard-v2/0.2.8/pc/b4d1b8a78b3621dbdf4a.svg,"INFINIX XBOOK B14 RYZEN 7 7735HS RAM 16GB SSD 512GB W11 14.0WUXGA
Rp
7.398.000
-1%
5.0
4 Terjual
Depok",https://shopee.co.id/INFINIX-XBOOK-B14-RYZEN-7-7735HS-RAM-16GB-SSD-512GB-W11-14.0WUXGA-i.714573455.22425465814?extraParams=%7B%22display_model_id%22%3A310484054955%2C%22model_selection_logic%22%3A3%7D&sp_atk=1aa437ef-31c0-4f94-aa8d-9ac22295b1d0&xptdk=1aa437ef-31c0-4f94-aa8d-9ac22295b1d0
https://down-id.img.susercontent.com/file/id-11134207-8224q-mkhswfm0thxg0e,https://down-id.img.susercontent.com/file/id-11134258-8224v-mkvw0cu9r7k1a5,"INFINIX INBOOK AIR I3 1215U RAM 8GB SSD 256GB W11 14"" WUXGA IPS 100%sRGB",https://deo.shopeemobile.com/shopee/modules-federation/live/0/shopee__item-card-standard-v2/0.2.8/pc/e4734dab67ee2f9ebd5a.png,Rp,5.849.000,,,,4 Terjual,https://deo.shopeemobile.com/shopee/modules-federation/live/0/shopee__item-card-standard-v2/0.2.8/pc/5dd7b4560d0e2d3190e8.svg,Medan,,,"INFINIX INBOOK AIR I3 1215U RAM 8GB SSD 256GB W11 14"" WUXGA IPS 100%sRGB
Rp
5.849.000
4 Terjual
Medan",https://shopee.co.id/INFINIX-INBOOK-AIR-I3-1215U-RAM-8GB-SSD-256GB-W11-14-WUXGA-IPS-100-sRGB-i.35441254.55105987922?extraParams=%7B%22display_model_id%22%3A282455031628%2C%22model_selection_logic%22%3A3%7D&sp_atk=905b580d-f04b-4586-b314-c5ccee07d408&xptdk=905b580d-f04b-4586-b314-c5ccee07d408
https://down-id.img.susercontent.com/file/id-11134207-8224z-mkypby7ld91dfe,https://down-id.img.susercontent.com/file/id-11134258-8224v-mkvw0cu9r7k1a5,"LAPTOP INFINIX XBOOK B14 AMD RYZEN 5 7535HS 8GB/16GB 512GB 14"" WUXGA IPS W11",https://deo.shopeemobile.com/shopee/modules-federation/live/0/shopee__item-card-standard-v2/0.2.8/pc/e4734dab67ee2f9ebd5a.png,Rp,7.650.000,,https://deo.shopeemobile.com/shopee/modules-federation/live/0/shopee__item-card-standard-v2/0.2.8/pc/d7099d3fd1dfdaf705ab.svg,5.0,3 Terjual,https://deo.shopeemobile.com/shopee/modules-federation/live/0/shopee__item-card-standard-v2/0.2.8/pc/5dd7b4560d0e2d3190e8.svg,Banjarmasin,,,"LAPTOP INFINIX XBOOK B14 AMD RYZEN 5 7535HS 8GB/16GB 512GB 14"" WUXGA IPS W11
Rp
7.650.000
5.0
3 Terjual
Banjarmasin",https://shopee.co.id/LAPTOP-INFINIX-XBOOK-B14-AMD-RYZEN-5-7535HS-8GB-16GB-512GB-14-WUXGA-IPS-W11-i.312419703.57056203670?extraParams=%7B%22display_model_id%22%3A435795622672%2C%22model_selection_logic%22%3A3%7D&sp_atk=7888f264-59d6-4581-8f44-2147eb6476cf&xptdk=7888f264-59d6-4581-8f44-2147eb6476cf
https://down-id.img.susercontent.com/file/id-11134207-8224x-mg98ebs40i6if7,https://down-id.img.susercontent.com/file/id-11134258-8224v-mkvw0cu9r7k1a5,Laptop Infinix Inbook Air XL442 i5-1235U,https://deo.shopeemobile.com/shopee/modules-federation/live/0/shopee__item-card-standard-v2/0.2.8/pc/e4734dab67ee2f9ebd5a.png,Rp,6.900.000,,https://deo.shopeemobile.com/shopee/modules-federation/live/0/shopee__item-card-standard-v2/0.2.8/pc/d7099d3fd1dfdaf705ab.svg,5.0,2 Terjual,https://deo.shopeemobile.com/shopee/modules-federation/live/0/shopee__item-card-standard-v2/0.2.8/pc/5dd7b4560d0e2d3190e8.svg,Medan,,,"Laptop Infinix Inbook Air XL442 i5-1235U
Rp
6.900.000
5.0
2 Terjual
Medan",https://shopee.co.id/Laptop-Infinix-Inbook-Air-XL442-i5-1235U-i.52979790.55050151869?extraParams=%7B%22display_model_id%22%3A395586882751%2C%22model_selection_logic%22%3A3%7D&sp_atk=e1eeac9b-fc80-4ab2-8362-737b20c95eb2&xptdk=e1eeac9b-fc80-4ab2-8362-737b20c95eb2
https://down-id.img.susercontent.com/file/id-11134207-822wt-mn1040duxhc17d,https://down-id.img.susercontent.com/file/id-11134258-8224v-mkvw0cu9r7k1a5,Infinix XBook B14 - AMD Ryzen 7 7735HS | RAM 16GB/512GB | Windows 11 Home 14.0 inch WUXGA IPS,https://deo.shopeemobile.com/shopee/modules-federation/live/0/shopee__item-card-standard-v2/0.2.8/pc/7c9110f78e069acbced7.png,Rp,8.494.000,,https://deo.shopeemobile.com/shopee/modules-federation/live/0/shopee__item-card-standard-v2/0.2.8/pc/d7099d3fd1dfdaf705ab.svg,5.0,6 Terjual,https://deo.shopeemobile.com/shopee/modules-federation/live/0/shopee__item-card-standard-v2/0.2.8/pc/5dd7b4560d0e2d3190e8.svg,Jakarta Utara,-54%,https://deo.shopeemobile.com/shopee/modules-federation/live/0/shopee__item-card-standard-v2/0.2.8/pc/b4d1b8a78b3621dbdf4a.svg,"Infinix XBook B14 - AMD Ryzen 7 7735HS | RAM 16GB/512GB | Windows 11 Home 14.0 inch WUXGA IPS
Rp
8.494.000
-54%
5.0
6 Terjual
Jakarta Utara",https://shopee.co.id/Infinix-XBook-B14-AMD-Ryzen-7-7735HS-RAM-16GB-512GB-Windows-11-Home-14.0-inch-WUXGA-IPS-i.1105655476.52154895729?extraParams=%7B%22display_model_id%22%3A420451565014%2C%22model_selection_logic%22%3A3%7D&sp_atk=2df94a35-ec60-4347-8678-cd11cf39a207&xptdk=2df94a35-ec60-4347-8678-cd11cf39a207
https://down-id.img.susercontent.com/file/id-11134207-8224q-mkypby7mgkxz49,https://down-id.img.susercontent.com/file/id-11134258-8224v-mkvw0cu9r7k1a5,"LAPTOP INFINIX XBOOK B14 AMD RYZEN 7 5825U 8GB 512GB 14"" WUXGA IPS W11",https://deo.shopeemobile.com/shopee/modules-federation/live/0/shopee__item-card-standard-v2/0.2.8/pc/e4734dab67ee2f9ebd5a.png,Rp,7.550.000,,,,,https://deo.shopeemobile.com/shopee/modules-federation/live/0/shopee__item-card-standard-v2/0.2.8/pc/5dd7b4560d0e2d3190e8.svg,Banjarmasin,,,"LAPTOP INFINIX XBOOK B14 AMD RYZEN 7 5825U 8GB 512GB 14"" WUXGA IPS W11
Rp
7.550.000
Banjarmasin",https://shopee.co.id/LAPTOP-INFINIX-XBOOK-B14-AMD-RYZEN-7-5825U-8GB-512GB-14-WUXGA-IPS-W11-i.312419703.49556219045?extraParams=%7B%22display_model_id%22%3A302409599716%2C%22model_selection_logic%22%3A3%7D&sp_atk=6b2be8ec-e792-4238-942c-5ee7d79080f1&xptdk=6b2be8ec-e792-4238-942c-5ee7d79080f1
https://down-id.img.susercontent.com/file/id-11134207-822wu-mn9k4k7jd343fd,https://down-id.img.susercontent.com/file/id-11134258-822wr-mlx5y0tebegw04,Laptop Infinix Xbook B14 AMD Ryzen 7 7735HS 16GB DDR5 1TB 14 Inch WUXGA IPS Windows 11 Home Original,https://deo.shopeemobile.com/shopee/modules-federation/live/0/shopee__item-card-standard-v2/0.2.8/pc/e4734dab67ee2f9ebd5a.png,Rp,7.397.001,,https://deo.shopeemobile.com/shopee/modules-federation/live/0/shopee__item-card-standard-v2/0.2.8/pc/d7099d3fd1dfdaf705ab.svg,5.0,12 Terjual,https://deo.shopeemobile.com/shopee/modules-federation/live/0/shopee__item-card-standard-v2/0.2.8/pc/5dd7b4560d0e2d3190e8.svg,Jakarta Pusat,-1%,https://deo.shopeemobile.com/shopee/modules-federation/live/0/shopee__item-card-standard-v2/0.2.8/pc/b4d1b8a78b3621dbdf4a.svg,"Laptop Infinix Xbook B14 AMD Ryzen 7 7735HS 16GB DDR5 1TB 14 Inch WUXGA IPS Windows 11 Home Original
Rp
7.397.001
-1%
5.0
12 Terjual
Jakarta Pusat",https://shopee.co.id/Laptop-Infinix-Xbook-B14-AMD-Ryzen-7-7735HS-16GB-DDR5-1TB-14-Inch-WUXGA-IPS-Windows-11-Home-Original-i.1614564259.40420517008?extraParams=%7B%22display_model_id%22%3A306676185937%2C%22model_selection_logic%22%3A3%7D&sp_atk=90cd5fc0-570f-4b8f-9a2c-c88b8fbeb811&xptdk=90cd5fc0-570f-4b8f-9a2c-c88b8fbeb811
https://down-id.img.susercontent.com/file/id-11134207-8224z-mhztupz7fnk081,https://down-id.img.susercontent.com/file/id-11134258-8224v-mkvw0cu9r7k1a5,LAPTOP INFINIX XBOOK B14 RYZEN 7 7735HS - 8/16GB 512GB 14.0WUXGA,https://deo.shopeemobile.com/shopee/modules-federation/live/0/shopee__item-card-standard-v2/0.2.8/pc/7c9110f78e069acbced7.png,Rp,8.616.000,,https://deo.shopeemobile.com/shopee/modules-federation/live/0/shopee__item-card-standard-v2/0.2.8/pc/d7099d3fd1dfdaf705ab.svg,5.0,14 Terjual,https://deo.shopeemobile.com/shopee/modules-federation/live/0/shopee__item-card-standard-v2/0.2.8/pc/5dd7b4560d0e2d3190e8.svg,Surabaya,-37%,https://deo.shopeemobile.com/shopee/modules-federation/live/0/shopee__item-card-standard-v2/0.2.8/pc/b4d1b8a78b3621dbdf4a.svg,"LAPTOP INFINIX XBOOK B14 RYZEN 7 7735HS - 8/16GB 512GB 14.0WUXGA
Rp
8.616.000
-37%
5.0
14 Terjual
Surabaya",https://shopee.co.id/LAPTOP-INFINIX-XBOOK-B14-RYZEN-7-7735HS-8-16GB-512GB-14.0WUXGA-i.1273997571.57901089739?extraParams=%7B%22display_model_id%22%3A415098930967%2C%22model_selection_logic%22%3A3%7D&sp_atk=129eb5ce-0427-411a-a9e7-4dcba35870d3&xptdk=129eb5ce-0427-411a-a9e7-4dcba35870d3
https://down-id.img.susercontent.com/file/id-11134207-822wu-mndt8fqtfoqq49,https://down-id.img.susercontent.com/file/id-11134258-8224v-mkvw0cu9r7k1a5,INFINIX XBOOK B14 RYZEN 7 7735HS / 7 5825U / 5 7535HS 8GB 512GB W11 14.0WUXGA IPS 2Y SILVER,https://deo.shopeemobile.com/shopee/modules-federation/live/0/shopee__item-card-standard-v2/0.2.8/pc/7c9110f78e069acbced7.png,Rp,7.606.000,Cicilan,https://deo.shopeemobile.com/shopee/modules-federation/live/0/shopee__item-card-standard-v2/0.2.8/pc/d7099d3fd1dfdaf705ab.svg,4.9,903 Terjual,https://deo.shopeemobile.com/shopee/modules-federation/live/0/shopee__item-card-standard-v2/0.2.8/pc/5dd7b4560d0e2d3190e8.svg,Jakarta Utara,-62%,https://deo.shopeemobile.com/shopee/modules-federation/live/0/shopee__item-card-standard-v2/0.2.8/pc/b4d1b8a78b3621dbdf4a.svg,"INFINIX XBOOK B14 RYZEN 7 7735HS / 7 5825U / 5 7535HS 8GB 512GB W11 14.0WUXGA IPS 2Y SILVER
Rp
7.606.000
-62%
Cicilan
4.9
903 Terjual
Jakarta Utara",https://shopee.co.id/INFINIX-XBOOK-B14-RYZEN-7-7735HS-7-5825U-5-7535HS-8GB-512GB-W11-14.0WUXGA-IPS-2Y-SILVER-i.383392952.10933563793?extraParams=%7B%22display_model_id%22%3A335816112541%2C%22model_selection_logic%22%3A3%7D&sp_atk=8c1f63ff-45a7-420b-a61f-1c44e829b019&xptdk=8c1f63ff-45a7-420b-a61f-1c44e829b019
https://down-id.img.susercontent.com/file/id-11134207-822wg-mlvt8jbjnnyade,https://down-id.img.susercontent.com/file/id-11134258-8224v-mkvw0cu9r7k1a5,INFINIX XBOOK B14 RYZEN 7 5825U 8GB 512GB W11 14.0WUXGA IPS 2Y SILVER,https://deo.shopeemobile.com/shopee/modules-federation/live/0/shopee__item-card-standard-v2/0.2.8/pc/7c9110f78e069acbced7.png,Rp,7.094.000,,https://deo.shopeemobile.com/shopee/modules-federation/live/0/shopee__item-card-standard-v2/0.2.8/pc/d7099d3fd1dfdaf705ab.svg,4.9,393 Terjual,https://deo.shopeemobile.com/shopee/modules-federation/live/0/shopee__item-card-standard-v2/0.2.8/pc/5dd7b4560d0e2d3190e8.svg,Jakarta Utara,-29%,https://deo.shopeemobile.com/shopee/modules-federation/live/0/shopee__item-card-standard-v2/0.2.8/pc/b4d1b8a78b3621dbdf4a.svg,"INFINIX XBOOK B14 RYZEN 7 5825U 8GB 512GB W11 14.0WUXGA IPS 2Y SILVER
Rp
7.094.000
-29%
4.9
393 Terjual
Jakarta Utara",https://shopee.co.id/INFINIX-XBOOK-B14-RYZEN-7-5825U-8GB-512GB-W11-14.0WUXGA-IPS-2Y-SILVER-i.383392952.28566239900?extraParams=%7B%22display_model_id%22%3A400485668427%2C%22model_selection_logic%22%3A3%7D&sp_atk=eb51790c-63ba-429f-9396-12ce75ea1641&xptdk=eb51790c-63ba-429f-9396-12ce75ea1641
https://down-id.img.susercontent.com/file/id-11134207-822wl-mn1040dv1p1d84,https://down-id.img.susercontent.com/file/id-11134258-8224v-mkvw0cu9r7k1a5,Laptop Infinix XBook B14 - AMD Series Ryzen 5 7535HS 16GB 512GB Windows 11 14.0 WUXGA IPS,https://deo.shopeemobile.com/shopee/modules-federation/live/0/shopee__item-card-standard-v2/0.2.8/pc/7c9110f78e069acbced7.png,Rp,7.594.000,,https://deo.shopeemobile.com/shopee/modules-federation/live/0/shopee__item-card-standard-v2/0.2.8/pc/d7099d3fd1dfdaf705ab.svg,5.0,6 Terjual,https://deo.shopeemobile.com/shopee/modules-federation/live/0/shopee__item-card-standard-v2/0.2.8/pc/5dd7b4560d0e2d3190e8.svg,Jakarta Utara,-43%,https://deo.shopeemobile.com/shopee/modules-federation/live/0/shopee__item-card-standard-v2/0.2.8/pc/b4d1b8a78b3621dbdf4a.svg,"Laptop Infinix XBook B14 - AMD Series Ryzen 5 7535HS 16GB 512GB Windows 11 14.0 WUXGA IPS
Rp
7.594.000
-43%
5.0
6 Terjual
Jakarta Utara",https://shopee.co.id/Laptop-Infinix-XBook-B14-AMD-Series-Ryzen-5-7535HS-16GB-512GB-Windows-11-14.0-WUXGA-IPS-i.1105655476.54301110276?extraParams=%7B%22display_model_id%22%3A262344748505%2C%22model_selection_logic%22%3A3%7D&sp_atk=4a29ea01-dd54-41b4-a6fc-51c16be0d9c0&xptdk=4a29ea01-dd54-41b4-a6fc-51c16be0d9c0
https://down-id.img.susercontent.com/file/id-11134207-82251-mk27xfel2ccgc9,https://down-id.img.susercontent.com/file/id-11134258-822wr-mlx5y0tebegw04,"INFINIX Xbook B14 - Ryzen 5-7535HS - 16GB - 512GB - 14"" WUXGA - W11",https://deo.shopeemobile.com/shopee/modules-federation/live/0/shopee__item-card-standard-v2/0.2.8/pc/7c9110f78e069acbced7.png,Rp,7.749.000,,https://deo.shopeemobile.com/shopee/modules-federation/live/0/shopee__item-card-standard-v2/0.2.8/pc/d7099d3fd1dfdaf705ab.svg,4.3,4 Terjual,https://deo.shopeemobile.com/shopee/modules-federation/live/0/shopee__item-card-standard-v2/0.2.8/pc/5dd7b4560d0e2d3190e8.svg,Makassar,,,"INFINIX Xbook B14 - Ryzen 5-7535HS - 16GB - 512GB - 14"" WUXGA - W11
Rp
7.749.000
4.3
4 Terjual
Makassar",https://shopee.co.id/INFINIX-Xbook-B14-Ryzen-5-7535HS-16GB-512GB-14-WUXGA-W11-i.43209604.57705233437?extraParams=%7B%22display_model_id%22%3A277528384192%2C%22model_selection_logic%22%3A3%7D&sp_atk=0b7b21ca-1b51-4032-ac30-14d3fdb87456&xptdk=0b7b21ca-1b51-4032-ac30-14d3fdb87456
https://down-id.img.susercontent.com/file/id-11134207-822wp-mnce8ctqpqf79b,https://down-id.img.susercontent.com/file/id-11134258-8224v-mkvw0cu9r7k1a5,NEW Infinix XBOOK B14 Ryzen 5 7535HS RAM 16GB 1TB SSD Windows 11 Home 14 inch WUXGA IPS Backlit,https://deo.shopeemobile.com/shopee/modules-federation/live/0/shopee__item-card-standard-v2/0.2.8/pc/e4734dab67ee2f9ebd5a.png,Rp,7.398.000,Hadiah Gratis,,,,https://deo.shopeemobile.com/shopee/modules-federation/live/0/shopee__item-card-standard-v2/0.2.8/pc/5dd7b4560d0e2d3190e8.svg,Depok,-1%,https://deo.shopeemobile.com/shopee/modules-federation/live/0/shopee__item-card-standard-v2/0.2.8/pc/b4d1b8a78b3621dbdf4a.svg,"NEW Infinix XBOOK B14 Ryzen 5 7535HS RAM 16GB 1TB SSD Windows 11 Home 14 inch WUXGA IPS Backlit
Rp
7.398.000
-1%
Hadiah Gratis
Depok",https://shopee.co.id/NEW-Infinix-XBOOK-B14-Ryzen-5-7535HS-RAM-16GB-1TB-SSD-Windows-11-Home-14-inch-WUXGA-IPS-Backlit-i.1414506565.54951618216?extraParams=%7B%22display_model_id%22%3A405479272862%2C%22model_selection_logic%22%3A3%7D&sp_atk=38b9450a-0fc6-4be6-b596-f0d07327d287&xptdk=38b9450a-0fc6-4be6-b596-f0d07327d287
https://down-id.img.susercontent.com/file/id-11134207-822wj-mn9qq53v3xmq46,https://down-id.img.susercontent.com/file/id-11134258-8224v-mkvw0cu9r7k1a5,Laptop Slim Infinix Xbook B14 Ryzen 7 7735HS RAM 16GB 512GB 14.0 WUXGA IPS Backlit Win11 Ori,https://deo.shopeemobile.com/shopee/modules-federation/live/0/shopee__item-card-standard-v2/0.2.8/pc/a425c915798471b33e5d.png,Rp,7.397.000,,https://deo.shopeemobile.com/shopee/modules-federation/live/0/shopee__item-card-standard-v2/0.2.8/pc/d7099d3fd1dfdaf705ab.svg,4.9,14 Terjual,https://deo.shopeemobile.com/shopee/modules-federation/live/0/shopee__item-card-standard-v2/0.2.8/pc/5dd7b4560d0e2d3190e8.svg,Bekasi,-1%,https://deo.shopeemobile.com/shopee/modules-federation/live/0/shopee__item-card-standard-v2/0.2.8/pc/b4d1b8a78b3621dbdf4a.svg,"Laptop Slim Infinix Xbook B14 Ryzen 7 7735HS RAM 16GB 512GB 14.0 WUXGA IPS Backlit Win11 Ori
Rp
7.397.000
-1%
4.9
14 Terjual
Bekasi",https://shopee.co.id/Laptop-Slim-Infinix-Xbook-B14-Ryzen-7-7735HS-RAM-16GB-512GB-14.0-WUXGA-IPS-Backlit-Win11-Ori-i.1545485502.57205406330?extraParams=%7B%22display_model_id%22%3A325492642683%2C%22model_selection_logic%22%3A3%7D&sp_atk=7a390df5-dcd0-4ec2-a61a-815c7f8ba2bd&xptdk=7a390df5-dcd0-4ec2-a61a-815c7f8ba2bd
https://down-id.img.susercontent.com/file/id-11134207-7rbk0-m9n2m9t8ljj141,https://down-id.img.susercontent.com/file/id-11134258-8224v-mkvw0cu9r7k1a5,"Infinix XBOOK B15 Ryzen 7-5825U 16GB 512GB SSD 15.6"" FHD Win11",https://deo.shopeemobile.com/shopee/modules-federation/live/0/shopee__item-card-standard-v2/0.2.8/pc/e4734dab67ee2f9ebd5a.png,Rp,6.499.000,Hadiah Gratis,https://deo.shopeemobile.com/shopee/modules-federation/live/0/shopee__item-card-standard-v2/0.2.8/pc/d7099d3fd1dfdaf705ab.svg,5.0,188 Terjual,https://deo.shopeemobile.com/shopee/modules-federation/live/0/shopee__item-card-standard-v2/0.2.8/pc/5dd7b4560d0e2d3190e8.svg,Jakarta Selatan,,,"Infinix XBOOK B15 Ryzen 7-5825U 16GB 512GB SSD 15.6"" FHD Win11
Rp
6.499.000
Hadiah Gratis
5.0
188 Terjual
Jakarta Selatan",https://shopee.co.id/Infinix-XBOOK-B15-Ryzen-7-5825U-16GB-512GB-SSD-15.6-FHD-Win11-i.217781231.26085864251?extraParams=%7B%22display_model_id%22%3A370524426051%2C%22model_selection_logic%22%3A3%7D&sp_atk=874f5dc9-d17e-4121-a6c3-0b459f2fd4b9&xptdk=874f5dc9-d17e-4121-a6c3-0b459f2fd4b9
https://down-id.img.susercontent.com/file/id-11134207-8224s-mknkfaj9f5s079,https://down-id.img.susercontent.com/file/id-11134258-822wr-mlx67rtd6r602f,Infinix Xbook B14 AMD Ryzen 7-7735HS RAM 8GB / 16GB SSD 512GB WIN11 Garansi resmi,https://deo.shopeemobile.com/shopee/modules-federation/live/0/shopee__item-card-standard-v2/0.2.8/pc/e4734dab67ee2f9ebd5a.png,Rp,9.000.000,,,,,https://deo.shopeemobile.com/shopee/modules-federation/live/0/shopee__item-card-standard-v2/0.2.8/pc/5dd7b4560d0e2d3190e8.svg,Banjarmasin,,,"Infinix Xbook B14 AMD Ryzen 7-7735HS RAM 8GB / 16GB SSD 512GB WIN11 Garansi resmi
Rp
9.000.000
Banjarmasin",https://shopee.co.id/Infinix-Xbook-B14-AMD-Ryzen-7-7735HS-RAM-8GB-16GB-SSD-512GB-WIN11-Garansi-resmi-i.212956457.29144207984?extraParams=%7B%22display_model_id%22%3A420720687087%2C%22model_selection_logic%22%3A3%7D&sp_atk=8b9e8184-2538-4d64-8339-9384038a6996&xptdk=8b9e8184-2538-4d64-8339-9384038a6996
https://down-id.img.susercontent.com/file/id-11134207-822wr-mndtdqbpejnq45,https://down-id.img.susercontent.com/file/id-11134258-8224v-mkvw0cu9r7k1a5,NEW Laptop INFINIX XBOOK B14 RYZEN 7 7735HS / 5 7535HS 16GB 512GB W11 14.0WUXGA IPS CORAL TIDES / SILVER - Laptop Tipis Murah Military Grade,https://deo.shopeemobile.com/shopee/modules-federation/live/0/shopee__item-card-standard-v2/0.2.8/pc/7c9110f78e069acbced7.png,Rp,7.194.000,,https://deo.shopeemobile.com/shopee/modules-federation/live/0/shopee__item-card-standard-v2/0.2.8/pc/d7099d3fd1dfdaf705ab.svg,5.0,345 Terjual,https://deo.shopeemobile.com/shopee/modules-federation/live/0/shopee__item-card-standard-v2/0.2.8/pc/5dd7b4560d0e2d3190e8.svg,Jakarta Utara,-28%,https://deo.shopeemobile.com/shopee/modules-federation/live/0/shopee__item-card-standard-v2/0.2.8/pc/b4d1b8a78b3621dbdf4a.svg,"NEW Laptop INFINIX XBOOK B14 RYZEN 7 7735HS / 5 7535HS 16GB 512GB W11 14.0WUXGA IPS CORAL TIDES / SILVER - Laptop Tipis Murah Military Grade
Rp
7.194.000
-28%
5.0
345 Terjual
Jakarta Utara",https://shopee.co.id/NEW-Laptop-INFINIX-XBOOK-B14-RYZEN-7-7735HS-5-7535HS-16GB-512GB-W11-14.0WUXGA-IPS-CORAL-TIDES-SILVER-Laptop-Tipis-Murah-Military-Grade-i.383392952.42671609847?extraParams=%7B%22display_model_id%22%3A410265229378%2C%22model_selection_logic%22%3A3%7D&sp_atk=f632cb48-3c1d-468e-a034-c75b8fa0d43d&xptdk=f632cb48-3c1d-468e-a034-c75b8fa0d43d