-image-yazkc-11,-image-yazkc-11_2,text-sm,inline-block,text-xs/sp14,font-medium,text-shopee-primary,pointer-events-none,text-xs/sp14_2,pointer-events-none_2,w-auto,text-white,pointer-events-none_3,align-middle,truncate,img_2,text-xs_2,_container,_container_link
https://down-id.img.susercontent.com/file/id-11134207-822wm-mmjytw5cqosv49,https://down-id.img.susercontent.com/file/id-11134258-8224v-mkvw0cu9r7k1a5,Advan Workplus Heritage 14 Ryzen 5 32GB 1TB IPS,https://deo.shopeemobile.com/shopee/modules-federation/live/0/shopee__item-card-standard-v2/0.2.8/pc/e4734dab67ee2f9ebd5a.png,Rp,5.798.000,-1%,https://deo.shopeemobile.com/shopee/modules-federation/live/0/shopee__item-card-standard-v2/0.2.8/pc/b4d1b8a78b3621dbdf4a.svg,4.8,https://deo.shopeemobile.com/shopee/modules-federation/live/0/shopee__item-card-standard-v2/0.2.8/pc/38e203dc86172a6c6560.svg,https://deo.shopeemobile.com/shopee/modules-federation/live/0/shopee__item-card-standard-v2/0.2.8/pc/0614b8f0a8fdde22942d.svg,< 2 Hari,https://deo.shopeemobile.com/shopee/modules-federation/live/0/shopee__item-card-standard-v2/0.2.8/pc/5dd7b4560d0e2d3190e8.svg,Jakarta Pusat,,https://deo.shopeemobile.com/shopee/modules-federation/live/0/shopee__item-card-standard-v2/0.2.8/pc/d7099d3fd1dfdaf705ab.svg,55 Terjual,"Advan Workplus Heritage 14 Ryzen 5 32GB 1TB IPS
Rp
5.798.000
-1%
4.8
55 Terjual
< 2 Hari
Jakarta Pusat",https://shopee.co.id/Advan-Workplus-Heritage-14-Ryzen-5-32GB-1TB-IPS-i.748792991.42603460593?extraParams=%7B%22display_model_id%22%3A261011936782%2C%22model_selection_logic%22%3A3%7D&sp_atk=fc67c9cb-a607-4624-a300-c5280fbfbb38&xptdk=fc67c9cb-a607-4624-a300-c5280fbfbb38
https://down-id.img.susercontent.com/file/id-11134207-7rash-m4yd4u17066826,https://down-id.img.susercontent.com/file/id-11134258-8224v-mkvw0cu9r7k1a5,"Laptop ADVAN TBOOK INTEL N100 4GB 128GB SSD 14"" HD Windows 11",https://deo.shopeemobile.com/shopee/modules-federation/live/0/shopee__item-card-standard-v2/0.2.8/pc/e4734dab67ee2f9ebd5a.png,Rp,4.290.000,,,5.0,https://deo.shopeemobile.com/shopee/modules-federation/live/0/shopee__item-card-standard-v2/0.2.8/pc/38e203dc86172a6c6560.svg,https://deo.shopeemobile.com/shopee/modules-federation/live/0/shopee__item-card-standard-v2/0.2.8/pc/0614b8f0a8fdde22942d.svg,< 2 Hari,https://deo.shopeemobile.com/shopee/modules-federation/live/0/shopee__item-card-standard-v2/0.2.8/pc/5dd7b4560d0e2d3190e8.svg,Kab. Sleman,,https://deo.shopeemobile.com/shopee/modules-federation/live/0/shopee__item-card-standard-v2/0.2.8/pc/d7099d3fd1dfdaf705ab.svg,11 Terjual,"Laptop ADVAN TBOOK INTEL N100 4GB 128GB SSD 14"" HD Windows 11
Rp
4.290.000
5.0
11 Terjual
< 2 Hari
Kab. Sleman",https://shopee.co.id/Laptop-ADVAN-TBOOK-INTEL-N100-4GB-128GB-SSD-14-HD-Windows-11-i.40255164.26206801273?extraParams=%7B%22display_model_id%22%3A325785337046%2C%22model_selection_logic%22%3A3%7D&sp_atk=321aedf9-c93a-4652-81ca-9908e8fc333b&xptdk=321aedf9-c93a-4652-81ca-9908e8fc333b
https://down-id.img.susercontent.com/file/id-11134207-8224s-mgx5cc218y6gb6,https://down-id.img.susercontent.com/file/id-11134258-8224q-mkvvibsp8oowa6,"ADVAN SOULMATE Celeron N4020 4GB /8GB 128  Laptop 14"" HD WINDOWS 11 RESMI",https://deo.shopeemobile.com/shopee/modules-federation/live/0/shopee__item-card-standard-v2/0.2.8/pc/e4734dab67ee2f9ebd5a.png,Rp,4.099.000,,,5.0,https://deo.shopeemobile.com/shopee/modules-federation/live/0/shopee__item-card-standard-v2/0.2.8/pc/38e203dc86172a6c6560.svg,https://deo.shopeemobile.com/shopee/modules-federation/live/0/shopee__item-card-standard-v2/0.2.8/pc/0614b8f0a8fdde22942d.svg,< 2 Hari,https://deo.shopeemobile.com/shopee/modules-federation/live/0/shopee__item-card-standard-v2/0.2.8/pc/5dd7b4560d0e2d3190e8.svg,Malang,Pilih Lokal,https://deo.shopeemobile.com/shopee/modules-federation/live/0/shopee__item-card-standard-v2/0.2.8/pc/d7099d3fd1dfdaf705ab.svg,112 Terjual,"ADVAN SOULMATE Celeron N4020 4GB /8GB 128 Laptop 14"" HD WINDOWS 11 RESMI
Rp
4.099.000
Pilih Lokal
5.0
112 Terjual
< 2 Hari
Malang",https://shopee.co.id/ADVAN-SOULMATE-Celeron-N4020-4GB-8GB-128-Laptop-14-HD-WINDOWS-11-RESMI-i.291684613.18190799708?extraParams=%7B%22display_model_id%22%3A225433924052%2C%22model_selection_logic%22%3A3%7D&sp_atk=12af2c65-0e99-4b48-a02c-b4664eab8f54&xptdk=12af2c65-0e99-4b48-a02c-b4664eab8f54
https://down-id.img.susercontent.com/file/id-11134207-8224u-mknc40x97awz19,https://down-id.img.susercontent.com/file/id-11134258-8224v-mkvw0cu9r7k1a5,LAPTOP ADVAN SOULMATE X2 AMD 3020 - RAM 8GB 128GB WINDOWS11 14.0 IPS,https://deo.shopeemobile.com/shopee/modules-federation/live/0/shopee__item-card-standard-v2/0.2.8/pc/7c9110f78e069acbced7.png,Rp,3.753.000,-56%,https://deo.shopeemobile.com/shopee/modules-federation/live/0/shopee__item-card-standard-v2/0.2.8/pc/b4d1b8a78b3621dbdf4a.svg,4.9,https://deo.shopeemobile.com/shopee/modules-federation/live/0/shopee__item-card-standard-v2/0.2.8/pc/38e203dc86172a6c6560.svg,https://deo.shopeemobile.com/shopee/modules-federation/live/0/shopee__item-card-standard-v2/0.2.8/pc/0614b8f0a8fdde22942d.svg,< 2 Hari,https://deo.shopeemobile.com/shopee/modules-federation/live/0/shopee__item-card-standard-v2/0.2.8/pc/5dd7b4560d0e2d3190e8.svg,Jakarta Utara,Cicilan,https://deo.shopeemobile.com/shopee/modules-federation/live/0/shopee__item-card-standard-v2/0.2.8/pc/d7099d3fd1dfdaf705ab.svg,113 Terjual,"LAPTOP ADVAN SOULMATE X2 AMD 3020 - RAM 8GB 128GB WINDOWS11 14.0 IPS
Rp
3.753.000
-56%
Cicilan
Hadiah Gratis
4.9
113 Terjual
< 2 Hari
Jakarta Utara",https://shopee.co.id/LAPTOP-ADVAN-SOULMATE-X2-AMD-3020-RAM-8GB-128GB-WINDOWS11-14.0-IPS-i.250649369.15511352621?extraParams=%7B%22display_model_id%22%3A282553749751%2C%22model_selection_logic%22%3A3%7D&sp_atk=c266938f-aca1-4ccb-8fb6-28620189e657&xptdk=c266938f-aca1-4ccb-8fb6-28620189e657
https://down-id.img.susercontent.com/file/id-11134207-822wj-ml7ize5k51qg82,https://down-id.img.susercontent.com/file/id-11134258-822wr-mlx5y0tebegw04,Laptop Resmi Advan Soulmate X2 AMD 3020E 8GB 384GB FHD IPS WIN11HOME Original,https://deo.shopeemobile.com/shopee/modules-federation/live/0/shopee__item-card-standard-v2/0.2.8/pc/e4734dab67ee2f9ebd5a.png,Rp,3.699.000,,,5.0,https://deo.shopeemobile.com/shopee/modules-federation/live/0/shopee__item-card-standard-v2/0.2.8/pc/38e203dc86172a6c6560.svg,https://deo.shopeemobile.com/shopee/modules-federation/live/0/shopee__item-card-standard-v2/0.2.8/pc/0614b8f0a8fdde22942d.svg,< 2 Hari,https://deo.shopeemobile.com/shopee/modules-federation/live/0/shopee__item-card-standard-v2/0.2.8/pc/5dd7b4560d0e2d3190e8.svg,Jakarta Selatan,,https://deo.shopeemobile.com/shopee/modules-federation/live/0/shopee__item-card-standard-v2/0.2.8/pc/d7099d3fd1dfdaf705ab.svg,9 Terjual,"Laptop Resmi Advan Soulmate X2 AMD 3020E 8GB 384GB FHD IPS WIN11HOME Original
Rp
3.699.000
5.0
9 Terjual
< 2 Hari
Jakarta Selatan",https://shopee.co.id/Laptop-Resmi-Advan-Soulmate-X2-AMD-3020E-8GB-384GB-FHD-IPS-WIN11HOME-Original-i.1552037264.43625008755?extraParams=%7B%22display_model_id%22%3A400702243018%2C%22model_selection_logic%22%3A3%7D&sp_atk=7824b3e5-e0a1-49c2-9af9-99f6cde71e2c&xptdk=7824b3e5-e0a1-49c2-9af9-99f6cde71e2c
https://down-id.img.susercontent.com/file/id-11134207-822wj-mmmnaqro7qx299,https://down-id.img.susercontent.com/file/id-11134258-8224v-mkvw0cu9r7k1a5,Advan Soulmate X2 AMD 8GB 128GB Windows 11,https://deo.shopeemobile.com/shopee/modules-federation/live/0/shopee__item-card-standard-v2/0.2.8/pc/a425c915798471b33e5d.png,Rp,3.754.000,,,4.9,https://deo.shopeemobile.com/shopee/modules-federation/live/0/shopee__item-card-standard-v2/0.2.8/pc/76dff349290d20891fc1.svg,,,https://deo.shopeemobile.com/shopee/modules-federation/live/0/shopee__item-card-standard-v2/0.2.8/pc/5dd7b4560d0e2d3190e8.svg,Jakarta Utara,Cicilan,https://deo.shopeemobile.com/shopee/modules-federation/live/0/shopee__item-card-standard-v2/0.2.8/pc/d7099d3fd1dfdaf705ab.svg,355 Terjual,"Advan Soulmate X2 AMD 8GB 128GB Windows 11
Rp
3.754.000
Cicilan
4.9
355 Terjual
3-4 Hari
Jakarta Utara",https://shopee.co.id/Advan-Soulmate-X2-AMD-8GB-128GB-Windows-11-i.364038165.11827296421?extraParams=%7B%22display_model_id%22%3A236871862322%2C%22model_selection_logic%22%3A3%7D&sp_atk=87f71da4-d03c-4f5e-975c-1c4322b1ab9f&xptdk=87f71da4-d03c-4f5e-975c-1c4322b1ab9f
https://down-id.img.susercontent.com/file/id-11134207-7ra0r-mdk1wo6n4houff,https://down-id.img.susercontent.com/file/id-11134258-8224v-mkvw0cu9r7k1a5,Advan Laptop Workmate AMD Ryzen 5 3500U / Intel i3-1215U 8GB SSD 256GB 14 Inch FHD+ Windows 11 Original Garansi Resmi,https://deo.shopeemobile.com/shopee/modules-federation/live/0/shopee__item-card-standard-v2/0.2.8/pc/7c9110f78e069acbced7.png,Rp,5.996.000,-26%,https://deo.shopeemobile.com/shopee/modules-federation/live/0/shopee__item-card-standard-v2/0.2.8/pc/b4d1b8a78b3621dbdf4a.svg,4.9,https://deo.shopeemobile.com/shopee/modules-federation/live/0/shopee__item-card-standard-v2/0.2.8/pc/76dff349290d20891fc1.svg,,,https://deo.shopeemobile.com/shopee/modules-federation/live/0/shopee__item-card-standard-v2/0.2.8/pc/5dd7b4560d0e2d3190e8.svg,Mojokerto,,https://deo.shopeemobile.com/shopee/modules-federation/live/0/shopee__item-card-standard-v2/0.2.8/pc/d7099d3fd1dfdaf705ab.svg,176 Terjual,"Advan Laptop Workmate AMD Ryzen 5 3500U / Intel i3-1215U 8GB SSD 256GB 14 Inch FHD+ Windows 11 Original Garansi Resmi
Rp
5.996.000
-26%
4.9
176 Terjual
2-3 Hari
Mojokerto",https://shopee.co.id/Advan-Laptop-Workmate-AMD-Ryzen-5-3500U-Intel-i3-1215U-8GB-SSD-256GB-14-Inch-FHD-Windows-11-Original-Garansi-Resmi-i.318218543.28490099609?extraParams=%7B%22display_model_id%22%3A248851735315%2C%22model_selection_logic%22%3A3%7D&sp_atk=cdbe059a-ce0f-45fc-b219-07515016c3d8&xptdk=cdbe059a-ce0f-45fc-b219-07515016c3d8
https://down-id.img.susercontent.com/file/id-11134207-82250-mjjum06wamf978,https://down-id.img.susercontent.com/file/id-11134258-7r98w-lyezzaurybot13,"Advan Soulmate X 14"" IPS FHD AMD 3020e 8GB/128GB Upgradeable",https://deo.shopeemobile.com/shopee/modules-federation/live/0/shopee__item-card-standard-v2/0.2.8/pc/e4734dab67ee2f9ebd5a.png,Rp,3.650.000,,,5.0,https://deo.shopeemobile.com/shopee/modules-federation/live/0/shopee__item-card-standard-v2/0.2.8/pc/38e203dc86172a6c6560.svg,https://deo.shopeemobile.com/shopee/modules-federation/live/0/shopee__item-card-standard-v2/0.2.8/pc/0614b8f0a8fdde22942d.svg,< 2 Hari,https://deo.shopeemobile.com/shopee/modules-federation/live/0/shopee__item-card-standard-v2/0.2.8/pc/5dd7b4560d0e2d3190e8.svg,Kab. Banyuwangi,,https://deo.shopeemobile.com/shopee/modules-federation/live/0/shopee__item-card-standard-v2/0.2.8/pc/d7099d3fd1dfdaf705ab.svg,11 Terjual,"Advan Soulmate X 14"" IPS FHD AMD 3020e 8GB/128GB Upgradeable
Rp
3.650.000
5.0
11 Terjual
< 2 Hari
Kab. Banyuwangi",https://shopee.co.id/Advan-Soulmate-X-14-IPS-FHD-AMD-3020e-8GB-128GB-Upgradeable-i.19508006.27235394870?extraParams=%7B%22display_model_id%22%3A258982887540%2C%22model_selection_logic%22%3A3%7D&sp_atk=98cc108d-04fe-430a-8298-d5b89484bf89&xptdk=98cc108d-04fe-430a-8298-d5b89484bf89
https://down-id.img.susercontent.com/file/sg-11134201-7rd5e-m782ef32ofqh1e,https://down-id.img.susercontent.com/file/id-11134258-8224q-mkvvibsp8oowa6,"[FREE STYLUS PEN +KEYBOARD] ADVAN Laptop 2 in 1 EVO-X 16” / 13"" Touchscreen Detachable 2.5K Display Intel i3-1215U/Intel N100/Intel N100 12GB/512GB Windows 11 - Garansi Resmi 1 Tahun",https://deo.shopeemobile.com/shopee/modules-federation/live/0/shopee__item-card-standard-v2/0.2.8/pc/7c9110f78e069acbced7.png,Rp,7.499.000,-50%,,4.9,https://deo.shopeemobile.com/shopee/modules-federation/live/0/shopee__item-card-standard-v2/0.2.8/pc/76dff349290d20891fc1.svg,,,https://deo.shopeemobile.com/shopee/modules-federation/live/0/shopee__item-card-standard-v2/0.2.8/pc/5dd7b4560d0e2d3190e8.svg,Kab. Tangerang,Pilih Lokal,https://deo.shopeemobile.com/shopee/modules-federation/live/0/shopee__item-card-standard-v2/0.2.8/pc/d7099d3fd1dfdaf705ab.svg,65 Terjual,"[FREE STYLUS PEN +KEYBOARD] ADVAN Laptop 2 in 1 EVO-X 16” / 13"" Touchscreen Detachable 2.5K Display Intel i3-1215U/Intel N100/Intel N100 12GB/512GB Windows 11 - Garansi Resmi 1 Tahun
Rp
7.499.000
-50%
Pilih Lokal
4.9
65 Terjual
3-5 Hari
Kab. Tangerang",https://shopee.co.id/-FREE-STYLUS-PEN-KEYBOARD-ADVAN-Laptop-2-in-1-EVO-X-16%E2%80%9D-13-Touchscreen-Detachable-2.5K-Display-Intel-i3-1215U-Intel-N100-Intel-N100-12GB-512GB-Windows-11-Garansi-Resmi-1-Tahun-i.478083269.26029269748?extraParams=%7B%22display_model_id%22%3A258138907215%2C%22model_selection_logic%22%3A3%7D&sp_atk=8121858d-09df-43e1-934c-2684dda5a407&xptdk=8121858d-09df-43e1-934c-2684dda5a407
https://down-id.img.susercontent.com/file/id-11134207-81ztn-mfol941fd8ne0a,https://down-id.img.susercontent.com/file/id-11134258-8224v-mkvw0cu9r7k1a5,LAPTOP ADVAN SOULMATE X AMD ATHLON 3020E 8GB 128GB 14” FHD WIN 11,https://deo.shopeemobile.com/shopee/modules-federation/live/0/shopee__item-card-standard-v2/0.2.8/pc/e4734dab67ee2f9ebd5a.png,Rp,4.100.000,,,5.0,https://deo.shopeemobile.com/shopee/modules-federation/live/0/shopee__item-card-standard-v2/0.2.8/pc/76dff349290d20891fc1.svg,,,https://deo.shopeemobile.com/shopee/modules-federation/live/0/shopee__item-card-standard-v2/0.2.8/pc/5dd7b4560d0e2d3190e8.svg,Banjarmasin,,https://deo.shopeemobile.com/shopee/modules-federation/live/0/shopee__item-card-standard-v2/0.2.8/pc/d7099d3fd1dfdaf705ab.svg,12 Terjual,"LAPTOP ADVAN SOULMATE X AMD ATHLON 3020E 8GB 128GB 14” FHD WIN 11
Rp
4.100.000
5.0
12 Terjual
3-5 Hari
Banjarmasin",https://shopee.co.id/LAPTOP-ADVAN-SOULMATE-X-AMD-ATHLON-3020E-8GB-128GB-14%E2%80%9D-FHD-WIN-11-i.312419703.28292781382?extraParams=%7B%22display_model_id%22%3A310486990159%2C%22model_selection_logic%22%3A3%7D&sp_atk=146268ac-82d1-4a35-84a3-9827cb6a2054&xptdk=146268ac-82d1-4a35-84a3-9827cb6a2054
https://down-id.img.susercontent.com/file/id-11134207-82250-mhfxs4k65w5n61,https://down-id.img.susercontent.com/file/id-11134258-8224v-mkvw0cu9r7k1a5,LAPTOP ADVAN WORKMATE RYZEN 5 3500U 8GB 256GB W11 14.0UWUXGA IPS,https://deo.shopeemobile.com/shopee/modules-federation/live/0/shopee__item-card-standard-v2/0.2.8/pc/7c9110f78e069acbced7.png,Rp,5.673.000,-37%,https://deo.shopeemobile.com/shopee/modules-federation/live/0/shopee__item-card-standard-v2/0.2.8/pc/b4d1b8a78b3621dbdf4a.svg,4.8,https://deo.shopeemobile.com/shopee/modules-federation/live/0/shopee__item-card-standard-v2/0.2.8/pc/38e203dc86172a6c6560.svg,https://deo.shopeemobile.com/shopee/modules-federation/live/0/shopee__item-card-standard-v2/0.2.8/pc/0614b8f0a8fdde22942d.svg,Besok,https://deo.shopeemobile.com/shopee/modules-federation/live/0/shopee__item-card-standard-v2/0.2.8/pc/5dd7b4560d0e2d3190e8.svg,Surabaya,,https://deo.shopeemobile.com/shopee/modules-federation/live/0/shopee__item-card-standard-v2/0.2.8/pc/d7099d3fd1dfdaf705ab.svg,7 Terjual,"LAPTOP ADVAN WORKMATE RYZEN 5 3500U 8GB 256GB W11 14.0UWUXGA IPS
Rp
5.673.000
-37%
4.8
7 Terjual
Besok
Surabaya",https://shopee.co.id/LAPTOP-ADVAN-WORKMATE-RYZEN-5-3500U-8GB-256GB-W11-14.0UWUXGA-IPS-i.1273997571.42111354030?extraParams=%7B%22display_model_id%22%3A280952952394%2C%22model_selection_logic%22%3A3%7D&sp_atk=46bb5d87-646d-4a50-8a4e-3813a4139555&xptdk=46bb5d87-646d-4a50-8a4e-3813a4139555
https://down-id.img.susercontent.com/file/id-11134207-8224w-mkxi87qvso3lc2,https://down-id.img.susercontent.com/file/id-11134258-8224v-mkvw0cu9r7k1a5,Laptop Advan Soulmate X2 AMD Athlon Silver 3020 8GB 128GB Win 11 14.0 Full HD IPS,https://deo.shopeemobile.com/shopee/modules-federation/live/0/shopee__item-card-standard-v2/0.2.8/pc/7c9110f78e069acbced7.png,Rp,3.754.000,-32%,,4.8,https://deo.shopeemobile.com/shopee/modules-federation/live/0/shopee__item-card-standard-v2/0.2.8/pc/38e203dc86172a6c6560.svg,https://deo.shopeemobile.com/shopee/modules-federation/live/0/shopee__item-card-standard-v2/0.2.8/pc/0614b8f0a8fdde22942d.svg,< 2 Hari,https://deo.shopeemobile.com/shopee/modules-federation/live/0/shopee__item-card-standard-v2/0.2.8/pc/5dd7b4560d0e2d3190e8.svg,Depok,,https://deo.shopeemobile.com/shopee/modules-federation/live/0/shopee__item-card-standard-v2/0.2.8/pc/d7099d3fd1dfdaf705ab.svg,25 Terjual,"Laptop Advan Soulmate X2 AMD Athlon Silver 3020 8GB 128GB Win 11 14.0 Full HD IPS
Rp
3.754.000
-32%
4.8
25 Terjual
< 2 Hari
Depok",https://shopee.co.id/Laptop-Advan-Soulmate-X2-AMD-Athlon-Silver-3020-8GB-128GB-Win-11-14.0-Full-HD-IPS-i.1274014683.27767698599?extraParams=%7B%22display_model_id%22%3A430616134732%2C%22model_selection_logic%22%3A3%7D&sp_atk=305d71cb-0424-4411-9061-c59da75793a0&xptdk=305d71cb-0424-4411-9061-c59da75793a0
https://down-id.img.susercontent.com/file/id-11134207-7rbkc-m8gbou4xb0tp40,https://down-id.img.susercontent.com/file/id-11134258-8224v-mkvw0cu9r7k1a5,ADVAN 360 Pro Stylus AMD Ryzen 5 7430U RAM32GB SSD1TB 14'' Ips Touchscreen Windows 11,https://deo.shopeemobile.com/shopee/modules-federation/live/0/shopee__item-card-standard-v2/0.2.8/pc/7c9110f78e069acbced7.png,Rp,7.199.000,,,5.0,https://deo.shopeemobile.com/shopee/modules-federation/live/0/shopee__item-card-standard-v2/0.2.8/pc/38e203dc86172a6c6560.svg,https://deo.shopeemobile.com/shopee/modules-federation/live/0/shopee__item-card-standard-v2/0.2.8/pc/0614b8f0a8fdde22942d.svg,< 2 Hari,https://deo.shopeemobile.com/shopee/modules-federation/live/0/shopee__item-card-standard-v2/0.2.8/pc/5dd7b4560d0e2d3190e8.svg,Jakarta Pusat,,https://deo.shopeemobile.com/shopee/modules-federation/live/0/shopee__item-card-standard-v2/0.2.8/pc/d7099d3fd1dfdaf705ab.svg,25 Terjual,"ADVAN 360 Pro Stylus AMD Ryzen 5 7430U RAM32GB SSD1TB 14'' Ips Touchscreen Windows 11
Rp
7.199.000
5.0
25 Terjual
< 2 Hari
Jakarta Pusat",https://shopee.co.id/ADVAN-360-Pro-Stylus-AMD-Ryzen-5-7430U-RAM32GB-SSD1TB-14''-Ips-Touchscreen-Windows-11-i.32829345.27433058416?extraParams=%7B%22display_model_id%22%3A138296809799%2C%22model_selection_logic%22%3A3%7D&sp_atk=a3303748-5dab-447e-8177-cd7ddf72e5b3&xptdk=a3303748-5dab-447e-8177-cd7ddf72e5b3
https://down-id.img.susercontent.com/file/id-11134207-7rask-m31pjfr88gepf1,https://down-id.img.susercontent.com/file/id-11134258-8224v-mkvw0cu9r7k1a5,Laptop Advan Laptop Baru TBOOK 14 inch Intel N100 setara core i3 8130U 8GB Storage 256GB + 128GB Windows 11 Laptop Sekolah Dan Bekerja Original Garansi Resmi,https://deo.shopeemobile.com/shopee/modules-federation/live/0/shopee__item-card-standard-v2/0.2.8/pc/e4734dab67ee2f9ebd5a.png,Rp,4.599.000,,,,https://deo.shopeemobile.com/shopee/modules-federation/live/0/shopee__item-card-standard-v2/0.2.8/pc/38e203dc86172a6c6560.svg,https://deo.shopeemobile.com/shopee/modules-federation/live/0/shopee__item-card-standard-v2/0.2.8/pc/0614b8f0a8fdde22942d.svg,Besok 11:00,https://deo.shopeemobile.com/shopee/modules-federation/live/0/shopee__item-card-standard-v2/0.2.8/pc/5dd7b4560d0e2d3190e8.svg,Surabaya,,https://deo.shopeemobile.com/shopee/modules-federation/live/0/shopee__item-card-standard-v2/0.2.8/pc/0614b8f0a8fdde22942d.svg,Besok 11:00,"Laptop Advan Laptop Baru TBOOK 14 inch Intel N100 setara core i3 8130U 8GB Storage 256GB + 128GB Windows 11 Laptop Sekolah Dan Bekerja Original Garansi Resmi
Rp
4.599.000
Besok 11:00
Surabaya",https://shopee.co.id/Laptop-Advan-Laptop-Baru-TBOOK-14-inch-Intel-N100-setara-core-i3-8130U-8GB-Storage-256GB-128GB-Windows-11-Laptop-Sekolah-Dan-Bekerja-Original-Garansi-Resmi-i.96950295.28368813960?extraParams=%7B%22display_model_id%22%3A227075239891%2C%22model_selection_logic%22%3A3%7D&sp_atk=2db14c06-e4ea-453f-8529-53edf3f31614&xptdk=2db14c06-e4ea-453f-8529-53edf3f31614
https://down-id.img.susercontent.com/file/id-11134207-8224o-mhd0f19hdo2514,https://down-id.img.susercontent.com/file/id-11134258-8224v-mkvw0cu9r7k1a5,ADVAN SOULMATE X2 AMD 3020 RAM 8GB 128GB W11 14.0 IPS,https://deo.shopeemobile.com/shopee/modules-federation/live/0/shopee__item-card-standard-v2/0.2.8/pc/7c9110f78e069acbced7.png,Rp,3.753.000,-26%,https://deo.shopeemobile.com/shopee/modules-federation/live/0/shopee__item-card-standard-v2/0.2.8/pc/b4d1b8a78b3621dbdf4a.svg,4.8,https://deo.shopeemobile.com/shopee/modules-federation/live/0/shopee__item-card-standard-v2/0.2.8/pc/38e203dc86172a6c6560.svg,https://deo.shopeemobile.com/shopee/modules-federation/live/0/shopee__item-card-standard-v2/0.2.8/pc/0614b8f0a8fdde22942d.svg,< 2 Hari,https://deo.shopeemobile.com/shopee/modules-federation/live/0/shopee__item-card-standard-v2/0.2.8/pc/5dd7b4560d0e2d3190e8.svg,Jakarta Utara,Cicilan,https://deo.shopeemobile.com/shopee/modules-federation/live/0/shopee__item-card-standard-v2/0.2.8/pc/d7099d3fd1dfdaf705ab.svg,122 Terjual,"ADVAN SOULMATE X2 AMD 3020 RAM 8GB 128GB W11 14.0 IPS
Rp
3.753.000
-26%
Cicilan
4.8
122 Terjual
< 2 Hari
Jakarta Utara",https://shopee.co.id/ADVAN-SOULMATE-X2-AMD-3020-RAM-8GB-128GB-W11-14.0-IPS-i.78730497.7908050149?extraParams=%7B%22display_model_id%22%3A380189457230%2C%22model_selection_logic%22%3A3%7D&sp_atk=6a8fe997-9fe8-44a9-836b-52ab31572801&xptdk=6a8fe997-9fe8-44a9-836b-52ab31572801
https://down-id.img.susercontent.com/file/id-11134207-8224p-mkr0zs1czk036d,https://down-id.img.susercontent.com/file/id-11134258-8224v-mkvw0cu9r7k1a5,ADVAN Soulmate X Baru AMD 3020e 8GB 128GB SSD 14 Inch FHD Windows 11 Type C,https://deo.shopeemobile.com/shopee/modules-federation/live/0/shopee__item-card-standard-v2/0.2.8/pc/a425c915798471b33e5d.png,Rp,3.795.000,-27%,,,https://deo.shopeemobile.com/shopee/modules-federation/live/0/shopee__item-card-standard-v2/0.2.8/pc/38e203dc86172a6c6560.svg,https://deo.shopeemobile.com/shopee/modules-federation/live/0/shopee__item-card-standard-v2/0.2.8/pc/0614b8f0a8fdde22942d.svg,< 2 Hari,https://deo.shopeemobile.com/shopee/modules-federation/live/0/shopee__item-card-standard-v2/0.2.8/pc/5dd7b4560d0e2d3190e8.svg,Yogyakarta,,https://deo.shopeemobile.com/shopee/modules-federation/live/0/shopee__item-card-standard-v2/0.2.8/pc/0614b8f0a8fdde22942d.svg,< 2 Hari,"ADVAN Soulmate X Baru AMD 3020e 8GB 128GB SSD 14 Inch FHD Windows 11 Type C
Rp
3.795.000
-27%
< 2 Hari
Yogyakarta",https://shopee.co.id/ADVAN-Soulmate-X-Baru-AMD-3020e-8GB-128GB-SSD-14-Inch-FHD-Windows-11-Type-C-i.969079686.53606219533?extraParams=%7B%22display_model_id%22%3A325565077717%2C%22model_selection_logic%22%3A3%7D&sp_atk=622a8cfd-d74e-4f35-9946-19e9f28ff3fe&xptdk=622a8cfd-d74e-4f35-9946-19e9f28ff3fe
https://down-id.img.susercontent.com/file/id-11134207-8224q-mha3bfmv589476,https://down-id.img.susercontent.com/file/id-11134258-8224v-mkvw0cu9r7k1a5,ADVAN WORKMATE - AMD RYZEN 5 3500U RAM 8GB 256GB W11 14.0WUXGA IPS,https://deo.shopeemobile.com/shopee/modules-federation/live/0/shopee__item-card-standard-v2/0.2.8/pc/7c9110f78e069acbced7.png,Rp,5.682.000,-69%,https://deo.shopeemobile.com/shopee/modules-federation/live/0/shopee__item-card-standard-v2/0.2.8/pc/b4d1b8a78b3621dbdf4a.svg,4.9,https://deo.shopeemobile.com/shopee/modules-federation/live/0/shopee__item-card-standard-v2/0.2.8/pc/38e203dc86172a6c6560.svg,https://deo.shopeemobile.com/shopee/modules-federation/live/0/shopee__item-card-standard-v2/0.2.8/pc/0614b8f0a8fdde22942d.svg,< 2 Hari,https://deo.shopeemobile.com/shopee/modules-federation/live/0/shopee__item-card-standard-v2/0.2.8/pc/5dd7b4560d0e2d3190e8.svg,Jakarta Utara,Cicilan,https://deo.shopeemobile.com/shopee/modules-federation/live/0/shopee__item-card-standard-v2/0.2.8/pc/d7099d3fd1dfdaf705ab.svg,112 Terjual,"ADVAN WORKMATE - AMD RYZEN 5 3500U RAM 8GB 256GB W11 14.0WUXGA IPS
Rp
5.682.000
-69%
Cicilan
4.9
112 Terjual
< 2 Hari
Jakarta Utara",https://shopee.co.id/ADVAN-WORKMATE-AMD-RYZEN-5-3500U-RAM-8GB-256GB-W11-14.0WUXGA-IPS-i.78730497.5000874326?extraParams=%7B%22display_model_id%22%3A282486138372%2C%22model_selection_logic%22%3A3%7D&sp_atk=764a4e10-3537-413a-a43c-db2f502dc846&xptdk=764a4e10-3537-413a-a43c-db2f502dc846
https://down-id.img.susercontent.com/file/id-11134207-822wt-ml90jr5bdb0vfb,https://down-id.img.susercontent.com/file/id-11134258-8224v-mkvw0cu9r7k1a5,ADVAN WORKMATE RYZEN 5 3500U RAM 8GB SSD 256GB WINDOWS11 UWUXGA IPS,https://deo.shopeemobile.com/shopee/modules-federation/live/0/shopee__item-card-standard-v2/0.2.8/pc/7c9110f78e069acbced7.png,Rp,5.683.000,,,5.0,https://deo.shopeemobile.com/shopee/modules-federation/live/0/shopee__item-card-standard-v2/0.2.8/pc/38e203dc86172a6c6560.svg,https://deo.shopeemobile.com/shopee/modules-federation/live/0/shopee__item-card-standard-v2/0.2.8/pc/0614b8f0a8fdde22942d.svg,< 2 Hari,https://deo.shopeemobile.com/shopee/modules-federation/live/0/shopee__item-card-standard-v2/0.2.8/pc/5dd7b4560d0e2d3190e8.svg,Depok,,https://deo.shopeemobile.com/shopee/modules-federation/live/0/shopee__item-card-standard-v2/0.2.8/pc/d7099d3fd1dfdaf705ab.svg,3 Terjual,"ADVAN WORKMATE RYZEN 5 3500U RAM 8GB SSD 256GB WINDOWS11 UWUXGA IPS
Rp
5.683.000
5.0
3 Terjual
< 2 Hari
Depok",https://shopee.co.id/ADVAN-WORKMATE-RYZEN-5-3500U-RAM-8GB-SSD-256GB-WINDOWS11-UWUXGA-IPS-i.1367937206.40628960346?extraParams=%7B%22display_model_id%22%3A345590876669%2C%22model_selection_logic%22%3A3%7D&sp_atk=38381951-64e6-40b6-98d1-717106dd5013&xptdk=38381951-64e6-40b6-98d1-717106dd5013
https://down-id.img.susercontent.com/file/id-11134207-7rbkd-ma89l8acd2m84e,https://down-id.img.susercontent.com/file/id-11134258-8224q-mkvvibsp8oowa6,Advan WorkPlus 14 Ryzen 5 16GB 512GB Win11,https://deo.shopeemobile.com/shopee/modules-federation/live/0/shopee__item-card-standard-v2/0.2.8/pc/e4734dab67ee2f9ebd5a.png,Rp,5.799.000,,,4.9,https://deo.shopeemobile.com/shopee/modules-federation/live/0/shopee__item-card-standard-v2/0.2.8/pc/38e203dc86172a6c6560.svg,https://deo.shopeemobile.com/shopee/modules-federation/live/0/shopee__item-card-standard-v2/0.2.8/pc/0614b8f0a8fdde22942d.svg,< 2 Hari,https://deo.shopeemobile.com/shopee/modules-federation/live/0/shopee__item-card-standard-v2/0.2.8/pc/5dd7b4560d0e2d3190e8.svg,Tangerang,Pilih Lokal,https://deo.shopeemobile.com/shopee/modules-federation/live/0/shopee__item-card-standard-v2/0.2.8/pc/d7099d3fd1dfdaf705ab.svg,35 Terjual,"Advan WorkPlus 14 Ryzen 5 16GB 512GB Win11
Rp
5.799.000
Pilih Lokal
Hadiah Gratis
4.9
35 Terjual
< 2 Hari
Tangerang",https://shopee.co.id/Advan-WorkPlus-14-Ryzen-5-16GB-512GB-Win11-i.290474546.42402193976?extraParams=%7B%22display_model_id%22%3A248714898896%2C%22model_selection_logic%22%3A3%7D&sp_atk=d44fffa4-af67-4268-8688-e579394d495a&xptdk=d44fffa4-af67-4268-8688-e579394d495a
https://down-id.img.susercontent.com/file/id-11134207-822wm-mnceso2q17ur26,https://down-id.img.susercontent.com/file/id-11134258-822wk-mlx5wnmfz7k3dd,Advan T-Book 14 Intel N100 8GB 512GB SSD Windows 11,https://deo.shopeemobile.com/shopee/modules-federation/live/0/shopee__item-card-standard-v2/0.2.8/pc/e4734dab67ee2f9ebd5a.png,Rp,4.298.000,-1%,https://deo.shopeemobile.com/shopee/modules-federation/live/0/shopee__item-card-standard-v2/0.2.8/pc/b4d1b8a78b3621dbdf4a.svg,4.9,https://deo.shopeemobile.com/shopee/modules-federation/live/0/shopee__item-card-standard-v2/0.2.8/pc/76dff349290d20891fc1.svg,,,https://deo.shopeemobile.com/shopee/modules-federation/live/0/shopee__item-card-standard-v2/0.2.8/pc/5dd7b4560d0e2d3190e8.svg,Jakarta Pusat,Pilih Lokal,https://deo.shopeemobile.com/shopee/modules-federation/live/0/shopee__item-card-standard-v2/0.2.8/pc/d7099d3fd1dfdaf705ab.svg,32 Terjual,"Advan T-Book 14 Intel N100 8GB 512GB SSD Windows 11
Rp
4.298.000
-1%
Pilih Lokal
4.9
32 Terjual
3-4 Hari
Jakarta Pusat",https://shopee.co.id/Advan-T-Book-14-Intel-N100-8GB-512GB-SSD-Windows-11-i.1590431644.40659409469?extraParams=%7B%22display_model_id%22%3A253649218644%2C%22model_selection_logic%22%3A3%7D&sp_atk=72f79447-32ea-4128-bee3-0182bf65f932&xptdk=72f79447-32ea-4128-bee3-0182bf65f932
https://down-id.img.susercontent.com/file/id-11134207-82250-mg7n4m0xp5ah88,https://down-id.img.susercontent.com/file/id-11134258-822wk-mlx5wnmfz7k3dd,"Laptop Advan Workmate R5-3500U 8GB/256GB 14"" FHD IPS Win11",https://deo.shopeemobile.com/shopee/modules-federation/live/0/shopee__item-card-standard-v2/0.2.8/pc/e4734dab67ee2f9ebd5a.png,Rp,5.890.000,-26%,,4.9,https://deo.shopeemobile.com/shopee/modules-federation/live/0/shopee__item-card-standard-v2/0.2.8/pc/38e203dc86172a6c6560.svg,https://deo.shopeemobile.com/shopee/modules-federation/live/0/shopee__item-card-standard-v2/0.2.8/pc/0614b8f0a8fdde22942d.svg,< 2 Hari,https://deo.shopeemobile.com/shopee/modules-federation/live/0/shopee__item-card-standard-v2/0.2.8/pc/5dd7b4560d0e2d3190e8.svg,Jakarta Pusat,Pilih Lokal,https://deo.shopeemobile.com/shopee/modules-federation/live/0/shopee__item-card-standard-v2/0.2.8/pc/d7099d3fd1dfdaf705ab.svg,1RB+ Terjual,"Laptop Advan Workmate R5-3500U 8GB/256GB 14"" FHD IPS Win11
Rp
5.890.000
-26%
Pilih Lokal
Cicilan
4.9
1RB+ Terjual
< 2 Hari
Jakarta Pusat",https://shopee.co.id/Laptop-Advan-Workmate-R5-3500U-8GB-256GB-14-FHD-IPS-Win11-i.148846460.7432686911?extraParams=%7B%22display_model_id%22%3A301153194409%2C%22model_selection_logic%22%3A3%7D&sp_atk=60f08a1e-a080-47cd-92b6-1f29fd3974e9&xptdk=60f08a1e-a080-47cd-92b6-1f29fd3974e9
https://down-id.img.susercontent.com/file/sg-11134201-81zvs-mn2nm6st46pw1d,https://down-id.img.susercontent.com/file/id-11134258-8224v-mkvw0cu9r7k1a5,"Laptop Editing Advan Soulmate X1 AMD 3020E Ram 4GB DDR4 128GB SSD 14"" FHD IPS Windows 11",https://deo.shopeemobile.com/shopee/modules-federation/live/0/shopee__item-card-standard-v2/0.2.8/pc/e4734dab67ee2f9ebd5a.png,Rp,3.516.000,-30%,,,https://deo.shopeemobile.com/shopee/modules-federation/live/0/shopee__item-card-standard-v2/0.2.8/pc/76dff349290d20891fc1.svg,,,https://deo.shopeemobile.com/shopee/modules-federation/live/0/shopee__item-card-standard-v2/0.2.8/pc/5dd7b4560d0e2d3190e8.svg,Madiun,,,2-4 Hari,"Laptop Editing Advan Soulmate X1 AMD 3020E Ram 4GB DDR4 128GB SSD 14"" FHD IPS Windows 11
Rp
3.516.000
-30%
2-4 Hari
Madiun",https://shopee.co.id/Laptop-Editing-Advan-Soulmate-X1-AMD-3020E-Ram-4GB-DDR4-128GB-SSD-14-FHD-IPS-Windows-11-i.55231304.53858863968?extraParams=%7B%22display_model_id%22%3A400786773309%2C%22model_selection_logic%22%3A3%7D&sp_atk=05b014f0-4b0d-452f-92d7-75938c004ab0&xptdk=05b014f0-4b0d-452f-92d7-75938c004ab0
https://down-id.img.susercontent.com/file/id-11134207-8224w-ml6czpf4dh54fd,https://down-id.img.susercontent.com/file/id-11134258-8224v-mkvw0cu9r7k1a5,"Advan Soulmate X2 AMD 3020E 8GB 128GB SSD 14"" FHD IPS White",https://deo.shopeemobile.com/shopee/modules-federation/live/0/shopee__item-card-standard-v2/0.2.8/pc/e4734dab67ee2f9ebd5a.png,Rp,3.699.000,,,5.0,https://deo.shopeemobile.com/shopee/modules-federation/live/0/shopee__item-card-standard-v2/0.2.8/pc/38e203dc86172a6c6560.svg,https://deo.shopeemobile.com/shopee/modules-federation/live/0/shopee__item-card-standard-v2/0.2.8/pc/0614b8f0a8fdde22942d.svg,< 2 Hari,https://deo.shopeemobile.com/shopee/modules-federation/live/0/shopee__item-card-standard-v2/0.2.8/pc/5dd7b4560d0e2d3190e8.svg,Bandung,Hadiah Gratis,https://deo.shopeemobile.com/shopee/modules-federation/live/0/shopee__item-card-standard-v2/0.2.8/pc/d7099d3fd1dfdaf705ab.svg,10 Terjual,"Advan Soulmate X2 AMD 3020E 8GB 128GB SSD 14"" FHD IPS White
Rp
3.699.000
Hadiah Gratis
5.0
10 Terjual
< 2 Hari
Bandung",https://shopee.co.id/Advan-Soulmate-X2-AMD-3020E-8GB-128GB-SSD-14-FHD-IPS-White-i.300290440.55202678297?extraParams=%7B%22display_model_id%22%3A330584096458%2C%22model_selection_logic%22%3A3%7D&sp_atk=e2b9c880-5833-4cd1-b0d8-55bfc15253e1&xptdk=e2b9c880-5833-4cd1-b0d8-55bfc15253e1
https://down-id.img.susercontent.com/file/sg-11134201-7renm-m8ira95lyilef6,https://down-id.img.susercontent.com/file/id-11134258-8224v-mkvw0cu9r7k1a5,ADVAN TBook Intel Celeron N100 4 Core RAM16GB SSD1TB 14'' Hd Windows 11,,Rp,2.499.000,,,,https://deo.shopeemobile.com/shopee/modules-federation/live/0/shopee__item-card-standard-v2/0.2.8/pc/76dff349290d20891fc1.svg,,,https://deo.shopeemobile.com/shopee/modules-federation/live/0/shopee__item-card-standard-v2/0.2.8/pc/5dd7b4560d0e2d3190e8.svg,Malang,,,1 Terjual,"ADVAN TBook Intel Celeron N100 4 Core RAM16GB SSD1TB 14'' Hd Windows 11
Rp
2.499.000
1 Terjual
2-3 Hari
Malang",https://shopee.co.id/ADVAN-TBook-Intel-Celeron-N100-4-Core-RAM16GB-SSD1TB-14''-Hd-Windows-11-i.141725604.26533209404?extraParams=%7B%22display_model_id%22%3A253164891588%2C%22model_selection_logic%22%3A3%7D&sp_atk=ef518c0b-39f2-44af-a626-1282ee8b1eed&xptdk=ef518c0b-39f2-44af-a626-1282ee8b1eed
https://down-id.img.susercontent.com/file/id-11134207-81ztn-mfaxrno74b2kb7,https://down-id.img.susercontent.com/file/id-11134258-8224q-mkvvibsp8oowa6,Advan SOULMATE X AMD 3020e 8GB 384GB IPS FHD,https://deo.shopeemobile.com/shopee/modules-federation/live/0/shopee__item-card-standard-v2/0.2.8/pc/e4734dab67ee2f9ebd5a.png,Rp,3.499.000,-56%,,5.0,https://deo.shopeemobile.com/shopee/modules-federation/live/0/shopee__item-card-standard-v2/0.2.8/pc/38e203dc86172a6c6560.svg,https://deo.shopeemobile.com/shopee/modules-federation/live/0/shopee__item-card-standard-v2/0.2.8/pc/0614b8f0a8fdde22942d.svg,< 2 Hari,https://deo.shopeemobile.com/shopee/modules-federation/live/0/shopee__item-card-standard-v2/0.2.8/pc/5dd7b4560d0e2d3190e8.svg,Semarang,Pilih Lokal,https://deo.shopeemobile.com/shopee/modules-federation/live/0/shopee__item-card-standard-v2/0.2.8/pc/d7099d3fd1dfdaf705ab.svg,52 Terjual,"Advan SOULMATE X AMD 3020e 8GB 384GB IPS FHD
Rp
3.499.000
-56%
Pilih Lokal
5.0
52 Terjual
< 2 Hari
Semarang",https://shopee.co.id/Advan-SOULMATE-X-AMD-3020e-8GB-384GB-IPS-FHD-i.1084083096.40072600791?extraParams=%7B%22display_model_id%22%3A287343507721%2C%22model_selection_logic%22%3A3%7D&sp_atk=33c285b2-6b48-403e-ba69-3d273caa6f69&xptdk=33c285b2-6b48-403e-ba69-3d273caa6f69
https://down-id.img.susercontent.com/file/id-11134207-8224u-mhbvhh4pohlaae,https://down-id.img.susercontent.com/file/id-11134258-8224v-mkvw0cu9r7k1a5,Advan Workmate Ryzen 5 256GB SSD 8GB RAM Laptop,https://deo.shopeemobile.com/shopee/modules-federation/live/0/shopee__item-card-standard-v2/0.2.8/pc/e4734dab67ee2f9ebd5a.png,Rp,6.399.000,,,5.0,https://deo.shopeemobile.com/shopee/modules-federation/live/0/shopee__item-card-standard-v2/0.2.8/pc/76dff349290d20891fc1.svg,,,https://deo.shopeemobile.com/shopee/modules-federation/live/0/shopee__item-card-standard-v2/0.2.8/pc/5dd7b4560d0e2d3190e8.svg,Malang,,https://deo.shopeemobile.com/shopee/modules-federation/live/0/shopee__item-card-standard-v2/0.2.8/pc/d7099d3fd1dfdaf705ab.svg,5 Terjual,"Advan Workmate Ryzen 5 256GB SSD 8GB RAM Laptop
Rp
6.399.000
5.0
5 Terjual
2-3 Hari
Malang",https://shopee.co.id/Advan-Workmate-Ryzen-5-256GB-SSD-8GB-RAM-Laptop-i.135935289.28740465138?extraParams=%7B%22display_model_id%22%3A139430867464%2C%22model_selection_logic%22%3A3%7D&sp_atk=d288b3d2-1145-462e-9084-5069e17aeb00&xptdk=d288b3d2-1145-462e-9084-5069e17aeb00
https://down-id.img.susercontent.com/file/id-11134207-8224q-mkbtcj1c9clc80,https://down-id.img.susercontent.com/file/id-11134258-8224v-mkvw0cu9r7k1a5,ADVAN LAPTOP WORKMATE ULTRA | INTEL ULTRA 5 115U WITH AI BOOST | 14 INCH FHD+ 16:10 IPS | 8GB+256GB | FREE WINDOWS 11 | Garansi Resmi 2 Tahun,https://deo.shopeemobile.com/shopee/modules-federation/live/0/shopee__item-card-standard-v2/0.2.8/pc/7c9110f78e069acbced7.png,Rp,8.199.000,-54%,,4.7,https://deo.shopeemobile.com/shopee/modules-federation/live/0/shopee__item-card-standard-v2/0.2.8/pc/76dff349290d20891fc1.svg,,,https://deo.shopeemobile.com/shopee/modules-federation/live/0/shopee__item-card-standard-v2/0.2.8/pc/5dd7b4560d0e2d3190e8.svg,Semarang,,https://deo.shopeemobile.com/shopee/modules-federation/live/0/shopee__item-card-standard-v2/0.2.8/pc/d7099d3fd1dfdaf705ab.svg,8 Terjual,"ADVAN LAPTOP WORKMATE ULTRA | INTEL ULTRA 5 115U WITH AI BOOST | 14 INCH FHD+ 16:10 IPS | 8GB+256GB | FREE WINDOWS 11 | Garansi Resmi 2 Tahun
Rp
8.199.000
-54%
4.7
8 Terjual
3-4 Hari
Semarang",https://shopee.co.id/ADVAN-LAPTOP-WORKMATE-ULTRA-INTEL-ULTRA-5-115U-WITH-AI-BOOST-14-INCH-FHD-16-10-IPS-8GB-256GB-FREE-WINDOWS-11-Garansi-Resmi-2-Tahun-i.919692407.55405764881?extraParams=%7B%22display_model_id%22%3A287385552707%2C%22model_selection_logic%22%3A3%7D&sp_atk=61574155-f36a-4485-b892-67c4e06d7fc2&xptdk=61574155-f36a-4485-b892-67c4e06d7fc2
https://down-id.img.susercontent.com/file/id-11134207-7ra0q-mblwbevk9rk644,https://down-id.img.susercontent.com/file/id-11134258-8224v-mkvw0cu9r7k1a5,LAPTOP ADVAN WORKMATE - AMD RYZEN 5 3500U RAM 8GB 256GB W11 14.0WUXGA IPS,https://deo.shopeemobile.com/shopee/modules-federation/live/0/shopee__item-card-standard-v2/0.2.8/pc/7c9110f78e069acbced7.png,Rp,5.682.000,-27%,https://deo.shopeemobile.com/shopee/modules-federation/live/0/shopee__item-card-standard-v2/0.2.8/pc/b4d1b8a78b3621dbdf4a.svg,4.9,https://deo.shopeemobile.com/shopee/modules-federation/live/0/shopee__item-card-standard-v2/0.2.8/pc/38e203dc86172a6c6560.svg,https://deo.shopeemobile.com/shopee/modules-federation/live/0/shopee__item-card-standard-v2/0.2.8/pc/0614b8f0a8fdde22942d.svg,< 2 Hari,https://deo.shopeemobile.com/shopee/modules-federation/live/0/shopee__item-card-standard-v2/0.2.8/pc/5dd7b4560d0e2d3190e8.svg,Jakarta Utara,Cicilan,https://deo.shopeemobile.com/shopee/modules-federation/live/0/shopee__item-card-standard-v2/0.2.8/pc/d7099d3fd1dfdaf705ab.svg,190 Terjual,"LAPTOP ADVAN WORKMATE - AMD RYZEN 5 3500U RAM 8GB 256GB W11 14.0WUXGA IPS
Rp
5.682.000
-27%
Cicilan
4.9
190 Terjual
< 2 Hari
Jakarta Utara",https://shopee.co.id/LAPTOP-ADVAN-WORKMATE-AMD-RYZEN-5-3500U-RAM-8GB-256GB-W11-14.0WUXGA-IPS-i.78730497.12048243571?extraParams=%7B%22display_model_id%22%3A295562237531%2C%22model_selection_logic%22%3A3%7D&sp_atk=af68f4f4-8eda-4c2e-a423-15952a6c0742&xptdk=af68f4f4-8eda-4c2e-a423-15952a6c0742
https://down-id.img.susercontent.com/file/id-11134207-822wg-mmfhqyekrw8x09,https://down-id.img.susercontent.com/file/id-11134258-8224v-mkvw0cu9r7k1a5,Laptop Advan Soulmate X2 AMD 8GB 128GB Win11,https://deo.shopeemobile.com/shopee/modules-federation/live/0/shopee__item-card-standard-v2/0.2.8/pc/e4734dab67ee2f9ebd5a.png,Rp,3.754.000,-25%,,5.0,https://deo.shopeemobile.com/shopee/modules-federation/live/0/shopee__item-card-standard-v2/0.2.8/pc/38e203dc86172a6c6560.svg,https://deo.shopeemobile.com/shopee/modules-federation/live/0/shopee__item-card-standard-v2/0.2.8/pc/0614b8f0a8fdde22942d.svg,< 2 Hari,https://deo.shopeemobile.com/shopee/modules-federation/live/0/shopee__item-card-standard-v2/0.2.8/pc/5dd7b4560d0e2d3190e8.svg,Jakarta Pusat,,https://deo.shopeemobile.com/shopee/modules-federation/live/0/shopee__item-card-standard-v2/0.2.8/pc/d7099d3fd1dfdaf705ab.svg,362 Terjual,"Laptop Advan Soulmate X2 AMD 8GB 128GB Win11
Rp
3.754.000
-25%
5.0
362 Terjual
< 2 Hari
Jakarta Pusat",https://shopee.co.id/Laptop-Advan-Soulmate-X2-AMD-8GB-128GB-Win11-i.148846460.55456112355?extraParams=%7B%22display_model_id%22%3A320705301800%2C%22model_selection_logic%22%3A3%7D&sp_atk=6b1f8235-ff73-47a9-877a-e139308af7f0&xptdk=6b1f8235-ff73-47a9-877a-e139308af7f0
https://down-id.img.susercontent.com/file/id-11134207-8224y-mi4uhryest1gc3,https://down-id.img.susercontent.com/file/id-11134258-822wr-mlx5y0tebegw04,Advan Workmate 14 I3 8GB 256GB IPS Windows 11,https://deo.shopeemobile.com/shopee/modules-federation/live/0/shopee__item-card-standard-v2/0.2.8/pc/e4734dab67ee2f9ebd5a.png,Rp,3.799.000,,,5.0,https://deo.shopeemobile.com/shopee/modules-federation/live/0/shopee__item-card-standard-v2/0.2.8/pc/76dff349290d20891fc1.svg,,,https://deo.shopeemobile.com/shopee/modules-federation/live/0/shopee__item-card-standard-v2/0.2.8/pc/5dd7b4560d0e2d3190e8.svg,Jakarta Selatan,Kombo Hemat,https://deo.shopeemobile.com/shopee/modules-federation/live/0/shopee__item-card-standard-v2/0.2.8/pc/d7099d3fd1dfdaf705ab.svg,11 Terjual,"Advan Workmate 14 I3 8GB 256GB IPS Windows 11
Rp
3.799.000
Kombo Hemat
5.0
11 Terjual
3-4 Hari
Jakarta Selatan",https://shopee.co.id/Advan-Workmate-14-I3-8GB-256GB-IPS-Windows-11-i.1552037264.42106063976?extraParams=%7B%22display_model_id%22%3A300507790660%2C%22model_selection_logic%22%3A3%7D&sp_atk=068fba1d-21c3-4ba5-a5eb-f040403213cc&xptdk=068fba1d-21c3-4ba5-a5eb-f040403213cc
https://down-id.img.susercontent.com/file/id-11134207-8224p-mfzdk9egzor097,https://down-id.img.susercontent.com/file/id-11134258-8224v-mkvw0cu9r7k1a5,"Advan Solmate X2 Ryzen 3020E 16GB 512GB SSD 14"" FHD IPS Win11",https://deo.shopeemobile.com/shopee/modules-federation/live/0/shopee__item-card-standard-v2/0.2.8/pc/e4734dab67ee2f9ebd5a.png,Rp,3.694.000,-1%,https://deo.shopeemobile.com/shopee/modules-federation/live/0/shopee__item-card-standard-v2/0.2.8/pc/b4d1b8a78b3621dbdf4a.svg,4.7,https://deo.shopeemobile.com/shopee/modules-federation/live/0/shopee__item-card-standard-v2/0.2.8/pc/38e203dc86172a6c6560.svg,https://deo.shopeemobile.com/shopee/modules-federation/live/0/shopee__item-card-standard-v2/0.2.8/pc/0614b8f0a8fdde22942d.svg,< 2 Hari,https://deo.shopeemobile.com/shopee/modules-federation/live/0/shopee__item-card-standard-v2/0.2.8/pc/5dd7b4560d0e2d3190e8.svg,Bekasi,,https://deo.shopeemobile.com/shopee/modules-federation/live/0/shopee__item-card-standard-v2/0.2.8/pc/d7099d3fd1dfdaf705ab.svg,10 Terjual,"Advan Solmate X2 Ryzen 3020E 16GB 512GB SSD 14"" FHD IPS Win11
Rp
3.694.000
-1%
4.7
10 Terjual
< 2 Hari
Bekasi",https://shopee.co.id/Advan-Solmate-X2-Ryzen-3020E-16GB-512GB-SSD-14-FHD-IPS-Win11-i.1563161820.25547531906?extraParams=%7B%22display_model_id%22%3A360706448675%2C%22model_selection_logic%22%3A3%7D&sp_atk=0efe905b-32fb-481c-b660-1af81fa917d0&xptdk=0efe905b-32fb-481c-b660-1af81fa917d0
https://down-id.img.susercontent.com/file/id-11134207-822wm-mnaw6qd9w5c34f,https://down-id.img.susercontent.com/file/id-11134258-8224v-mkvw0cu9r7k1a5,Laptop Advan WorkPlus Work Plus Heritage Ryzen 5 7535HS 16GB / 8GB RAM 512GB SSD 14 inch IPS Windows 11,https://deo.shopeemobile.com/shopee/modules-federation/live/0/shopee__item-card-standard-v2/0.2.8/pc/7c9110f78e069acbced7.png,Rp,7.689.000,,,4.8,https://deo.shopeemobile.com/shopee/modules-federation/live/0/shopee__item-card-standard-v2/0.2.8/pc/38e203dc86172a6c6560.svg,https://deo.shopeemobile.com/shopee/modules-federation/live/0/shopee__item-card-standard-v2/0.2.8/pc/0614b8f0a8fdde22942d.svg,Besok 11:00,https://deo.shopeemobile.com/shopee/modules-federation/live/0/shopee__item-card-standard-v2/0.2.8/pc/5dd7b4560d0e2d3190e8.svg,Surabaya,,https://deo.shopeemobile.com/shopee/modules-federation/live/0/shopee__item-card-standard-v2/0.2.8/pc/d7099d3fd1dfdaf705ab.svg,19 Terjual,"Laptop Advan WorkPlus Work Plus Heritage Ryzen 5 7535HS 16GB / 8GB RAM 512GB SSD 14 inch IPS Windows 11
Rp
7.689.000
4.8
19 Terjual
Besok 11:00
Surabaya",https://shopee.co.id/Laptop-Advan-WorkPlus-Work-Plus-Heritage-Ryzen-5-7535HS-16GB-8GB-RAM-512GB-SSD-14-inch-IPS-Windows-11-i.26681244.42852283308?extraParams=%7B%22display_model_id%22%3A285187716577%2C%22model_selection_logic%22%3A3%7D&sp_atk=6670a236-a475-4fb6-960c-19f9fe7496c4&xptdk=6670a236-a475-4fb6-960c-19f9fe7496c4
https://down-id.img.susercontent.com/file/id-11134207-822wl-mmae61fmqpzcb3,https://down-id.img.susercontent.com/file/id-11134258-8224v-mkvw0cu9r7k1a5,"Advan Soulmate X AMD 3020E 8GB 128GB 14"" FHD W11",https://deo.shopeemobile.com/shopee/modules-federation/live/0/shopee__item-card-standard-v2/0.2.8/pc/7c9110f78e069acbced7.png,Rp,4.399.000,,,5.0,https://deo.shopeemobile.com/shopee/modules-federation/live/0/shopee__item-card-standard-v2/0.2.8/pc/38e203dc86172a6c6560.svg,https://deo.shopeemobile.com/shopee/modules-federation/live/0/shopee__item-card-standard-v2/0.2.8/pc/0614b8f0a8fdde22942d.svg,Besok 12:00,https://deo.shopeemobile.com/shopee/modules-federation/live/0/shopee__item-card-standard-v2/0.2.8/pc/5dd7b4560d0e2d3190e8.svg,Surabaya,,https://deo.shopeemobile.com/shopee/modules-federation/live/0/shopee__item-card-standard-v2/0.2.8/pc/d7099d3fd1dfdaf705ab.svg,4 Terjual,"Advan Soulmate X AMD 3020E 8GB 128GB 14"" FHD W11
Rp
4.399.000
5.0
4 Terjual
Besok 12:00
Surabaya",https://shopee.co.id/Advan-Soulmate-X-AMD-3020E-8GB-128GB-14-FHD-W11-i.186184847.42571527178?extraParams=%7B%22display_model_id%22%3A400553388394%2C%22model_selection_logic%22%3A3%7D&sp_atk=6666ffac-c145-4c0d-b4a3-a233731e89c4&xptdk=6666ffac-c145-4c0d-b4a3-a233731e89c4
https://down-id.img.susercontent.com/file/id-11134207-7ra0l-mdof6qx9js7jd6,https://down-id.img.susercontent.com/file/id-11134258-822wr-mlx67rtd6r602f,"ADVAN Soulmate T 1405 8GB 128GB 14"" HD Windows 11",https://deo.shopeemobile.com/shopee/modules-federation/live/0/shopee__item-card-standard-v2/0.2.8/pc/e4734dab67ee2f9ebd5a.png,Rp,3.399.000,,,5.0,https://deo.shopeemobile.com/shopee/modules-federation/live/0/shopee__item-card-standard-v2/0.2.8/pc/76dff349290d20891fc1.svg,,,https://deo.shopeemobile.com/shopee/modules-federation/live/0/shopee__item-card-standard-v2/0.2.8/pc/5dd7b4560d0e2d3190e8.svg,Balikpapan,Pilih Lokal,https://deo.shopeemobile.com/shopee/modules-federation/live/0/shopee__item-card-standard-v2/0.2.8/pc/d7099d3fd1dfdaf705ab.svg,46 Terjual,"ADVAN Soulmate T 1405 8GB 128GB 14"" HD Windows 11
Rp
3.399.000
Pilih Lokal
5.0
46 Terjual
2-4 Hari
Balikpapan",https://shopee.co.id/ADVAN-Soulmate-T-1405-8GB-128GB-14-HD-Windows-11-i.27051321.25671925063?extraParams=%7B%22display_model_id%22%3A286181277582%2C%22model_selection_logic%22%3A3%7D&sp_atk=f6bdd16f-fe21-4d13-b700-aedb94df03f4&xptdk=f6bdd16f-fe21-4d13-b700-aedb94df03f4
https://down-id.img.susercontent.com/file/id-11134207-82251-mkfbsipvg07b55,https://down-id.img.susercontent.com/file/id-11134258-8224v-mkvw0cu9r7k1a5,Advan 2in1 360 Laptop i3 32GB 1TB SSD Windows 11,https://deo.shopeemobile.com/shopee/modules-federation/live/0/shopee__item-card-standard-v2/0.2.8/pc/7c9110f78e069acbced7.png,Rp,7.099.000,,,5.0,https://deo.shopeemobile.com/shopee/modules-federation/live/0/shopee__item-card-standard-v2/0.2.8/pc/38e203dc86172a6c6560.svg,https://deo.shopeemobile.com/shopee/modules-federation/live/0/shopee__item-card-standard-v2/0.2.8/pc/0614b8f0a8fdde22942d.svg,< 2 Hari,https://deo.shopeemobile.com/shopee/modules-federation/live/0/shopee__item-card-standard-v2/0.2.8/pc/5dd7b4560d0e2d3190e8.svg,Jakarta Pusat,,https://deo.shopeemobile.com/shopee/modules-federation/live/0/shopee__item-card-standard-v2/0.2.8/pc/d7099d3fd1dfdaf705ab.svg,33 Terjual,"Advan 2in1 360 Laptop i3 32GB 1TB SSD Windows 11
Rp
7.099.000
5.0
33 Terjual
< 2 Hari
Jakarta Pusat",https://shopee.co.id/Advan-2in1-360-Laptop-i3-32GB-1TB-SSD-Windows-11-i.32829345.28426716601?extraParams=%7B%22display_model_id%22%3A340537906029%2C%22model_selection_logic%22%3A3%7D&sp_atk=7b60ebf7-623c-4ba0-8bd5-39726606891e&xptdk=7b60ebf7-623c-4ba0-8bd5-39726606891e
https://down-id.img.susercontent.com/file/id-11134207-8224q-mibr1uqqnoxwd1,https://down-id.img.susercontent.com/file/id-11134258-822wr-mlx5y0tebegw04,Advan Workmate R5 14 Ryzen 5 16GB 512GB SSD Win11,https://deo.shopeemobile.com/shopee/modules-federation/live/0/shopee__item-card-standard-v2/0.2.8/pc/e4734dab67ee2f9ebd5a.png,Rp,3.698.000,-1%,https://deo.shopeemobile.com/shopee/modules-federation/live/0/shopee__item-card-standard-v2/0.2.8/pc/b4d1b8a78b3621dbdf4a.svg,5.0,https://deo.shopeemobile.com/shopee/modules-federation/live/0/shopee__item-card-standard-v2/0.2.8/pc/38e203dc86172a6c6560.svg,https://deo.shopeemobile.com/shopee/modules-federation/live/0/shopee__item-card-standard-v2/0.2.8/pc/0614b8f0a8fdde22942d.svg,< 2 Hari,https://deo.shopeemobile.com/shopee/modules-federation/live/0/shopee__item-card-standard-v2/0.2.8/pc/5dd7b4560d0e2d3190e8.svg,Tangerang Selatan,,https://deo.shopeemobile.com/shopee/modules-federation/live/0/shopee__item-card-standard-v2/0.2.8/pc/d7099d3fd1dfdaf705ab.svg,11 Terjual,"Advan Workmate R5 14 Ryzen 5 16GB 512GB SSD Win11
Rp
3.698.000
-1%
5.0
11 Terjual
< 2 Hari
Tangerang Selatan",https://shopee.co.id/Advan-Workmate-R5-14-Ryzen-5-16GB-512GB-SSD-Win11-i.251705568.44062074301?extraParams=%7B%22display_model_id%22%3A425695830757%2C%22model_selection_logic%22%3A3%7D&sp_atk=4354322e-a4f6-4c72-92eb-d09e194f7668&xptdk=4354322e-a4f6-4c72-92eb-d09e194f7668
https://down-id.img.susercontent.com/file/id-11134207-8224u-mhk1n2hlgxs50d,https://down-id.img.susercontent.com/file/id-11134258-8224v-mkvw0cu9r7k1a5,LAPTOP ADVAN WORKPLUS HERITAGE BATIK RYZEN 5 7535HS - 8GB 512GB 14.0WUXGA IPS,https://deo.shopeemobile.com/shopee/modules-federation/live/0/shopee__item-card-standard-v2/0.2.8/pc/7c9110f78e069acbced7.png,Rp,7.500.000,-44%,https://deo.shopeemobile.com/shopee/modules-federation/live/0/shopee__item-card-standard-v2/0.2.8/pc/b4d1b8a78b3621dbdf4a.svg,5.0,https://deo.shopeemobile.com/shopee/modules-federation/live/0/shopee__item-card-standard-v2/0.2.8/pc/38e203dc86172a6c6560.svg,https://deo.shopeemobile.com/shopee/modules-federation/live/0/shopee__item-card-standard-v2/0.2.8/pc/0614b8f0a8fdde22942d.svg,Besok,https://deo.shopeemobile.com/shopee/modules-federation/live/0/shopee__item-card-standard-v2/0.2.8/pc/5dd7b4560d0e2d3190e8.svg,Surabaya,,https://deo.shopeemobile.com/shopee/modules-federation/live/0/shopee__item-card-standard-v2/0.2.8/pc/d7099d3fd1dfdaf705ab.svg,5 Terjual,"LAPTOP ADVAN WORKPLUS HERITAGE BATIK RYZEN 5 7535HS - 8GB 512GB 14.0WUXGA IPS
Rp
7.500.000
-44%
5.0
5 Terjual
Besok
Surabaya",https://shopee.co.id/LAPTOP-ADVAN-WORKPLUS-HERITAGE-BATIK-RYZEN-5-7535HS-8GB-512GB-14.0WUXGA-IPS-i.1273997571.48802218160?extraParams=%7B%22display_model_id%22%3A292206224268%2C%22model_selection_logic%22%3A3%7D&sp_atk=1dad85cc-c820-4fdf-8982-593c3bf2deb0&xptdk=1dad85cc-c820-4fdf-8982-593c3bf2deb0
https://down-id.img.susercontent.com/file/id-11134207-7rbkb-m8gcm9qbslqj1a,https://down-id.img.susercontent.com/file/id-11134258-8224q-mkvvibsp8oowa6,ADVAN 360 Pro Stylus AMD Ryzen 5 7430U RAM32GB SSD1TB 14'' Touchscreen Fhd Ips Windows 11,https://deo.shopeemobile.com/shopee/modules-federation/live/0/shopee__item-card-standard-v2/0.2.8/pc/7c9110f78e069acbced7.png,Rp,7.199.000,,,4.9,https://deo.shopeemobile.com/shopee/modules-federation/live/0/shopee__item-card-standard-v2/0.2.8/pc/38e203dc86172a6c6560.svg,https://deo.shopeemobile.com/shopee/modules-federation/live/0/shopee__item-card-standard-v2/0.2.8/pc/0614b8f0a8fdde22942d.svg,< 2 Hari,https://deo.shopeemobile.com/shopee/modules-federation/live/0/shopee__item-card-standard-v2/0.2.8/pc/5dd7b4560d0e2d3190e8.svg,Jakarta Pusat,Pilih Lokal,https://deo.shopeemobile.com/shopee/modules-federation/live/0/shopee__item-card-standard-v2/0.2.8/pc/d7099d3fd1dfdaf705ab.svg,106 Terjual,"ADVAN 360 Pro Stylus AMD Ryzen 5 7430U RAM32GB SSD1TB 14'' Touchscreen Fhd Ips Windows 11
Rp
7.199.000
Pilih Lokal
4.9
106 Terjual
< 2 Hari
Jakarta Pusat",https://shopee.co.id/ADVAN-360-Pro-Stylus-AMD-Ryzen-5-7430U-RAM32GB-SSD1TB-14''-Touchscreen-Fhd-Ips-Windows-11-i.186855095.24785848369?extraParams=%7B%22display_model_id%22%3A158784914956%2C%22model_selection_logic%22%3A3%7D&sp_atk=a0e3c49a-6b77-4250-b2e9-05d885600479&xptdk=a0e3c49a-6b77-4250-b2e9-05d885600479
https://down-id.img.susercontent.com/file/sg-11134201-825b3-mg6csi3cln2nc8,https://down-id.img.susercontent.com/file/id-11134258-8224v-mkvw0cu9r7k1a5,LAPTOP ADVAN SOULMATE X2 AMD 3020 8GB 128GB 14.0 IPS,https://deo.shopeemobile.com/shopee/modules-federation/live/0/shopee__item-card-standard-v2/0.2.8/pc/a425c915798471b33e5d.png,Rp,3.729.000,-25%,,,https://deo.shopeemobile.com/shopee/modules-federation/live/0/shopee__item-card-standard-v2/0.2.8/pc/76dff349290d20891fc1.svg,,,https://deo.shopeemobile.com/shopee/modules-federation/live/0/shopee__item-card-standard-v2/0.2.8/pc/5dd7b4560d0e2d3190e8.svg,Madiun,,,3-4 Hari,"LAPTOP ADVAN SOULMATE X2 AMD 3020 8GB 128GB 14.0 IPS
Rp
3.729.000
-25%
3-4 Hari
Madiun",https://shopee.co.id/LAPTOP-ADVAN-SOULMATE-X2-AMD-3020-8GB-128GB-14.0-IPS-i.1070611737.48050032072?extraParams=%7B%22display_model_id%22%3A405318036701%2C%22model_selection_logic%22%3A3%7D&sp_atk=1fc293d2-7ada-4f90-8a2d-0a0165d0ef5f&xptdk=1fc293d2-7ada-4f90-8a2d-0a0165d0ef5f
https://down-id.img.susercontent.com/file/id-11134207-81zte-mfotg43dhrt478,https://down-id.img.susercontent.com/file/id-11134258-8224v-mkvw0cu9r7k1a5,LAPTOP ADVAN WORKMATE BLUE/ GREY INTEL CORE i3-1215U 8GB 256GB WIN 11 HOME TANPA OFFICE NO OFFICE,https://deo.shopeemobile.com/shopee/modules-federation/live/0/shopee__item-card-standard-v2/0.2.8/pc/7c9110f78e069acbced7.png,Rp,6.099.000,,,,https://deo.shopeemobile.com/shopee/modules-federation/live/0/shopee__item-card-standard-v2/0.2.8/pc/38e203dc86172a6c6560.svg,https://deo.shopeemobile.com/shopee/modules-federation/live/0/shopee__item-card-standard-v2/0.2.8/pc/0614b8f0a8fdde22942d.svg,Besok 11:00,https://deo.shopeemobile.com/shopee/modules-federation/live/0/shopee__item-card-standard-v2/0.2.8/pc/5dd7b4560d0e2d3190e8.svg,Surabaya,,https://deo.shopeemobile.com/shopee/modules-federation/live/0/shopee__item-card-standard-v2/0.2.8/pc/0614b8f0a8fdde22942d.svg,Besok 11:00,"LAPTOP ADVAN WORKMATE BLUE/ GREY INTEL CORE i3-1215U 8GB 256GB WIN 11 HOME TANPA OFFICE NO OFFICE
Rp
6.099.000
Besok 11:00
Surabaya",https://shopee.co.id/LAPTOP-ADVAN-WORKMATE-BLUE-GREY-INTEL-CORE-i3-1215U-8GB-256GB-WIN-11-HOME-TANPA-OFFICE-NO-OFFICE-i.272053442.41473533549?extraParams=%7B%22display_model_id%22%3A405479595622%2C%22model_selection_logic%22%3A3%7D&sp_atk=f923f7d9-cb2a-4761-b9f0-163aca9ab499&xptdk=f923f7d9-cb2a-4761-b9f0-163aca9ab499
https://down-id.img.susercontent.com/file/id-11134207-822wl-mn9lvnfwv0g533,https://down-id.img.susercontent.com/file/id-11134258-822wr-mlx5y0tebegw04,[BEST SELLER] Laptop ADVAN WorkMate | Soulmate AMD Ryzen 5 3500U 16GB 512GB 14 FHD+ IPS Windows 11,https://deo.shopeemobile.com/shopee/modules-federation/live/0/shopee__item-card-standard-v2/0.2.8/pc/a425c915798471b33e5d.png,Rp,3.699.000,,,5.0,https://deo.shopeemobile.com/shopee/modules-federation/live/0/shopee__item-card-standard-v2/0.2.8/pc/38e203dc86172a6c6560.svg,https://deo.shopeemobile.com/shopee/modules-federation/live/0/shopee__item-card-standard-v2/0.2.8/pc/0614b8f0a8fdde22942d.svg,< 2 Hari,https://deo.shopeemobile.com/shopee/modules-federation/live/0/shopee__item-card-standard-v2/0.2.8/pc/5dd7b4560d0e2d3190e8.svg,Jakarta Pusat,,https://deo.shopeemobile.com/shopee/modules-federation/live/0/shopee__item-card-standard-v2/0.2.8/pc/d7099d3fd1dfdaf705ab.svg,18 Terjual,"[BEST SELLER] Laptop ADVAN WorkMate | Soulmate AMD Ryzen 5 3500U 16GB 512GB 14 FHD+ IPS Windows 11
Rp
3.699.000
5.0
18 Terjual
< 2 Hari
Jakarta Pusat",https://shopee.co.id/-BEST-SELLER-Laptop-ADVAN-WorkMate-Soulmate-AMD-Ryzen-5-3500U-16GB-512GB-14-FHD-IPS-Windows-11-i.1669234316.49301305346?extraParams=%7B%22display_model_id%22%3A325810551546%2C%22model_selection_logic%22%3A3%7D&sp_atk=379d76a2-8746-4703-af6a-ace849467fac&xptdk=379d76a2-8746-4703-af6a-ace849467fac
https://down-id.img.susercontent.com/file/id-11134207-822wr-mmm0cywfclqce0,https://down-id.img.susercontent.com/file/id-11134258-8224v-mkvw0cu9r7k1a5,ADVAN Workpro Intel core i5 12450H RAM32GB SSD1TB 14'' Fhd Ips Windows 11,https://deo.shopeemobile.com/shopee/modules-federation/live/0/shopee__item-card-standard-v2/0.2.8/pc/7c9110f78e069acbced7.png,Rp,7.099.000,,,4.9,https://deo.shopeemobile.com/shopee/modules-federation/live/0/shopee__item-card-standard-v2/0.2.8/pc/38e203dc86172a6c6560.svg,https://deo.shopeemobile.com/shopee/modules-federation/live/0/shopee__item-card-standard-v2/0.2.8/pc/0614b8f0a8fdde22942d.svg,< 2 Hari,https://deo.shopeemobile.com/shopee/modules-federation/live/0/shopee__item-card-standard-v2/0.2.8/pc/5dd7b4560d0e2d3190e8.svg,Jakarta Pusat,,https://deo.shopeemobile.com/shopee/modules-federation/live/0/shopee__item-card-standard-v2/0.2.8/pc/d7099d3fd1dfdaf705ab.svg,69 Terjual,"ADVAN Workpro Intel core i5 12450H RAM32GB SSD1TB 14'' Fhd Ips Windows 11
Rp
7.099.000
4.9
69 Terjual
< 2 Hari
Jakarta Pusat",https://shopee.co.id/ADVAN-Workpro-Intel-core-i5-12450H-RAM32GB-SSD1TB-14''-Fhd-Ips-Windows-11-i.32829345.25388377541?extraParams=%7B%22display_model_id%22%3A158886560289%2C%22model_selection_logic%22%3A3%7D&sp_atk=35a77c94-d612-4021-b795-581bb2a1e059&xptdk=35a77c94-d612-4021-b795-581bb2a1e059
https://down-id.img.susercontent.com/file/id-11134207-822wg-mmjuaqday2o264,https://down-id.img.susercontent.com/file/id-11134258-8224v-mkvw0cu9r7k1a5,Advan Soulmate X1 AMD 3020e 8GB 512GB SSD FHD IPS,https://deo.shopeemobile.com/shopee/modules-federation/live/0/shopee__item-card-standard-v2/0.2.8/pc/e4734dab67ee2f9ebd5a.png,Rp,3.499.000,,,5.0,https://deo.shopeemobile.com/shopee/modules-federation/live/0/shopee__item-card-standard-v2/0.2.8/pc/38e203dc86172a6c6560.svg,https://deo.shopeemobile.com/shopee/modules-federation/live/0/shopee__item-card-standard-v2/0.2.8/pc/0614b8f0a8fdde22942d.svg,< 2 Hari,https://deo.shopeemobile.com/shopee/modules-federation/live/0/shopee__item-card-standard-v2/0.2.8/pc/5dd7b4560d0e2d3190e8.svg,Bandung,Hadiah Gratis,https://deo.shopeemobile.com/shopee/modules-federation/live/0/shopee__item-card-standard-v2/0.2.8/pc/d7099d3fd1dfdaf705ab.svg,2 Terjual,"Advan Soulmate X1 AMD 3020e 8GB 512GB SSD FHD IPS
Rp
3.499.000
Hadiah Gratis
5.0
2 Terjual
< 2 Hari
Bandung",https://shopee.co.id/Advan-Soulmate-X1-AMD-3020e-8GB-512GB-SSD-FHD-IPS-i.1622952886.44129702185?extraParams=%7B%22display_model_id%22%3A238265120867%2C%22model_selection_logic%22%3A3%7D&sp_atk=138ac1ab-4bbe-499b-a0ac-71f192de1a5a&xptdk=138ac1ab-4bbe-499b-a0ac-71f192de1a5a
https://down-id.img.susercontent.com/file/id-11134207-8224s-mhadzu7wgkjv7c,https://down-id.img.susercontent.com/file/id-11134258-8224v-mkvw0cu9r7k1a5,"Advan Soulmate X2 AMD 8GB 128GB SSD 14"" FHD",https://deo.shopeemobile.com/shopee/modules-federation/live/0/shopee__item-card-standard-v2/0.2.8/pc/e4734dab67ee2f9ebd5a.png,Rp,3.789.000,,,5.0,https://deo.shopeemobile.com/shopee/modules-federation/live/0/shopee__item-card-standard-v2/0.2.8/pc/38e203dc86172a6c6560.svg,https://deo.shopeemobile.com/shopee/modules-federation/live/0/shopee__item-card-standard-v2/0.2.8/pc/0614b8f0a8fdde22942d.svg,Besok 11:00,https://deo.shopeemobile.com/shopee/modules-federation/live/0/shopee__item-card-standard-v2/0.2.8/pc/5dd7b4560d0e2d3190e8.svg,Surabaya,,https://deo.shopeemobile.com/shopee/modules-federation/live/0/shopee__item-card-standard-v2/0.2.8/pc/d7099d3fd1dfdaf705ab.svg,2 Terjual,"Advan Soulmate X2 AMD 8GB 128GB SSD 14"" FHD
Rp
3.789.000
5.0
2 Terjual
Besok 11:00
Surabaya",https://shopee.co.id/Advan-Soulmate-X2-AMD-8GB-128GB-SSD-14-FHD-i.96950295.45601831039?extraParams=%7B%22display_model_id%22%3A320407406445%2C%22model_selection_logic%22%3A3%7D&sp_atk=32065ffc-a9fb-4be9-ae47-cefd4ed23b19&xptdk=32065ffc-a9fb-4be9-ae47-cefd4ed23b19
https://down-id.img.susercontent.com/file/id-11134207-81ztl-mei02m1zrcp1f0,https://down-id.img.susercontent.com/file/id-11134258-8224v-mkvw0cu9r7k1a5,"Advan Workmate i3 14"" FHD+ IPS 8GB 256GB Win11",,Rp,5.900.000,,,5.0,https://deo.shopeemobile.com/shopee/modules-federation/live/0/shopee__item-card-standard-v2/0.2.8/pc/76dff349290d20891fc1.svg,,,https://deo.shopeemobile.com/shopee/modules-federation/live/0/shopee__item-card-standard-v2/0.2.8/pc/5dd7b4560d0e2d3190e8.svg,Kab. Jember,,https://deo.shopeemobile.com/shopee/modules-federation/live/0/shopee__item-card-standard-v2/0.2.8/pc/d7099d3fd1dfdaf705ab.svg,1 Terjual,"Advan Workmate i3 14"" FHD+ IPS 8GB 256GB Win11
Rp
5.900.000
5.0
1 Terjual
2-3 Hari
Kab. Jember",https://shopee.co.id/Advan-Workmate-i3-14-FHD-IPS-8GB-256GB-Win11-i.758566046.28591391174?extraParams=%7B%22display_model_id%22%3A261516415757%2C%22model_selection_logic%22%3A3%7D&sp_atk=acd772e4-fa2a-441c-804f-e870055cfc70&xptdk=acd772e4-fa2a-441c-804f-e870055cfc70
https://down-id.img.susercontent.com/file/id-11134207-822wu-mn60fodhkqh221,https://down-id.img.susercontent.com/file/id-11134258-822wr-mlx5y0tebegw04,"Laptop Advan Soulmate X Amd 3020E Ram 8GB SSD 512GB 14"" FHD IPS Windows 11 Home",,Rp,3.699.000,,,,https://deo.shopeemobile.com/shopee/modules-federation/live/0/shopee__item-card-standard-v2/0.2.8/pc/38e203dc86172a6c6560.svg,https://deo.shopeemobile.com/shopee/modules-federation/live/0/shopee__item-card-standard-v2/0.2.8/pc/0614b8f0a8fdde22942d.svg,< 2 Hari,https://deo.shopeemobile.com/shopee/modules-federation/live/0/shopee__item-card-standard-v2/0.2.8/pc/5dd7b4560d0e2d3190e8.svg,Bandung,Hadiah Gratis,https://deo.shopeemobile.com/shopee/modules-federation/live/0/shopee__item-card-standard-v2/0.2.8/pc/0614b8f0a8fdde22942d.svg,< 2 Hari,"Laptop Advan Soulmate X Amd 3020E Ram 8GB SSD 512GB 14"" FHD IPS Windows 11 Home
Rp
3.699.000
Hadiah Gratis
< 2 Hari
Bandung",https://shopee.co.id/Laptop-Advan-Soulmate-X-Amd-3020E-Ram-8GB-SSD-512GB-14-FHD-IPS-Windows-11-Home-i.1803740298.57809026674?extraParams=%7B%22display_model_id%22%3A340799929646%2C%22model_selection_logic%22%3A3%7D&sp_atk=f4797d25-a37f-4939-9c64-721cb5ea5ed7&xptdk=f4797d25-a37f-4939-9c64-721cb5ea5ed7
https://down-id.img.susercontent.com/file/id-11134207-81ztm-mek115sl39jb8b,https://down-id.img.susercontent.com/file/id-11134258-8224q-mkvvibsp8oowa6,Advan T-Book 14 Intel N100 8GB 384GB SSD Win11,https://deo.shopeemobile.com/shopee/modules-federation/live/0/shopee__item-card-standard-v2/0.2.8/pc/e4734dab67ee2f9ebd5a.png,Rp,4.298.000,-1%,https://deo.shopeemobile.com/shopee/modules-federation/live/0/shopee__item-card-standard-v2/0.2.8/pc/b4d1b8a78b3621dbdf4a.svg,5.0,https://deo.shopeemobile.com/shopee/modules-federation/live/0/shopee__item-card-standard-v2/0.2.8/pc/38e203dc86172a6c6560.svg,https://deo.shopeemobile.com/shopee/modules-federation/live/0/shopee__item-card-standard-v2/0.2.8/pc/0614b8f0a8fdde22942d.svg,< 2 Hari,https://deo.shopeemobile.com/shopee/modules-federation/live/0/shopee__item-card-standard-v2/0.2.8/pc/5dd7b4560d0e2d3190e8.svg,Tangerang Selatan,Pilih Lokal,https://deo.shopeemobile.com/shopee/modules-federation/live/0/shopee__item-card-standard-v2/0.2.8/pc/d7099d3fd1dfdaf705ab.svg,18 Terjual,"Advan T-Book 14 Intel N100 8GB 384GB SSD Win11
Rp
4.298.000
-1%
Pilih Lokal
Hadiah Gratis
5.0
18 Terjual
< 2 Hari
Tangerang Selatan",https://shopee.co.id/Advan-T-Book-14-Intel-N100-8GB-384GB-SSD-Win11-i.1407296337.41202136693?extraParams=%7B%22display_model_id%22%3A275710157120%2C%22model_selection_logic%22%3A3%7D&sp_atk=f08ba513-5583-4a46-bf8e-e474a3f6f08d&xptdk=f08ba513-5583-4a46-bf8e-e474a3f6f08d
https://down-id.img.susercontent.com/file/id-11134207-82252-mi1e9xloo4cgf6,https://down-id.img.susercontent.com/file/id-11134258-8224v-mkvw0cu9r7k1a5,"LAPTOP BARU - ADVAN SOULMATE 14 - INTEL CELERON N4020, RAM 8 GB, SSD 128 GB, 14 INCH, GARANSI RESMI ADVAN 1 TAHUN",,Rp,3.950.000,,,,https://deo.shopeemobile.com/shopee/modules-federation/live/0/shopee__item-card-standard-v2/0.2.8/pc/38e203dc86172a6c6560.svg,https://deo.shopeemobile.com/shopee/modules-federation/live/0/shopee__item-card-standard-v2/0.2.8/pc/0614b8f0a8fdde22942d.svg,< 2 Hari,https://deo.shopeemobile.com/shopee/modules-federation/live/0/shopee__item-card-standard-v2/0.2.8/pc/5dd7b4560d0e2d3190e8.svg,Makassar,,https://deo.shopeemobile.com/shopee/modules-federation/live/0/shopee__item-card-standard-v2/0.2.8/pc/0614b8f0a8fdde22942d.svg,< 2 Hari,"LAPTOP BARU - ADVAN SOULMATE 14 - INTEL CELERON N4020, RAM 8 GB, SSD 128 GB, 14 INCH, GARANSI RESMI ADVAN 1 TAHUN
Rp
3.950.000
< 2 Hari
Makassar",https://shopee.co.id/LAPTOP-BARU-ADVAN-SOULMATE-14-INTEL-CELERON-N4020-RAM-8-GB-SSD-128-GB-14-INCH-GARANSI-RESMI-ADVAN-1-TAHUN-i.11267362.53602813537?extraParams=%7B%22display_model_id%22%3A277240189209%2C%22model_selection_logic%22%3A3%7D&sp_atk=61a5cbc8-d098-455d-92ac-9df8ae009cab&xptdk=61a5cbc8-d098-455d-92ac-9df8ae009cab
https://down-id.img.susercontent.com/file/id-11134207-8224s-mkj4ai1xwa2w41,https://down-id.img.susercontent.com/file/id-11134258-8224v-mkvw0cu9r7k1a5,Advan Soulmate X2 AMD 3020 RAM 8GB SSD 128GB W11 14.0 IPS WHT Garansi Resmi Advan Indonesia,https://deo.shopeemobile.com/shopee/modules-federation/live/0/shopee__item-card-standard-v2/0.2.8/pc/a425c915798471b33e5d.png,Rp,3.899.000,,,,https://deo.shopeemobile.com/shopee/modules-federation/live/0/shopee__item-card-standard-v2/0.2.8/pc/38e203dc86172a6c6560.svg,https://deo.shopeemobile.com/shopee/modules-federation/live/0/shopee__item-card-standard-v2/0.2.8/pc/0614b8f0a8fdde22942d.svg,Besok 12:00,https://deo.shopeemobile.com/shopee/modules-federation/live/0/shopee__item-card-standard-v2/0.2.8/pc/5dd7b4560d0e2d3190e8.svg,Surabaya,,https://deo.shopeemobile.com/shopee/modules-federation/live/0/shopee__item-card-standard-v2/0.2.8/pc/0614b8f0a8fdde22942d.svg,Besok 12:00,"Advan Soulmate X2 AMD 3020 RAM 8GB SSD 128GB W11 14.0 IPS WHT Garansi Resmi Advan Indonesia
Rp
3.899.000
Besok 12:00
Surabaya",https://shopee.co.id/Advan-Soulmate-X2-AMD-3020-RAM-8GB-SSD-128GB-W11-14.0-IPS-WHT-Garansi-Resmi-Advan-Indonesia-i.1699994016.57756036171?extraParams=%7B%22display_model_id%22%3A415549452978%2C%22model_selection_logic%22%3A3%7D&sp_atk=50e1bddc-a1b7-4718-9886-d4e06ea2254b&xptdk=50e1bddc-a1b7-4718-9886-d4e06ea2254b
https://down-id.img.susercontent.com/file/sg-11134201-8259l-mg7gliost1c83b,https://down-id.img.susercontent.com/file/id-11134258-8224v-mkvw0cu9r7k1a5,LAPTOP ADVAN SOULMATE X2 AMD 3020 8GB 128GB 14.0 IPS,https://deo.shopeemobile.com/shopee/modules-federation/live/0/shopee__item-card-standard-v2/0.2.8/pc/e4734dab67ee2f9ebd5a.png,Rp,3.729.000,-38%,,,https://deo.shopeemobile.com/shopee/modules-federation/live/0/shopee__item-card-standard-v2/0.2.8/pc/76dff349290d20891fc1.svg,,,https://deo.shopeemobile.com/shopee/modules-federation/live/0/shopee__item-card-standard-v2/0.2.8/pc/5dd7b4560d0e2d3190e8.svg,Madiun,,,5 Terjual,"LAPTOP ADVAN SOULMATE X2 AMD 3020 8GB 128GB 14.0 IPS
Rp
3.729.000
-38%
5 Terjual
2-4 Hari
Madiun",https://shopee.co.id/LAPTOP-ADVAN-SOULMATE-X2-AMD-3020-8GB-128GB-14.0-IPS-i.55231304.53650087453?extraParams=%7B%22display_model_id%22%3A320812437286%2C%22model_selection_logic%22%3A3%7D&sp_atk=047c37db-034b-49cd-a7fc-09cf35bc4a80&xptdk=047c37db-034b-49cd-a7fc-09cf35bc4a80
https://down-id.img.susercontent.com/file/id-11134207-8224z-mj550z7pkikif3,https://down-id.img.susercontent.com/file/id-11134258-822wr-mlx5y0tebegw04,Laptop Baru ADVAN WORKMATE 14 INTEL I3 1215U RAM 16GB SSD 256GB 14.0 WUXGA IPS WINDOWS 11HOME,https://deo.shopeemobile.com/shopee/modules-federation/live/0/shopee__item-card-standard-v2/0.2.8/pc/a425c915798471b33e5d.png,Rp,5.799.000,,,,https://deo.shopeemobile.com/shopee/modules-federation/live/0/shopee__item-card-standard-v2/0.2.8/pc/38e203dc86172a6c6560.svg,https://deo.shopeemobile.com/shopee/modules-federation/live/0/shopee__item-card-standard-v2/0.2.8/pc/0614b8f0a8fdde22942d.svg,< 2 Hari,https://deo.shopeemobile.com/shopee/modules-federation/live/0/shopee__item-card-standard-v2/0.2.8/pc/5dd7b4560d0e2d3190e8.svg,Bandung,Produk Baru,https://deo.shopeemobile.com/shopee/modules-federation/live/0/shopee__item-card-standard-v2/0.2.8/pc/0614b8f0a8fdde22942d.svg,< 2 Hari,"Laptop Baru ADVAN WORKMATE 14 INTEL I3 1215U RAM 16GB SSD 256GB 14.0 WUXGA IPS WINDOWS 11HOME
Rp
5.799.000
Produk Baru
Hadiah Gratis
< 2 Hari
Bandung",https://shopee.co.id/Laptop-Baru-ADVAN-WORKMATE-14-INTEL-I3-1215U-RAM-16GB-SSD-256GB-14.0-WUXGA-IPS-WINDOWS-11HOME-i.1319460264.49204102515?extraParams=%7B%22display_model_id%22%3A410388458724%2C%22model_selection_logic%22%3A3%7D&sp_atk=12c4b301-00fc-4b83-9fc8-f6834f8270e7&xptdk=12c4b301-00fc-4b83-9fc8-f6834f8270e7
https://down-id.img.susercontent.com/file/id-11134207-7ra0s-mdr6on0dofprf8,https://down-id.img.susercontent.com/file/id-11134258-8224v-mkvw0cu9r7k1a5,"Advan Workmate Ryzen 5 3500U 8GB 256GB 14"" FHD+ WIN11 AMD Radeon Graphic",https://deo.shopeemobile.com/shopee/modules-federation/live/0/shopee__item-card-standard-v2/0.2.8/pc/7c9110f78e069acbced7.png,Rp,5.682.000,,,5.0,https://deo.shopeemobile.com/shopee/modules-federation/live/0/shopee__item-card-standard-v2/0.2.8/pc/76dff349290d20891fc1.svg,,,https://deo.shopeemobile.com/shopee/modules-federation/live/0/shopee__item-card-standard-v2/0.2.8/pc/5dd7b4560d0e2d3190e8.svg,Bandung,,https://deo.shopeemobile.com/shopee/modules-federation/live/0/shopee__item-card-standard-v2/0.2.8/pc/d7099d3fd1dfdaf705ab.svg,96 Terjual,"Advan Workmate Ryzen 5 3500U 8GB 256GB 14"" FHD+ WIN11 AMD Radeon Graphic
Rp
5.682.000
5.0
96 Terjual
3-4 Hari
Bandung",https://shopee.co.id/Advan-Workmate-Ryzen-5-3500U-8GB-256GB-14-FHD-WIN11-AMD-Radeon-Graphic-i.11726160.29059198977?extraParams=%7B%22display_model_id%22%3A119547524532%2C%22model_selection_logic%22%3A3%7D&sp_atk=e1e930f0-c727-4834-8c9c-5058a62f538b&xptdk=e1e930f0-c727-4834-8c9c-5058a62f538b
https://down-id.img.susercontent.com/file/sg-11134201-82628-ml330wqgpq1375,https://down-id.img.susercontent.com/file/id-11134258-8224v-mkvw0cu9r7k1a5,ADVAN WORKMATE 1405 L25C-I3AD1 - i3 1215U 8GB 256GB W11 14.0 WUXGA IPS 1YEAR,https://deo.shopeemobile.com/shopee/modules-federation/live/0/shopee__item-card-standard-v2/0.2.8/pc/e4734dab67ee2f9ebd5a.png,Rp,5.903.237,,,5.0,https://deo.shopeemobile.com/shopee/modules-federation/live/0/shopee__item-card-standard-v2/0.2.8/pc/38e203dc86172a6c6560.svg,https://deo.shopeemobile.com/shopee/modules-federation/live/0/shopee__item-card-standard-v2/0.2.8/pc/0614b8f0a8fdde22942d.svg,< 2 Hari,https://deo.shopeemobile.com/shopee/modules-federation/live/0/shopee__item-card-standard-v2/0.2.8/pc/5dd7b4560d0e2d3190e8.svg,Banjarbaru,,https://deo.shopeemobile.com/shopee/modules-federation/live/0/shopee__item-card-standard-v2/0.2.8/pc/d7099d3fd1dfdaf705ab.svg,3 Terjual,"ADVAN WORKMATE 1405 L25C-I3AD1 - i3 1215U 8GB 256GB W11 14.0 WUXGA IPS 1YEAR
Rp
5.903.237
5.0
3 Terjual
< 2 Hari
Banjarbaru",https://shopee.co.id/ADVAN-WORKMATE-1405-L25C-I3AD1-i3-1215U-8GB-256GB-W11-14.0-WUXGA-IPS-1YEAR-i.30103887.58106353326?extraParams=%7B%22display_model_id%22%3A445574701454%2C%22model_selection_logic%22%3A3%7D&sp_atk=6c69864d-a0bc-402d-9004-b324ffd18194&xptdk=6c69864d-a0bc-402d-9004-b324ffd18194
https://down-id.img.susercontent.com/file/id-11134207-822wi-mn7civhxp62sa5,https://down-id.img.susercontent.com/file/id-11134258-822wr-mlx5y0tebegw04,ADVAN TBOOK Intel N100 8GB/640GB SSD 14Inch W11 - Laptop Murah 3 Jutaan,https://deo.shopeemobile.com/shopee/modules-federation/live/0/shopee__item-card-standard-v2/0.2.8/pc/e4734dab67ee2f9ebd5a.png,Rp,3.698.000,-1%,https://deo.shopeemobile.com/shopee/modules-federation/live/0/shopee__item-card-standard-v2/0.2.8/pc/b4d1b8a78b3621dbdf4a.svg,5.0,https://deo.shopeemobile.com/shopee/modules-federation/live/0/shopee__item-card-standard-v2/0.2.8/pc/38e203dc86172a6c6560.svg,https://deo.shopeemobile.com/shopee/modules-federation/live/0/shopee__item-card-standard-v2/0.2.8/pc/0614b8f0a8fdde22942d.svg,< 2 Hari,https://deo.shopeemobile.com/shopee/modules-federation/live/0/shopee__item-card-standard-v2/0.2.8/pc/5dd7b4560d0e2d3190e8.svg,Kab. Tangerang,Hadiah Gratis,https://deo.shopeemobile.com/shopee/modules-federation/live/0/shopee__item-card-standard-v2/0.2.8/pc/d7099d3fd1dfdaf705ab.svg,64 Terjual,"ADVAN TBOOK Intel N100 8GB/640GB SSD 14Inch W11 - Laptop Murah 3 Jutaan
Rp
3.698.000
-1%
Hadiah Gratis
5.0
64 Terjual
< 2 Hari
Kab. Tangerang",https://shopee.co.id/ADVAN-TBOOK-Intel-N100-8GB-640GB-SSD-14Inch-W11-Laptop-Murah-3-Jutaan-i.1305769617.43002170497?extraParams=%7B%22display_model_id%22%3A335746522805%2C%22model_selection_logic%22%3A3%7D&sp_atk=94068a7a-3254-49fd-bb43-224ecf34fe86&xptdk=94068a7a-3254-49fd-bb43-224ecf34fe86
https://down-id.img.susercontent.com/file/id-11134207-82252-mgrgcsd4wx7122,https://down-id.img.susercontent.com/file/id-11134258-8224v-mkvw0cu9r7k1a5,Advan Soulmate X2 AMD Athlon 3020e 8GB 128GB SSD 14Inch FHD Windows 11,https://deo.shopeemobile.com/shopee/modules-federation/live/0/shopee__item-card-standard-v2/0.2.8/pc/a425c915798471b33e5d.png,Rp,4.119.000,,,,https://deo.shopeemobile.com/shopee/modules-federation/live/0/shopee__item-card-standard-v2/0.2.8/pc/76dff349290d20891fc1.svg,,,https://deo.shopeemobile.com/shopee/modules-federation/live/0/shopee__item-card-standard-v2/0.2.8/pc/5dd7b4560d0e2d3190e8.svg,Malang,,,1 Terjual,"Advan Soulmate X2 AMD Athlon 3020e 8GB 128GB SSD 14Inch FHD Windows 11
Rp
4.119.000
1 Terjual
1-3 Hari
Malang",https://shopee.co.id/Advan-Soulmate-X2-AMD-Athlon-3020e-8GB-128GB-SSD-14Inch-FHD-Windows-11-i.164898651.48900976798?extraParams=%7B%22display_model_id%22%3A435086282694%2C%22model_selection_logic%22%3A3%7D&sp_atk=ec325e2b-db89-469f-92b7-77ebb810087b&xptdk=ec325e2b-db89-469f-92b7-77ebb810087b
https://down-id.img.susercontent.com/file/id-11134207-822wt-mn72vtfml24m39,https://down-id.img.susercontent.com/file/id-11134258-8224v-mkvw0cu9r7k1a5,[BEST SELLER] ADVAN Laptop WorkMate | AMD Ryzen 5 3500U 16GB 1TB SSD 14 WUXGA Win 11Home ROSE GOLD,,Rp,5.798.000,-1%,https://deo.shopeemobile.com/shopee/modules-federation/live/0/shopee__item-card-standard-v2/0.2.8/pc/b4d1b8a78b3621dbdf4a.svg,5.0,https://deo.shopeemobile.com/shopee/modules-federation/live/0/shopee__item-card-standard-v2/0.2.8/pc/38e203dc86172a6c6560.svg,https://deo.shopeemobile.com/shopee/modules-federation/live/0/shopee__item-card-standard-v2/0.2.8/pc/0614b8f0a8fdde22942d.svg,< 2 Hari,https://deo.shopeemobile.com/shopee/modules-federation/live/0/shopee__item-card-standard-v2/0.2.8/pc/5dd7b4560d0e2d3190e8.svg,Bogor,,https://deo.shopeemobile.com/shopee/modules-federation/live/0/shopee__item-card-standard-v2/0.2.8/pc/d7099d3fd1dfdaf705ab.svg,5 Terjual,"[BEST SELLER] ADVAN Laptop WorkMate | AMD Ryzen 5 3500U 16GB 1TB SSD 14 WUXGA Win 11Home ROSE GOLD
Rp
5.798.000
-1%
5.0
5 Terjual
< 2 Hari
Bogor",https://shopee.co.id/-BEST-SELLER-ADVAN-Laptop-WorkMate-AMD-Ryzen-5-3500U-16GB-1TB-SSD-14-WUXGA-Win-11Home-ROSE-GOLD-i.1411036600.43211688447?extraParams=%7B%22display_model_id%22%3A277192716153%2C%22model_selection_logic%22%3A3%7D&sp_atk=1a4eb0c7-7fd2-497b-af80-7b1f1e60f33a&xptdk=1a4eb0c7-7fd2-497b-af80-7b1f1e60f33a
https://down-id.img.susercontent.com/file/id-11134207-7rasl-m5md5qsbli68a8,https://down-id.img.susercontent.com/file/id-11134258-8224q-mkvvibsp8oowa6,"[FREE STYLUS PEN +KEYBOARD] ADVAN Laptop 2 in 1 EVO-X 16” / 13"" Touchscreen Detachable 2.5K Display Intel i3-1215U/Intel N150/Intel N100 12GB/512GB Windows 11 - Garansi Resmi 1 Tahun",https://deo.shopeemobile.com/shopee/modules-federation/live/0/shopee__item-card-standard-v2/0.2.8/pc/7c9110f78e069acbced7.png,Rp,7.999.000,-47%,,4.8,https://deo.shopeemobile.com/shopee/modules-federation/live/0/shopee__item-card-standard-v2/0.2.8/pc/76dff349290d20891fc1.svg,,,https://deo.shopeemobile.com/shopee/modules-federation/live/0/shopee__item-card-standard-v2/0.2.8/pc/5dd7b4560d0e2d3190e8.svg,Kab. Tangerang,Pilih Lokal,https://deo.shopeemobile.com/shopee/modules-federation/live/0/shopee__item-card-standard-v2/0.2.8/pc/d7099d3fd1dfdaf705ab.svg,1RB+ Terjual,"[FREE STYLUS PEN +KEYBOARD] ADVAN Laptop 2 in 1 EVO-X 16” / 13"" Touchscreen Detachable 2.5K Display Intel i3-1215U/Intel N150/Intel N100 12GB/512GB Windows 11 - Garansi Resmi 1 Tahun
Rp
7.999.000
-47%
Pilih Lokal
4.8
1RB+ Terjual
3-5 Hari
Kab. Tangerang",https://shopee.co.id/-FREE-STYLUS-PEN-KEYBOARD-ADVAN-Laptop-2-in-1-EVO-X-16%E2%80%9D-13-Touchscreen-Detachable-2.5K-Display-Intel-i3-1215U-Intel-N150-Intel-N100-12GB-512GB-Windows-11-Garansi-Resmi-1-Tahun-i.919692407.27474419550?extraParams=%7B%22display_model_id%22%3A257687012369%2C%22model_selection_logic%22%3A3%7D&sp_atk=15e17f75-5897-4fde-94e9-1f395c87c8bb&xptdk=15e17f75-5897-4fde-94e9-1f395c87c8bb
https://down-id.img.susercontent.com/file/id-11134207-81ztc-mf59p2oz1qmkde,https://down-id.img.susercontent.com/file/id-11134258-822wk-mlx5wnmfz7k3dd,ADVAN WORKPLUS HERITAGE RYZEN 5 7535HS 8GB/16GB SSD 512GB 14 WUXGA W11,https://deo.shopeemobile.com/shopee/modules-federation/live/0/shopee__item-card-standard-v2/0.2.8/pc/e4734dab67ee2f9ebd5a.png,Rp,7.499.000,,,4.8,https://deo.shopeemobile.com/shopee/modules-federation/live/0/shopee__item-card-standard-v2/0.2.8/pc/76dff349290d20891fc1.svg,,,https://deo.shopeemobile.com/shopee/modules-federation/live/0/shopee__item-card-standard-v2/0.2.8/pc/5dd7b4560d0e2d3190e8.svg,Kab. Kediri,Pilih Lokal,https://deo.shopeemobile.com/shopee/modules-federation/live/0/shopee__item-card-standard-v2/0.2.8/pc/d7099d3fd1dfdaf705ab.svg,12 Terjual,"ADVAN WORKPLUS HERITAGE RYZEN 5 7535HS 8GB/16GB SSD 512GB 14 WUXGA W11
Rp
7.499.000
Pilih Lokal
4.8
12 Terjual
2-3 Hari
Kab. Kediri",https://shopee.co.id/ADVAN-WORKPLUS-HERITAGE-RYZEN-5-7535HS-8GB-16GB-SSD-512GB-14-WUXGA-W11-i.12084313.25261514819?extraParams=%7B%22display_model_id%22%3A206289842834%2C%22model_selection_logic%22%3A3%7D&sp_atk=466a83e3-63c8-4b80-bd1e-6921edb497db&xptdk=466a83e3-63c8-4b80-bd1e-6921edb497db
https://down-id.img.susercontent.com/file/id-11134207-822ws-mn5e9tiezymca2,https://down-id.img.susercontent.com/file/id-11134258-8224v-mkvw0cu9r7k1a5,ADVAN WORKPRO LITE I5 1235 8GB 256GB Windows11 14.0FHD IPS GRY,https://deo.shopeemobile.com/shopee/modules-federation/live/0/shopee__item-card-standard-v2/0.2.8/pc/7c9110f78e069acbced7.png,Rp,7.079.000,-1%,https://deo.shopeemobile.com/shopee/modules-federation/live/0/shopee__item-card-standard-v2/0.2.8/pc/b4d1b8a78b3621dbdf4a.svg,5.0,https://deo.shopeemobile.com/shopee/modules-federation/live/0/shopee__item-card-standard-v2/0.2.8/pc/38e203dc86172a6c6560.svg,https://deo.shopeemobile.com/shopee/modules-federation/live/0/shopee__item-card-standard-v2/0.2.8/pc/0614b8f0a8fdde22942d.svg,Besok,https://deo.shopeemobile.com/shopee/modules-federation/live/0/shopee__item-card-standard-v2/0.2.8/pc/5dd7b4560d0e2d3190e8.svg,Surabaya,,https://deo.shopeemobile.com/shopee/modules-federation/live/0/shopee__item-card-standard-v2/0.2.8/pc/d7099d3fd1dfdaf705ab.svg,15 Terjual,"ADVAN WORKPRO LITE I5 1235 8GB 256GB Windows11 14.0FHD IPS GRY
Rp
7.079.000
-1%
5.0
15 Terjual
Besok
Surabaya",https://shopee.co.id/ADVAN-WORKPRO-LITE-I5-1235-8GB-256GB-Windows11-14.0FHD-IPS-GRY-i.1471949508.25145396149?extraParams=%7B%22display_model_id%22%3A395692473964%2C%22model_selection_logic%22%3A3%7D&sp_atk=f1ac798f-60b0-4dc1-a4da-bf59b4b9587a&xptdk=f1ac798f-60b0-4dc1-a4da-bf59b4b9587a
https://down-id.img.susercontent.com/file/id-11134207-822ws-mlfsos9lvaire8,https://down-id.img.susercontent.com/file/id-11134258-8224v-mkvw0cu9r7k1a5,ADVAN PIXWAR T Touchscreen AMD RYZEN 7-6800H 15.6 INCH Windows 11 16GB RAM 512GB SSD GARANSI RESMI CYAN laptop gaming lokal gesit kuliah kerja editing desain rekomendasi,https://deo.shopeemobile.com/shopee/modules-federation/live/0/shopee__item-card-standard-v2/0.2.8/pc/7c9110f78e069acbced7.png,Rp,9.204.000,,,5.0,https://deo.shopeemobile.com/shopee/modules-federation/live/0/shopee__item-card-standard-v2/0.2.8/pc/38e203dc86172a6c6560.svg,https://deo.shopeemobile.com/shopee/modules-federation/live/0/shopee__item-card-standard-v2/0.2.8/pc/0614b8f0a8fdde22942d.svg,< 2 Hari,https://deo.shopeemobile.com/shopee/modules-federation/live/0/shopee__item-card-standard-v2/0.2.8/pc/5dd7b4560d0e2d3190e8.svg,Malang,,https://deo.shopeemobile.com/shopee/modules-federation/live/0/shopee__item-card-standard-v2/0.2.8/pc/d7099d3fd1dfdaf705ab.svg,4 Terjual,"ADVAN PIXWAR T Touchscreen AMD RYZEN 7-6800H 15.6 INCH Windows 11 16GB RAM 512GB SSD GARANSI RESMI CYAN laptop gaming lokal gesit kuliah kerja editing desain rekomendasi
Rp
9.204.000
5.0
4 Terjual
< 2 Hari
Malang",https://shopee.co.id/ADVAN-PIXWAR-T-Touchscreen-AMD-RYZEN-7-6800H-15.6-INCH-Windows-11-16GB-RAM-512GB-SSD-GARANSI-RESMI-CYAN-laptop-gaming-lokal-gesit-kuliah-kerja-editing-desain-rekomendasi-i.26681244.24892434075?extraParams=%7B%22display_model_id%22%3A242835560580%2C%22model_selection_logic%22%3A3%7D&sp_atk=2c5d563e-f235-4576-8814-ecb670c82d22&xptdk=2c5d563e-f235-4576-8814-ecb670c82d22