-image-yazkc-11,-image-yazkc-11_2,text-sm,text-xs/sp14,font-medium,img,text-xs/sp14_2,text-xs,pointer-events-none,align-middle,inline-block,text-shopee-primary,pointer-events-none_2,truncate,_container,_container_link
https://down-id.img.susercontent.com/file/id-11134207-81ztn-mexpkgiet2is9d,https://down-id.img.susercontent.com/file/id-11134258-8224v-mkvw0cu9r7k1a5,Acer Aspire Lite AL15-32p-C8T3 with Intel N4500 and 15.6inch FHD IPS,Rp,6.168.000,https://deo.shopeemobile.com/shopee/modules-federation/live/0/shopee__item-card-standard-v2/0.2.8/pc/d7099d3fd1dfdaf705ab.svg,5.0,4 Terjual,https://deo.shopeemobile.com/shopee/modules-federation/live/0/shopee__item-card-standard-v2/0.2.8/pc/5dd7b4560d0e2d3190e8.svg,Jakarta Pusat,,,,,"Acer Aspire Lite AL15-32p-C8T3 with Intel N4500 and 15.6inch FHD IPS
Rp
6.168.000
5.0
4 Terjual
Jakarta Pusat",https://shopee.co.id/Acer-Aspire-Lite-AL15-32p-C8T3-with-Intel-N4500-and-15.6inch-FHD-IPS-i.848123251.28962625991?extraParams=%7B%22display_model_id%22%3A157481684948%2C%22model_selection_logic%22%3A3%7D&sp_atk=5add67d5-c52e-4ac4-9330-3d8f8fc97b4a&xptdk=5add67d5-c52e-4ac4-9330-3d8f8fc97b4a
https://down-id.img.susercontent.com/file/id-11134207-7ra0s-mb7dqdinrodac5,https://down-id.img.susercontent.com/file/id-11134258-822wr-mlx67rtd6r602f,LAPTOP LEPTOP ACER 14INCH GENERASI TERBARU,Rp,1.850.000,https://deo.shopeemobile.com/shopee/modules-federation/live/0/shopee__item-card-standard-v2/0.2.8/pc/d7099d3fd1dfdaf705ab.svg,4.4,58 Terjual,https://deo.shopeemobile.com/shopee/modules-federation/live/0/shopee__item-card-standard-v2/0.2.8/pc/5dd7b4560d0e2d3190e8.svg,Jakarta Timur,https://deo.shopeemobile.com/shopee/modules-federation/live/0/shopee__item-card-standard-v2/0.2.8/pc/e4734dab67ee2f9ebd5a.png,,,,"LAPTOP LEPTOP ACER 14INCH GENERASI TERBARU
Rp
1.850.000
4.4
58 Terjual
Jakarta Timur",https://shopee.co.id/LAPTOP-LEPTOP-ACER-14INCH-GENERASI-TERBARU-i.21730609.15719930628?extraParams=%7B%22display_model_id%22%3A48027300489%2C%22model_selection_logic%22%3A3%7D&sp_atk=9f604f81-438f-4fac-9300-4d9c97ca5077&xptdk=9f604f81-438f-4fac-9300-4d9c97ca5077
https://down-id.img.susercontent.com/file/id-11134207-7qul3-lgnd1lmntcks98,https://down-id.img.susercontent.com/file/id-11134258-8224v-mkvw0cu9r7k1a5,"Acer Chromebook 311, (Touchscreen), Super Slim, Ringan, Mulus, Like New, Seri Baru, Lengkap",Rp,1.800.000,https://deo.shopeemobile.com/shopee/modules-federation/live/0/shopee__item-card-standard-v2/0.2.8/pc/d7099d3fd1dfdaf705ab.svg,5.0,6 Terjual,https://deo.shopeemobile.com/shopee/modules-federation/live/0/shopee__item-card-standard-v2/0.2.8/pc/5dd7b4560d0e2d3190e8.svg,Jakarta Barat,,,,,"Acer Chromebook 311, (Touchscreen), Super Slim, Ringan, Mulus, Like New, Seri Baru, Lengkap
Rp
1.800.000
5.0
6 Terjual
Jakarta Barat",https://shopee.co.id/Acer-Chromebook-311-(Touchscreen)-Super-Slim-Ringan-Mulus-Like-New-Seri-Baru-Lengkap-i.816009841.22342128938?extraParams=%7B%22display_model_id%22%3A204287477331%2C%22model_selection_logic%22%3A3%7D&sp_atk=03dc0d04-9ab7-433f-b51b-d2897b7fd52f&xptdk=03dc0d04-9ab7-433f-b51b-d2897b7fd52f
https://down-id.img.susercontent.com/file/id-11134207-82250-mgn5h9sx4wsr79,https://down-id.img.susercontent.com/file/id-11134258-822wr-mlx67rtd6r602f,"Laptop Acer Aspire Core i3 RAM 8GB/1TB WINDOWS 10 +BONUS TAS,MOUSE",Rp,2.035.000,https://deo.shopeemobile.com/shopee/modules-federation/live/0/shopee__item-card-standard-v2/0.2.8/pc/d7099d3fd1dfdaf705ab.svg,4.2,32 Terjual,https://deo.shopeemobile.com/shopee/modules-federation/live/0/shopee__item-card-standard-v2/0.2.8/pc/5dd7b4560d0e2d3190e8.svg,Jakarta Barat,https://deo.shopeemobile.com/shopee/modules-federation/live/0/shopee__item-card-standard-v2/0.2.8/pc/e4734dab67ee2f9ebd5a.png,-3%,https://deo.shopeemobile.com/shopee/modules-federation/live/0/shopee__item-card-standard-v2/0.2.8/pc/b4d1b8a78b3621dbdf4a.svg,,"Laptop Acer Aspire Core i3 RAM 8GB/1TB WINDOWS 10 +BONUS TAS,MOUSE
Rp
2.035.000
-3%
4.2
32 Terjual
Jakarta Barat",https://shopee.co.id/Laptop-Acer-Aspire-Core-i3-RAM-8GB-1TB-WINDOWS-10-BONUS-TAS-MOUSE-i.1050478176.19082971231?extraParams=%7B%22display_model_id%22%3A233566105107%2C%22model_selection_logic%22%3A3%7D&sp_atk=202acbc3-e1b5-478c-9a5e-1837518ebb3c&xptdk=202acbc3-e1b5-478c-9a5e-1837518ebb3c
https://down-id.img.susercontent.com/file/id-11134207-8224r-mjruuwksidc6a4,https://down-id.img.susercontent.com/file/id-11134258-8224v-mkvw0cu9r7k1a5,Laptop Acer Series Core i7 / i5 / i3 | AMD Ryzen,Rp,2.900.000,https://deo.shopeemobile.com/shopee/modules-federation/live/0/shopee__item-card-standard-v2/0.2.8/pc/d7099d3fd1dfdaf705ab.svg,4.8,32 Terjual,https://deo.shopeemobile.com/shopee/modules-federation/live/0/shopee__item-card-standard-v2/0.2.8/pc/5dd7b4560d0e2d3190e8.svg,Jakarta Timur,https://deo.shopeemobile.com/shopee/modules-federation/live/0/shopee__item-card-standard-v2/0.2.8/pc/e4734dab67ee2f9ebd5a.png,,,,"Laptop Acer Series Core i7 / i5 / i3 | AMD Ryzen
Rp
2.900.000
4.8
32 Terjual
Jakarta Timur",https://shopee.co.id/Laptop-Acer-Series-Core-i7-i5-i3-AMD-Ryzen-i.26647239.22048797667?extraParams=%7B%22display_model_id%22%3A267545073231%2C%22model_selection_logic%22%3A3%7D&sp_atk=5ff4451a-482c-4638-b90c-afdd7d87f486&xptdk=5ff4451a-482c-4638-b90c-afdd7d87f486
https://down-id.img.susercontent.com/file/id-11134207-7ra0t-mc8tc35zue6d4e,https://down-id.img.susercontent.com/file/id-11134258-822wr-mlx67rtd6r602f,"ACER ASPIRE 3 A314-35 INTEL CELERON N5100 | 8GB RAM 512GB SSD | 14 INCH WINDOWS 11 + OFFICE - BONUS TAS LAPTOP, MOUSE, MOUSE PAD",Rp,3.749.000,https://deo.shopeemobile.com/shopee/modules-federation/live/0/shopee__item-card-standard-v2/0.2.8/pc/d7099d3fd1dfdaf705ab.svg,4.8,68 Terjual,https://deo.shopeemobile.com/shopee/modules-federation/live/0/shopee__item-card-standard-v2/0.2.8/pc/5dd7b4560d0e2d3190e8.svg,Jakarta Barat,https://deo.shopeemobile.com/shopee/modules-federation/live/0/shopee__item-card-standard-v2/0.2.8/pc/e4734dab67ee2f9ebd5a.png,-1%,https://deo.shopeemobile.com/shopee/modules-federation/live/0/shopee__item-card-standard-v2/0.2.8/pc/b4d1b8a78b3621dbdf4a.svg,,"ACER ASPIRE 3 A314-35 INTEL CELERON N5100 | 8GB RAM 512GB SSD | 14 INCH WINDOWS 11 + OFFICE - BONUS TAS LAPTOP, MOUSE, MOUSE PAD
Rp
3.749.000
-1%
4.8
68 Terjual
Jakarta Barat",https://shopee.co.id/ACER-ASPIRE-3-A314-35-INTEL-CELERON-N5100-8GB-RAM-512GB-SSD-14-INCH-WINDOWS-11-OFFICE-BONUS-TAS-LAPTOP-MOUSE-MOUSE-PAD-i.566072969.23866524211?extraParams=%7B%22display_model_id%22%3A138605636405%2C%22model_selection_logic%22%3A3%7D&sp_atk=5cf9e1b3-42ab-40ed-8f9d-9440e0a6b57f&xptdk=5cf9e1b3-42ab-40ed-8f9d-9440e0a6b57f
https://down-id.img.susercontent.com/file/id-11134207-7rbke-m70emw41d4qc0a,https://down-id.img.susercontent.com/file/id-11134258-822wp-mlyjp115kz5tc6,"ACER A314 INTEL N4000 / 8GB RAM / 512GB SSD / 14"" / WIN 10 / GRATIS ONGKIR / ACER A314-32 4GB 1TB",Rp,2.300.000,https://deo.shopeemobile.com/shopee/modules-federation/live/0/shopee__item-card-standard-v2/0.2.8/pc/d7099d3fd1dfdaf705ab.svg,4.8,67 Terjual,https://deo.shopeemobile.com/shopee/modules-federation/live/0/shopee__item-card-standard-v2/0.2.8/pc/5dd7b4560d0e2d3190e8.svg,Jakarta Barat,https://deo.shopeemobile.com/shopee/modules-federation/live/0/shopee__item-card-standard-v2/0.2.8/pc/a425c915798471b33e5d.png,-54%,,,"ACER A314 INTEL N4000 / 8GB RAM / 512GB SSD / 14"" / WIN 10 / GRATIS ONGKIR / ACER A314-32 4GB 1TB
Rp
2.300.000
-54%
4.8
67 Terjual
Jakarta Barat",https://shopee.co.id/ACER-A314-INTEL-N4000-8GB-RAM-512GB-SSD-14-WIN-10-GRATIS-ONGKIR-ACER-A314-32-4GB-1TB-i.1124285767.26026800501?extraParams=%7B%22display_model_id%22%3A195800161199%2C%22model_selection_logic%22%3A3%7D&sp_atk=8a9d1f7e-9adf-4d9b-8b3f-be7aa374113f&xptdk=8a9d1f7e-9adf-4d9b-8b3f-be7aa374113f
https://down-id.img.susercontent.com/file/id-11134207-81zth-meowsxsfdfr758,https://down-id.img.susercontent.com/file/id-11134258-7ra0q-mbesqwmkb0gu9c,"Laptop Acer Aspire 5 A514, Intel Core i3-7020U, Gen 7Th, Ram 4/1Tb, UHD Graphics 620, Super Slim, Lengkap, Like New, Silver",Rp,2.550.000,https://deo.shopeemobile.com/shopee/modules-federation/live/0/shopee__item-card-standard-v2/0.2.8/pc/d7099d3fd1dfdaf705ab.svg,5.0,2 Terjual,https://deo.shopeemobile.com/shopee/modules-federation/live/0/shopee__item-card-standard-v2/0.2.8/pc/5dd7b4560d0e2d3190e8.svg,Jakarta Barat,,,,,"Laptop Acer Aspire 5 A514, Intel Core i3-7020U, Gen 7Th, Ram 4/1Tb, UHD Graphics 620, Super Slim, Lengkap, Like New, Silver
Rp
2.550.000
5.0
2 Terjual
Jakarta Barat",https://shopee.co.id/Laptop-Acer-Aspire-5-A514-Intel-Core-i3-7020U-Gen-7Th-Ram-4-1Tb-UHD-Graphics-620-Super-Slim-Lengkap-Like-New-Silver-i.70934091.41569098563?extraParams=%7B%22display_model_id%22%3A291565977915%2C%22model_selection_logic%22%3A3%7D&sp_atk=5489162a-6b48-4489-8c57-f5812c4d9cf0&xptdk=5489162a-6b48-4489-8c57-f5812c4d9cf0
https://down-id.img.susercontent.com/file/cb50edf93c93b06aaa08fbcd0cf6e2b7,https://down-id.img.susercontent.com/file/id-11134258-822wr-mlx67rtd6r602f,Notebook Acer Es1-131 / Es1-132 | Intel Celeron | Ram 4GB | HDD 500GB | BERGARANSI,Rp,1.500.000,https://deo.shopeemobile.com/shopee/modules-federation/live/0/shopee__item-card-standard-v2/0.2.8/pc/d7099d3fd1dfdaf705ab.svg,4.5,147 Terjual,https://deo.shopeemobile.com/shopee/modules-federation/live/0/shopee__item-card-standard-v2/0.2.8/pc/5dd7b4560d0e2d3190e8.svg,Jakarta Barat,https://deo.shopeemobile.com/shopee/modules-federation/live/0/shopee__item-card-standard-v2/0.2.8/pc/a425c915798471b33e5d.png,-6%,https://deo.shopeemobile.com/shopee/modules-federation/live/0/shopee__item-card-standard-v2/0.2.8/pc/b4d1b8a78b3621dbdf4a.svg,,"Notebook Acer Es1-131 / Es1-132 | Intel Celeron | Ram 4GB | HDD 500GB | BERGARANSI
Rp
1.500.000
-6%
4.5
147 Terjual
Jakarta Barat",https://shopee.co.id/Notebook-Acer-Es1-131-Es1-132-Intel-Celeron-Ram-4GB-HDD-500GB-BERGARANSI-i.239820426.17234818534?extraParams=%7B%22display_model_id%22%3A155198261678%2C%22model_selection_logic%22%3A3%7D&sp_atk=98d76874-97bf-4680-9108-93092f94b844&xptdk=98d76874-97bf-4680-9108-93092f94b844
https://down-id.img.susercontent.com/file/id-11134207-7rbkd-m6w9a30e6cf552,https://down-id.img.susercontent.com/file/id-11134258-822wp-mlyjp115kz5tc6,LAPTOP ACER INTEL CORE i3 / RAM 8GB / SSD 512GB / 14 INCH / WIN10 / 4GB 256GB,Rp,2.700.000,https://deo.shopeemobile.com/shopee/modules-federation/live/0/shopee__item-card-standard-v2/0.2.8/pc/d7099d3fd1dfdaf705ab.svg,5.0,51 Terjual,https://deo.shopeemobile.com/shopee/modules-federation/live/0/shopee__item-card-standard-v2/0.2.8/pc/5dd7b4560d0e2d3190e8.svg,Jakarta Barat,https://deo.shopeemobile.com/shopee/modules-federation/live/0/shopee__item-card-standard-v2/0.2.8/pc/a425c915798471b33e5d.png,-46%,,,"LAPTOP ACER INTEL CORE i3 / RAM 8GB / SSD 512GB / 14 INCH / WIN10 / 4GB 256GB
Rp
2.700.000
-46%
5.0
51 Terjual
Jakarta Barat",https://shopee.co.id/LAPTOP-ACER-INTEL-CORE-i3-RAM-8GB-SSD-512GB-14-INCH-WIN10-4GB-256GB-i.1124285767.29527295728?extraParams=%7B%22display_model_id%22%3A157697553835%2C%22model_selection_logic%22%3A3%7D&sp_atk=b100c351-bcfe-4131-b19d-3a7bbb723696&xptdk=b100c351-bcfe-4131-b19d-3a7bbb723696
https://down-id.img.susercontent.com/file/id-11134207-7rasl-m4vjo87ufocmeb,https://down-id.img.susercontent.com/file/id-11134258-822wr-mlx67rtd6r602f,Chromebook acer Spin 13 / intel core i7-8th / intel core i5-8th / chrome book / chormebook / acer chromebook,Rp,2.200.000,https://deo.shopeemobile.com/shopee/modules-federation/live/0/shopee__item-card-standard-v2/0.2.8/pc/d7099d3fd1dfdaf705ab.svg,4.9,50 Terjual,https://deo.shopeemobile.com/shopee/modules-federation/live/0/shopee__item-card-standard-v2/0.2.8/pc/5dd7b4560d0e2d3190e8.svg,Jakarta Pusat,https://deo.shopeemobile.com/shopee/modules-federation/live/0/shopee__item-card-standard-v2/0.2.8/pc/a425c915798471b33e5d.png,,,,"Chromebook acer Spin 13 / intel core i7-8th / intel core i5-8th / chrome book / chormebook / acer chromebook
Rp
2.200.000
4.9
50 Terjual
Jakarta Pusat",https://shopee.co.id/Chromebook-acer-Spin-13-intel-core-i7-8th-intel-core-i5-8th-chrome-book-chormebook-acer-chromebook-i.853725038.26719287085?extraParams=%7B%22display_model_id%22%3A147747445454%2C%22model_selection_logic%22%3A3%7D&sp_atk=891982ce-02a5-40f5-a523-c19791fdde64&xptdk=891982ce-02a5-40f5-a523-c19791fdde64
https://down-id.img.susercontent.com/file/id-11134207-8224o-mkuqbckw270m9a,https://down-id.img.susercontent.com/file/id-11134258-7r98w-lyezzaurybot13,Laptop Acer aspire V5-471 series   Windows 10 pro 64-bit  Processor Intel core i3-3217U 1.8GHz Ram 6 gb Penyimpanan 500gb hdd & 320 GB hdd  Display Intel HD Graphics 4000 UK 13 inch Touchscreen,Rp,1.499.000,https://deo.shopeemobile.com/shopee/modules-federation/live/0/shopee__item-card-standard-v2/0.2.8/pc/d7099d3fd1dfdaf705ab.svg,4.0,4 Terjual,https://deo.shopeemobile.com/shopee/modules-federation/live/0/shopee__item-card-standard-v2/0.2.8/pc/5dd7b4560d0e2d3190e8.svg,Tangerang,https://deo.shopeemobile.com/shopee/modules-federation/live/0/shopee__item-card-standard-v2/0.2.8/pc/e4734dab67ee2f9ebd5a.png,-3%,,,"Laptop Acer aspire V5-471 series Windows 10 pro 64-bit Processor Intel core i3-3217U 1.8GHz Ram 6 gb Penyimpanan 500gb hdd & 320 GB hdd Display Intel HD Graphics 4000 UK 13 inch Touchscreen
Rp
1.499.000
-3%
4.0
4 Terjual
Tangerang",https://shopee.co.id/Laptop-Acer-aspire-V5-471-series-Windows-10-pro-64-bit-Processor-Intel-core-i3-3217U-1.8GHz-Ram-6-gb-Penyimpanan-500gb-hdd-320-GB-hdd-Display-Intel-HD-Graphics-4000-UK-13-inch-Touchscreen-i.41632262.53006263416?extraParams=%7B%22display_model_id%22%3A254169011121%2C%22model_selection_logic%22%3A3%7D&sp_atk=73f8fc13-7cab-469b-ba45-435a47601af4&xptdk=73f8fc13-7cab-469b-ba45-435a47601af4
https://down-id.img.susercontent.com/file/id-11134207-7r98o-lkrxmjmhq1aae1,https://down-id.img.susercontent.com/file/id-11134258-822wr-mlx67rtd6r602f,Laptop Acer Travelmate P449 intel core i5 gen 8 Ram 8GB SSD 256 GB UHD GRAFIS Backlight fingerprint - siap pakai,Rp,2.899.000,https://deo.shopeemobile.com/shopee/modules-federation/live/0/shopee__item-card-standard-v2/0.2.8/pc/d7099d3fd1dfdaf705ab.svg,4.1,36 Terjual,https://deo.shopeemobile.com/shopee/modules-federation/live/0/shopee__item-card-standard-v2/0.2.8/pc/5dd7b4560d0e2d3190e8.svg,Jakarta Pusat,https://deo.shopeemobile.com/shopee/modules-federation/live/0/shopee__item-card-standard-v2/0.2.8/pc/e4734dab67ee2f9ebd5a.png,,,,"Laptop Acer Travelmate P449 intel core i5 gen 8 Ram 8GB SSD 256 GB UHD GRAFIS Backlight fingerprint - siap pakai
Rp
2.899.000
4.1
36 Terjual
Jakarta Pusat",https://shopee.co.id/Laptop-Acer-Travelmate-P449-intel-core-i5-gen-8-Ram-8GB-SSD-256-GB-UHD-GRAFIS-Backlight-fingerprint-siap-pakai-i.230649038.21783295392?extraParams=%7B%22display_model_id%22%3A240630218209%2C%22model_selection_logic%22%3A3%7D&sp_atk=60e4c931-0974-4e35-86b5-a8ed2c31a792&xptdk=60e4c931-0974-4e35-86b5-a8ed2c31a792
https://down-id.img.susercontent.com/file/id-11134207-822wh-mmlmsfuoujuwdf,https://down-id.img.susercontent.com/file/id-11134258-822wr-mlx67rtd6r602f,Laptop Acer ES1-432 | Intel Celeron N3350 | RAM 8GB SSD 256GB | BERGARANSI,Rp,1.600.000,https://deo.shopeemobile.com/shopee/modules-federation/live/0/shopee__item-card-standard-v2/0.2.8/pc/d7099d3fd1dfdaf705ab.svg,4.8,134 Terjual,https://deo.shopeemobile.com/shopee/modules-federation/live/0/shopee__item-card-standard-v2/0.2.8/pc/5dd7b4560d0e2d3190e8.svg,Jakarta Barat,https://deo.shopeemobile.com/shopee/modules-federation/live/0/shopee__item-card-standard-v2/0.2.8/pc/a425c915798471b33e5d.png,-6%,https://deo.shopeemobile.com/shopee/modules-federation/live/0/shopee__item-card-standard-v2/0.2.8/pc/b4d1b8a78b3621dbdf4a.svg,,"Laptop Acer ES1-432 | Intel Celeron N3350 | RAM 8GB SSD 256GB | BERGARANSI
Rp
1.600.000
-6%
4.8
134 Terjual
Jakarta Barat",https://shopee.co.id/Laptop-Acer-ES1-432-Intel-Celeron-N3350-RAM-8GB-SSD-256GB-BERGARANSI-i.239820426.16434813039?extraParams=%7B%22display_model_id%22%3A163790967150%2C%22model_selection_logic%22%3A3%7D&sp_atk=fa25cb91-b899-45e8-ab8c-7e69b26f4532&xptdk=fa25cb91-b899-45e8-ab8c-7e69b26f4532
https://down-id.img.susercontent.com/file/id-11134207-7rbk8-mao6x4wa82xl99,https://down-id.img.susercontent.com/file/id-11134258-822wr-mlx67rtd6r602f,ACER ASPIRE 3 A314-41 AMD A9-9420E | RAM 8GB SSD 512GB | 14 INCH WINDOWS 10 + OFFICE,Rp,2.374.000,https://deo.shopeemobile.com/shopee/modules-federation/live/0/shopee__item-card-standard-v2/0.2.8/pc/d7099d3fd1dfdaf705ab.svg,4.8,66 Terjual,https://deo.shopeemobile.com/shopee/modules-federation/live/0/shopee__item-card-standard-v2/0.2.8/pc/5dd7b4560d0e2d3190e8.svg,Jakarta Barat,https://deo.shopeemobile.com/shopee/modules-federation/live/0/shopee__item-card-standard-v2/0.2.8/pc/e4734dab67ee2f9ebd5a.png,-1%,https://deo.shopeemobile.com/shopee/modules-federation/live/0/shopee__item-card-standard-v2/0.2.8/pc/b4d1b8a78b3621dbdf4a.svg,,"ACER ASPIRE 3 A314-41 AMD A9-9420E | RAM 8GB SSD 512GB | 14 INCH WINDOWS 10 + OFFICE
Rp
2.374.000
-1%
4.8
66 Terjual
Jakarta Barat",https://shopee.co.id/ACER-ASPIRE-3-A314-41-AMD-A9-9420E-RAM-8GB-SSD-512GB-14-INCH-WINDOWS-10-OFFICE-i.566072969.13048590147?extraParams=%7B%22display_model_id%22%3A184144049926%2C%22model_selection_logic%22%3A3%7D&sp_atk=a907b6f1-bf7b-4bb3-941b-6328b9b2bc94&xptdk=a907b6f1-bf7b-4bb3-941b-6328b9b2bc94
https://down-id.img.susercontent.com/file/id-11134207-7rbk5-m6w9a30e95k131,https://down-id.img.susercontent.com/file/id-11134258-822wp-mlyjp115kz5tc6,"ACER ASPIRE A314 AMD A9-9420E / RAM 8GB / SSD 512GB / 14""INCH / WIN11 / 4GB 256GB",Rp,2.500.000,https://deo.shopeemobile.com/shopee/modules-federation/live/0/shopee__item-card-standard-v2/0.2.8/pc/d7099d3fd1dfdaf705ab.svg,4.6,34 Terjual,https://deo.shopeemobile.com/shopee/modules-federation/live/0/shopee__item-card-standard-v2/0.2.8/pc/5dd7b4560d0e2d3190e8.svg,Jakarta Barat,https://deo.shopeemobile.com/shopee/modules-federation/live/0/shopee__item-card-standard-v2/0.2.8/pc/a425c915798471b33e5d.png,-50%,,,"ACER ASPIRE A314 AMD A9-9420E / RAM 8GB / SSD 512GB / 14""INCH / WIN11 / 4GB 256GB
Rp
2.500.000
-50%
4.6
34 Terjual
Jakarta Barat",https://shopee.co.id/ACER-ASPIRE-A314-AMD-A9-9420E-RAM-8GB-SSD-512GB-14-INCH-WIN11-4GB-256GB-i.1124285767.27227295020?extraParams=%7B%22display_model_id%22%3A252715628240%2C%22model_selection_logic%22%3A3%7D&sp_atk=c044ee2b-80a7-4d26-a317-8cde0be1d76f&xptdk=c044ee2b-80a7-4d26-a317-8cde0be1d76f
https://down-id.img.susercontent.com/file/id-11134207-7ra0r-mbhmbvgetvpice,https://down-id.img.susercontent.com/file/id-11134258-822wr-mlx67rtd6r602f,LAPTOP ACER INTEL CORE i5 RAM 8GB SSD 512GB 14 INCH HD Windows 10,Rp,3.402.000,https://deo.shopeemobile.com/shopee/modules-federation/live/0/shopee__item-card-standard-v2/0.2.8/pc/d7099d3fd1dfdaf705ab.svg,5.0,14 Terjual,https://deo.shopeemobile.com/shopee/modules-federation/live/0/shopee__item-card-standard-v2/0.2.8/pc/5dd7b4560d0e2d3190e8.svg,Jakarta Barat,https://deo.shopeemobile.com/shopee/modules-federation/live/0/shopee__item-card-standard-v2/0.2.8/pc/a425c915798471b33e5d.png,-19%,,,"LAPTOP ACER INTEL CORE i5 RAM 8GB SSD 512GB 14 INCH HD Windows 10
Rp
3.402.000
-19%
5.0
14 Terjual
Jakarta Barat",https://shopee.co.id/LAPTOP-ACER-INTEL-CORE-i5-RAM-8GB-SSD-512GB-14-INCH-HD-Windows-10-i.1124285767.43906349623?extraParams=%7B%22display_model_id%22%3A265533643433%2C%22model_selection_logic%22%3A3%7D&sp_atk=5614056d-2fb1-4c6a-9eaa-6d77813b1795&xptdk=5614056d-2fb1-4c6a-9eaa-6d77813b1795
https://down-id.img.susercontent.com/file/id-11134207-822wn-mmipnaaebv2b8e,https://down-id.img.susercontent.com/file/id-11134258-822wr-mlx67rtd6r602f,ACER ASPIRE 3 A314 | AMD A9-9420E | 8GB RAM | SSD 512GB | 14 INCH,Rp,2.314.220,https://deo.shopeemobile.com/shopee/modules-federation/live/0/shopee__item-card-standard-v2/0.2.8/pc/d7099d3fd1dfdaf705ab.svg,5.0,8 Terjual,https://deo.shopeemobile.com/shopee/modules-federation/live/0/shopee__item-card-standard-v2/0.2.8/pc/5dd7b4560d0e2d3190e8.svg,Jakarta Barat,https://deo.shopeemobile.com/shopee/modules-federation/live/0/shopee__item-card-standard-v2/0.2.8/pc/e4734dab67ee2f9ebd5a.png,-23%,https://deo.shopeemobile.com/shopee/modules-federation/live/0/shopee__item-card-standard-v2/0.2.8/pc/b4d1b8a78b3621dbdf4a.svg,Hadiah Gratis,"ACER ASPIRE 3 A314 | AMD A9-9420E | 8GB RAM | SSD 512GB | 14 INCH
Rp
2.314.220
-23%
Hadiah Gratis
5.0
8 Terjual
Jakarta Barat",https://shopee.co.id/ACER-ASPIRE-3-A314-AMD-A9-9420E-8GB-RAM-SSD-512GB-14-INCH-i.201662108.42822752109?extraParams=%7B%22display_model_id%22%3A266847864544%2C%22model_selection_logic%22%3A3%7D&sp_atk=9ea28beb-8e2e-48c3-a9cc-c9fa1f064cc4&xptdk=9ea28beb-8e2e-48c3-a9cc-c9fa1f064cc4
https://down-id.img.susercontent.com/file/id-11134207-7r98t-ltqixyl008vq31,https://down-id.img.susercontent.com/file/id-11134258-822wp-mlyjp115kz5tc6,Laptop ACER Aspire Core i3 Ram 8GB/1TB Windows 10 // 14 inch [Free Mouse & Tas],Rp,3.030.000,https://deo.shopeemobile.com/shopee/modules-federation/live/0/shopee__item-card-standard-v2/0.2.8/pc/d7099d3fd1dfdaf705ab.svg,4.5,47 Terjual,https://deo.shopeemobile.com/shopee/modules-federation/live/0/shopee__item-card-standard-v2/0.2.8/pc/5dd7b4560d0e2d3190e8.svg,Jakarta Barat,https://deo.shopeemobile.com/shopee/modules-federation/live/0/shopee__item-card-standard-v2/0.2.8/pc/e4734dab67ee2f9ebd5a.png,-2%,https://deo.shopeemobile.com/shopee/modules-federation/live/0/shopee__item-card-standard-v2/0.2.8/pc/b4d1b8a78b3621dbdf4a.svg,,"Laptop ACER Aspire Core i3 Ram 8GB/1TB Windows 10 // 14 inch [Free Mouse & Tas]
Rp
3.030.000
-2%
4.5
47 Terjual
Jakarta Barat",https://shopee.co.id/Laptop-ACER-Aspire-Core-i3-Ram-8GB-1TB-Windows-10-14-inch-Free-Mouse-Tas--i.1025974014.22454735872?extraParams=%7B%22display_model_id%22%3A295433416245%2C%22model_selection_logic%22%3A3%7D&sp_atk=6cadb0e7-be7e-4604-8c65-4b1157784829&xptdk=6cadb0e7-be7e-4604-8c65-4b1157784829
https://down-id.img.susercontent.com/file/id-11134207-8224o-miis02tbn08y5c,https://down-id.img.susercontent.com/file/id-11134258-7r98w-lyezzaurybot13,Laptop Acer aspire A314-33 series    Windows 10 home single language 64-bit   Processor Intel Celeron N4000 1.1GHz  Ram 4 GB  Penyimpanan 500 GB hdd  Display Intel UHD Graphics 600  UK 13 inch,Rp,1.699.000,,,1 Terjual,https://deo.shopeemobile.com/shopee/modules-federation/live/0/shopee__item-card-standard-v2/0.2.8/pc/5dd7b4560d0e2d3190e8.svg,Tangerang,https://deo.shopeemobile.com/shopee/modules-federation/live/0/shopee__item-card-standard-v2/0.2.8/pc/e4734dab67ee2f9ebd5a.png,-26%,,Produk Baru,"Laptop Acer aspire A314-33 series Windows 10 home single language 64-bit Processor Intel Celeron N4000 1.1GHz Ram 4 GB Penyimpanan 500 GB hdd Display Intel UHD Graphics 600 UK 13 inch
Rp
1.699.000
-26%
Produk Baru
1 Terjual
Tangerang",https://shopee.co.id/Laptop-Acer-aspire-A314-33-series-Windows-10-home-single-language-64-bit-Processor-Intel-Celeron-N4000-1.1GHz-Ram-4-GB-Penyimpanan-500-GB-hdd-Display-Intel-UHD-Graphics-600-UK-13-inch-i.41632262.52403416236?extraParams=%7B%22display_model_id%22%3A355328063649%2C%22model_selection_logic%22%3A3%7D&sp_atk=97a88b28-b63b-46d5-b7e3-6303cd1fec9b&xptdk=97a88b28-b63b-46d5-b7e3-6303cd1fec9b
https://down-id.img.susercontent.com/file/id-11134207-81zte-menyb500s074df,https://down-id.img.susercontent.com/file/id-11134258-8224v-mkvw0cu9r7k1a5,LAPTOP ACER ASPIRE 3 SLIM RAM 4GB SSD 256GB WIN 10,Rp,1.840.000,https://deo.shopeemobile.com/shopee/modules-federation/live/0/shopee__item-card-standard-v2/0.2.8/pc/d7099d3fd1dfdaf705ab.svg,5.0,248 Terjual,https://deo.shopeemobile.com/shopee/modules-federation/live/0/shopee__item-card-standard-v2/0.2.8/pc/5dd7b4560d0e2d3190e8.svg,Jakarta Barat,https://deo.shopeemobile.com/shopee/modules-federation/live/0/shopee__item-card-standard-v2/0.2.8/pc/e4734dab67ee2f9ebd5a.png,-58%,https://deo.shopeemobile.com/shopee/modules-federation/live/0/shopee__item-card-standard-v2/0.2.8/pc/b4d1b8a78b3621dbdf4a.svg,Cicilan,"LAPTOP ACER ASPIRE 3 SLIM RAM 4GB SSD 256GB WIN 10
Rp
1.840.000
-58%
Cicilan
5.0
248 Terjual
Jakarta Barat",https://shopee.co.id/LAPTOP-ACER-ASPIRE-3-SLIM-RAM-4GB-SSD-256GB-WIN-10-i.86838885.13638241033?extraParams=%7B%22display_model_id%22%3A103465621785%2C%22model_selection_logic%22%3A3%7D&sp_atk=86ba102f-8ff1-43dd-90b0-0dc42e0abd74&xptdk=86ba102f-8ff1-43dd-90b0-0dc42e0abd74
https://down-id.img.susercontent.com/file/id-11134207-7rbka-m9zh6qj6z0r63a,https://down-id.img.susercontent.com/file/id-11134258-8224v-mkvw0cu9r7k1a5,Laptop Acer Travelmate P249 I5 GEN 6 RAM 32GB SSD 1TB,Rp,2.200.000,https://deo.shopeemobile.com/shopee/modules-federation/live/0/shopee__item-card-standard-v2/0.2.8/pc/d7099d3fd1dfdaf705ab.svg,4.9,67 Terjual,https://deo.shopeemobile.com/shopee/modules-federation/live/0/shopee__item-card-standard-v2/0.2.8/pc/5dd7b4560d0e2d3190e8.svg,Bandung,,,,,"Laptop Acer Travelmate P249 I5 GEN 6 RAM 32GB SSD 1TB
Rp
2.200.000
4.9
67 Terjual
Bandung",https://shopee.co.id/Laptop-Acer-Travelmate-P249-I5-GEN-6-RAM-32GB-SSD-1TB-i.275228473.22556162359?extraParams=%7B%22display_model_id%22%3A225678861069%2C%22model_selection_logic%22%3A3%7D&sp_atk=9d4bd693-8f47-45bc-8e0d-aa3675fa9c6a&xptdk=9d4bd693-8f47-45bc-8e0d-aa3675fa9c6a
https://down-id.img.susercontent.com/file/id-11134207-7r990-loc6zw11nuv008,https://down-id.img.susercontent.com/file/id-11134258-8224v-mkvw0cu9r7k1a5,LAPTOP ACER INTEL /AMD RAM 8gb SSD 512gb FREE GIFT,Rp,1.328.000,https://deo.shopeemobile.com/shopee/modules-federation/live/0/shopee__item-card-standard-v2/0.2.8/pc/d7099d3fd1dfdaf705ab.svg,4.5,431 Terjual,https://deo.shopeemobile.com/shopee/modules-federation/live/0/shopee__item-card-standard-v2/0.2.8/pc/5dd7b4560d0e2d3190e8.svg,Jakarta Barat,https://deo.shopeemobile.com/shopee/modules-federation/live/0/shopee__item-card-standard-v2/0.2.8/pc/e4734dab67ee2f9ebd5a.png,-54%,https://deo.shopeemobile.com/shopee/modules-federation/live/0/shopee__item-card-standard-v2/0.2.8/pc/b4d1b8a78b3621dbdf4a.svg,Cicilan,"LAPTOP ACER INTEL /AMD RAM 8gb SSD 512gb FREE GIFT
Rp
1.328.000
-54%
Cicilan
4.5
431 Terjual
Jakarta Barat",https://shopee.co.id/LAPTOP-ACER-INTEL-AMD-RAM-8gb-SSD-512gb-FREE-GIFT-i.21620531.8428965441?extraParams=%7B%22display_model_id%22%3A74286216312%2C%22model_selection_logic%22%3A3%7D&sp_atk=121d3e15-1b70-4b45-abc5-38c4ed5b0657&xptdk=121d3e15-1b70-4b45-abc5-38c4ed5b0657
https://down-id.img.susercontent.com/file/id-11134207-822wk-mlagl3kva8e903,https://down-id.img.susercontent.com/file/id-11134258-822wr-mlx67rtd6r602f,ACER ASPIRE 3 A314-32 | INTEL CELERON N4000 | 8GB RAM | SSD 512GB | 14 INCH,Rp,2.214.200,https://deo.shopeemobile.com/shopee/modules-federation/live/0/shopee__item-card-standard-v2/0.2.8/pc/d7099d3fd1dfdaf705ab.svg,4.9,161 Terjual,https://deo.shopeemobile.com/shopee/modules-federation/live/0/shopee__item-card-standard-v2/0.2.8/pc/5dd7b4560d0e2d3190e8.svg,Jakarta Barat,https://deo.shopeemobile.com/shopee/modules-federation/live/0/shopee__item-card-standard-v2/0.2.8/pc/e4734dab67ee2f9ebd5a.png,-21%,https://deo.shopeemobile.com/shopee/modules-federation/live/0/shopee__item-card-standard-v2/0.2.8/pc/b4d1b8a78b3621dbdf4a.svg,Hadiah Gratis,"ACER ASPIRE 3 A314-32 | INTEL CELERON N4000 | 8GB RAM | SSD 512GB | 14 INCH
Rp
2.214.200
-21%
Hadiah Gratis
4.9
161 Terjual
Jakarta Barat",https://shopee.co.id/ACER-ASPIRE-3-A314-32-INTEL-CELERON-N4000-8GB-RAM-SSD-512GB-14-INCH-i.201662108.25461278448?extraParams=%7B%22display_model_id%22%3A49743772687%2C%22model_selection_logic%22%3A3%7D&sp_atk=59fcebef-906d-4eea-b4ab-6fddaa3db6c2&xptdk=59fcebef-906d-4eea-b4ab-6fddaa3db6c2
https://down-id.img.susercontent.com/file/id-11134207-7rasj-m3m2xn1wzvyofb,https://down-id.img.susercontent.com/file/id-11134258-822wr-mlx67rtd6r602f,LAPTOP LEPTOP ACER ASPIRE ES1-431 RAM 4GB SSD 128GB WINDOWS 10 Cocok Kuliah Sekolah Ujian Skripsi,Rp,1.950.000,https://deo.shopeemobile.com/shopee/modules-federation/live/0/shopee__item-card-standard-v2/0.2.8/pc/d7099d3fd1dfdaf705ab.svg,5.0,17 Terjual,https://deo.shopeemobile.com/shopee/modules-federation/live/0/shopee__item-card-standard-v2/0.2.8/pc/5dd7b4560d0e2d3190e8.svg,Jakarta Timur,https://deo.shopeemobile.com/shopee/modules-federation/live/0/shopee__item-card-standard-v2/0.2.8/pc/e4734dab67ee2f9ebd5a.png,,,,"LAPTOP LEPTOP ACER ASPIRE ES1-431 RAM 4GB SSD 128GB WINDOWS 10 Cocok Kuliah Sekolah Ujian Skripsi
Rp
1.950.000
5.0
17 Terjual
Jakarta Timur",https://shopee.co.id/LAPTOP-LEPTOP-ACER-ASPIRE-ES1-431-RAM-4GB-SSD-128GB-WINDOWS-10-Cocok-Kuliah-Sekolah-Ujian-Skripsi-i.21730609.26970263954?extraParams=%7B%22display_model_id%22%3A233570499992%2C%22model_selection_logic%22%3A3%7D&sp_atk=f6b88da4-328e-4f37-9084-dcdab6740f66&xptdk=f6b88da4-328e-4f37-9084-dcdab6740f66
https://down-id.img.susercontent.com/file/id-11134207-7r98s-lr2qnth37yg798,https://down-id.img.susercontent.com/file/id-11134258-7r98w-lyezzaurybot13,laptop acer v5 431 intel celeron 14inch ram 6gb hdd 320gb windows 10 intel hd graphics silver normal,Rp,1.299.000,,,,https://deo.shopeemobile.com/shopee/modules-federation/live/0/shopee__item-card-standard-v2/0.2.8/pc/5dd7b4560d0e2d3190e8.svg,Tangerang,https://deo.shopeemobile.com/shopee/modules-federation/live/0/shopee__item-card-standard-v2/0.2.8/pc/e4734dab67ee2f9ebd5a.png,-38%,,,"laptop acer v5 431 intel celeron 14inch ram 6gb hdd 320gb windows 10 intel hd graphics silver normal
Rp
1.299.000
-38%
Tangerang",https://shopee.co.id/laptop-acer-v5-431-intel-celeron-14inch-ram-6gb-hdd-320gb-windows-10-intel-hd-graphics-silver-normal-i.41632262.25761357845?extraParams=%7B%22display_model_id%22%3A232491830447%2C%22model_selection_logic%22%3A3%7D&sp_atk=39e141fb-bfb4-4cfe-aa39-8a0714ba4b87&xptdk=39e141fb-bfb4-4cfe-aa39-8a0714ba4b87
https://down-id.img.susercontent.com/file/id-11134207-822wu-mmsvy9vblamef2,https://down-id.img.susercontent.com/file/id-11134258-7r98w-lyezzaurybot13,Acer A314-22 AMD Athlon E3020 ram 4 SSD 256,Rp,1.900.000,,,,https://deo.shopeemobile.com/shopee/modules-federation/live/0/shopee__item-card-standard-v2/0.2.8/pc/5dd7b4560d0e2d3190e8.svg,Kab. Labuhan Batu,,,,,"Acer A314-22 AMD Athlon E3020 ram 4 SSD 256
Rp
1.900.000
Kab. Labuhan Batu",https://shopee.co.id/Acer-A314-22-AMD-Athlon-E3020-ram-4-SSD-256-i.277229959.54758415709?extraParams=%7B%22display_model_id%22%3A345746900881%2C%22model_selection_logic%22%3A3%7D&sp_atk=95adc8fa-8558-40ec-a23a-5f8aa41316c2&xptdk=95adc8fa-8558-40ec-a23a-5f8aa41316c2
https://down-id.img.susercontent.com/file/id-11134207-7rbk1-m8hh9hedeusea1,https://down-id.img.susercontent.com/file/id-11134258-7r98w-lyezzaurybot13,Laptop acer aspire v5-431 Windows 10 pro 64bit Processor Intel core i3-3227u 1.9ghz Ram 4gb Penyimpanan 500gn hdd Intel hd Graphics 4000 UK. 14inch normal no minus,Rp,1.500.000,https://deo.shopeemobile.com/shopee/modules-federation/live/0/shopee__item-card-standard-v2/0.2.8/pc/d7099d3fd1dfdaf705ab.svg,4.4,12 Terjual,https://deo.shopeemobile.com/shopee/modules-federation/live/0/shopee__item-card-standard-v2/0.2.8/pc/5dd7b4560d0e2d3190e8.svg,Tangerang,https://deo.shopeemobile.com/shopee/modules-federation/live/0/shopee__item-card-standard-v2/0.2.8/pc/e4734dab67ee2f9ebd5a.png,-25%,,,"Laptop acer aspire v5-431 Windows 10 pro 64bit Processor Intel core i3-3227u 1.9ghz Ram 4gb Penyimpanan 500gn hdd Intel hd Graphics 4000 UK. 14inch normal no minus
Rp
1.500.000
-25%
4.4
12 Terjual
Tangerang",https://shopee.co.id/Laptop-acer-aspire-v5-431-Windows-10-pro-64bit-Processor-Intel-core-i3-3227u-1.9ghz-Ram-4gb-Penyimpanan-500gn-hdd-Intel-hd-Graphics-4000-UK.-14inch-normal-no-minus-i.18199758.26333145387?extraParams=%7B%22display_model_id%22%3A218416694751%2C%22model_selection_logic%22%3A3%7D&sp_atk=69a8a0eb-dce0-4e4f-992a-fcb684fcce6b&xptdk=69a8a0eb-dce0-4e4f-992a-fcb684fcce6b
https://down-id.img.susercontent.com/file/id-11134207-7r98u-lwpr3pgehrjg85,https://down-id.img.susercontent.com/file/id-11134258-822wr-mlx67rtd6r602f,"ACER ASPIRE 3 A314-22 AMD RYZEN 3-3250U | 12GB RAM 512GB SSD | 14 INCH WINDOWS 10/11 + OFFICE - BONUS TAS LAPTOP, MOUSE, MOUSEPAD",Rp,4.524.000,https://deo.shopeemobile.com/shopee/modules-federation/live/0/shopee__item-card-standard-v2/0.2.8/pc/d7099d3fd1dfdaf705ab.svg,4.7,21 Terjual,https://deo.shopeemobile.com/shopee/modules-federation/live/0/shopee__item-card-standard-v2/0.2.8/pc/5dd7b4560d0e2d3190e8.svg,Jakarta Barat,https://deo.shopeemobile.com/shopee/modules-federation/live/0/shopee__item-card-standard-v2/0.2.8/pc/e4734dab67ee2f9ebd5a.png,-2%,https://deo.shopeemobile.com/shopee/modules-federation/live/0/shopee__item-card-standard-v2/0.2.8/pc/b4d1b8a78b3621dbdf4a.svg,,"ACER ASPIRE 3 A314-22 AMD RYZEN 3-3250U | 12GB RAM 512GB SSD | 14 INCH WINDOWS 10/11 + OFFICE - BONUS TAS LAPTOP, MOUSE, MOUSEPAD
Rp
4.524.000
-2%
4.7
21 Terjual
Jakarta Barat",https://shopee.co.id/ACER-ASPIRE-3-A314-22-AMD-RYZEN-3-3250U-12GB-RAM-512GB-SSD-14-INCH-WINDOWS-10-11-OFFICE-BONUS-TAS-LAPTOP-MOUSE-MOUSEPAD-i.566072969.16225960867?extraParams=%7B%22display_model_id%22%3A215185447280%2C%22model_selection_logic%22%3A3%7D&sp_atk=92e3d0ed-7f3c-40e8-acf4-99746aa6430c&xptdk=92e3d0ed-7f3c-40e8-acf4-99746aa6430c
https://down-id.img.susercontent.com/file/id-11134207-8224w-mjz569qyry8323,https://down-id.img.susercontent.com/file/id-11134258-8224v-mkvw0cu9r7k1a5,NETBOOK ACER A311 CELERON RAM 4GB SSD 512GB 12INCH TERMASUK MOUSE,Rp,1.750.000,,,2 Terjual,https://deo.shopeemobile.com/shopee/modules-federation/live/0/shopee__item-card-standard-v2/0.2.8/pc/5dd7b4560d0e2d3190e8.svg,Jakarta Barat,https://deo.shopeemobile.com/shopee/modules-federation/live/0/shopee__item-card-standard-v2/0.2.8/pc/a425c915798471b33e5d.png,,,,"NETBOOK ACER A311 CELERON RAM 4GB SSD 512GB 12INCH TERMASUK MOUSE
Rp
1.750.000
2 Terjual
Jakarta Barat",https://shopee.co.id/NETBOOK-ACER-A311-CELERON-RAM-4GB-SSD-512GB-12INCH-TERMASUK-MOUSE-i.17620640.55605374414?extraParams=%7B%22display_model_id%22%3A262367759941%2C%22model_selection_logic%22%3A3%7D&sp_atk=0d89209d-9260-4a42-9155-8cc5390d6897&xptdk=0d89209d-9260-4a42-9155-8cc5390d6897
https://down-id.img.susercontent.com/file/id-11134207-822wk-ml9ifbijjtog54,https://down-id.img.susercontent.com/file/id-11134258-822wr-mlx67rtd6r602f,ACER ASPIRE 3 A314-22 | AMD ATHLON 3050U / 3020E | 8GB RAM | SSD 512GB | 14 INCH,Rp,4.124.000,https://deo.shopeemobile.com/shopee/modules-federation/live/0/shopee__item-card-standard-v2/0.2.8/pc/d7099d3fd1dfdaf705ab.svg,5.0,84 Terjual,https://deo.shopeemobile.com/shopee/modules-federation/live/0/shopee__item-card-standard-v2/0.2.8/pc/5dd7b4560d0e2d3190e8.svg,Jakarta Barat,https://deo.shopeemobile.com/shopee/modules-federation/live/0/shopee__item-card-standard-v2/0.2.8/pc/e4734dab67ee2f9ebd5a.png,-2%,https://deo.shopeemobile.com/shopee/modules-federation/live/0/shopee__item-card-standard-v2/0.2.8/pc/b4d1b8a78b3621dbdf4a.svg,,"ACER ASPIRE 3 A314-22 | AMD ATHLON 3050U / 3020E | 8GB RAM | SSD 512GB | 14 INCH
Rp
4.124.000
-2%
5.0
84 Terjual
Jakarta Barat",https://shopee.co.id/ACER-ASPIRE-3-A314-22-AMD-ATHLON-3050U-3020E-8GB-RAM-SSD-512GB-14-INCH-i.201662108.27852852799?extraParams=%7B%22display_model_id%22%3A215174200013%2C%22model_selection_logic%22%3A3%7D&sp_atk=5b996ba9-fc51-4be0-a118-6405cf41a488&xptdk=5b996ba9-fc51-4be0-a118-6405cf41a488
https://down-id.img.susercontent.com/file/id-11134207-8224x-mfuz3u0dwl5747,https://down-id.img.susercontent.com/file/id-11134258-822wp-mlyjp115kz5tc6,LAPTOP ACER ASPIRE 1 A114-32 INTEL CELERON N4000 4GB RAM 64GB Windows 10,Rp,1.360.000,,,,https://deo.shopeemobile.com/shopee/modules-federation/live/0/shopee__item-card-standard-v2/0.2.8/pc/5dd7b4560d0e2d3190e8.svg,Jakarta Barat,https://deo.shopeemobile.com/shopee/modules-federation/live/0/shopee__item-card-standard-v2/0.2.8/pc/a425c915798471b33e5d.png,-66%,,,"LAPTOP ACER ASPIRE 1 A114-32 INTEL CELERON N4000 4GB RAM 64GB Windows 10
Rp
1.360.000
-66%
Jakarta Barat",https://shopee.co.id/LAPTOP-ACER-ASPIRE-1-A114-32-INTEL-CELERON-N4000-4GB-RAM-64GB-Windows-10-i.1124285767.43974308751?extraParams=%7B%22display_model_id%22%3A139468760984%2C%22model_selection_logic%22%3A3%7D&sp_atk=bfda1ba9-84d2-494b-a0ba-386aaa452cd7&xptdk=bfda1ba9-84d2-494b-a0ba-386aaa452cd7
https://down-id.img.susercontent.com/file/id-11134207-7qul2-lhoptrebscij7d,https://down-id.img.susercontent.com/file/id-11134258-822wr-mlx67rtd6r602f,Laptop Acer ES1-432 Celeron-N3350 Ram 4/500GB BERGARANSI RED,Rp,1.900.000,https://deo.shopeemobile.com/shopee/modules-federation/live/0/shopee__item-card-standard-v2/0.2.8/pc/d7099d3fd1dfdaf705ab.svg,5.0,17 Terjual,https://deo.shopeemobile.com/shopee/modules-federation/live/0/shopee__item-card-standard-v2/0.2.8/pc/5dd7b4560d0e2d3190e8.svg,Jakarta Barat,https://deo.shopeemobile.com/shopee/modules-federation/live/0/shopee__item-card-standard-v2/0.2.8/pc/a425c915798471b33e5d.png,,,,"Laptop Acer ES1-432 Celeron-N3350 Ram 4/500GB BERGARANSI RED
Rp
1.900.000
5.0
17 Terjual
Jakarta Barat",https://shopee.co.id/Laptop-Acer-ES1-432-Celeron-N3350-Ram-4-500GB-BERGARANSI-RED-i.850155898.22744666378?extraParams=%7B%22display_model_id%22%3A175927577840%2C%22model_selection_logic%22%3A3%7D&sp_atk=09c5ecb5-250e-4676-a3f9-5b9211d13d88&xptdk=09c5ecb5-250e-4676-a3f9-5b9211d13d88
https://down-id.img.susercontent.com/file/id-11134207-7r98s-lsjmyqqlgvg42b,https://down-id.img.susercontent.com/file/id-11134258-822wr-mlx67rtd6r602f,Leptop Laptop Acer RAM 4GB SSD 128GB Generasi baru sangat mulus,Rp,1.850.000,https://deo.shopeemobile.com/shopee/modules-federation/live/0/shopee__item-card-standard-v2/0.2.8/pc/d7099d3fd1dfdaf705ab.svg,4.6,55 Terjual,https://deo.shopeemobile.com/shopee/modules-federation/live/0/shopee__item-card-standard-v2/0.2.8/pc/5dd7b4560d0e2d3190e8.svg,Jakarta Timur,https://deo.shopeemobile.com/shopee/modules-federation/live/0/shopee__item-card-standard-v2/0.2.8/pc/e4734dab67ee2f9ebd5a.png,,,,"Leptop Laptop Acer RAM 4GB SSD 128GB Generasi baru sangat mulus
Rp
1.850.000
4.6
55 Terjual
Jakarta Timur",https://shopee.co.id/Leptop-Laptop-Acer-RAM-4GB-SSD-128GB-Generasi-baru-sangat-mulus-i.21730609.11700497210?extraParams=%7B%22display_model_id%22%3A75183482254%2C%22model_selection_logic%22%3A3%7D&sp_atk=9297b392-ddbf-4971-9666-21fc0a04cee5&xptdk=9297b392-ddbf-4971-9666-21fc0a04cee5
https://down-id.img.susercontent.com/file/id-11134207-7r98r-lo3nli9t0vqya5,https://down-id.img.susercontent.com/file/id-11134258-822wr-mlx67rtd6r602f,READY STOK!!! Laptop ACER Aspire Core i3 Ram 8GB/1TB Windows 10 14 inch // FREE TAS // FREE OFFICE,Rp,3.450.000,https://deo.shopeemobile.com/shopee/modules-federation/live/0/shopee__item-card-standard-v2/0.2.8/pc/d7099d3fd1dfdaf705ab.svg,4.5,53 Terjual,https://deo.shopeemobile.com/shopee/modules-federation/live/0/shopee__item-card-standard-v2/0.2.8/pc/5dd7b4560d0e2d3190e8.svg,Jakarta Barat,https://deo.shopeemobile.com/shopee/modules-federation/live/0/shopee__item-card-standard-v2/0.2.8/pc/e4734dab67ee2f9ebd5a.png,,,,"READY STOK!!! Laptop ACER Aspire Core i3 Ram 8GB/1TB Windows 10 14 inch // FREE TAS // FREE OFFICE
Rp
3.450.000
4.5
53 Terjual
Jakarta Barat",https://shopee.co.id/READY-STOK!!!-Laptop-ACER-Aspire-Core-i3-Ram-8GB-1TB-Windows-10-14-inch-FREE-TAS-FREE-OFFICE-i.89341174.24850998394?extraParams=%7B%22display_model_id%22%3A176218193414%2C%22model_selection_logic%22%3A3%7D&sp_atk=d134a389-7c7f-4249-bd98-5e1aaf8ec85a&xptdk=d134a389-7c7f-4249-bd98-5e1aaf8ec85a
https://down-id.img.susercontent.com/file/id-11134207-7rasg-m3bt72qbc1zjdc,https://down-id.img.susercontent.com/file/id-11134258-8224v-mkvw0cu9r7k1a5,LAPTOP ACER TERMURAH ASPIRE 14 INCI RAM 8GB SSD 256GB WIN10 [FREE TAS&MOUSE],Rp,1.345.000,https://deo.shopeemobile.com/shopee/modules-federation/live/0/shopee__item-card-standard-v2/0.2.8/pc/d7099d3fd1dfdaf705ab.svg,4.5,171 Terjual,https://deo.shopeemobile.com/shopee/modules-federation/live/0/shopee__item-card-standard-v2/0.2.8/pc/5dd7b4560d0e2d3190e8.svg,Jakarta Barat,https://deo.shopeemobile.com/shopee/modules-federation/live/0/shopee__item-card-standard-v2/0.2.8/pc/e4734dab67ee2f9ebd5a.png,-42%,https://deo.shopeemobile.com/shopee/modules-federation/live/0/shopee__item-card-standard-v2/0.2.8/pc/b4d1b8a78b3621dbdf4a.svg,,"LAPTOP ACER TERMURAH ASPIRE 14 INCI RAM 8GB SSD 256GB WIN10 [FREE TAS&MOUSE]
Rp
1.345.000
-42%
4.5
171 Terjual
Jakarta Barat",https://shopee.co.id/LAPTOP-ACER-TERMURAH-ASPIRE-14-INCI-RAM-8GB-SSD-256GB-WIN10-FREE-TAS-MOUSE--i.86838885.12955768626?extraParams=%7B%22display_model_id%22%3A194051162087%2C%22model_selection_logic%22%3A3%7D&sp_atk=496ff22d-bb32-4625-ad8c-22cfb7d5770d&xptdk=496ff22d-bb32-4625-ad8c-22cfb7d5770d
https://down-id.img.susercontent.com/file/id-11134207-8224s-mhlp17hs2jnqd1,https://down-id.img.susercontent.com/file/id-11134258-822wr-mlx67rtd6r602f,ACER ASPIRE A314 AMD 3020E 8GB RAM 512GB SSD 14 VGA RADEON Windows 11,Rp,3.403.800,https://deo.shopeemobile.com/shopee/modules-federation/live/0/shopee__item-card-standard-v2/0.2.8/pc/d7099d3fd1dfdaf705ab.svg,5.0,3 Terjual,https://deo.shopeemobile.com/shopee/modules-federation/live/0/shopee__item-card-standard-v2/0.2.8/pc/5dd7b4560d0e2d3190e8.svg,Jakarta Barat,https://deo.shopeemobile.com/shopee/modules-federation/live/0/shopee__item-card-standard-v2/0.2.8/pc/a425c915798471b33e5d.png,-38%,,,"ACER ASPIRE A314 AMD 3020E 8GB RAM 512GB SSD 14 VGA RADEON Windows 11
Rp
3.403.800
-38%
5.0
3 Terjual
Jakarta Barat",https://shopee.co.id/ACER-ASPIRE-A314-AMD-3020E-8GB-RAM-512GB-SSD-14-VGA-RADEON-Windows-11-i.1124285767.45202283700?extraParams=%7B%22display_model_id%22%3A340220311696%2C%22model_selection_logic%22%3A3%7D&sp_atk=b954730a-b1e2-43ef-9e0d-697b3efc031e&xptdk=b954730a-b1e2-43ef-9e0d-697b3efc031e
https://down-id.img.susercontent.com/file/id-11134207-7rbkb-m9sc1d67uh02ca,https://down-id.img.susercontent.com/file/id-11134258-8224v-mkvw0cu9r7k1a5,All Laptop Acer Travelmate Intel Core i5 / i7 RAM 8Gb SSD 512Gb Double VGA Bergaransi Original,Rp,2.700.000,https://deo.shopeemobile.com/shopee/modules-federation/live/0/shopee__item-card-standard-v2/0.2.8/pc/d7099d3fd1dfdaf705ab.svg,4.5,28 Terjual,https://deo.shopeemobile.com/shopee/modules-federation/live/0/shopee__item-card-standard-v2/0.2.8/pc/5dd7b4560d0e2d3190e8.svg,Bandung,https://deo.shopeemobile.com/shopee/modules-federation/live/0/shopee__item-card-standard-v2/0.2.8/pc/a425c915798471b33e5d.png,,,,"All Laptop Acer Travelmate Intel Core i5 / i7 RAM 8Gb SSD 512Gb Double VGA Bergaransi Original
Rp
2.700.000
4.5
28 Terjual
Bandung",https://shopee.co.id/All-Laptop-Acer-Travelmate-Intel-Core-i5-i7-RAM-8Gb-SSD-512Gb-Double-VGA-Bergaransi-Original-i.214563751.22566435652?extraParams=%7B%22display_model_id%22%3A232153968767%2C%22model_selection_logic%22%3A3%7D&sp_atk=872bfd23-b864-42af-bb6b-428a3b652d2f&xptdk=872bfd23-b864-42af-bb6b-428a3b652d2f
https://down-id.img.susercontent.com/file/id-11134207-7rasg-m1npkpk7zg7jb8,https://down-id.img.susercontent.com/file/id-11134258-822wr-mlx67rtd6r602f,LAPTOP Acer Aspire Core i3 / RAM 4GB - 512 SSD/ WIN 10 / 14 INCH / DAPAT BONUS TAS DAN MOUSE,Rp,2.650.000,https://deo.shopeemobile.com/shopee/modules-federation/live/0/shopee__item-card-standard-v2/0.2.8/pc/d7099d3fd1dfdaf705ab.svg,5.0,2 Terjual,https://deo.shopeemobile.com/shopee/modules-federation/live/0/shopee__item-card-standard-v2/0.2.8/pc/5dd7b4560d0e2d3190e8.svg,Jakarta Barat,,,,,"LAPTOP Acer Aspire Core i3 / RAM 4GB - 512 SSD/ WIN 10 / 14 INCH / DAPAT BONUS TAS DAN MOUSE
Rp
2.650.000
5.0
2 Terjual
Jakarta Barat",https://shopee.co.id/LAPTOP-Acer-Aspire-Core-i3-RAM-4GB-512-SSD-WIN-10-14-INCH-DAPAT-BONUS-TAS-DAN-MOUSE-i.1267423242.26814837084?extraParams=%7B%22display_model_id%22%3A157513615831%2C%22model_selection_logic%22%3A3%7D&sp_atk=48b5e1eb-5320-4d51-981e-edbbe3f248f8&xptdk=48b5e1eb-5320-4d51-981e-edbbe3f248f8
https://down-id.img.susercontent.com/file/id-11134207-7rasj-m1mloovzq6cx1e,https://down-id.img.susercontent.com/file/id-11134258-822wr-mlx67rtd6r602f,NOTEBOOK ACER CELERON RAM 4GB // 512 SSD // WIN 10 // DAPAT BONUS TAS DAN MOUSE,Rp,1.650.000,,,,https://deo.shopeemobile.com/shopee/modules-federation/live/0/shopee__item-card-standard-v2/0.2.8/pc/5dd7b4560d0e2d3190e8.svg,Jakarta Barat,,,,,"NOTEBOOK ACER CELERON RAM 4GB // 512 SSD // WIN 10 // DAPAT BONUS TAS DAN MOUSE
Rp
1.650.000
Jakarta Barat",https://shopee.co.id/NOTEBOOK-ACER-CELERON-RAM-4GB-512-SSD-WIN-10-DAPAT-BONUS-TAS-DAN-MOUSE-i.1267423242.29164749246?extraParams=%7B%22display_model_id%22%3A148842506489%2C%22model_selection_logic%22%3A3%7D&sp_atk=e1db6881-cc14-48d4-8ff3-541548be3254&xptdk=e1db6881-cc14-48d4-8ff3-541548be3254
https://down-id.img.susercontent.com/file/id-11134207-8224x-mkup7bfzteyo0b,https://down-id.img.susercontent.com/file/id-11134258-7r98w-lyezzaurybot13,Laptop Acer aspire V5-471 series   Windows 10 pro 64-bit  Processor Intel core i3-3217U 1.8GHz Ram 6 gb Penyimpanan 500gb hdd & 320 GB hdd  Display Intel HD Graphics 4000 UK 13 inch Touchscreen,Rp,1.549.000,https://deo.shopeemobile.com/shopee/modules-federation/live/0/shopee__item-card-standard-v2/0.2.8/pc/d7099d3fd1dfdaf705ab.svg,5.0,2 Terjual,https://deo.shopeemobile.com/shopee/modules-federation/live/0/shopee__item-card-standard-v2/0.2.8/pc/5dd7b4560d0e2d3190e8.svg,Tangerang,https://deo.shopeemobile.com/shopee/modules-federation/live/0/shopee__item-card-standard-v2/0.2.8/pc/e4734dab67ee2f9ebd5a.png,-1%,,,"Laptop Acer aspire V5-471 series Windows 10 pro 64-bit Processor Intel core i3-3217U 1.8GHz Ram 6 gb Penyimpanan 500gb hdd & 320 GB hdd Display Intel HD Graphics 4000 UK 13 inch Touchscreen
Rp
1.549.000
-1%
5.0
2 Terjual
Tangerang",https://shopee.co.id/Laptop-Acer-aspire-V5-471-series-Windows-10-pro-64-bit-Processor-Intel-core-i3-3217U-1.8GHz-Ram-6-gb-Penyimpanan-500gb-hdd-320-GB-hdd-Display-Intel-HD-Graphics-4000-UK-13-inch-Touchscreen-i.18199758.55156267197?extraParams=%7B%22display_model_id%22%3A435567545808%2C%22model_selection_logic%22%3A3%7D&sp_atk=0bceaa12-2bc5-4d79-bb4f-c394a1eaed32&xptdk=0bceaa12-2bc5-4d79-bb4f-c394a1eaed32
https://down-id.img.susercontent.com/file/id-11134207-7r98t-lrh0kppfi8yh2a,https://down-id.img.susercontent.com/file/id-11134258-8224v-mkvw0cu9r7k1a5,Notebook Acer 11 inchi intel celeron Ram 4GB Ssd 256GB FREE GIFT,Rp,1.313.000,https://deo.shopeemobile.com/shopee/modules-federation/live/0/shopee__item-card-standard-v2/0.2.8/pc/d7099d3fd1dfdaf705ab.svg,4.3,92 Terjual,https://deo.shopeemobile.com/shopee/modules-federation/live/0/shopee__item-card-standard-v2/0.2.8/pc/5dd7b4560d0e2d3190e8.svg,Jakarta Barat,https://deo.shopeemobile.com/shopee/modules-federation/live/0/shopee__item-card-standard-v2/0.2.8/pc/e4734dab67ee2f9ebd5a.png,-51%,https://deo.shopeemobile.com/shopee/modules-federation/live/0/shopee__item-card-standard-v2/0.2.8/pc/b4d1b8a78b3621dbdf4a.svg,Cicilan,"Notebook Acer 11 inchi intel celeron Ram 4GB Ssd 256GB FREE GIFT
Rp
1.313.000
-51%
Cicilan
4.3
92 Terjual
Jakarta Barat",https://shopee.co.id/Notebook-Acer-11-inchi-intel-celeron-Ram-4GB-Ssd-256GB-FREE-GIFT-i.21620531.7684436362?extraParams=%7B%22display_model_id%22%3A64600984185%2C%22model_selection_logic%22%3A3%7D&sp_atk=9d05d6b5-365d-48f2-8a93-b57421c5e791&xptdk=9d05d6b5-365d-48f2-8a93-b57421c5e791
https://down-id.img.susercontent.com/file/id-11134207-7rasm-m3n5q1ko4yl99f,https://down-id.img.susercontent.com/file/id-11134258-822wr-mlx67rtd6r602f,"LAPTOP ACER INTEL CORE i3 | RAM 8GB SSD 512GB | 14 INCH WINDOWS 10 + OFFICE - BONUS TAS LAPTOP, MOUSE, MOUSE PAD",Rp,2.274.000,https://deo.shopeemobile.com/shopee/modules-federation/live/0/shopee__item-card-standard-v2/0.2.8/pc/d7099d3fd1dfdaf705ab.svg,5.0,12 Terjual,https://deo.shopeemobile.com/shopee/modules-federation/live/0/shopee__item-card-standard-v2/0.2.8/pc/5dd7b4560d0e2d3190e8.svg,Jakarta Barat,https://deo.shopeemobile.com/shopee/modules-federation/live/0/shopee__item-card-standard-v2/0.2.8/pc/e4734dab67ee2f9ebd5a.png,-1%,https://deo.shopeemobile.com/shopee/modules-federation/live/0/shopee__item-card-standard-v2/0.2.8/pc/b4d1b8a78b3621dbdf4a.svg,,"LAPTOP ACER INTEL CORE i3 | RAM 8GB SSD 512GB | 14 INCH WINDOWS 10 + OFFICE - BONUS TAS LAPTOP, MOUSE, MOUSE PAD
Rp
2.274.000
-1%
5.0
12 Terjual
Jakarta Barat",https://shopee.co.id/LAPTOP-ACER-INTEL-CORE-i3-RAM-8GB-SSD-512GB-14-INCH-WINDOWS-10-OFFICE-BONUS-TAS-LAPTOP-MOUSE-MOUSE-PAD-i.566072969.26070461545?extraParams=%7B%22display_model_id%22%3A185631145228%2C%22model_selection_logic%22%3A3%7D&sp_atk=94073b9c-dfb7-447a-ae01-9fca65869af9&xptdk=94073b9c-dfb7-447a-ae01-9fca65869af9
https://down-id.img.susercontent.com/file/id-11134207-8224u-mg7lggq4ruob60,https://down-id.img.susercontent.com/file/id-11134258-822wr-mlx67rtd6r602f,"ACER ASPIRE 3 A314 AMD Aseries RAM 8GB-SSD 512GB 14"" HD W 10 free BAG LAPTOP-MOUSE",Rp,2.291.250,https://deo.shopeemobile.com/shopee/modules-federation/live/0/shopee__item-card-standard-v2/0.2.8/pc/d7099d3fd1dfdaf705ab.svg,5.0,5 Terjual,https://deo.shopeemobile.com/shopee/modules-federation/live/0/shopee__item-card-standard-v2/0.2.8/pc/5dd7b4560d0e2d3190e8.svg,Jakarta Barat,https://deo.shopeemobile.com/shopee/modules-federation/live/0/shopee__item-card-standard-v2/0.2.8/pc/a425c915798471b33e5d.png,-25%,,,"ACER ASPIRE 3 A314 AMD Aseries RAM 8GB-SSD 512GB 14"" HD W 10 free BAG LAPTOP-MOUSE
Rp
2.291.250
-25%
5.0
5 Terjual
Jakarta Barat",https://shopee.co.id/ACER-ASPIRE-3-A314-AMD-Aseries-RAM-8GB-SSD-512GB-14-HD-W-10-free-BAG-LAPTOP-MOUSE-i.1437111249.45400116029?extraParams=%7B%22display_model_id%22%3A415008457362%2C%22model_selection_logic%22%3A3%7D&sp_atk=7f1d68e9-d9f3-41b8-8744-feb6974ae18b&xptdk=7f1d68e9-d9f3-41b8-8744-feb6974ae18b
https://down-id.img.susercontent.com/file/id-11134207-7rbkb-mamaj8kgxlg94c,https://down-id.img.susercontent.com/file/id-11134258-822wr-mlx67rtd6r602f,"ACER ASPIRE 3 A314-32 INTEL CELERON N4000 | RAM 8GB SSD 512GB | 14 INCH WINDOWS 10 + OFFICE - BONUS TAS LAPTOP, MOUSE, MOUSE PAD",Rp,2.374.000,https://deo.shopeemobile.com/shopee/modules-federation/live/0/shopee__item-card-standard-v2/0.2.8/pc/d7099d3fd1dfdaf705ab.svg,4.8,54 Terjual,https://deo.shopeemobile.com/shopee/modules-federation/live/0/shopee__item-card-standard-v2/0.2.8/pc/5dd7b4560d0e2d3190e8.svg,Jakarta Barat,https://deo.shopeemobile.com/shopee/modules-federation/live/0/shopee__item-card-standard-v2/0.2.8/pc/e4734dab67ee2f9ebd5a.png,-1%,https://deo.shopeemobile.com/shopee/modules-federation/live/0/shopee__item-card-standard-v2/0.2.8/pc/b4d1b8a78b3621dbdf4a.svg,,"ACER ASPIRE 3 A314-32 INTEL CELERON N4000 | RAM 8GB SSD 512GB | 14 INCH WINDOWS 10 + OFFICE - BONUS TAS LAPTOP, MOUSE, MOUSE PAD
Rp
2.374.000
-1%
4.8
54 Terjual
Jakarta Barat",https://shopee.co.id/ACER-ASPIRE-3-A314-32-INTEL-CELERON-N4000-RAM-8GB-SSD-512GB-14-INCH-WINDOWS-10-OFFICE-BONUS-TAS-LAPTOP-MOUSE-MOUSE-PAD-i.566072969.20865445163?extraParams=%7B%22display_model_id%22%3A165755789442%2C%22model_selection_logic%22%3A3%7D&sp_atk=0b3aedc1-b69e-4427-b69c-7134ea2d17da&xptdk=0b3aedc1-b69e-4427-b69c-7134ea2d17da
https://down-id.img.susercontent.com/file/id-11134207-8224p-mfuwf8ghrv9n0a,https://down-id.img.susercontent.com/file/id-11134258-822wr-mlx67rtd6r602f,"ACER ASPIRE 3 SLIM A314 36M CORE I3 N305 8GB RAM 512GB SSD 14"" FHD Windows11",Rp,4.590.000,https://deo.shopeemobile.com/shopee/modules-federation/live/0/shopee__item-card-standard-v2/0.2.8/pc/d7099d3fd1dfdaf705ab.svg,5.0,8 Terjual,https://deo.shopeemobile.com/shopee/modules-federation/live/0/shopee__item-card-standard-v2/0.2.8/pc/5dd7b4560d0e2d3190e8.svg,Jakarta Barat,https://deo.shopeemobile.com/shopee/modules-federation/live/0/shopee__item-card-standard-v2/0.2.8/pc/a425c915798471b33e5d.png,-46%,,,"ACER ASPIRE 3 SLIM A314 36M CORE I3 N305 8GB RAM 512GB SSD 14"" FHD Windows11
Rp
4.590.000
-46%
5.0
8 Terjual
Jakarta Barat",https://shopee.co.id/ACER-ASPIRE-3-SLIM-A314-36M-CORE-I3-N305-8GB-RAM-512GB-SSD-14-FHD-Windows11-i.1124285767.43324307880?extraParams=%7B%22display_model_id%22%3A390799863105%2C%22model_selection_logic%22%3A3%7D&sp_atk=bcd8023d-c67f-40c8-b352-417ea1eda5c1&xptdk=bcd8023d-c67f-40c8-b352-417ea1eda5c1
https://down-id.img.susercontent.com/file/id-11134207-822wo-mmotcpdl6xhkdb,https://down-id.img.susercontent.com/file/id-11134258-8224v-mkvw0cu9r7k1a5,Notebook Acer Aspire V5-321,Rp,1.500.000,,,,https://deo.shopeemobile.com/shopee/modules-federation/live/0/shopee__item-card-standard-v2/0.2.8/pc/5dd7b4560d0e2d3190e8.svg,Jakarta Barat,,,,,"Notebook Acer Aspire V5-321
Rp
1.500.000
Jakarta Barat",https://shopee.co.id/Notebook-Acer-Aspire-V5-321-i.816009841.47258287850?extraParams=%7B%22display_model_id%22%3A259200064473%2C%22model_selection_logic%22%3A3%7D&sp_atk=1abe1302-179b-43c6-8bbf-401104266821&xptdk=1abe1302-179b-43c6-8bbf-401104266821
https://down-id.img.susercontent.com/file/id-11134207-7rbk4-matbmpn3lj4u9a,https://down-id.img.susercontent.com/file/id-11134258-8224v-mkvw0cu9r7k1a5,Acer travelmate P214-52 i5 gen 10 ram 8gb ssd 256gb,Rp,2.150.000,https://deo.shopeemobile.com/shopee/modules-federation/live/0/shopee__item-card-standard-v2/0.2.8/pc/d7099d3fd1dfdaf705ab.svg,5.0,32 Terjual,https://deo.shopeemobile.com/shopee/modules-federation/live/0/shopee__item-card-standard-v2/0.2.8/pc/5dd7b4560d0e2d3190e8.svg,Bandung,,,,,"Acer travelmate P214-52 i5 gen 10 ram 8gb ssd 256gb
Rp
2.150.000
5.0
32 Terjual
Bandung",https://shopee.co.id/Acer-travelmate-P214-52-i5-gen-10-ram-8gb-ssd-256gb-i.969184755.24704876076?extraParams=%7B%22display_model_id%22%3A300334632297%2C%22model_selection_logic%22%3A3%7D&sp_atk=81f53941-cec6-42fc-bad9-d0b144bb01d4&xptdk=81f53941-cec6-42fc-bad9-d0b144bb01d4
https://down-id.img.susercontent.com/file/id-11134207-7r98s-lrsed64xuzwmd0,https://down-id.img.susercontent.com/file/id-11134258-8224v-mkvw0cu9r7k1a5,Notebook Acer 11.6 inci RAM 4GB Windows 10,Rp,1.345.000,https://deo.shopeemobile.com/shopee/modules-federation/live/0/shopee__item-card-standard-v2/0.2.8/pc/d7099d3fd1dfdaf705ab.svg,4.7,56 Terjual,https://deo.shopeemobile.com/shopee/modules-federation/live/0/shopee__item-card-standard-v2/0.2.8/pc/5dd7b4560d0e2d3190e8.svg,Jakarta Barat,https://deo.shopeemobile.com/shopee/modules-federation/live/0/shopee__item-card-standard-v2/0.2.8/pc/e4734dab67ee2f9ebd5a.png,-27%,https://deo.shopeemobile.com/shopee/modules-federation/live/0/shopee__item-card-standard-v2/0.2.8/pc/b4d1b8a78b3621dbdf4a.svg,,"Notebook Acer 11.6 inci RAM 4GB Windows 10
Rp
1.345.000
-27%
4.7
56 Terjual
Jakarta Barat",https://shopee.co.id/Notebook-Acer-11.6-inci-RAM-4GB-Windows-10-i.86838885.12180871821?extraParams=%7B%22display_model_id%22%3A160717945928%2C%22model_selection_logic%22%3A3%7D&sp_atk=95bc65c8-5566-40d9-9588-9a9b8d0e6cf3&xptdk=95bc65c8-5566-40d9-9588-9a9b8d0e6cf3
https://down-id.img.susercontent.com/file/id-11134207-81zth-mff2kdzm6xag7b,https://down-id.img.susercontent.com/file/id-11134258-7r98w-lyezzaurybot13,laptop acer e5 411 intel core i3 ram 8gb ssd 128gb putih,Rp,1.700.000,,,,https://deo.shopeemobile.com/shopee/modules-federation/live/0/shopee__item-card-standard-v2/0.2.8/pc/5dd7b4560d0e2d3190e8.svg,Tangerang,https://deo.shopeemobile.com/shopee/modules-federation/live/0/shopee__item-card-standard-v2/0.2.8/pc/e4734dab67ee2f9ebd5a.png,,,,"laptop acer e5 411 intel core i3 ram 8gb ssd 128gb putih
Rp
1.700.000
Tangerang",https://shopee.co.id/laptop-acer-e5-411-intel-core-i3-ram-8gb-ssd-128gb-putih-i.18199758.44222830529?extraParams=%7B%22display_model_id%22%3A224555068960%2C%22model_selection_logic%22%3A3%7D&sp_atk=f5823115-cc52-424a-b47f-e3510e97d940&xptdk=f5823115-cc52-424a-b47f-e3510e97d940
https://down-id.img.susercontent.com/file/id-11134207-8224t-mg05v097xvd9f1,https://down-id.img.susercontent.com/file/id-11134258-7r98w-lyezzaurybot13,Laptop ACER ASPIRE S7 MS2364 processor i7,Rp,1.500.000,,,,https://deo.shopeemobile.com/shopee/modules-federation/live/0/shopee__item-card-standard-v2/0.2.8/pc/5dd7b4560d0e2d3190e8.svg,Jakarta Selatan,,,,,"Laptop ACER ASPIRE S7 MS2364 processor i7
Rp
1.500.000
Jakarta Selatan",https://shopee.co.id/Laptop-ACER-ASPIRE-S7-MS2364-processor-i7-i.130077833.42674977204?extraParams=%7B%22display_model_id%22%3A262025057329%2C%22model_selection_logic%22%3A3%7D&sp_atk=019a0b8f-4467-4986-a255-8e347179c644&xptdk=019a0b8f-4467-4986-a255-8e347179c644
https://down-id.img.susercontent.com/file/id-11134207-7r98o-ls6qxfcyox8411,https://down-id.img.susercontent.com/file/id-11134258-8224v-mkvw0cu9r7k1a5,TERMURAH LAPTOP ACER ASPIRE 14 INCH RAM 8GB [FREE TAS & MOUSE],Rp,1.321.000,https://deo.shopeemobile.com/shopee/modules-federation/live/0/shopee__item-card-standard-v2/0.2.8/pc/d7099d3fd1dfdaf705ab.svg,5.0,9 Terjual,https://deo.shopeemobile.com/shopee/modules-federation/live/0/shopee__item-card-standard-v2/0.2.8/pc/5dd7b4560d0e2d3190e8.svg,Jakarta Barat,https://deo.shopeemobile.com/shopee/modules-federation/live/0/shopee__item-card-standard-v2/0.2.8/pc/e4734dab67ee2f9ebd5a.png,-48%,https://deo.shopeemobile.com/shopee/modules-federation/live/0/shopee__item-card-standard-v2/0.2.8/pc/b4d1b8a78b3621dbdf4a.svg,,"TERMURAH LAPTOP ACER ASPIRE 14 INCH RAM 8GB [FREE TAS & MOUSE]
Rp
1.321.000
-48%
5.0
9 Terjual
Jakarta Barat",https://shopee.co.id/TERMURAH-LAPTOP-ACER-ASPIRE-14-INCH-RAM-8GB-FREE-TAS-MOUSE--i.86838885.15508656991?extraParams=%7B%22display_model_id%22%3A86045074985%2C%22model_selection_logic%22%3A3%7D&sp_atk=9081f7ef-af8a-4bf7-8743-f277f48ea70c&xptdk=9081f7ef-af8a-4bf7-8743-f277f48ea70c
https://down-id.img.susercontent.com/file/id-11134207-7rbkd-m9y37icgbrxvea,https://down-id.img.susercontent.com/file/id-11134258-822wp-mlyjp115kz5tc6,ACER ASPIRE 3 A314-22 AMD ATHLON SILVER 3050U RAM 8GB SSD 512GB 14 INCH Windows 11,Rp,3.795.000,https://deo.shopeemobile.com/shopee/modules-federation/live/0/shopee__item-card-standard-v2/0.2.8/pc/d7099d3fd1dfdaf705ab.svg,4.9,18 Terjual,https://deo.shopeemobile.com/shopee/modules-federation/live/0/shopee__item-card-standard-v2/0.2.8/pc/5dd7b4560d0e2d3190e8.svg,Jakarta Barat,https://deo.shopeemobile.com/shopee/modules-federation/live/0/shopee__item-card-standard-v2/0.2.8/pc/a425c915798471b33e5d.png,-31%,,,"ACER ASPIRE 3 A314-22 AMD ATHLON SILVER 3050U RAM 8GB SSD 512GB 14 INCH Windows 11
Rp
3.795.000
-31%
4.9
18 Terjual
Jakarta Barat",https://shopee.co.id/ACER-ASPIRE-3-A314-22-AMD-ATHLON-SILVER-3050U-RAM-8GB-SSD-512GB-14-INCH-Windows-11-i.1124285767.43201400848?extraParams=%7B%22display_model_id%22%3A227827731429%2C%22model_selection_logic%22%3A3%7D&sp_atk=35a405a9-a631-43ad-80ea-913b3e728bfe&xptdk=35a405a9-a631-43ad-80ea-913b3e728bfe
https://down-id.img.susercontent.com/file/id-11134207-8224o-mii5mse4d0jm79,https://down-id.img.susercontent.com/file/id-11134258-8224v-mkvw0cu9r7k1a5,LAPTOP ACER E1 471 CORE I3 RAM 4GB,Rp,1.260.000,https://deo.shopeemobile.com/shopee/modules-federation/live/0/shopee__item-card-standard-v2/0.2.8/pc/d7099d3fd1dfdaf705ab.svg,4.6,13 Terjual,https://deo.shopeemobile.com/shopee/modules-federation/live/0/shopee__item-card-standard-v2/0.2.8/pc/5dd7b4560d0e2d3190e8.svg,Jakarta Barat,,,,Produk Baru,"LAPTOP ACER E1 471 CORE I3 RAM 4GB
Rp
1.260.000
Produk Baru
4.6
13 Terjual
Jakarta Barat",https://shopee.co.id/LAPTOP-ACER-E1-471-CORE-I3-RAM-4GB-i.71715138.44177400502?extraParams=%7B%22display_model_id%22%3A325326670346%2C%22model_selection_logic%22%3A3%7D&sp_atk=1d22aef6-01d8-4296-a819-301072e0d356&xptdk=1d22aef6-01d8-4296-a819-301072e0d356
https://down-id.img.susercontent.com/file/id-11134207-82252-mih6inpahx4z9f,https://down-id.img.susercontent.com/file/id-11134258-7r98w-lyezzaurybot13,Laptop Acer aspire 4349 series   Windows 10 pro 64-bit  Processor Intel core i5-2520M 2.5GHz Ram 4 GB  Penyimpanan 320gb hdd & 256gb ssd Display Intel HD Graphics 3000 UK 14 inch,Rp,1.699.000,,,,https://deo.shopeemobile.com/shopee/modules-federation/live/0/shopee__item-card-standard-v2/0.2.8/pc/5dd7b4560d0e2d3190e8.svg,Tangerang,https://deo.shopeemobile.com/shopee/modules-federation/live/0/shopee__item-card-standard-v2/0.2.8/pc/e4734dab67ee2f9ebd5a.png,-21%,,Produk Baru,"Laptop Acer aspire 4349 series Windows 10 pro 64-bit Processor Intel core i5-2520M 2.5GHz Ram 4 GB Penyimpanan 320gb hdd & 256gb ssd Display Intel HD Graphics 3000 UK 14 inch
Rp
1.699.000
-21%
Produk Baru
Tangerang",https://shopee.co.id/Laptop-Acer-aspire-4349-series-Windows-10-pro-64-bit-Processor-Intel-core-i5-2520M-2.5GHz-Ram-4-GB-Penyimpanan-320gb-hdd-256gb-ssd-Display-Intel-HD-Graphics-3000-UK-14-inch-i.41632262.53653373250?extraParams=%7B%22display_model_id%22%3A400324563093%2C%22model_selection_logic%22%3A3%7D&sp_atk=d58d5123-fe5e-44a6-ad74-5499bb5a314c&xptdk=d58d5123-fe5e-44a6-ad74-5499bb5a314c
https://down-id.img.susercontent.com/file/id-11134207-8224t-mhyfq68jfitff0,https://down-id.img.susercontent.com/file/id-11134258-7r98w-lyezzaurybot13,Laptop Acer aspire E1-422 series  Windows 8 pro 32-bit Processor AMD E1-2500 1.4 GHz Ram 2 gb Penyimpanan 500 GB hdd Display AMD Radeon hd 8200/R3 series uk 13 inch,Rp,1.349.000,,,,https://deo.shopeemobile.com/shopee/modules-federation/live/0/shopee__item-card-standard-v2/0.2.8/pc/5dd7b4560d0e2d3190e8.svg,Tangerang,https://deo.shopeemobile.com/shopee/modules-federation/live/0/shopee__item-card-standard-v2/0.2.8/pc/e4734dab67ee2f9ebd5a.png,-37%,,,"Laptop Acer aspire E1-422 series Windows 8 pro 32-bit Processor AMD E1-2500 1.4 GHz Ram 2 gb Penyimpanan 500 GB hdd Display AMD Radeon hd 8200/R3 series uk 13 inch
Rp
1.349.000
-37%
Tangerang",https://shopee.co.id/Laptop-Acer-aspire-E1-422-series-Windows-8-pro-32-bit-Processor-AMD-E1-2500-1.4-GHz-Ram-2-gb-Penyimpanan-500-GB-hdd-Display-AMD-Radeon-hd-8200-R3-series-uk-13-inch-i.41632262.44502734677?extraParams=%7B%22display_model_id%22%3A375262319116%2C%22model_selection_logic%22%3A3%7D&sp_atk=bb67361d-5cc0-4ab3-95b6-f971e607a042&xptdk=bb67361d-5cc0-4ab3-95b6-f971e607a042
https://down-id.img.susercontent.com/file/id-11134207-7ra0p-mdo8dqt0sxbo07,https://down-id.img.susercontent.com/file/id-11134258-7r98w-lyezzaurybot13,Laptop acer aspire E14 E5-476-386Q  Windows 11 pro 64bit Intel core i3-7020U 2.3Ghz 4gb ram 128gb ssd Inormal bergaransi,Rp,1.899.000,https://deo.shopeemobile.com/shopee/modules-federation/live/0/shopee__item-card-standard-v2/0.2.8/pc/d7099d3fd1dfdaf705ab.svg,4.7,7 Terjual,https://deo.shopeemobile.com/shopee/modules-federation/live/0/shopee__item-card-standard-v2/0.2.8/pc/5dd7b4560d0e2d3190e8.svg,Tangerang,https://deo.shopeemobile.com/shopee/modules-federation/live/0/shopee__item-card-standard-v2/0.2.8/pc/e4734dab67ee2f9ebd5a.png,-35%,,,"Laptop acer aspire E14 E5-476-386Q Windows 11 pro 64bit Intel core i3-7020U 2.3Ghz 4gb ram 128gb ssd Inormal bergaransi
Rp
1.899.000
-35%
4.7
7 Terjual
Tangerang",https://shopee.co.id/Laptop-acer-aspire-E14-E5-476-386Q-Windows-11-pro-64bit-Intel-core-i3-7020U-2.3Ghz-4gb-ram-128gb-ssd-Inormal-bergaransi-i.18199758.43264297705?extraParams=%7B%22display_model_id%22%3A258774068091%2C%22model_selection_logic%22%3A3%7D&sp_atk=0e074956-07c2-4bf1-a4f7-060906d332b7&xptdk=0e074956-07c2-4bf1-a4f7-060906d332b7
https://down-id.img.susercontent.com/file/id-11134207-7rash-m3g02gmkyxn8a1,https://down-id.img.susercontent.com/file/id-11134258-8224v-mkvw0cu9r7k1a5,"Acer Chromebook C738T, (Touchscreen), (OS Chrome), #Flip, Bisa Jadi Tab, Super Slim, Ringan, Seri Baru, Mulus, Lengkap, Black",Rp,1.800.000,https://deo.shopeemobile.com/shopee/modules-federation/live/0/shopee__item-card-standard-v2/0.2.8/pc/d7099d3fd1dfdaf705ab.svg,5.0,3 Terjual,https://deo.shopeemobile.com/shopee/modules-federation/live/0/shopee__item-card-standard-v2/0.2.8/pc/5dd7b4560d0e2d3190e8.svg,Jakarta Barat,,,,,"Acer Chromebook C738T, (Touchscreen), (OS Chrome), #Flip, Bisa Jadi Tab, Super Slim, Ringan, Seri Baru, Mulus, Lengkap, Black
Rp
1.800.000
5.0
3 Terjual
Jakarta Barat",https://shopee.co.id/Acer-Chromebook-C738T-(Touchscreen)-(OS-Chrome)-Flip-Bisa-Jadi-Tab-Super-Slim-Ringan-Seri-Baru-Mulus-Lengkap-Black-i.816009841.29469883727?extraParams=%7B%22display_model_id%22%3A168586261435%2C%22model_selection_logic%22%3A3%7D&sp_atk=710b4e91-3e2e-4058-8bdf-f982cb156d13&xptdk=710b4e91-3e2e-4058-8bdf-f982cb156d13
https://down-id.img.susercontent.com/file/sg-11134201-23010-d70t5l9p16lv26,https://down-id.img.susercontent.com/file/id-11134258-8224v-mkvw0cu9r7k1a5,Laptop Acer One Z1402 Intel Celeron 2957U Ram 16Gb SSD 512Gb WIN10,Rp,1.250.000,https://deo.shopeemobile.com/shopee/modules-federation/live/0/shopee__item-card-standard-v2/0.2.8/pc/d7099d3fd1dfdaf705ab.svg,4.9,29 Terjual,https://deo.shopeemobile.com/shopee/modules-federation/live/0/shopee__item-card-standard-v2/0.2.8/pc/5dd7b4560d0e2d3190e8.svg,Malang,,,,Cicilan,"Laptop Acer One Z1402 Intel Celeron 2957U Ram 16Gb SSD 512Gb WIN10
Rp
1.250.000
Cicilan
4.9
29 Terjual
Malang",https://shopee.co.id/Laptop-Acer-One-Z1402-Intel-Celeron-2957U-Ram-16Gb-SSD-512Gb-WIN10-i.44435356.7608114544?extraParams=%7B%22display_model_id%22%3A198627064935%2C%22model_selection_logic%22%3A3%7D&sp_atk=f76097a1-b486-4575-945a-c069f0654fb0&xptdk=f76097a1-b486-4575-945a-c069f0654fb0
https://down-id.img.susercontent.com/file/5ef714208e90f97d93d34275308f0995,https://down-id.img.susercontent.com/file/id-11134258-8224v-mkvw0cu9r7k1a5,LAPTOP ACER INTEL CELERON/AMD RAM 8GB / SSD 256 WIN 10,Rp,1.345.000,https://deo.shopeemobile.com/shopee/modules-federation/live/0/shopee__item-card-standard-v2/0.2.8/pc/d7099d3fd1dfdaf705ab.svg,4.6,12 Terjual,https://deo.shopeemobile.com/shopee/modules-federation/live/0/shopee__item-card-standard-v2/0.2.8/pc/5dd7b4560d0e2d3190e8.svg,Jakarta Barat,https://deo.shopeemobile.com/shopee/modules-federation/live/0/shopee__item-card-standard-v2/0.2.8/pc/e4734dab67ee2f9ebd5a.png,-52%,https://deo.shopeemobile.com/shopee/modules-federation/live/0/shopee__item-card-standard-v2/0.2.8/pc/b4d1b8a78b3621dbdf4a.svg,Cicilan,"LAPTOP ACER INTEL CELERON/AMD RAM 8GB / SSD 256 WIN 10
Rp
1.345.000
-52%
Cicilan
4.6
12 Terjual
Jakarta Barat",https://shopee.co.id/LAPTOP-ACER-INTEL-CELERON-AMD-RAM-8GB-SSD-256-WIN-10-i.86838885.13214893441?extraParams=%7B%22display_model_id%22%3A67360408313%2C%22model_selection_logic%22%3A3%7D&sp_atk=d1927d1c-bb2e-4c8f-a2c3-a65fb965e7dd&xptdk=d1927d1c-bb2e-4c8f-a2c3-a65fb965e7dd