-image-yazkc-11,-image-yazkc-11_2,text-sm,inline-block,text-xs/sp14,font-medium,truncate,img,text-xs/sp14_2,text-xs,pointer-events-none,w-auto,text-white,pointer-events-none_2,align-middle,text-shopee-primary,pointer-events-none_3,_container,_container_link
https://down-id.img.susercontent.com/file/id-11134207-7ra0u-mb9nknk1bfa62d,https://down-id.img.susercontent.com/file/id-11134258-822wr-mlx67rtd6r602f,Laptop Dell Latitude Core i3/i5/i7 32GB RAM SSD 256GB Windows 11 Siap Pakai,https://deo.shopeemobile.com/shopee/modules-federation/live/0/shopee__item-card-standard-v2/0.2.8/pc/e4734dab67ee2f9ebd5a.png,Rp,1.350.000,Cicilan,https://deo.shopeemobile.com/shopee/modules-federation/live/0/shopee__item-card-standard-v2/0.2.8/pc/d7099d3fd1dfdaf705ab.svg,4.5,1RB+ Terjual,https://deo.shopeemobile.com/shopee/modules-federation/live/0/shopee__item-card-standard-v2/0.2.8/pc/38e203dc86172a6c6560.svg,https://deo.shopeemobile.com/shopee/modules-federation/live/0/shopee__item-card-standard-v2/0.2.8/pc/0614b8f0a8fdde22942d.svg,< 2 Hari,https://deo.shopeemobile.com/shopee/modules-federation/live/0/shopee__item-card-standard-v2/0.2.8/pc/5dd7b4560d0e2d3190e8.svg,Jakarta Pusat,,,"Laptop Dell Latitude Core i3/i5/i7 32GB RAM SSD 256GB Windows 11 Siap Pakai
Rp
1.350.000
Cicilan
4.5
1RB+ Terjual
< 2 Hari
Jakarta Pusat",https://shopee.co.id/Laptop-Dell-Latitude-Core-i3-i5-i7-32GB-RAM-SSD-256GB-Windows-11-Siap-Pakai-i.230649038.12447121939?extraParams=%7B%22display_model_id%22%3A129158926143%2C%22model_selection_logic%22%3A3%7D&sp_atk=f52f728b-911b-480f-bcad-b7dddd4e7ed1&xptdk=f52f728b-911b-480f-bcad-b7dddd4e7ed1
https://down-id.img.susercontent.com/file/id-11134207-822wk-mn6tm0mmooi032,https://down-id.img.susercontent.com/file/id-11134258-822wr-mlx67rtd6r602f,Laptop Dell Latitude Core i5 / Core i7 | RAM 16GB | SSD 512GB | Mulus / Second  / Original / Berkualitas / Bergaransi.,https://deo.shopeemobile.com/shopee/modules-federation/live/0/shopee__item-card-standard-v2/0.2.8/pc/e4734dab67ee2f9ebd5a.png,Rp,2.750.000,,https://deo.shopeemobile.com/shopee/modules-federation/live/0/shopee__item-card-standard-v2/0.2.8/pc/d7099d3fd1dfdaf705ab.svg,4.8,1RB+ Terjual,https://deo.shopeemobile.com/shopee/modules-federation/live/0/shopee__item-card-standard-v2/0.2.8/pc/38e203dc86172a6c6560.svg,https://deo.shopeemobile.com/shopee/modules-federation/live/0/shopee__item-card-standard-v2/0.2.8/pc/0614b8f0a8fdde22942d.svg,< 2 Hari,https://deo.shopeemobile.com/shopee/modules-federation/live/0/shopee__item-card-standard-v2/0.2.8/pc/5dd7b4560d0e2d3190e8.svg,Jakarta Pusat,,,"Laptop Dell Latitude Core i5 / Core i7 | RAM 16GB | SSD 512GB | Mulus / Second / Original / Berkualitas / Bergaransi.
Rp
2.750.000
4.8
1RB+ Terjual
< 2 Hari
Jakarta Pusat",https://shopee.co.id/Laptop-Dell-Latitude-Core-i5-Core-i7-RAM-16GB-SSD-512GB-Mulus-Second-Original-Berkualitas-Bergaransi.-i.30169103.19027487468?extraParams=%7B%22display_model_id%22%3A226721256722%2C%22model_selection_logic%22%3A3%7D&sp_atk=dc3d727a-747c-4e9d-9d10-58c2da9eee50&xptdk=dc3d727a-747c-4e9d-9d10-58c2da9eee50
https://down-id.img.susercontent.com/file/id-11134207-822wu-mmse6ovxpvcxba,https://down-id.img.susercontent.com/file/id-11134258-8224v-mkvw0cu9r7k1a5,"Laptop Dell Latitude E5420 14"" i5 4/8GB SSD 128/256GB Murah Bergaransi",https://deo.shopeemobile.com/shopee/modules-federation/live/0/shopee__item-card-standard-v2/0.2.8/pc/a425c915798471b33e5d.png,Rp,1.359.000,,https://deo.shopeemobile.com/shopee/modules-federation/live/0/shopee__item-card-standard-v2/0.2.8/pc/d7099d3fd1dfdaf705ab.svg,4.8,78 Terjual,,,,https://deo.shopeemobile.com/shopee/modules-federation/live/0/shopee__item-card-standard-v2/0.2.8/pc/5dd7b4560d0e2d3190e8.svg,Tangerang,,,"Laptop Dell Latitude E5420 14"" i5 4/8GB SSD 128/256GB Murah Bergaransi
Rp
1.359.000
4.8
78 Terjual
Tangerang",https://shopee.co.id/Laptop-Dell-Latitude-E5420-14-i5-4-8GB-SSD-128-256GB-Murah-Bergaransi-i.772901883.23952988988?extraParams=%7B%22display_model_id%22%3A355570630288%2C%22model_selection_logic%22%3A3%7D&sp_atk=e8a4fb32-1b2c-43a3-a33f-e8c004998192&xptdk=e8a4fb32-1b2c-43a3-a33f-e8c004998192
https://down-id.img.susercontent.com/file/id-11134207-7rbk1-ma0zfx03ip0z85,https://down-id.img.susercontent.com/file/id-11134258-822wr-mlx67rtd6r602f,Dell Latitude 5310 / 5320 / 5410 / 5411 / 5420 / 5421/ 5430 / 7310 / 7320 / 7410 / 7420  i5 / i7 Gen 10 | Second Original Dan Murah,https://deo.shopeemobile.com/shopee/modules-federation/live/0/shopee__item-card-standard-v2/0.2.8/pc/e4734dab67ee2f9ebd5a.png,Rp,4.900.000,,https://deo.shopeemobile.com/shopee/modules-federation/live/0/shopee__item-card-standard-v2/0.2.8/pc/d7099d3fd1dfdaf705ab.svg,4.9,218 Terjual,https://deo.shopeemobile.com/shopee/modules-federation/live/0/shopee__item-card-standard-v2/0.2.8/pc/38e203dc86172a6c6560.svg,https://deo.shopeemobile.com/shopee/modules-federation/live/0/shopee__item-card-standard-v2/0.2.8/pc/0614b8f0a8fdde22942d.svg,< 2 Hari,https://deo.shopeemobile.com/shopee/modules-federation/live/0/shopee__item-card-standard-v2/0.2.8/pc/5dd7b4560d0e2d3190e8.svg,Jakarta Pusat,,,"Dell Latitude 5310 / 5320 / 5410 / 5411 / 5420 / 5421/ 5430 / 7310 / 7320 / 7410 / 7420 i5 / i7 Gen 10 | Second Original Dan Murah
Rp
4.900.000
4.9
218 Terjual
< 2 Hari
Jakarta Pusat",https://shopee.co.id/Dell-Latitude-5310-5320-5410-5411-5420-5421-5430-7310-7320-7410-7420-i5-i7-Gen-10-Second-Original-Dan-Murah-i.872249560.28412650069?extraParams=%7B%22display_model_id%22%3A29525050605%2C%22model_selection_logic%22%3A3%7D&sp_atk=f51b6532-5599-455a-80aa-9b945bd80e3f&xptdk=f51b6532-5599-455a-80aa-9b945bd80e3f
https://down-id.img.susercontent.com/file/id-11134207-822wi-mlpxttr48lq888,,Laptop Dell Latitude 5320 i5 Gen 11 Core i5-1145G7 RAM 16GB/1TB SSD Siap Pakai,https://deo.shopeemobile.com/shopee/modules-federation/live/0/shopee__item-card-standard-v2/0.2.8/pc/a425c915798471b33e5d.png,Rp,3.630.000,,https://deo.shopeemobile.com/shopee/modules-federation/live/0/shopee__item-card-standard-v2/0.2.8/pc/d7099d3fd1dfdaf705ab.svg,5.0,7 Terjual,https://deo.shopeemobile.com/shopee/modules-federation/live/0/shopee__item-card-standard-v2/0.2.8/pc/38e203dc86172a6c6560.svg,https://deo.shopeemobile.com/shopee/modules-federation/live/0/shopee__item-card-standard-v2/0.2.8/pc/0614b8f0a8fdde22942d.svg,< 2 Hari,https://deo.shopeemobile.com/shopee/modules-federation/live/0/shopee__item-card-standard-v2/0.2.8/pc/5dd7b4560d0e2d3190e8.svg,Jakarta Barat,-1%,https://deo.shopeemobile.com/shopee/modules-federation/live/0/shopee__item-card-standard-v2/0.2.8/pc/b4d1b8a78b3621dbdf4a.svg,"Laptop Dell Latitude 5320 i5 Gen 11 Core i5-1145G7 RAM 16GB/1TB SSD Siap Pakai
Rp
3.630.000
-1%
5.0
7 Terjual
< 2 Hari
Jakarta Barat",https://shopee.co.id/Laptop-Dell-Latitude-5320-i5-Gen-11-Core-i5-1145G7-RAM-16GB-1TB-SSD-Siap-Pakai-i.1746862462.46007130479?extraParams=%7B%22display_model_id%22%3A224660432104%2C%22model_selection_logic%22%3A3%7D&sp_atk=0d32d077-252f-45b3-9f53-4eae07c803d6&xptdk=0d32d077-252f-45b3-9f53-4eae07c803d6
https://down-id.img.susercontent.com/file/id-11134207-8224z-mk2ak41tupza2f,https://down-id.img.susercontent.com/file/id-11134258-822wr-mlx5y0tebegw04,Laptop Dell Latitude 7430/7420/7320 Core i7 16GB Mulus Original Bergaransi,https://deo.shopeemobile.com/shopee/modules-federation/live/0/shopee__item-card-standard-v2/0.2.8/pc/a425c915798471b33e5d.png,Rp,5.250.000,,https://deo.shopeemobile.com/shopee/modules-federation/live/0/shopee__item-card-standard-v2/0.2.8/pc/d7099d3fd1dfdaf705ab.svg,4.6,43 Terjual,https://deo.shopeemobile.com/shopee/modules-federation/live/0/shopee__item-card-standard-v2/0.2.8/pc/38e203dc86172a6c6560.svg,https://deo.shopeemobile.com/shopee/modules-federation/live/0/shopee__item-card-standard-v2/0.2.8/pc/0614b8f0a8fdde22942d.svg,< 2 Hari,https://deo.shopeemobile.com/shopee/modules-federation/live/0/shopee__item-card-standard-v2/0.2.8/pc/5dd7b4560d0e2d3190e8.svg,Jakarta Pusat,,,"Laptop Dell Latitude 7430/7420/7320 Core i7 16GB Mulus Original Bergaransi
Rp
5.250.000
4.6
43 Terjual
< 2 Hari
Jakarta Pusat",https://shopee.co.id/Laptop-Dell-Latitude-7430-7420-7320-Core-i7-16GB-Mulus-Original-Bergaransi-i.24623010.28980366218?extraParams=%7B%22display_model_id%22%3A296517177254%2C%22model_selection_logic%22%3A3%7D&sp_atk=0885f51a-271b-4ec1-8969-723e2bcd81d3&xptdk=0885f51a-271b-4ec1-8969-723e2bcd81d3
https://down-id.img.susercontent.com/file/id-11134207-7ra0g-mcfy6w45aykb30,https://down-id.img.susercontent.com/file/id-11134258-7r98w-lyezzaurybot13,Laptop Dell Latitude E Series Second Original,,Rp,2.200.000,,https://deo.shopeemobile.com/shopee/modules-federation/live/0/shopee__item-card-standard-v2/0.2.8/pc/d7099d3fd1dfdaf705ab.svg,5.0,12 Terjual,https://deo.shopeemobile.com/shopee/modules-federation/live/0/shopee__item-card-standard-v2/0.2.8/pc/38e203dc86172a6c6560.svg,https://deo.shopeemobile.com/shopee/modules-federation/live/0/shopee__item-card-standard-v2/0.2.8/pc/0614b8f0a8fdde22942d.svg,< 2 Hari,https://deo.shopeemobile.com/shopee/modules-federation/live/0/shopee__item-card-standard-v2/0.2.8/pc/5dd7b4560d0e2d3190e8.svg,Jakarta Pusat,,,"Laptop Dell Latitude E Series Second Original
Rp
2.200.000
5.0
12 Terjual
< 2 Hari
Jakarta Pusat",https://shopee.co.id/Laptop-Dell-Latitude-E-Series-Second-Original-i.485212080.40009310035?extraParams=%7B%22display_model_id%22%3A375007380559%2C%22model_selection_logic%22%3A3%7D&sp_atk=f2a9fbf0-1050-4495-88b6-724178810085&xptdk=f2a9fbf0-1050-4495-88b6-724178810085
https://down-id.img.susercontent.com/file/id-11134207-82252-mg0d2elcuf4ca6,https://down-id.img.susercontent.com/file/id-11134258-822wr-mlx67rtd6r602f,"Laptop Dell Latitude 5320 Intel Core i3  Gen 1125G4 Ram 8GB SSD 256GB/512GB Layar 13,3 Inch Laptop Second Bergaransi",https://deo.shopeemobile.com/shopee/modules-federation/live/0/shopee__item-card-standard-v2/0.2.8/pc/e4734dab67ee2f9ebd5a.png,Rp,5.700.000,,https://deo.shopeemobile.com/shopee/modules-federation/live/0/shopee__item-card-standard-v2/0.2.8/pc/0614b8f0a8fdde22942d.svg,,Besok 12:00,https://deo.shopeemobile.com/shopee/modules-federation/live/0/shopee__item-card-standard-v2/0.2.8/pc/38e203dc86172a6c6560.svg,https://deo.shopeemobile.com/shopee/modules-federation/live/0/shopee__item-card-standard-v2/0.2.8/pc/0614b8f0a8fdde22942d.svg,Besok 12:00,https://deo.shopeemobile.com/shopee/modules-federation/live/0/shopee__item-card-standard-v2/0.2.8/pc/5dd7b4560d0e2d3190e8.svg,Surabaya,,,"Laptop Dell Latitude 5320 Intel Core i3 Gen 1125G4 Ram 8GB SSD 256GB/512GB Layar 13,3 Inch Laptop Second Bergaransi
Rp
5.700.000
Besok 12:00
Surabaya",https://shopee.co.id/Laptop-Dell-Latitude-5320-Intel-Core-i3-Gen-1125G4-Ram-8GB-SSD-256GB-512GB-Layar-13-3-Inch-Laptop-Second-Bergaransi-i.1526223742.27393152686?extraParams=%7B%22display_model_id%22%3A259045139836%2C%22model_selection_logic%22%3A3%7D&sp_atk=10b75591-cbbd-41d1-9f4d-3e7ef09c5c77&xptdk=10b75591-cbbd-41d1-9f4d-3e7ef09c5c77
https://down-id.img.susercontent.com/file/id-11134207-7ra0g-mb9ad10jxd0e16,https://down-id.img.susercontent.com/file/id-11134258-822wr-mlx67rtd6r602f,"Dell Latitude 5410 Core i5-i7 16GB 256GB 14"" FHD",https://deo.shopeemobile.com/shopee/modules-federation/live/0/shopee__item-card-standard-v2/0.2.8/pc/e4734dab67ee2f9ebd5a.png,Rp,5.550.000,,https://deo.shopeemobile.com/shopee/modules-federation/live/0/shopee__item-card-standard-v2/0.2.8/pc/d7099d3fd1dfdaf705ab.svg,5.0,3 Terjual,https://deo.shopeemobile.com/shopee/modules-federation/live/0/shopee__item-card-standard-v2/0.2.8/pc/38e203dc86172a6c6560.svg,https://deo.shopeemobile.com/shopee/modules-federation/live/0/shopee__item-card-standard-v2/0.2.8/pc/0614b8f0a8fdde22942d.svg,Besok 12:00,https://deo.shopeemobile.com/shopee/modules-federation/live/0/shopee__item-card-standard-v2/0.2.8/pc/5dd7b4560d0e2d3190e8.svg,Surabaya,,,"Dell Latitude 5410 Core i5-i7 16GB 256GB 14"" FHD
Rp
5.550.000
5.0
3 Terjual
Besok 12:00
Surabaya",https://shopee.co.id/Dell-Latitude-5410-Core-i5-i7-16GB-256GB-14-FHD-i.1526223742.42000616559?extraParams=%7B%22display_model_id%22%3A248740763344%2C%22model_selection_logic%22%3A3%7D&sp_atk=28718002-edc9-4be0-90e0-ccfcb217618b&xptdk=28718002-edc9-4be0-90e0-ccfcb217618b
https://down-id.img.susercontent.com/file/id-11134207-8224x-mhybj2q4s0zm33,https://down-id.img.susercontent.com/file/id-11134258-822wr-mlx5y0tebegw04,Dell Latitude 5320 I7 16GB 512GB SSD Bonus Tas Mouse,https://deo.shopeemobile.com/shopee/modules-federation/live/0/shopee__item-card-standard-v2/0.2.8/pc/a425c915798471b33e5d.png,Rp,4.409.999,,https://deo.shopeemobile.com/shopee/modules-federation/live/0/shopee__item-card-standard-v2/0.2.8/pc/d7099d3fd1dfdaf705ab.svg,5.0,8 Terjual,https://deo.shopeemobile.com/shopee/modules-federation/live/0/shopee__item-card-standard-v2/0.2.8/pc/38e203dc86172a6c6560.svg,https://deo.shopeemobile.com/shopee/modules-federation/live/0/shopee__item-card-standard-v2/0.2.8/pc/0614b8f0a8fdde22942d.svg,< 2 Hari,https://deo.shopeemobile.com/shopee/modules-federation/live/0/shopee__item-card-standard-v2/0.2.8/pc/5dd7b4560d0e2d3190e8.svg,Jakarta Pusat,-41%,https://deo.shopeemobile.com/shopee/modules-federation/live/0/shopee__item-card-standard-v2/0.2.8/pc/b4d1b8a78b3621dbdf4a.svg,"Dell Latitude 5320 I7 16GB 512GB SSD Bonus Tas Mouse
Rp
4.409.999
-41%
5.0
8 Terjual
< 2 Hari
Jakarta Pusat",https://shopee.co.id/Dell-Latitude-5320-I7-16GB-512GB-SSD-Bonus-Tas-Mouse-i.500227963.55451875630?extraParams=%7B%22display_model_id%22%3A400179427002%2C%22model_selection_logic%22%3A3%7D&sp_atk=83df09ee-6ec8-434b-b3eb-449de626a8f2&xptdk=83df09ee-6ec8-434b-b3eb-449de626a8f2
https://down-id.img.susercontent.com/file/id-11134207-8224o-mjoglvm3m8lj27,https://down-id.img.susercontent.com/file/id-11134258-8224v-mkvw0cu9r7k1a5,Laptop Second DELL VOSTRO 5300 (Intel Core i7-10210U) 8GB / 256GB NVMe | Dual VGA,,Rp,5.500.000,,https://deo.shopeemobile.com/shopee/modules-federation/live/0/shopee__item-card-standard-v2/0.2.8/pc/d7099d3fd1dfdaf705ab.svg,5.0,1 Terjual,https://deo.shopeemobile.com/shopee/modules-federation/live/0/shopee__item-card-standard-v2/0.2.8/pc/76dff349290d20891fc1.svg,,,https://deo.shopeemobile.com/shopee/modules-federation/live/0/shopee__item-card-standard-v2/0.2.8/pc/5dd7b4560d0e2d3190e8.svg,Kediri,,,"Laptop Second DELL VOSTRO 5300 (Intel Core i7-10210U) 8GB / 256GB NVMe | Dual VGA
Rp
5.500.000
5.0
1 Terjual
3-7 Hari
Kediri",https://shopee.co.id/Laptop-Second-DELL-VOSTRO-5300-(Intel-Core-i7-10210U)-8GB-256GB-NVMe-Dual-VGA-i.308226047.52201868062?extraParams=%7B%22display_model_id%22%3A335180411958%2C%22model_selection_logic%22%3A3%7D&sp_atk=c27460e6-00dc-449c-abb5-a124b1a87f7b&xptdk=c27460e6-00dc-449c-abb5-a124b1a87f7b
https://down-id.img.susercontent.com/file/id-11134207-822wp-mn9mimh2tibk5e,https://down-id.img.susercontent.com/file/id-11134258-7r98w-lyezzaurybot13,DELL LATITUDE 5410 | CORE I5 GEN 10 | RAM 16 GB | SSD 512 GB | SIAP PAKAI,,Rp,4.500.000,,https://deo.shopeemobile.com/shopee/modules-federation/live/0/shopee__item-card-standard-v2/0.2.8/pc/0614b8f0a8fdde22942d.svg,,< 2 Hari,https://deo.shopeemobile.com/shopee/modules-federation/live/0/shopee__item-card-standard-v2/0.2.8/pc/38e203dc86172a6c6560.svg,https://deo.shopeemobile.com/shopee/modules-federation/live/0/shopee__item-card-standard-v2/0.2.8/pc/0614b8f0a8fdde22942d.svg,< 2 Hari,https://deo.shopeemobile.com/shopee/modules-federation/live/0/shopee__item-card-standard-v2/0.2.8/pc/5dd7b4560d0e2d3190e8.svg,Kab. Sleman,,,"DELL LATITUDE 5410 | CORE I5 GEN 10 | RAM 16 GB | SSD 512 GB | SIAP PAKAI
Rp
4.500.000
< 2 Hari
Kab. Sleman",https://shopee.co.id/DELL-LATITUDE-5410-CORE-I5-GEN-10-RAM-16-GB-SSD-512-GB-SIAP-PAKAI-i.439741471.50059146523?extraParams=%7B%22display_model_id%22%3A415809793072%2C%22model_selection_logic%22%3A3%7D&sp_atk=850b40bb-5f5d-4980-abb3-c77f126b92e9&xptdk=850b40bb-5f5d-4980-abb3-c77f126b92e9
https://down-id.img.susercontent.com/file/id-11134207-81ztq-meuubhay68010e,https://down-id.img.susercontent.com/file/id-11134258-822wr-mlx67rtd6r602f,"Laptop Dell Latitude 7410 i5/i7 16GB SSD 14""",https://deo.shopeemobile.com/shopee/modules-federation/live/0/shopee__item-card-standard-v2/0.2.8/pc/e4734dab67ee2f9ebd5a.png,Rp,5.300.000,,https://deo.shopeemobile.com/shopee/modules-federation/live/0/shopee__item-card-standard-v2/0.2.8/pc/0614b8f0a8fdde22942d.svg,,Besok 12:00,https://deo.shopeemobile.com/shopee/modules-federation/live/0/shopee__item-card-standard-v2/0.2.8/pc/38e203dc86172a6c6560.svg,https://deo.shopeemobile.com/shopee/modules-federation/live/0/shopee__item-card-standard-v2/0.2.8/pc/0614b8f0a8fdde22942d.svg,Besok 12:00,https://deo.shopeemobile.com/shopee/modules-federation/live/0/shopee__item-card-standard-v2/0.2.8/pc/5dd7b4560d0e2d3190e8.svg,Surabaya,,,"Laptop Dell Latitude 7410 i5/i7 16GB SSD 14""
Rp
5.300.000
Besok 12:00
Surabaya",https://shopee.co.id/Laptop-Dell-Latitude-7410-i5-i7-16GB-SSD-14--i.1526223742.44453924820?extraParams=%7B%22display_model_id%22%3A196114487531%2C%22model_selection_logic%22%3A3%7D&sp_atk=c54c2bf1-b200-4d76-bc6d-dc78a3865c10&xptdk=c54c2bf1-b200-4d76-bc6d-dc78a3865c10
https://down-id.img.susercontent.com/file/sg-11134201-23010-7pp9y2sq5qmv88,https://down-id.img.susercontent.com/file/id-11134258-8224v-mkvw0cu9r7k1a5,"Laptop i5 CORE i5 i7 Dell / RAM 8GB / SSD 512GB / SSD 256GB /2TB/1TB/ 14"" - Windows 10, Laptop Bekas Dell i5 Core i5",,Rp,1.400.000,Cicilan,https://deo.shopeemobile.com/shopee/modules-federation/live/0/shopee__item-card-standard-v2/0.2.8/pc/d7099d3fd1dfdaf705ab.svg,4.6,1RB+ Terjual,https://deo.shopeemobile.com/shopee/modules-federation/live/0/shopee__item-card-standard-v2/0.2.8/pc/38e203dc86172a6c6560.svg,https://deo.shopeemobile.com/shopee/modules-federation/live/0/shopee__item-card-standard-v2/0.2.8/pc/0614b8f0a8fdde22942d.svg,< 2 Hari,https://deo.shopeemobile.com/shopee/modules-federation/live/0/shopee__item-card-standard-v2/0.2.8/pc/5dd7b4560d0e2d3190e8.svg,Jakarta Utara,,,"Laptop i5 CORE i5 i7 Dell / RAM 8GB / SSD 512GB / SSD 256GB /2TB/1TB/ 14"" - Windows 10, Laptop Bekas Dell i5 Core i5
Rp
1.400.000
Cicilan
4.6
1RB+ Terjual
< 2 Hari
Jakarta Utara",https://shopee.co.id/Laptop-i5-CORE-i5-i7-Dell-RAM-8GB-SSD-512GB-SSD-256GB-2TB-1TB-14-Windows-10-Laptop-Bekas-Dell-i5-Core-i5-i.20507921.1186092271?extraParams=%7B%22display_model_id%22%3A98892035260%2C%22model_selection_logic%22%3A3%7D&sp_atk=72a47c4e-4c0d-41cb-94d6-de8d5dd52914&xptdk=72a47c4e-4c0d-41cb-94d6-de8d5dd52914
https://down-id.img.susercontent.com/file/id-11134207-822wh-mn2oaolns7i9d1,https://down-id.img.susercontent.com/file/id-11134258-8224v-mkvw0cu9r7k1a5,Dell Latitude 5330 i7Gen12 8GB SSD 256GB/512GB Second Original Mulus Bergaransi,https://deo.shopeemobile.com/shopee/modules-federation/live/0/shopee__item-card-standard-v2/0.2.8/pc/a425c915798471b33e5d.png,Rp,3.800.000,,https://deo.shopeemobile.com/shopee/modules-federation/live/0/shopee__item-card-standard-v2/0.2.8/pc/0614b8f0a8fdde22942d.svg,,< 2 Hari,https://deo.shopeemobile.com/shopee/modules-federation/live/0/shopee__item-card-standard-v2/0.2.8/pc/38e203dc86172a6c6560.svg,https://deo.shopeemobile.com/shopee/modules-federation/live/0/shopee__item-card-standard-v2/0.2.8/pc/0614b8f0a8fdde22942d.svg,< 2 Hari,https://deo.shopeemobile.com/shopee/modules-federation/live/0/shopee__item-card-standard-v2/0.2.8/pc/5dd7b4560d0e2d3190e8.svg,Jakarta Pusat,,,"Dell Latitude 5330 i7Gen12 8GB SSD 256GB/512GB Second Original Mulus Bergaransi
Rp
3.800.000
< 2 Hari
Jakarta Pusat",https://shopee.co.id/Dell-Latitude-5330-i7Gen12-8GB-SSD-256GB-512GB-Second-Original-Mulus-Bergaransi-i.1678672041.50955667730?extraParams=%7B%22display_model_id%22%3A380786959915%2C%22model_selection_logic%22%3A3%7D&sp_atk=bbcc889d-3996-49a3-9504-eea615d158f1&xptdk=bbcc889d-3996-49a3-9504-eea615d158f1
https://down-id.img.susercontent.com/file/id-11134207-822wn-mn796iul2s5g98,https://down-id.img.susercontent.com/file/id-11134258-8224v-mkvw0cu9r7k1a5,LAPTOP DELL LATITUDE 7320 SLIM 11TH GEN CORE I5 SSD 256GB RAM 16GB SECOND,https://deo.shopeemobile.com/shopee/modules-federation/live/0/shopee__item-card-standard-v2/0.2.8/pc/e4734dab67ee2f9ebd5a.png,Rp,5.215.000,,https://deo.shopeemobile.com/shopee/modules-federation/live/0/shopee__item-card-standard-v2/0.2.8/pc/0614b8f0a8fdde22942d.svg,,< 2 Hari,https://deo.shopeemobile.com/shopee/modules-federation/live/0/shopee__item-card-standard-v2/0.2.8/pc/38e203dc86172a6c6560.svg,https://deo.shopeemobile.com/shopee/modules-federation/live/0/shopee__item-card-standard-v2/0.2.8/pc/0614b8f0a8fdde22942d.svg,< 2 Hari,https://deo.shopeemobile.com/shopee/modules-federation/live/0/shopee__item-card-standard-v2/0.2.8/pc/5dd7b4560d0e2d3190e8.svg,Bandung,,,"LAPTOP DELL LATITUDE 7320 SLIM 11TH GEN CORE I5 SSD 256GB RAM 16GB SECOND
Rp
5.215.000
< 2 Hari
Bandung",https://shopee.co.id/LAPTOP-DELL-LATITUDE-7320-SLIM-11TH-GEN-CORE-I5-SSD-256GB-RAM-16GB-SECOND-i.379562643.50509064378?extraParams=%7B%22display_model_id%22%3A445803963246%2C%22model_selection_logic%22%3A3%7D&sp_atk=dc833e59-0fe9-4799-b928-3517c3c10c83&xptdk=dc833e59-0fe9-4799-b928-3517c3c10c83
https://down-id.img.susercontent.com/file/sg-11134201-81zwh-mmu8nigzb1muec,https://down-id.img.susercontent.com/file/id-11134258-8224v-mkvw0cu9r7k1a5,laptop second Dell 3510 ram 8gb core i5 gen10 HDD 500 ringan  PROMO 5.5,,Rp,3.050.000,,https://deo.shopeemobile.com/shopee/modules-federation/live/0/shopee__item-card-standard-v2/0.2.8/pc/0614b8f0a8fdde22942d.svg,,Besok 12:00,https://deo.shopeemobile.com/shopee/modules-federation/live/0/shopee__item-card-standard-v2/0.2.8/pc/38e203dc86172a6c6560.svg,https://deo.shopeemobile.com/shopee/modules-federation/live/0/shopee__item-card-standard-v2/0.2.8/pc/0614b8f0a8fdde22942d.svg,Besok 12:00,https://deo.shopeemobile.com/shopee/modules-federation/live/0/shopee__item-card-standard-v2/0.2.8/pc/5dd7b4560d0e2d3190e8.svg,Surabaya,,,"laptop second Dell 3510 ram 8gb core i5 gen10 HDD 500 ringan PROMO 5.5
Rp
3.050.000
Besok 12:00
Surabaya",https://shopee.co.id/laptop-second-Dell-3510-ram-8gb-core-i5-gen10-HDD-500-ringan-PROMO-5.5-i.31172897.44958509061?extraParams=%7B%22display_model_id%22%3A297519876859%2C%22model_selection_logic%22%3A3%7D&sp_atk=c1c79f6b-4374-4bc6-bc0e-b92477cfb94e&xptdk=c1c79f6b-4374-4bc6-bc0e-b92477cfb94e
https://down-id.img.susercontent.com/file/id-11134207-82250-mkt7s9oj8l5251,https://down-id.img.susercontent.com/file/id-11134258-8224v-mkvw0cu9r7k1a5,Dell Core i7 Gen 11 Ram 16Gb Intel Iris Xe normal lancar,https://deo.shopeemobile.com/shopee/modules-federation/live/0/shopee__item-card-standard-v2/0.2.8/pc/a425c915798471b33e5d.png,Rp,3.800.000,,https://deo.shopeemobile.com/shopee/modules-federation/live/0/shopee__item-card-standard-v2/0.2.8/pc/d7099d3fd1dfdaf705ab.svg,3.3,4 Terjual,https://deo.shopeemobile.com/shopee/modules-federation/live/0/shopee__item-card-standard-v2/0.2.8/pc/38e203dc86172a6c6560.svg,https://deo.shopeemobile.com/shopee/modules-federation/live/0/shopee__item-card-standard-v2/0.2.8/pc/0614b8f0a8fdde22942d.svg,< 2 Hari,https://deo.shopeemobile.com/shopee/modules-federation/live/0/shopee__item-card-standard-v2/0.2.8/pc/5dd7b4560d0e2d3190e8.svg,Jakarta Barat,,,"Dell Core i7 Gen 11 Ram 16Gb Intel Iris Xe normal lancar
Rp
3.800.000
3.3
4 Terjual
< 2 Hari
Jakarta Barat",https://shopee.co.id/Dell-Core-i7-Gen-11-Ram-16Gb-Intel-Iris-Xe-normal-lancar-i.278069110.44656270178?extraParams=%7B%22display_model_id%22%3A277411211497%2C%22model_selection_logic%22%3A3%7D&sp_atk=4f001c73-ebbe-4daa-b9bc-818680944c16&xptdk=4f001c73-ebbe-4daa-b9bc-818680944c16
https://down-id.img.susercontent.com/file/id-11134207-8224t-mkt7s9omsetj87,https://down-id.img.susercontent.com/file/id-11134258-8224v-mkvw0cu9r7k1a5,Dell Core i7 gen 10 Ram 16 GB Intel Iris Xe normal lancar,https://deo.shopeemobile.com/shopee/modules-federation/live/0/shopee__item-card-standard-v2/0.2.8/pc/a425c915798471b33e5d.png,Rp,3.800.000,,https://deo.shopeemobile.com/shopee/modules-federation/live/0/shopee__item-card-standard-v2/0.2.8/pc/d7099d3fd1dfdaf705ab.svg,4.0,2 Terjual,https://deo.shopeemobile.com/shopee/modules-federation/live/0/shopee__item-card-standard-v2/0.2.8/pc/38e203dc86172a6c6560.svg,https://deo.shopeemobile.com/shopee/modules-federation/live/0/shopee__item-card-standard-v2/0.2.8/pc/0614b8f0a8fdde22942d.svg,< 2 Hari,https://deo.shopeemobile.com/shopee/modules-federation/live/0/shopee__item-card-standard-v2/0.2.8/pc/5dd7b4560d0e2d3190e8.svg,Jakarta Barat,,,"Dell Core i7 gen 10 Ram 16 GB Intel Iris Xe normal lancar
Rp
3.800.000
4.0
2 Terjual
< 2 Hari
Jakarta Barat",https://shopee.co.id/Dell-Core-i7-gen-10-Ram-16-GB-Intel-Iris-Xe-normal-lancar-i.278069110.43628800200?extraParams=%7B%22display_model_id%22%3A415566296878%2C%22model_selection_logic%22%3A3%7D&sp_atk=3d6736ff-e833-4985-aeea-2573d1d9a41c&xptdk=3d6736ff-e833-4985-aeea-2573d1d9a41c
https://down-id.img.susercontent.com/file/id-11134207-7rasb-m552ibg4v0w0de,https://down-id.img.susercontent.com/file/id-11134258-822wr-mlx67rtd6r602f,Laptop Dell Latitude Core i5/i7 RAM 8GB/16GB Second,https://deo.shopeemobile.com/shopee/modules-federation/live/0/shopee__item-card-standard-v2/0.2.8/pc/e4734dab67ee2f9ebd5a.png,Rp,2.400.000,,https://deo.shopeemobile.com/shopee/modules-federation/live/0/shopee__item-card-standard-v2/0.2.8/pc/d7099d3fd1dfdaf705ab.svg,4.7,199 Terjual,https://deo.shopeemobile.com/shopee/modules-federation/live/0/shopee__item-card-standard-v2/0.2.8/pc/38e203dc86172a6c6560.svg,https://deo.shopeemobile.com/shopee/modules-federation/live/0/shopee__item-card-standard-v2/0.2.8/pc/0614b8f0a8fdde22942d.svg,< 2 Hari,https://deo.shopeemobile.com/shopee/modules-federation/live/0/shopee__item-card-standard-v2/0.2.8/pc/5dd7b4560d0e2d3190e8.svg,Kab. Tangerang,,,"Laptop Dell Latitude Core i5/i7 RAM 8GB/16GB Second
Rp
2.400.000
4.7
199 Terjual
< 2 Hari
Kab. Tangerang",https://shopee.co.id/Laptop-Dell-Latitude-Core-i5-i7-RAM-8GB-16GB-Second-i.177626251.27223543380?extraParams=%7B%22display_model_id%22%3A390821250424%2C%22model_selection_logic%22%3A3%7D&sp_atk=b69965c7-f0fd-4504-8b3f-51c81a208d39&xptdk=b69965c7-f0fd-4504-8b3f-51c81a208d39
https://down-id.img.susercontent.com/file/id-11134207-822wp-mmrco4wrzhtv79,https://down-id.img.susercontent.com/file/id-11134258-8224v-mkvw0cu9r7k1a5,Dell Latitude E5470 core i5 Ram 8GB SSD kenceng normal siap pakai,,Rp,3.052.000,,https://deo.shopeemobile.com/shopee/modules-federation/live/0/shopee__item-card-standard-v2/0.2.8/pc/0614b8f0a8fdde22942d.svg,,< 2 Hari,https://deo.shopeemobile.com/shopee/modules-federation/live/0/shopee__item-card-standard-v2/0.2.8/pc/38e203dc86172a6c6560.svg,https://deo.shopeemobile.com/shopee/modules-federation/live/0/shopee__item-card-standard-v2/0.2.8/pc/0614b8f0a8fdde22942d.svg,< 2 Hari,https://deo.shopeemobile.com/shopee/modules-federation/live/0/shopee__item-card-standard-v2/0.2.8/pc/5dd7b4560d0e2d3190e8.svg,Semarang,,,"Dell Latitude E5470 core i5 Ram 8GB SSD kenceng normal siap pakai
Rp
3.052.000
< 2 Hari
Semarang",https://shopee.co.id/Dell-Latitude-E5470-core-i5-Ram-8GB-SSD-kenceng-normal-siap-pakai-i.32848251.50608333549?extraParams=%7B%22display_model_id%22%3A297512507483%2C%22model_selection_logic%22%3A3%7D&sp_atk=66d1825c-26a8-4142-bfb2-c78aa4a9c84d&xptdk=66d1825c-26a8-4142-bfb2-c78aa4a9c84d
https://down-id.img.susercontent.com/file/id-11134207-7rasm-m5b0sqat3vyw85,https://down-id.img.susercontent.com/file/id-11134258-8224v-mkvw0cu9r7k1a5,Laptop Bekas Murah Dell Latitude core i5 /core i7,https://deo.shopeemobile.com/shopee/modules-federation/live/0/shopee__item-card-standard-v2/0.2.8/pc/e4734dab67ee2f9ebd5a.png,Rp,3.100.000,Cicilan,https://deo.shopeemobile.com/shopee/modules-federation/live/0/shopee__item-card-standard-v2/0.2.8/pc/d7099d3fd1dfdaf705ab.svg,4.9,222 Terjual,https://deo.shopeemobile.com/shopee/modules-federation/live/0/shopee__item-card-standard-v2/0.2.8/pc/38e203dc86172a6c6560.svg,https://deo.shopeemobile.com/shopee/modules-federation/live/0/shopee__item-card-standard-v2/0.2.8/pc/0614b8f0a8fdde22942d.svg,< 2 Hari,https://deo.shopeemobile.com/shopee/modules-federation/live/0/shopee__item-card-standard-v2/0.2.8/pc/5dd7b4560d0e2d3190e8.svg,Jakarta Pusat,,,"Laptop Bekas Murah Dell Latitude core i5 /core i7
Rp
3.100.000
Cicilan
4.9
222 Terjual
< 2 Hari
Jakarta Pusat",https://shopee.co.id/Laptop-Bekas-Murah-Dell-Latitude-core-i5-core-i7-i.266689507.7139216444?extraParams=%7B%22display_model_id%22%3A184347534122%2C%22model_selection_logic%22%3A3%7D&sp_atk=955b22ce-be09-45c3-93c9-4890dc0298bb&xptdk=955b22ce-be09-45c3-93c9-4890dc0298bb
https://down-id.img.susercontent.com/file/id-11134207-7rbk0-m6c3y6gu739c25,https://down-id.img.susercontent.com/file/id-11134258-7r98w-lyezzaurybot13,Dell Latitude Series Core i5/i7 16GB 256GB SSD,https://deo.shopeemobile.com/shopee/modules-federation/live/0/shopee__item-card-standard-v2/0.2.8/pc/e4734dab67ee2f9ebd5a.png,Rp,1.999.000,,https://deo.shopeemobile.com/shopee/modules-federation/live/0/shopee__item-card-standard-v2/0.2.8/pc/d7099d3fd1dfdaf705ab.svg,4.9,493 Terjual,https://deo.shopeemobile.com/shopee/modules-federation/live/0/shopee__item-card-standard-v2/0.2.8/pc/76dff349290d20891fc1.svg,,,https://deo.shopeemobile.com/shopee/modules-federation/live/0/shopee__item-card-standard-v2/0.2.8/pc/5dd7b4560d0e2d3190e8.svg,Jakarta Pusat,,,"Dell Latitude Series Core i5/i7 16GB 256GB SSD
Rp
1.999.000
4.9
493 Terjual
4-5 Hari
Jakarta Pusat",https://shopee.co.id/Dell-Latitude-Series-Core-i5-i7-16GB-256GB-SSD-i.174578880.22219880572?extraParams=%7B%22display_model_id%22%3A254048249194%2C%22model_selection_logic%22%3A3%7D&sp_atk=92eb47d9-c813-489e-a2d3-9a7eaa296e9c&xptdk=92eb47d9-c813-489e-a2d3-9a7eaa296e9c
https://down-id.img.susercontent.com/file/id-11134207-822wm-mm9x3cm4i5flef,https://down-id.img.susercontent.com/file/id-11134258-7r98w-lyezzaurybot13,Dell Inspiron 14 7425 AMD RYZEN 5 6525U RAM 8GB SSD 512GB FLIP TOUCHSCREEN - Second Murah Bergaransi,https://deo.shopeemobile.com/shopee/modules-federation/live/0/shopee__item-card-standard-v2/0.2.8/pc/e4734dab67ee2f9ebd5a.png,Rp,7.499.000,,https://deo.shopeemobile.com/shopee/modules-federation/live/0/shopee__item-card-standard-v2/0.2.8/pc/0614b8f0a8fdde22942d.svg,,< 2 Hari,https://deo.shopeemobile.com/shopee/modules-federation/live/0/shopee__item-card-standard-v2/0.2.8/pc/38e203dc86172a6c6560.svg,https://deo.shopeemobile.com/shopee/modules-federation/live/0/shopee__item-card-standard-v2/0.2.8/pc/0614b8f0a8fdde22942d.svg,< 2 Hari,https://deo.shopeemobile.com/shopee/modules-federation/live/0/shopee__item-card-standard-v2/0.2.8/pc/5dd7b4560d0e2d3190e8.svg,Jakarta Pusat,,,"Dell Inspiron 14 7425 AMD RYZEN 5 6525U RAM 8GB SSD 512GB FLIP TOUCHSCREEN - Second Murah Bergaransi
Rp
7.499.000
< 2 Hari
Jakarta Pusat",https://shopee.co.id/Dell-Inspiron-14-7425-AMD-RYZEN-5-6525U-RAM-8GB-SSD-512GB-FLIP-TOUCHSCREEN-Second-Murah-Bergaransi-i.1434879797.56357729570?extraParams=%7B%22display_model_id%22%3A430687301002%2C%22model_selection_logic%22%3A3%7D&sp_atk=2ca4908a-e61b-486d-b6e3-064c0f572acf&xptdk=2ca4908a-e61b-486d-b6e3-064c0f572acf
https://down-id.img.susercontent.com/file/id-11134207-822wu-mn8frrvtyepxda,https://down-id.img.susercontent.com/file/id-11134258-8224v-mkvw0cu9r7k1a5,LAPTOP DELL XPS 13 PLUS 9320 PLATINUM SLIM 12TH GEN CORE I7 SSD 1TB RAM 16GB LPDDR5 BACKLIGHT FACE ID SECOND,https://deo.shopeemobile.com/shopee/modules-federation/live/0/shopee__item-card-standard-v2/0.2.8/pc/e4734dab67ee2f9ebd5a.png,Rp,15.860.000,,https://deo.shopeemobile.com/shopee/modules-federation/live/0/shopee__item-card-standard-v2/0.2.8/pc/0614b8f0a8fdde22942d.svg,,< 2 Hari,https://deo.shopeemobile.com/shopee/modules-federation/live/0/shopee__item-card-standard-v2/0.2.8/pc/38e203dc86172a6c6560.svg,https://deo.shopeemobile.com/shopee/modules-federation/live/0/shopee__item-card-standard-v2/0.2.8/pc/0614b8f0a8fdde22942d.svg,< 2 Hari,https://deo.shopeemobile.com/shopee/modules-federation/live/0/shopee__item-card-standard-v2/0.2.8/pc/5dd7b4560d0e2d3190e8.svg,Bandung,,,"LAPTOP DELL XPS 13 PLUS 9320 PLATINUM SLIM 12TH GEN CORE I7 SSD 1TB RAM 16GB LPDDR5 BACKLIGHT FACE ID SECOND
Rp
15.860.000
< 2 Hari
Bandung",https://shopee.co.id/LAPTOP-DELL-XPS-13-PLUS-9320-PLATINUM-SLIM-12TH-GEN-CORE-I7-SSD-1TB-RAM-16GB-LPDDR5-BACKLIGHT-FACE-ID-SECOND-i.379562643.42780195768?extraParams=%7B%22display_model_id%22%3A410806810447%2C%22model_selection_logic%22%3A3%7D&sp_atk=f7265c8c-18ce-4a4b-a7fb-315084719aa3&xptdk=f7265c8c-18ce-4a4b-a7fb-315084719aa3
https://down-id.img.susercontent.com/file/id-11134207-7rbk7-maf8k8tizyr86e,https://down-id.img.susercontent.com/file/id-11134258-822wr-mlx67rtd6r602f,Laptop Dell Latitude 5400 Touchscreen Core i5 8th Gen Second Bergaransi,https://deo.shopeemobile.com/shopee/modules-federation/live/0/shopee__item-card-standard-v2/0.2.8/pc/e4734dab67ee2f9ebd5a.png,Rp,2.500.000,,https://deo.shopeemobile.com/shopee/modules-federation/live/0/shopee__item-card-standard-v2/0.2.8/pc/d7099d3fd1dfdaf705ab.svg,4.9,113 Terjual,https://deo.shopeemobile.com/shopee/modules-federation/live/0/shopee__item-card-standard-v2/0.2.8/pc/38e203dc86172a6c6560.svg,https://deo.shopeemobile.com/shopee/modules-federation/live/0/shopee__item-card-standard-v2/0.2.8/pc/0614b8f0a8fdde22942d.svg,< 2 Hari,https://deo.shopeemobile.com/shopee/modules-federation/live/0/shopee__item-card-standard-v2/0.2.8/pc/5dd7b4560d0e2d3190e8.svg,Jakarta Utara,-4%,https://deo.shopeemobile.com/shopee/modules-federation/live/0/shopee__item-card-standard-v2/0.2.8/pc/b4d1b8a78b3621dbdf4a.svg,"Laptop Dell Latitude 5400 Touchscreen Core i5 8th Gen Second Bergaransi
Rp
2.500.000
-4%
4.9
113 Terjual
< 2 Hari
Jakarta Utara",https://shopee.co.id/Laptop-Dell-Latitude-5400-Touchscreen-Core-i5-8th-Gen-Second-Bergaransi-i.676179521.22732421670?extraParams=%7B%22display_model_id%22%3A256718486260%2C%22model_selection_logic%22%3A3%7D&sp_atk=786806aa-5ad5-4909-ba88-0104393ae4fd&xptdk=786806aa-5ad5-4909-ba88-0104393ae4fd
https://down-id.img.susercontent.com/file/id-11134207-8224u-mk6q2ybskpvob5,https://down-id.img.susercontent.com/file/id-11134258-8224v-mkvw0cu9r7k1a5,Laptop Dell Latitude E6320 E6420 E6440 E6520 E6530 E6540 Second / Seken | Core i5 / i7 Gen 2–4 RAM 8GB SSD 128GB | Laptop Kerja Bergaransi Laptop Lenovo Bekas Mouse Touchpad Keyboard Aman,https://deo.shopeemobile.com/shopee/modules-federation/live/0/shopee__item-card-standard-v2/0.2.8/pc/a425c915798471b33e5d.png,Rp,1.504.990,Kombo Hemat,https://deo.shopeemobile.com/shopee/modules-federation/live/0/shopee__item-card-standard-v2/0.2.8/pc/d7099d3fd1dfdaf705ab.svg,5.0,1 Terjual,https://deo.shopeemobile.com/shopee/modules-federation/live/0/shopee__item-card-standard-v2/0.2.8/pc/38e203dc86172a6c6560.svg,https://deo.shopeemobile.com/shopee/modules-federation/live/0/shopee__item-card-standard-v2/0.2.8/pc/0614b8f0a8fdde22942d.svg,< 2 Hari,https://deo.shopeemobile.com/shopee/modules-federation/live/0/shopee__item-card-standard-v2/0.2.8/pc/5dd7b4560d0e2d3190e8.svg,Jakarta Barat,-11%,https://deo.shopeemobile.com/shopee/modules-federation/live/0/shopee__item-card-standard-v2/0.2.8/pc/b4d1b8a78b3621dbdf4a.svg,"Laptop Dell Latitude E6320 E6420 E6440 E6520 E6530 E6540 Second / Seken | Core i5 / i7 Gen 2–4 RAM 8GB SSD 128GB | Laptop Kerja Bergaransi Laptop Lenovo Bekas Mouse Touchpad Keyboard Aman
Rp
1.504.990
-11%
Kombo Hemat
5.0
1 Terjual
< 2 Hari
Jakarta Barat",https://shopee.co.id/Laptop-Dell-Latitude-E6320-E6420-E6440-E6520-E6530-E6540-Second-Seken-Core-i5-i7-Gen-2%E2%80%934-RAM-8GB-SSD-128GB-Laptop-Kerja-Bergaransi-Laptop-Lenovo-Bekas-Mouse-Touchpad-Keyboard-Aman-i.172218482.57705689202?extraParams=%7B%22display_model_id%22%3A345515221121%2C%22model_selection_logic%22%3A3%7D&sp_atk=9bdc143c-efaf-4750-bbd3-690053365193&xptdk=9bdc143c-efaf-4750-bbd3-690053365193
https://down-id.img.susercontent.com/file/id-11134207-8224u-mg0d2eld493ge9,https://down-id.img.susercontent.com/file/id-11134258-822wr-mlx67rtd6r602f,"Laptop Dell Latitude 5320 i5 8GB SSD 13.3"" Second",https://deo.shopeemobile.com/shopee/modules-federation/live/0/shopee__item-card-standard-v2/0.2.8/pc/e4734dab67ee2f9ebd5a.png,Rp,4.300.000,,https://deo.shopeemobile.com/shopee/modules-federation/live/0/shopee__item-card-standard-v2/0.2.8/pc/0614b8f0a8fdde22942d.svg,,1 Terjual,https://deo.shopeemobile.com/shopee/modules-federation/live/0/shopee__item-card-standard-v2/0.2.8/pc/38e203dc86172a6c6560.svg,https://deo.shopeemobile.com/shopee/modules-federation/live/0/shopee__item-card-standard-v2/0.2.8/pc/0614b8f0a8fdde22942d.svg,Besok 12:00,https://deo.shopeemobile.com/shopee/modules-federation/live/0/shopee__item-card-standard-v2/0.2.8/pc/5dd7b4560d0e2d3190e8.svg,Surabaya,,,"Laptop Dell Latitude 5320 i5 8GB SSD 13.3"" Second
Rp
4.300.000
1 Terjual
Besok 12:00
Surabaya",https://shopee.co.id/Laptop-Dell-Latitude-5320-i5-8GB-SSD-13.3-Second-i.1526223742.42575000142?extraParams=%7B%22display_model_id%22%3A292026285596%2C%22model_selection_logic%22%3A3%7D&sp_atk=559d87c1-c492-4750-ae37-a5e2e61818ea&xptdk=559d87c1-c492-4750-ae37-a5e2e61818ea
https://down-id.img.susercontent.com/file/id-11134207-7rbk8-maf83bhqps8414,https://down-id.img.susercontent.com/file/id-11134258-822wr-mlx67rtd6r602f,Laptop Dell Latitude 7290 Second Berkualitas,https://deo.shopeemobile.com/shopee/modules-federation/live/0/shopee__item-card-standard-v2/0.2.8/pc/e4734dab67ee2f9ebd5a.png,Rp,1.700.000,,https://deo.shopeemobile.com/shopee/modules-federation/live/0/shopee__item-card-standard-v2/0.2.8/pc/d7099d3fd1dfdaf705ab.svg,4.9,259 Terjual,https://deo.shopeemobile.com/shopee/modules-federation/live/0/shopee__item-card-standard-v2/0.2.8/pc/38e203dc86172a6c6560.svg,https://deo.shopeemobile.com/shopee/modules-federation/live/0/shopee__item-card-standard-v2/0.2.8/pc/0614b8f0a8fdde22942d.svg,< 2 Hari,https://deo.shopeemobile.com/shopee/modules-federation/live/0/shopee__item-card-standard-v2/0.2.8/pc/5dd7b4560d0e2d3190e8.svg,Jakarta Utara,-6%,https://deo.shopeemobile.com/shopee/modules-federation/live/0/shopee__item-card-standard-v2/0.2.8/pc/b4d1b8a78b3621dbdf4a.svg,"Laptop Dell Latitude 7290 Second Berkualitas
Rp
1.700.000
-6%
4.9
259 Terjual
< 2 Hari
Jakarta Utara",https://shopee.co.id/Laptop-Dell-Latitude-7290-Second-Berkualitas-i.676179521.22035485903?extraParams=%7B%22display_model_id%22%3A224354661707%2C%22model_selection_logic%22%3A3%7D&sp_atk=228cf5db-f671-430d-acb4-70dcc12b1005&xptdk=228cf5db-f671-430d-acb4-70dcc12b1005
https://down-id.img.susercontent.com/file/id-11134207-7ra0o-mbtiil7gdlk482,https://down-id.img.susercontent.com/file/id-11134258-822wr-mlx67rtd6r602f,Laptop Dell Latitude 5330 Core i7Gen12 | 5320 Core i5Gen11 | 5310 i5Gen10 Ram 16GB-32GB SSD 256GB-512GB Second Bergaransi,https://deo.shopeemobile.com/shopee/modules-federation/live/0/shopee__item-card-standard-v2/0.2.8/pc/e4734dab67ee2f9ebd5a.png,Rp,3.880.000,,https://deo.shopeemobile.com/shopee/modules-federation/live/0/shopee__item-card-standard-v2/0.2.8/pc/d7099d3fd1dfdaf705ab.svg,4.8,5 Terjual,https://deo.shopeemobile.com/shopee/modules-federation/live/0/shopee__item-card-standard-v2/0.2.8/pc/38e203dc86172a6c6560.svg,https://deo.shopeemobile.com/shopee/modules-federation/live/0/shopee__item-card-standard-v2/0.2.8/pc/0614b8f0a8fdde22942d.svg,< 2 Hari,https://deo.shopeemobile.com/shopee/modules-federation/live/0/shopee__item-card-standard-v2/0.2.8/pc/5dd7b4560d0e2d3190e8.svg,Jakarta Pusat,-1%,https://deo.shopeemobile.com/shopee/modules-federation/live/0/shopee__item-card-standard-v2/0.2.8/pc/b4d1b8a78b3621dbdf4a.svg,"Laptop Dell Latitude 5330 Core i7Gen12 | 5320 Core i5Gen11 | 5310 i5Gen10 Ram 16GB-32GB SSD 256GB-512GB Second Bergaransi
Rp
3.880.000
-1%
4.8
5 Terjual
< 2 Hari
Jakarta Pusat",https://shopee.co.id/Laptop-Dell-Latitude-5330-Core-i7Gen12-5320-Core-i5Gen11-5310-i5Gen10-Ram-16GB-32GB-SSD-256GB-512GB-Second-Bergaransi-i.1289214543.43750870745?extraParams=%7B%22display_model_id%22%3A435796305324%2C%22model_selection_logic%22%3A3%7D&sp_atk=498981f5-ec5e-4423-9623-dd34d4aaf52a&xptdk=498981f5-ec5e-4423-9623-dd34d4aaf52a
https://down-id.img.susercontent.com/file/id-11134207-7r98r-lz1sa8pzjn544d,https://down-id.img.susercontent.com/file/id-11134258-7r98w-lyezzaurybot13,[SECOND] Laptop i7 Dell Latitude 3420,,Rp,6.200.000,,https://deo.shopeemobile.com/shopee/modules-federation/live/0/shopee__item-card-standard-v2/0.2.8/pc/0614b8f0a8fdde22942d.svg,,< 2 Hari,https://deo.shopeemobile.com/shopee/modules-federation/live/0/shopee__item-card-standard-v2/0.2.8/pc/38e203dc86172a6c6560.svg,https://deo.shopeemobile.com/shopee/modules-federation/live/0/shopee__item-card-standard-v2/0.2.8/pc/0614b8f0a8fdde22942d.svg,< 2 Hari,https://deo.shopeemobile.com/shopee/modules-federation/live/0/shopee__item-card-standard-v2/0.2.8/pc/5dd7b4560d0e2d3190e8.svg,Denpasar,,,"[SECOND] Laptop i7 Dell Latitude 3420
Rp
6.200.000
< 2 Hari
Denpasar",https://shopee.co.id/-SECOND-Laptop-i7-Dell-Latitude-3420-i.31755700.29808146780?extraParams=%7B%22display_model_id%22%3A205316862676%2C%22model_selection_logic%22%3A3%7D&sp_atk=7387201b-280e-48ec-8990-dfee542afed5&xptdk=7387201b-280e-48ec-8990-dfee542afed5
https://down-id.img.susercontent.com/file/id-11134207-822ws-mn18ax4torus07,https://down-id.img.susercontent.com/file/id-11134258-7r98w-lyezzaurybot13,DELL LATITUDE 3420 | CORE I5 GEN 11 | RAM 8GB | SSD 256GB | SIAP PAKAI,,Rp,4.400.000,,https://deo.shopeemobile.com/shopee/modules-federation/live/0/shopee__item-card-standard-v2/0.2.8/pc/0614b8f0a8fdde22942d.svg,,< 2 Hari,https://deo.shopeemobile.com/shopee/modules-federation/live/0/shopee__item-card-standard-v2/0.2.8/pc/38e203dc86172a6c6560.svg,https://deo.shopeemobile.com/shopee/modules-federation/live/0/shopee__item-card-standard-v2/0.2.8/pc/0614b8f0a8fdde22942d.svg,< 2 Hari,https://deo.shopeemobile.com/shopee/modules-federation/live/0/shopee__item-card-standard-v2/0.2.8/pc/5dd7b4560d0e2d3190e8.svg,Kab. Sleman,,,"DELL LATITUDE 3420 | CORE I5 GEN 11 | RAM 8GB | SSD 256GB | SIAP PAKAI
Rp
4.400.000
< 2 Hari
Kab. Sleman",https://shopee.co.id/DELL-LATITUDE-3420-CORE-I5-GEN-11-RAM-8GB-SSD-256GB-SIAP-PAKAI-i.439741471.51508789499?extraParams=%7B%22display_model_id%22%3A395781068542%2C%22model_selection_logic%22%3A3%7D&sp_atk=ffa9024b-2920-447e-8b02-2f00a121aba6&xptdk=ffa9024b-2920-447e-8b02-2f00a121aba6
https://down-id.img.susercontent.com/file/sg-11134201-81zui-mmu8nth0lu6g47,https://down-id.img.susercontent.com/file/id-11134258-8224v-mkvw0cu9r7k1a5,laptop second Dell 3510 ram 8Gb core i5 gen10 HDD 500 ringan  15.6 inch  PROMO 5.5,,Rp,3.050.000,,https://deo.shopeemobile.com/shopee/modules-federation/live/0/shopee__item-card-standard-v2/0.2.8/pc/0614b8f0a8fdde22942d.svg,,Besok 12:00,https://deo.shopeemobile.com/shopee/modules-federation/live/0/shopee__item-card-standard-v2/0.2.8/pc/38e203dc86172a6c6560.svg,https://deo.shopeemobile.com/shopee/modules-federation/live/0/shopee__item-card-standard-v2/0.2.8/pc/0614b8f0a8fdde22942d.svg,Besok 12:00,https://deo.shopeemobile.com/shopee/modules-federation/live/0/shopee__item-card-standard-v2/0.2.8/pc/5dd7b4560d0e2d3190e8.svg,Surabaya,,,"laptop second Dell 3510 ram 8Gb core i5 gen10 HDD 500 ringan 15.6 inch PROMO 5.5
Rp
3.050.000
Besok 12:00
Surabaya",https://shopee.co.id/laptop-second-Dell-3510-ram-8Gb-core-i5-gen10-HDD-500-ringan-15.6-inch-PROMO-5.5-i.31172897.28444556595?extraParams=%7B%22display_model_id%22%3A262520097088%2C%22model_selection_logic%22%3A3%7D&sp_atk=a6a11988-c1cf-46e7-b276-195ca1cb37f5&xptdk=a6a11988-c1cf-46e7-b276-195ca1cb37f5
https://down-id.img.susercontent.com/file/id-11134207-7rbk2-m8pk7tnhwdb2b6,https://down-id.img.susercontent.com/file/id-11134258-7r98w-lyezzaurybot13,laptop Dell Inspiron 3421 minus gambling (baca deskripsi ya),,Rp,203.900,,,,3-5 Hari,https://deo.shopeemobile.com/shopee/modules-federation/live/0/shopee__item-card-standard-v2/0.2.8/pc/76dff349290d20891fc1.svg,,,https://deo.shopeemobile.com/shopee/modules-federation/live/0/shopee__item-card-standard-v2/0.2.8/pc/5dd7b4560d0e2d3190e8.svg,Kab. Mamasa,,,"laptop Dell Inspiron 3421 minus gambling (baca deskripsi ya)
Rp
203.900
3-5 Hari
Kab. Mamasa",https://shopee.co.id/laptop-Dell-Inspiron-3421-minus-gambling-(baca-deskripsi-ya)-i.675536282.29683893287?extraParams=%7B%22display_model_id%22%3A243215381987%2C%22model_selection_logic%22%3A3%7D&sp_atk=386548a0-4e0c-462d-bb51-f6cbecf55218&xptdk=386548a0-4e0c-462d-bb51-f6cbecf55218
https://down-id.img.susercontent.com/file/id-11134207-822wq-mmvkczxb5besf6,https://down-id.img.susercontent.com/file/id-11134258-8224v-mkvw0cu9r7k1a5,Dell Latitude 5320 Touchscreen i5 i7 16GB RAM,https://deo.shopeemobile.com/shopee/modules-federation/live/0/shopee__item-card-standard-v2/0.2.8/pc/e4734dab67ee2f9ebd5a.png,Rp,4.850.000,,https://deo.shopeemobile.com/shopee/modules-federation/live/0/shopee__item-card-standard-v2/0.2.8/pc/0614b8f0a8fdde22942d.svg,,< 2 Hari,https://deo.shopeemobile.com/shopee/modules-federation/live/0/shopee__item-card-standard-v2/0.2.8/pc/38e203dc86172a6c6560.svg,https://deo.shopeemobile.com/shopee/modules-federation/live/0/shopee__item-card-standard-v2/0.2.8/pc/0614b8f0a8fdde22942d.svg,< 2 Hari,https://deo.shopeemobile.com/shopee/modules-federation/live/0/shopee__item-card-standard-v2/0.2.8/pc/5dd7b4560d0e2d3190e8.svg,Jakarta Pusat,,,"Dell Latitude 5320 Touchscreen i5 i7 16GB RAM
Rp
4.850.000
< 2 Hari
Jakarta Pusat",https://shopee.co.id/Dell-Latitude-5320-Touchscreen-i5-i7-16GB-RAM-i.68731002.46358571335?extraParams=%7B%22display_model_id%22%3A380758501308%2C%22model_selection_logic%22%3A3%7D&sp_atk=acbfe6b1-0eea-4fa0-bb9f-e180c4f7dfa2&xptdk=acbfe6b1-0eea-4fa0-bb9f-e180c4f7dfa2
https://down-id.img.susercontent.com/file/id-11134207-7ra0s-mb9f4pb9m42m1f,https://down-id.img.susercontent.com/file/id-11134258-822wr-mlx67rtd6r602f,"Laptop Dell Latitude 7300 i5/i7 13"" 8GB/16GB SSD 256GB/512GB Second Bergaransi",https://deo.shopeemobile.com/shopee/modules-federation/live/0/shopee__item-card-standard-v2/0.2.8/pc/e4734dab67ee2f9ebd5a.png,Rp,3.800.000,,https://deo.shopeemobile.com/shopee/modules-federation/live/0/shopee__item-card-standard-v2/0.2.8/pc/d7099d3fd1dfdaf705ab.svg,5.0,5 Terjual,https://deo.shopeemobile.com/shopee/modules-federation/live/0/shopee__item-card-standard-v2/0.2.8/pc/38e203dc86172a6c6560.svg,https://deo.shopeemobile.com/shopee/modules-federation/live/0/shopee__item-card-standard-v2/0.2.8/pc/0614b8f0a8fdde22942d.svg,Besok 12:00,https://deo.shopeemobile.com/shopee/modules-federation/live/0/shopee__item-card-standard-v2/0.2.8/pc/5dd7b4560d0e2d3190e8.svg,Surabaya,,,"Laptop Dell Latitude 7300 i5/i7 13"" 8GB/16GB SSD 256GB/512GB Second Bergaransi
Rp
3.800.000
5.0
5 Terjual
Besok 12:00
Surabaya",https://shopee.co.id/Laptop-Dell-Latitude-7300-i5-i7-13-8GB-16GB-SSD-256GB-512GB-Second-Bergaransi-i.1526223742.41902167849?extraParams=%7B%22display_model_id%22%3A286298902064%2C%22model_selection_logic%22%3A3%7D&sp_atk=600280d3-be05-40a1-9ef8-18e70e3ffdcf&xptdk=600280d3-be05-40a1-9ef8-18e70e3ffdcf
https://down-id.img.susercontent.com/file/id-11134207-822wl-mmsfwswcmsxue0,https://down-id.img.susercontent.com/file/id-11134258-8224v-mkvw0cu9r7k1a5,"LAPTOP DELL LATITUDE 5420 CORE I7,1185G7 3GHZ RAM 8GB SSD 512GB SECOND ORIGINAL",https://deo.shopeemobile.com/shopee/modules-federation/live/0/shopee__item-card-standard-v2/0.2.8/pc/e4734dab67ee2f9ebd5a.png,Rp,6.300.000,,https://deo.shopeemobile.com/shopee/modules-federation/live/0/shopee__item-card-standard-v2/0.2.8/pc/0614b8f0a8fdde22942d.svg,,< 2 Hari,https://deo.shopeemobile.com/shopee/modules-federation/live/0/shopee__item-card-standard-v2/0.2.8/pc/38e203dc86172a6c6560.svg,https://deo.shopeemobile.com/shopee/modules-federation/live/0/shopee__item-card-standard-v2/0.2.8/pc/0614b8f0a8fdde22942d.svg,< 2 Hari,https://deo.shopeemobile.com/shopee/modules-federation/live/0/shopee__item-card-standard-v2/0.2.8/pc/5dd7b4560d0e2d3190e8.svg,Jakarta Pusat,-3%,https://deo.shopeemobile.com/shopee/modules-federation/live/0/shopee__item-card-standard-v2/0.2.8/pc/b4d1b8a78b3621dbdf4a.svg,"LAPTOP DELL LATITUDE 5420 CORE I7,1185G7 3GHZ RAM 8GB SSD 512GB SECOND ORIGINAL
Rp
6.300.000
-3%
< 2 Hari
Jakarta Pusat",https://shopee.co.id/LAPTOP-DELL-LATITUDE-5420-CORE-I7-1185G7-3GHZ-RAM-8GB-SSD-512GB-SECOND-ORIGINAL-i.227005289.53208383235?extraParams=%7B%22display_model_id%22%3A365744245882%2C%22model_selection_logic%22%3A3%7D&sp_atk=fed6689a-f621-421b-ba93-fc6fd1edb92c&xptdk=fed6689a-f621-421b-ba93-fc6fd1edb92c
https://down-id.img.susercontent.com/file/id-11134207-8224z-mggal47ikn4bc4,https://down-id.img.susercontent.com/file/id-11134258-822wr-mlx5y0tebegw04,Dell Latitude 5320 i5 Gen 11 8GB 256GB SSD Siap Pakai,https://deo.shopeemobile.com/shopee/modules-federation/live/0/shopee__item-card-standard-v2/0.2.8/pc/a425c915798471b33e5d.png,Rp,4.100.000,,https://deo.shopeemobile.com/shopee/modules-federation/live/0/shopee__item-card-standard-v2/0.2.8/pc/d7099d3fd1dfdaf705ab.svg,5.0,23 Terjual,https://deo.shopeemobile.com/shopee/modules-federation/live/0/shopee__item-card-standard-v2/0.2.8/pc/38e203dc86172a6c6560.svg,https://deo.shopeemobile.com/shopee/modules-federation/live/0/shopee__item-card-standard-v2/0.2.8/pc/0614b8f0a8fdde22942d.svg,< 2 Hari,https://deo.shopeemobile.com/shopee/modules-federation/live/0/shopee__item-card-standard-v2/0.2.8/pc/5dd7b4560d0e2d3190e8.svg,Jakarta Barat,,,"Dell Latitude 5320 i5 Gen 11 8GB 256GB SSD Siap Pakai
Rp
4.100.000
5.0
23 Terjual
< 2 Hari
Jakarta Barat",https://shopee.co.id/Dell-Latitude-5320-i5-Gen-11-8GB-256GB-SSD-Siap-Pakai-i.582969235.43775990899?extraParams=%7B%22display_model_id%22%3A345045714463%2C%22model_selection_logic%22%3A3%7D&sp_atk=a82398b1-1d34-4f0e-a7ad-0dde1612eb79&xptdk=a82398b1-1d34-4f0e-a7ad-0dde1612eb79
https://down-id.img.susercontent.com/file/id-11134207-822ws-mlvz02sd84xwae,https://down-id.img.susercontent.com/file/id-11134258-822wr-mlx67rtd6r602f,Laptop Dell Latitude 5540 Core i7 Gen 9 RAM 8GB SSD 256GB – Laptop Second Murah Bergaransi,https://deo.shopeemobile.com/shopee/modules-federation/live/0/shopee__item-card-standard-v2/0.2.8/pc/a425c915798471b33e5d.png,Rp,8.268.901,Hadiah Gratis,https://deo.shopeemobile.com/shopee/modules-federation/live/0/shopee__item-card-standard-v2/0.2.8/pc/0614b8f0a8fdde22942d.svg,,< 2 Hari,https://deo.shopeemobile.com/shopee/modules-federation/live/0/shopee__item-card-standard-v2/0.2.8/pc/38e203dc86172a6c6560.svg,https://deo.shopeemobile.com/shopee/modules-federation/live/0/shopee__item-card-standard-v2/0.2.8/pc/0614b8f0a8fdde22942d.svg,< 2 Hari,https://deo.shopeemobile.com/shopee/modules-federation/live/0/shopee__item-card-standard-v2/0.2.8/pc/5dd7b4560d0e2d3190e8.svg,Jakarta Pusat,-1%,https://deo.shopeemobile.com/shopee/modules-federation/live/0/shopee__item-card-standard-v2/0.2.8/pc/b4d1b8a78b3621dbdf4a.svg,"Laptop Dell Latitude 5540 Core i7 Gen 9 RAM 8GB SSD 256GB – Laptop Second Murah Bergaransi
Rp
8.268.901
-1%
Hadiah Gratis
< 2 Hari
Jakarta Pusat",https://shopee.co.id/Laptop-Dell-Latitude-5540-Core-i7-Gen-9-RAM-8GB-SSD-256GB-%E2%80%93-Laptop-Second-Murah-Bergaransi-i.1554031975.46657284567?extraParams=%7B%22display_model_id%22%3A365647870429%2C%22model_selection_logic%22%3A3%7D&sp_atk=e4b0fa17-719e-4696-8ad6-96304cb3ba5f&xptdk=e4b0fa17-719e-4696-8ad6-96304cb3ba5f
https://down-id.img.susercontent.com/file/id-11134207-81ztc-mflcouqfjrbc0c,https://down-id.img.susercontent.com/file/id-11134258-8224v-mkvw0cu9r7k1a5,Dell Latitude 7210 7400 5290 i5 i7 8GB 256GB SSD,https://deo.shopeemobile.com/shopee/modules-federation/live/0/shopee__item-card-standard-v2/0.2.8/pc/a425c915798471b33e5d.png,Rp,3.000.000,,https://deo.shopeemobile.com/shopee/modules-federation/live/0/shopee__item-card-standard-v2/0.2.8/pc/d7099d3fd1dfdaf705ab.svg,4.9,112 Terjual,https://deo.shopeemobile.com/shopee/modules-federation/live/0/shopee__item-card-standard-v2/0.2.8/pc/38e203dc86172a6c6560.svg,https://deo.shopeemobile.com/shopee/modules-federation/live/0/shopee__item-card-standard-v2/0.2.8/pc/0614b8f0a8fdde22942d.svg,< 2 Hari,https://deo.shopeemobile.com/shopee/modules-federation/live/0/shopee__item-card-standard-v2/0.2.8/pc/5dd7b4560d0e2d3190e8.svg,Bandung,,,"Dell Latitude 7210 7400 5290 i5 i7 8GB 256GB SSD
Rp
3.000.000
4.9
112 Terjual
< 2 Hari
Bandung",https://shopee.co.id/Dell-Latitude-7210-7400-5290-i5-i7-8GB-256GB-SSD-i.609539693.21968022228?extraParams=%7B%22display_model_id%22%3A445498047270%2C%22model_selection_logic%22%3A3%7D&sp_atk=5e462eeb-5c9c-4a20-9c76-5c558562c8a0&xptdk=5e462eeb-5c9c-4a20-9c76-5c558562c8a0
https://down-id.img.susercontent.com/file/id-11134207-822wh-mn5h38iqkvswd0,https://down-id.img.susercontent.com/file/id-11134258-7r98w-lyezzaurybot13,Second Grade A Dell Latitude 7320 Core i7 Gen 11 Ram 16GB SSD 512GB,,Rp,5.195.000,,https://deo.shopeemobile.com/shopee/modules-federation/live/0/shopee__item-card-standard-v2/0.2.8/pc/0614b8f0a8fdde22942d.svg,,< 2 Hari,https://deo.shopeemobile.com/shopee/modules-federation/live/0/shopee__item-card-standard-v2/0.2.8/pc/38e203dc86172a6c6560.svg,https://deo.shopeemobile.com/shopee/modules-federation/live/0/shopee__item-card-standard-v2/0.2.8/pc/0614b8f0a8fdde22942d.svg,< 2 Hari,https://deo.shopeemobile.com/shopee/modules-federation/live/0/shopee__item-card-standard-v2/0.2.8/pc/5dd7b4560d0e2d3190e8.svg,Jakarta Pusat,,,"Second Grade A Dell Latitude 7320 Core i7 Gen 11 Ram 16GB SSD 512GB
Rp
5.195.000
< 2 Hari
Jakarta Pusat",https://shopee.co.id/Second-Grade-A-Dell-Latitude-7320-Core-i7-Gen-11-Ram-16GB-SSD-512GB-i.1532849183.51500721074?extraParams=%7B%22display_model_id%22%3A430617047407%2C%22model_selection_logic%22%3A3%7D&sp_atk=6e3c0fd3-0579-4a64-a40c-71207c3c9e6b&xptdk=6e3c0fd3-0579-4a64-a40c-71207c3c9e6b
https://down-id.img.susercontent.com/file/id-11134207-7qul3-lj12t84du7z239,https://down-id.img.susercontent.com/file/id-11134258-8224v-mkvw0cu9r7k1a5,"Dell 5480 I5 7th Gen 8GB SSD 14"" Laptop Second",https://deo.shopeemobile.com/shopee/modules-federation/live/0/shopee__item-card-standard-v2/0.2.8/pc/a425c915798471b33e5d.png,Rp,2.740.000,,https://deo.shopeemobile.com/shopee/modules-federation/live/0/shopee__item-card-standard-v2/0.2.8/pc/d7099d3fd1dfdaf705ab.svg,4.8,18 Terjual,https://deo.shopeemobile.com/shopee/modules-federation/live/0/shopee__item-card-standard-v2/0.2.8/pc/76dff349290d20891fc1.svg,,,https://deo.shopeemobile.com/shopee/modules-federation/live/0/shopee__item-card-standard-v2/0.2.8/pc/5dd7b4560d0e2d3190e8.svg,Jakarta Pusat,-1%,https://deo.shopeemobile.com/shopee/modules-federation/live/0/shopee__item-card-standard-v2/0.2.8/pc/b4d1b8a78b3621dbdf4a.svg,"Dell 5480 I5 7th Gen 8GB SSD 14"" Laptop Second
Rp
2.740.000
-1%
4.8
18 Terjual
3-5 Hari
Jakarta Pusat",https://shopee.co.id/Dell-5480-I5-7th-Gen-8GB-SSD-14-Laptop-Second-i.508721070.17420057095?extraParams=%7B%22display_model_id%22%3A194390743424%2C%22model_selection_logic%22%3A3%7D&sp_atk=754627a9-d5ad-40a0-b35f-e825d3be0ec7&xptdk=754627a9-d5ad-40a0-b35f-e825d3be0ec7
https://down-id.img.susercontent.com/file/d0923c10ea549feb2cbc16056aa4676a,https://down-id.img.susercontent.com/file/id-11134258-8224v-mkvw0cu9r7k1a5,Laptop Dell RAM 4GB Murah Dell Hitam - Laptop Bekas / Second / Seken RAM 4GB SSD 256GB,,Rp,1.200.000,Cicilan,https://deo.shopeemobile.com/shopee/modules-federation/live/0/shopee__item-card-standard-v2/0.2.8/pc/d7099d3fd1dfdaf705ab.svg,4.8,375 Terjual,https://deo.shopeemobile.com/shopee/modules-federation/live/0/shopee__item-card-standard-v2/0.2.8/pc/38e203dc86172a6c6560.svg,https://deo.shopeemobile.com/shopee/modules-federation/live/0/shopee__item-card-standard-v2/0.2.8/pc/0614b8f0a8fdde22942d.svg,< 2 Hari,https://deo.shopeemobile.com/shopee/modules-federation/live/0/shopee__item-card-standard-v2/0.2.8/pc/5dd7b4560d0e2d3190e8.svg,Jakarta Utara,,,"Laptop Dell RAM 4GB Murah Dell Hitam - Laptop Bekas / Second / Seken RAM 4GB SSD 256GB
Rp
1.200.000
Cicilan
4.8
375 Terjual
< 2 Hari
Jakarta Utara",https://shopee.co.id/Laptop-Dell-RAM-4GB-Murah-Dell-Hitam-Laptop-Bekas-Second-Seken-RAM-4GB-SSD-256GB-i.20507921.1716186626?extraParams=%7B%22display_model_id%22%3A193917486936%2C%22model_selection_logic%22%3A3%7D&sp_atk=98e35de7-8b27-43ca-b98a-a6dac3553c4f&xptdk=98e35de7-8b27-43ca-b98a-a6dac3553c4f
https://down-id.img.susercontent.com/file/id-11134207-822wi-mn6v4xiuoohx38,https://down-id.img.susercontent.com/file/id-11134258-822wr-mlx67rtd6r602f,Laptop Dell Latitude Core i5 / i7 RAM 8GB SSD 256 |  Second Original Dan Murah,https://deo.shopeemobile.com/shopee/modules-federation/live/0/shopee__item-card-standard-v2/0.2.8/pc/e4734dab67ee2f9ebd5a.png,Rp,2.750.000,,https://deo.shopeemobile.com/shopee/modules-federation/live/0/shopee__item-card-standard-v2/0.2.8/pc/d7099d3fd1dfdaf705ab.svg,4.8,277 Terjual,https://deo.shopeemobile.com/shopee/modules-federation/live/0/shopee__item-card-standard-v2/0.2.8/pc/38e203dc86172a6c6560.svg,https://deo.shopeemobile.com/shopee/modules-federation/live/0/shopee__item-card-standard-v2/0.2.8/pc/0614b8f0a8fdde22942d.svg,< 2 Hari,https://deo.shopeemobile.com/shopee/modules-federation/live/0/shopee__item-card-standard-v2/0.2.8/pc/5dd7b4560d0e2d3190e8.svg,Jakarta Pusat,,,"Laptop Dell Latitude Core i5 / i7 RAM 8GB SSD 256 | Second Original Dan Murah
Rp
2.750.000
4.8
277 Terjual
< 2 Hari
Jakarta Pusat",https://shopee.co.id/Laptop-Dell-Latitude-Core-i5-i7-RAM-8GB-SSD-256-Second-Original-Dan-Murah-i.872249560.19065145063?extraParams=%7B%22display_model_id%22%3A256746820072%2C%22model_selection_logic%22%3A3%7D&sp_atk=57d60bc2-ee00-4805-83cf-2dbf797fdba3&xptdk=57d60bc2-ee00-4805-83cf-2dbf797fdba3
https://down-id.img.susercontent.com/file/id-11134207-81ztd-mejsqfpropvm10,https://down-id.img.susercontent.com/file/id-11134258-7r98w-lyezzaurybot13,Dell Latitude 3380 Core i3 8GB 512GB SSD Siap Pakai,https://deo.shopeemobile.com/shopee/modules-federation/live/0/shopee__item-card-standard-v2/0.2.8/pc/e4734dab67ee2f9ebd5a.png,Rp,1.889.000,,https://deo.shopeemobile.com/shopee/modules-federation/live/0/shopee__item-card-standard-v2/0.2.8/pc/d7099d3fd1dfdaf705ab.svg,5.0,7 Terjual,https://deo.shopeemobile.com/shopee/modules-federation/live/0/shopee__item-card-standard-v2/0.2.8/pc/38e203dc86172a6c6560.svg,https://deo.shopeemobile.com/shopee/modules-federation/live/0/shopee__item-card-standard-v2/0.2.8/pc/0614b8f0a8fdde22942d.svg,< 2 Hari,https://deo.shopeemobile.com/shopee/modules-federation/live/0/shopee__item-card-standard-v2/0.2.8/pc/5dd7b4560d0e2d3190e8.svg,Jakarta Pusat,,,"Dell Latitude 3380 Core i3 8GB 512GB SSD Siap Pakai
Rp
1.889.000
5.0
7 Terjual
< 2 Hari
Jakarta Pusat",https://shopee.co.id/Dell-Latitude-3380-Core-i3-8GB-512GB-SSD-Siap-Pakai-i.1434879797.40118668716?extraParams=%7B%22display_model_id%22%3A306531797388%2C%22model_selection_logic%22%3A3%7D&sp_atk=73b71ac9-5eeb-42d2-a421-760fe07f3faa&xptdk=73b71ac9-5eeb-42d2-a421-760fe07f3faa
https://down-id.img.susercontent.com/file/id-11134207-8224t-mkknrsiourr429,https://down-id.img.susercontent.com/file/id-11134258-7r98w-lyezzaurybot13,DELL Laptop Second Latitude 5410 Core i5/i7 16GB SSD 256GB 14 Inch,,Rp,3.899.000,,,,3-5 Hari,https://deo.shopeemobile.com/shopee/modules-federation/live/0/shopee__item-card-standard-v2/0.2.8/pc/76dff349290d20891fc1.svg,,,https://deo.shopeemobile.com/shopee/modules-federation/live/0/shopee__item-card-standard-v2/0.2.8/pc/5dd7b4560d0e2d3190e8.svg,Jakarta Pusat,,,"DELL Laptop Second Latitude 5410 Core i5/i7 16GB SSD 256GB 14 Inch
Rp
3.899.000
3-5 Hari
Jakarta Pusat",https://shopee.co.id/DELL-Laptop-Second-Latitude-5410-Core-i5-i7-16GB-SSD-256GB-14-Inch-i.1111920587.28594223940?extraParams=%7B%22display_model_id%22%3A415553734868%2C%22model_selection_logic%22%3A3%7D&sp_atk=daa4ab37-31db-415c-8499-6638e440ad2d&xptdk=daa4ab37-31db-415c-8499-6638e440ad2d
https://down-id.img.susercontent.com/file/id-11134207-822ws-mmpt4qbdfny888,https://down-id.img.susercontent.com/file/id-11134258-8224v-mkvw0cu9r7k1a5,"LAPTOP DELL LATITUDE 5590 CORE I5,8350U 1.7GHZ RAM 8GB SSD 128GB SECOND ORIGINAL",https://deo.shopeemobile.com/shopee/modules-federation/live/0/shopee__item-card-standard-v2/0.2.8/pc/e4734dab67ee2f9ebd5a.png,Rp,2.797.368,,https://deo.shopeemobile.com/shopee/modules-federation/live/0/shopee__item-card-standard-v2/0.2.8/pc/0614b8f0a8fdde22942d.svg,,< 2 Hari,https://deo.shopeemobile.com/shopee/modules-federation/live/0/shopee__item-card-standard-v2/0.2.8/pc/38e203dc86172a6c6560.svg,https://deo.shopeemobile.com/shopee/modules-federation/live/0/shopee__item-card-standard-v2/0.2.8/pc/0614b8f0a8fdde22942d.svg,< 2 Hari,https://deo.shopeemobile.com/shopee/modules-federation/live/0/shopee__item-card-standard-v2/0.2.8/pc/5dd7b4560d0e2d3190e8.svg,Jakarta Pusat,-5%,https://deo.shopeemobile.com/shopee/modules-federation/live/0/shopee__item-card-standard-v2/0.2.8/pc/b4d1b8a78b3621dbdf4a.svg,"LAPTOP DELL LATITUDE 5590 CORE I5,8350U 1.7GHZ RAM 8GB SSD 128GB SECOND ORIGINAL
Rp
2.797.368
-5%
< 2 Hari
Jakarta Pusat",https://shopee.co.id/LAPTOP-DELL-LATITUDE-5590-CORE-I5-8350U-1.7GHZ-RAM-8GB-SSD-128GB-SECOND-ORIGINAL-i.227005289.46708309385?extraParams=%7B%22display_model_id%22%3A350736360172%2C%22model_selection_logic%22%3A3%7D&sp_atk=3de290af-e577-43c2-ba2e-632623d8b41b&xptdk=3de290af-e577-43c2-ba2e-632623d8b41b
https://down-id.img.susercontent.com/file/id-11134207-8224v-mkknrsiow6bk04,https://down-id.img.susercontent.com/file/id-11134258-7r98w-lyezzaurybot13,DELL LATITUDE 7425 AMD RYZEN 5 RAM 8GB SSD 256GB LIPAT 360 TOUCHSCREEN - SECOND MURAH MULUS BERGARANSI,,Rp,6.120.000,,,,3-5 Hari,https://deo.shopeemobile.com/shopee/modules-federation/live/0/shopee__item-card-standard-v2/0.2.8/pc/76dff349290d20891fc1.svg,,,https://deo.shopeemobile.com/shopee/modules-federation/live/0/shopee__item-card-standard-v2/0.2.8/pc/5dd7b4560d0e2d3190e8.svg,Jakarta Pusat,,,"DELL LATITUDE 7425 AMD RYZEN 5 RAM 8GB SSD 256GB LIPAT 360 TOUCHSCREEN - SECOND MURAH MULUS BERGARANSI
Rp
6.120.000
3-5 Hari
Jakarta Pusat",https://shopee.co.id/DELL-LATITUDE-7425-AMD-RYZEN-5-RAM-8GB-SSD-256GB-LIPAT-360-TOUCHSCREEN-SECOND-MURAH-MULUS-BERGARANSI-i.1111920587.54106082647?extraParams=%7B%22display_model_id%22%3A297403942458%2C%22model_selection_logic%22%3A3%7D&sp_atk=92f03d38-f70e-4bbe-a93a-1b20b4d2c16f&xptdk=92f03d38-f70e-4bbe-a93a-1b20b4d2c16f
https://down-id.img.susercontent.com/file/id-11134207-7rbk8-mb0oujg89x7vd9,https://down-id.img.susercontent.com/file/id-11134258-7r98w-lyezzaurybot13,"Dell Latitude 5410 5420 5421 Core i5 11th Gen 14""",https://deo.shopeemobile.com/shopee/modules-federation/live/0/shopee__item-card-standard-v2/0.2.8/pc/e4734dab67ee2f9ebd5a.png,Rp,4.099.000,,https://deo.shopeemobile.com/shopee/modules-federation/live/0/shopee__item-card-standard-v2/0.2.8/pc/d7099d3fd1dfdaf705ab.svg,4.8,108 Terjual,https://deo.shopeemobile.com/shopee/modules-federation/live/0/shopee__item-card-standard-v2/0.2.8/pc/38e203dc86172a6c6560.svg,https://deo.shopeemobile.com/shopee/modules-federation/live/0/shopee__item-card-standard-v2/0.2.8/pc/0614b8f0a8fdde22942d.svg,< 2 Hari,https://deo.shopeemobile.com/shopee/modules-federation/live/0/shopee__item-card-standard-v2/0.2.8/pc/5dd7b4560d0e2d3190e8.svg,Jakarta Pusat,,,"Dell Latitude 5410 5420 5421 Core i5 11th Gen 14""
Rp
4.099.000
4.8
108 Terjual
< 2 Hari
Jakarta Pusat",https://shopee.co.id/Dell-Latitude-5410-5420-5421-Core-i5-11th-Gen-14--i.1434879797.27976029090?extraParams=%7B%22display_model_id%22%3A258580275999%2C%22model_selection_logic%22%3A3%7D&sp_atk=62c9eb42-bf12-4231-abea-033150d51aa7&xptdk=62c9eb42-bf12-4231-abea-033150d51aa7
https://down-id.img.susercontent.com/file/id-11134207-7ra0t-mbyruhlrjot3a9,https://down-id.img.susercontent.com/file/id-11134258-8224v-mkvw0cu9r7k1a5,"Dell Latitude 7400 i5/i7 14"" 8GB-16GB SSD 128GB-512GB",,Rp,3.400.000,,https://deo.shopeemobile.com/shopee/modules-federation/live/0/shopee__item-card-standard-v2/0.2.8/pc/d7099d3fd1dfdaf705ab.svg,5.0,1 Terjual,https://deo.shopeemobile.com/shopee/modules-federation/live/0/shopee__item-card-standard-v2/0.2.8/pc/76dff349290d20891fc1.svg,,,https://deo.shopeemobile.com/shopee/modules-federation/live/0/shopee__item-card-standard-v2/0.2.8/pc/5dd7b4560d0e2d3190e8.svg,Jakarta Pusat,,,"Dell Latitude 7400 i5/i7 14"" 8GB-16GB SSD 128GB-512GB
Rp
3.400.000
5.0
1 Terjual
4-8 Hari
Jakarta Pusat",https://shopee.co.id/Dell-Latitude-7400-i5-i7-14-8GB-16GB-SSD-128GB-512GB-i.1477923255.27977712750?extraParams=%7B%22display_model_id%22%3A257744645964%2C%22model_selection_logic%22%3A3%7D&sp_atk=c37b2ea4-6b96-4970-b6a4-52e8a8399d86&xptdk=c37b2ea4-6b96-4970-b6a4-52e8a8399d86
https://down-id.img.susercontent.com/file/id-11134207-7rash-m5mpbc48gs5efc,https://down-id.img.susercontent.com/file/id-11134258-8224v-mkvw0cu9r7k1a5,SLIM Laptop DELL INSPIRON 14 3467 Core i3 GEN 6 RAM 8 SSD - LAPTOP BEKAS - LAPTOP MALANG - LAPTOP MURAH - LAPTOP SECOND,,Rp,2.050.000,,https://deo.shopeemobile.com/shopee/modules-federation/live/0/shopee__item-card-standard-v2/0.2.8/pc/0614b8f0a8fdde22942d.svg,,< 2 Hari,https://deo.shopeemobile.com/shopee/modules-federation/live/0/shopee__item-card-standard-v2/0.2.8/pc/38e203dc86172a6c6560.svg,https://deo.shopeemobile.com/shopee/modules-federation/live/0/shopee__item-card-standard-v2/0.2.8/pc/0614b8f0a8fdde22942d.svg,< 2 Hari,https://deo.shopeemobile.com/shopee/modules-federation/live/0/shopee__item-card-standard-v2/0.2.8/pc/5dd7b4560d0e2d3190e8.svg,Malang,,,"SLIM Laptop DELL INSPIRON 14 3467 Core i3 GEN 6 RAM 8 SSD - LAPTOP BEKAS - LAPTOP MALANG - LAPTOP MURAH - LAPTOP SECOND
Rp
2.050.000
< 2 Hari
Malang",https://shopee.co.id/SLIM-Laptop-DELL-INSPIRON-14-3467-Core-i3-GEN-6-RAM-8-SSD-LAPTOP-BEKAS-LAPTOP-MALANG-LAPTOP-MURAH-LAPTOP-SECOND-i.44435356.27974813658?extraParams=%7B%22display_model_id%22%3A149000342348%2C%22model_selection_logic%22%3A3%7D&sp_atk=a60bade2-cbbd-4a9c-9470-80473b17c6ff&xptdk=a60bade2-cbbd-4a9c-9470-80473b17c6ff
https://down-id.img.susercontent.com/file/id-11134207-8224p-mk25sci5gava00,https://down-id.img.susercontent.com/file/id-11134258-822wr-mlx5y0tebegw04,Laptop Dell Latitude 5320/5340/5410/5420/5430 i7/i5 16GB/32GB Mulus Original Bergaransi,https://deo.shopeemobile.com/shopee/modules-federation/live/0/shopee__item-card-standard-v2/0.2.8/pc/a425c915798471b33e5d.png,Rp,4.500.000,,https://deo.shopeemobile.com/shopee/modules-federation/live/0/shopee__item-card-standard-v2/0.2.8/pc/d7099d3fd1dfdaf705ab.svg,5.0,13 Terjual,https://deo.shopeemobile.com/shopee/modules-federation/live/0/shopee__item-card-standard-v2/0.2.8/pc/38e203dc86172a6c6560.svg,https://deo.shopeemobile.com/shopee/modules-federation/live/0/shopee__item-card-standard-v2/0.2.8/pc/0614b8f0a8fdde22942d.svg,< 2 Hari,https://deo.shopeemobile.com/shopee/modules-federation/live/0/shopee__item-card-standard-v2/0.2.8/pc/5dd7b4560d0e2d3190e8.svg,Jakarta Pusat,,,"Laptop Dell Latitude 5320/5340/5410/5420/5430 i7/i5 16GB/32GB Mulus Original Bergaransi
Rp
4.500.000
5.0
13 Terjual
< 2 Hari
Jakarta Pusat",https://shopee.co.id/Laptop-Dell-Latitude-5320-5340-5410-5420-5430-i7-i5-16GB-32GB-Mulus-Original-Bergaransi-i.24623010.24833217229?extraParams=%7B%22display_model_id%22%3A375503739543%2C%22model_selection_logic%22%3A3%7D&sp_atk=3e08df8f-0cbc-412e-b407-30072bdd31c3&xptdk=3e08df8f-0cbc-412e-b407-30072bdd31c3
https://down-id.img.susercontent.com/file/id-11134207-822ws-mmzty1mkdreuc9,,Dell Latitude 5470 i5 Gen 6 8GB 256GB Layar 14 Keyboard Backlight Siap Pakai,,Rp,2.800.000,,https://deo.shopeemobile.com/shopee/modules-federation/live/0/shopee__item-card-standard-v2/0.2.8/pc/0614b8f0a8fdde22942d.svg,,< 2 Hari,https://deo.shopeemobile.com/shopee/modules-federation/live/0/shopee__item-card-standard-v2/0.2.8/pc/38e203dc86172a6c6560.svg,https://deo.shopeemobile.com/shopee/modules-federation/live/0/shopee__item-card-standard-v2/0.2.8/pc/0614b8f0a8fdde22942d.svg,< 2 Hari,https://deo.shopeemobile.com/shopee/modules-federation/live/0/shopee__item-card-standard-v2/0.2.8/pc/5dd7b4560d0e2d3190e8.svg,Kab. Bogor,,,"Dell Latitude 5470 i5 Gen 6 8GB 256GB Layar 14 Keyboard Backlight Siap Pakai
Rp
2.800.000
< 2 Hari
Kab. Bogor",https://shopee.co.id/Dell-Latitude-5470-i5-Gen-6-8GB-256GB-Layar-14-Keyboard-Backlight-Siap-Pakai-i.1568367969.43930003282?extraParams=%7B%22display_model_id%22%3A320774936542%2C%22model_selection_logic%22%3A3%7D&sp_atk=ad2efedd-1347-43db-b588-cff0328ecd47&xptdk=ad2efedd-1347-43db-b588-cff0328ecd47
https://down-id.img.susercontent.com/file/id-11134207-7ra0i-mbz4l5hqwmjjed,https://down-id.img.susercontent.com/file/id-11134258-8224v-mkvw0cu9r7k1a5,"Laptop Dell Latitude 5320 Intel Core i5 & i7 Gen 1185G7 RAM 8GB-32GB SSD 256GB-512GB Layar 13 ""Inch Second Bergaransi",,Rp,4.600.000,,,,4-7 Hari,https://deo.shopeemobile.com/shopee/modules-federation/live/0/shopee__item-card-standard-v2/0.2.8/pc/76dff349290d20891fc1.svg,,,https://deo.shopeemobile.com/shopee/modules-federation/live/0/shopee__item-card-standard-v2/0.2.8/pc/5dd7b4560d0e2d3190e8.svg,Jakarta Pusat,,,"Laptop Dell Latitude 5320 Intel Core i5 & i7 Gen 1185G7 RAM 8GB-32GB SSD 256GB-512GB Layar 13 ""Inch Second Bergaransi
Rp
4.600.000
4-7 Hari
Jakarta Pusat",https://shopee.co.id/Laptop-Dell-Latitude-5320-Intel-Core-i5-i7-Gen-1185G7-RAM-8GB-32GB-SSD-256GB-512GB-Layar-13-Inch-Second-Bergaransi-i.1477923255.29227856758?extraParams=%7B%22display_model_id%22%3A159041046896%2C%22model_selection_logic%22%3A3%7D&sp_atk=1d01dc03-f169-476a-af93-77c2488eb8ab&xptdk=1d01dc03-f169-476a-af93-77c2488eb8ab
https://down-id.img.susercontent.com/file/id-11134207-8224r-mk4spora2c5g4d,https://down-id.img.susercontent.com/file/id-11134258-822wr-mlx5y0tebegw04,Dell Latitude 5530 Core i7 32GB 1TB SSD WIN 11,https://deo.shopeemobile.com/shopee/modules-federation/live/0/shopee__item-card-standard-v2/0.2.8/pc/a425c915798471b33e5d.png,Rp,6.250.000,,https://deo.shopeemobile.com/shopee/modules-federation/live/0/shopee__item-card-standard-v2/0.2.8/pc/d7099d3fd1dfdaf705ab.svg,5.0,1 Terjual,https://deo.shopeemobile.com/shopee/modules-federation/live/0/shopee__item-card-standard-v2/0.2.8/pc/38e203dc86172a6c6560.svg,https://deo.shopeemobile.com/shopee/modules-federation/live/0/shopee__item-card-standard-v2/0.2.8/pc/0614b8f0a8fdde22942d.svg,< 2 Hari,https://deo.shopeemobile.com/shopee/modules-federation/live/0/shopee__item-card-standard-v2/0.2.8/pc/5dd7b4560d0e2d3190e8.svg,Jakarta Pusat,,,"Dell Latitude 5530 Core i7 32GB 1TB SSD WIN 11
Rp
6.250.000
5.0
1 Terjual
< 2 Hari
Jakarta Pusat",https://shopee.co.id/Dell-Latitude-5530-Core-i7-32GB-1TB-SSD-WIN-11-i.24623010.42924907499?extraParams=%7B%22display_model_id%22%3A350511661827%2C%22model_selection_logic%22%3A3%7D&sp_atk=af5b33a2-fd3c-49ae-a9c7-ea2fbd9e7727&xptdk=af5b33a2-fd3c-49ae-a9c7-ea2fbd9e7727
https://down-id.img.susercontent.com/file/id-11134207-7rbk9-macfsynrzdyjeb,,Dell Latitude 3520 Intel Core I5 gen 11 Ram 16gb Ssd 256gb Windows 11 Siap Pakai,https://deo.shopeemobile.com/shopee/modules-federation/live/0/shopee__item-card-standard-v2/0.2.8/pc/e4734dab67ee2f9ebd5a.png,Rp,5.679.999,,,,3-4 Hari,https://deo.shopeemobile.com/shopee/modules-federation/live/0/shopee__item-card-standard-v2/0.2.8/pc/76dff349290d20891fc1.svg,,,https://deo.shopeemobile.com/shopee/modules-federation/live/0/shopee__item-card-standard-v2/0.2.8/pc/5dd7b4560d0e2d3190e8.svg,Jakarta Pusat,-19%,https://deo.shopeemobile.com/shopee/modules-federation/live/0/shopee__item-card-standard-v2/0.2.8/pc/b4d1b8a78b3621dbdf4a.svg,"Dell Latitude 3520 Intel Core I5 gen 11 Ram 16gb Ssd 256gb Windows 11 Siap Pakai
Rp
5.679.999
-19%
3-4 Hari
Jakarta Pusat",https://shopee.co.id/Dell-Latitude-3520-Intel-Core-I5-gen-11-Ram-16gb-Ssd-256gb-Windows-11-Siap-Pakai-i.1302168963.27205642351?extraParams=%7B%22display_model_id%22%3A251218844588%2C%22model_selection_logic%22%3A3%7D&sp_atk=83c1e5f9-e773-42c9-817a-5cae57157ab3&xptdk=83c1e5f9-e773-42c9-817a-5cae57157ab3
https://down-id.img.susercontent.com/file/id-11134207-8224w-mhk8s4saddkz8c,https://down-id.img.susercontent.com/file/id-11134258-7r98w-lyezzaurybot13,Dell Latitude 3520 Intel Core I5 gen 11 Ram 16gb Ssd 256gb Windows 11 Siap Pakai,https://deo.shopeemobile.com/shopee/modules-federation/live/0/shopee__item-card-standard-v2/0.2.8/pc/a425c915798471b33e5d.png,Rp,5.694.000,,,,1 Terjual,https://deo.shopeemobile.com/shopee/modules-federation/live/0/shopee__item-card-standard-v2/0.2.8/pc/76dff349290d20891fc1.svg,,,https://deo.shopeemobile.com/shopee/modules-federation/live/0/shopee__item-card-standard-v2/0.2.8/pc/5dd7b4560d0e2d3190e8.svg,Jakarta Pusat,-15%,,"Dell Latitude 3520 Intel Core I5 gen 11 Ram 16gb Ssd 256gb Windows 11 Siap Pakai
Rp
5.694.000
-15%
1 Terjual
3-4 Hari
Jakarta Pusat",https://shopee.co.id/Dell-Latitude-3520-Intel-Core-I5-gen-11-Ram-16gb-Ssd-256gb-Windows-11-Siap-Pakai-i.1368623097.24844891221?extraParams=%7B%22display_model_id%22%3A248360593915%2C%22model_selection_logic%22%3A3%7D&sp_atk=0f7127c7-d6b5-4f6f-b350-3a9cd379d31f&xptdk=0f7127c7-d6b5-4f6f-b350-3a9cd379d31f
https://down-id.img.susercontent.com/file/id-11134207-7ras9-m5r5j7xymxlk94,https://down-id.img.susercontent.com/file/id-11134258-8224v-mkvw0cu9r7k1a5,Dell Latitude 7240 7270 7440 7470 Second Like New,,Rp,2.150.000,,https://deo.shopeemobile.com/shopee/modules-federation/live/0/shopee__item-card-standard-v2/0.2.8/pc/d7099d3fd1dfdaf705ab.svg,5.0,2 Terjual,https://deo.shopeemobile.com/shopee/modules-federation/live/0/shopee__item-card-standard-v2/0.2.8/pc/38e203dc86172a6c6560.svg,https://deo.shopeemobile.com/shopee/modules-federation/live/0/shopee__item-card-standard-v2/0.2.8/pc/0614b8f0a8fdde22942d.svg,< 2 Hari,https://deo.shopeemobile.com/shopee/modules-federation/live/0/shopee__item-card-standard-v2/0.2.8/pc/5dd7b4560d0e2d3190e8.svg,Malang,,,"Dell Latitude 7240 7270 7440 7470 Second Like New
Rp
2.150.000
5.0
2 Terjual
< 2 Hari
Malang",https://shopee.co.id/Dell-Latitude-7240-7270-7440-7470-Second-Like-New-i.44435356.29424933912?extraParams=%7B%22display_model_id%22%3A39516818961%2C%22model_selection_logic%22%3A3%7D&sp_atk=478b76f9-a173-4eb8-be68-cd6b61adcf43&xptdk=478b76f9-a173-4eb8-be68-cd6b61adcf43
https://down-id.img.susercontent.com/file/id-11134207-7ra0q-mc0gmcevsi3l30,https://down-id.img.susercontent.com/file/id-11134258-8224v-mkvw0cu9r7k1a5,LAPTOP BEKAS BERKUALITAS MERK DELL 5490 CORE I5,https://deo.shopeemobile.com/shopee/modules-federation/live/0/shopee__item-card-standard-v2/0.2.8/pc/e4734dab67ee2f9ebd5a.png,Rp,2.025.000,Cicilan,https://deo.shopeemobile.com/shopee/modules-federation/live/0/shopee__item-card-standard-v2/0.2.8/pc/d7099d3fd1dfdaf705ab.svg,4.6,11 Terjual,https://deo.shopeemobile.com/shopee/modules-federation/live/0/shopee__item-card-standard-v2/0.2.8/pc/38e203dc86172a6c6560.svg,https://deo.shopeemobile.com/shopee/modules-federation/live/0/shopee__item-card-standard-v2/0.2.8/pc/0614b8f0a8fdde22942d.svg,< 2 Hari,https://deo.shopeemobile.com/shopee/modules-federation/live/0/shopee__item-card-standard-v2/0.2.8/pc/5dd7b4560d0e2d3190e8.svg,Jakarta Pusat,,,"LAPTOP BEKAS BERKUALITAS MERK DELL 5490 CORE I5
Rp
2.025.000
Cicilan
4.6
11 Terjual
< 2 Hari
Jakarta Pusat",https://shopee.co.id/LAPTOP-BEKAS-BERKUALITAS-MERK-DELL-5490-CORE-I5-i.45901998.8325345244?extraParams=%7B%22display_model_id%22%3A258260928516%2C%22model_selection_logic%22%3A3%7D&sp_atk=0eb314f2-5fb4-4239-bd97-027c2b35f05b&xptdk=0eb314f2-5fb4-4239-bd97-027c2b35f05b
https://down-id.img.susercontent.com/file/id-11134207-7rbk5-m9k4rd6dycf298,https://down-id.img.susercontent.com/file/id-11134258-7r98w-lyezzaurybot13,Laptop Dell ALL Series i5 GEN 4 I 5 I 7 I 8 Second Original,,Rp,1.800.000,,https://deo.shopeemobile.com/shopee/modules-federation/live/0/shopee__item-card-standard-v2/0.2.8/pc/d7099d3fd1dfdaf705ab.svg,5.0,23 Terjual,https://deo.shopeemobile.com/shopee/modules-federation/live/0/shopee__item-card-standard-v2/0.2.8/pc/38e203dc86172a6c6560.svg,https://deo.shopeemobile.com/shopee/modules-federation/live/0/shopee__item-card-standard-v2/0.2.8/pc/0614b8f0a8fdde22942d.svg,< 2 Hari,https://deo.shopeemobile.com/shopee/modules-federation/live/0/shopee__item-card-standard-v2/0.2.8/pc/5dd7b4560d0e2d3190e8.svg,Jakarta Barat,,,"Laptop Dell ALL Series i5 GEN 4 I 5 I 7 I 8 Second Original
Rp
1.800.000
5.0
23 Terjual
< 2 Hari
Jakarta Barat",https://shopee.co.id/Laptop-Dell-ALL-Series-i5-GEN-4-I-5-I-7-I-8-Second-Original-i.1137784383.42050341488?extraParams=%7B%22display_model_id%22%3A390520546867%2C%22model_selection_logic%22%3A3%7D&sp_atk=ebab4314-2b78-4c99-9e3c-052964d8683f&xptdk=ebab4314-2b78-4c99-9e3c-052964d8683f