-image-yazkc-11,-image-yazkc-11_2,text-sm,text-xs/sp14,font-medium,pointer-events-none,align-middle,inline-block,img,text-xs/sp14_2,text-xs,text-shopee-primary,_container,_container_link
https://down-id.img.susercontent.com/file/id-11134207-822wo-mmrbejsto45f1f,https://down-id.img.susercontent.com/file/id-11134258-7r98w-lyezzaurybot13,Huawei D14 i3 10101U RAM 8GB Kondisi mati layar masih bagus,Rp,1.200.000,https://deo.shopeemobile.com/shopee/modules-federation/live/0/shopee__item-card-standard-v2/0.2.8/pc/5dd7b4560d0e2d3190e8.svg,Kab. Sleman,,,,,,"Huawei D14 i3 10101U RAM 8GB Kondisi mati layar masih bagus
Rp
1.200.000
Kab. Sleman",https://shopee.co.id/Huawei-D14-i3-10101U-RAM-8GB-Kondisi-mati-layar-masih-bagus-i.966060303.48258357354?extraParams=%7B%22display_model_id%22%3A282512406345%2C%22model_selection_logic%22%3A3%7D&sp_atk=a2571652-f5b0-4595-90d7-c2a77dfcd2bd&xptdk=a2571652-f5b0-4595-90d7-c2a77dfcd2bd
https://down-id.img.susercontent.com/file/id-11134207-82252-mhrpguhjy5mtc3,https://down-id.img.susercontent.com/file/id-11134258-8224v-mkvw0cu9r7k1a5,LAPTOP HUAWEI NBLK-WAX9X AMD RYZEN 7 3700U 8GB SSD 512GB 14INCH SECOND BERGARANSI,Rp,5.249.000,https://deo.shopeemobile.com/shopee/modules-federation/live/0/shopee__item-card-standard-v2/0.2.8/pc/5dd7b4560d0e2d3190e8.svg,Jakarta Barat,https://deo.shopeemobile.com/shopee/modules-federation/live/0/shopee__item-card-standard-v2/0.2.8/pc/e4734dab67ee2f9ebd5a.png,,,,,"LAPTOP HUAWEI NBLK-WAX9X AMD RYZEN 7 3700U 8GB SSD 512GB 14INCH SECOND BERGARANSI
Rp
5.249.000
Jakarta Barat",https://shopee.co.id/LAPTOP-HUAWEI-NBLK-WAX9X-AMD-RYZEN-7-3700U-8GB-SSD-512GB-14INCH-SECOND-BERGARANSI-i.37906250.45752486337?extraParams=%7B%22display_model_id%22%3A435239143495%2C%22model_selection_logic%22%3A3%7D&sp_atk=23d0d7a3-88fd-439c-be56-75bf97e312ec&xptdk=23d0d7a3-88fd-439c-be56-75bf97e312ec
https://down-id.img.susercontent.com/file/id-11134207-8224w-mhsnw5c4n760eb,https://down-id.img.susercontent.com/file/id-11134258-8224v-mkvw0cu9r7k1a5,LAPTOP HUAWEI NBLK-WAX9X AMD RYZEN 7 3700U 8GB SSD 512GB 14INCH SECOND BERGARANSI,Rp,5.249.000,https://deo.shopeemobile.com/shopee/modules-federation/live/0/shopee__item-card-standard-v2/0.2.8/pc/5dd7b4560d0e2d3190e8.svg,Jakarta Barat,https://deo.shopeemobile.com/shopee/modules-federation/live/0/shopee__item-card-standard-v2/0.2.8/pc/e4734dab67ee2f9ebd5a.png,,,,,"LAPTOP HUAWEI NBLK-WAX9X AMD RYZEN 7 3700U 8GB SSD 512GB 14INCH SECOND BERGARANSI
Rp
5.249.000
Jakarta Barat",https://shopee.co.id/LAPTOP-HUAWEI-NBLK-WAX9X-AMD-RYZEN-7-3700U-8GB-SSD-512GB-14INCH-SECOND-BERGARANSI-i.365327344.42676953158?extraParams=%7B%22display_model_id%22%3A307223340919%2C%22model_selection_logic%22%3A3%7D&sp_atk=36864c29-bbb0-4ebf-be5d-e86d2bc4c231&xptdk=36864c29-bbb0-4ebf-be5d-e86d2bc4c231
https://down-id.img.susercontent.com/file/id-11134207-82250-mhzv3p7j0cu82a,https://down-id.img.susercontent.com/file/id-11134258-8224v-mkvw0cu9r7k1a5,LAPTOP HUAWEI NBLK-WAX9X AMD RYZEN 7 3700U 8GB SSD 512GB 14 INCH SECOND BERGARANSI,Rp,5.149.000,https://deo.shopeemobile.com/shopee/modules-federation/live/0/shopee__item-card-standard-v2/0.2.8/pc/5dd7b4560d0e2d3190e8.svg,Jakarta Barat,https://deo.shopeemobile.com/shopee/modules-federation/live/0/shopee__item-card-standard-v2/0.2.8/pc/e4734dab67ee2f9ebd5a.png,,,,,"LAPTOP HUAWEI NBLK-WAX9X AMD RYZEN 7 3700U 8GB SSD 512GB 14 INCH SECOND BERGARANSI
Rp
5.149.000
Jakarta Barat",https://shopee.co.id/LAPTOP-HUAWEI-NBLK-WAX9X-AMD-RYZEN-7-3700U-8GB-SSD-512GB-14-INCH-SECOND-BERGARANSI-i.203572497.45702798394?extraParams=%7B%22display_model_id%22%3A292238155774%2C%22model_selection_logic%22%3A3%7D&sp_atk=9f180725-1267-49f9-8365-e1f3f8d44a6e&xptdk=9f180725-1267-49f9-8365-e1f3f8d44a6e
https://down-id.img.susercontent.com/file/id-11134207-8224x-mk4u310hkem959,https://down-id.img.susercontent.com/file/id-11134258-8224v-mkvw0cu9r7k1a5,Huawei Matebook X Pro [13.9Inch 3K2K Touch | i7-8550u | 16GB Ram | 512GB SSD | W11] - Laptop Second Makassar,Rp,6.800.000,https://deo.shopeemobile.com/shopee/modules-federation/live/0/shopee__item-card-standard-v2/0.2.8/pc/5dd7b4560d0e2d3190e8.svg,Makassar,,,,,,"Huawei Matebook X Pro [13.9Inch 3K2K Touch | i7-8550u | 16GB Ram | 512GB SSD | W11] - Laptop Second Makassar
Rp
6.800.000
Makassar",https://shopee.co.id/Huawei-Matebook-X-Pro-13.9Inch-3K2K-Touch-i7-8550u-16GB-Ram-512GB-SSD-W11-Laptop-Second-Makassar-i.42310262.54205661600?extraParams=%7B%22display_model_id%22%3A405511882470%2C%22model_selection_logic%22%3A3%7D&sp_atk=d38bc3d2-279b-443f-8dc1-6a16346b84d5&xptdk=d38bc3d2-279b-443f-8dc1-6a16346b84d5
https://down-id.img.susercontent.com/file/id-11134207-822ws-mmewfq3n0c1x9a,,Preloved HUAWEI MateBook D 14 2024 i5 Gen 13 16+512GB Garansi Panjang 2027,Rp,8.200.000,https://deo.shopeemobile.com/shopee/modules-federation/live/0/shopee__item-card-standard-v2/0.2.8/pc/5dd7b4560d0e2d3190e8.svg,Kab. Sidoarjo,,,,,,"Preloved HUAWEI MateBook D 14 2024 i5 Gen 13 16+512GB Garansi Panjang 2027
Rp
8.200.000
Kab. Sidoarjo",https://shopee.co.id/Preloved-HUAWEI-MateBook-D-14-2024-i5-Gen-13-16-512GB-Garansi-Panjang-2027-i.80298955.57407926575?extraParams=%7B%22display_model_id%22%3A405703701797%2C%22model_selection_logic%22%3A3%7D&sp_atk=9387b87f-5067-452a-8d32-1060d4d89b5e&xptdk=9387b87f-5067-452a-8d32-1060d4d89b5e
https://down-id.img.susercontent.com/file/id-11134207-81ztq-me0ytlp3x3pf1a,https://down-id.img.susercontent.com/file/id-11134258-7r98w-lyezzaurybot13,HUAWEI MateBook D14 | 8GB | 256GB | Second Mulus,Rp,5.000.000,https://deo.shopeemobile.com/shopee/modules-federation/live/0/shopee__item-card-standard-v2/0.2.8/pc/5dd7b4560d0e2d3190e8.svg,Jakarta Selatan,,,,,,"HUAWEI MateBook D14 | 8GB | 256GB | Second Mulus
Rp
5.000.000
Jakarta Selatan",https://shopee.co.id/HUAWEI-MateBook-D14-8GB-256GB-Second-Mulus-i.109974939.42315998971?extraParams=%7B%22display_model_id%22%3A281318543771%2C%22model_selection_logic%22%3A3%7D&sp_atk=82383e3b-daf3-4259-9c21-db737a1f5c0f&xptdk=82383e3b-daf3-4259-9c21-db737a1f5c0f
https://down-id.img.susercontent.com/file/5569ebdfbbace5e1f3da5e695bd97b89,https://down-id.img.susercontent.com/file/id-11134258-7r98w-lyezzaurybot13,Laptop seken second huawei matebook d15 ryzen 5 8GB SSD,Rp,9.300.000,https://deo.shopeemobile.com/shopee/modules-federation/live/0/shopee__item-card-standard-v2/0.2.8/pc/5dd7b4560d0e2d3190e8.svg,Blitar,,,,,,"Laptop seken second huawei matebook d15 ryzen 5 8GB SSD
Rp
9.300.000
Blitar",https://shopee.co.id/Laptop-seken-second-huawei-matebook-d15-ryzen-5-8GB-SSD-i.34505835.11678245109?extraParams=%7B%22display_model_id%22%3A38034184504%2C%22model_selection_logic%22%3A3%7D&sp_atk=5cd8af99-adf0-4061-9bf7-655640755a09&xptdk=5cd8af99-adf0-4061-9bf7-655640755a09
https://down-id.img.susercontent.com/file/id-11134207-7r98p-lr8e5egtd6pga9,,HUAWEI MateBook D 16 i5 Gen 13 |DISPLAY SET |Second |,Rp,9.999.000,https://deo.shopeemobile.com/shopee/modules-federation/live/0/shopee__item-card-standard-v2/0.2.8/pc/5dd7b4560d0e2d3190e8.svg,Surabaya,https://deo.shopeemobile.com/shopee/modules-federation/live/0/shopee__item-card-standard-v2/0.2.8/pc/e4734dab67ee2f9ebd5a.png,https://deo.shopeemobile.com/shopee/modules-federation/live/0/shopee__item-card-standard-v2/0.2.8/pc/d7099d3fd1dfdaf705ab.svg,5.0,1 Terjual,,"HUAWEI MateBook D 16 i5 Gen 13 |DISPLAY SET |Second |
Rp
9.999.000
5.0
1 Terjual
Surabaya",https://shopee.co.id/HUAWEI-MateBook-D-16-i5-Gen-13-DISPLAY-SET-Second--i.394410537.23563804841?extraParams=%7B%22display_model_id%22%3A240302811542%2C%22model_selection_logic%22%3A3%7D&sp_atk=06b9703e-af2a-4c32-934d-008a71eb2c68&xptdk=06b9703e-af2a-4c32-934d-008a71eb2c68
https://down-id.img.susercontent.com/file/id-11134207-7rasb-m4a9c8f15zt60b,https://down-id.img.susercontent.com/file/id-11134258-7r98w-lyezzaurybot13,LAPTOP HUAWEI CORE i3 GEN 11 RAM 8GB SSD 256GB SECOND/BEKAS,Rp,7.699.000,https://deo.shopeemobile.com/shopee/modules-federation/live/0/shopee__item-card-standard-v2/0.2.8/pc/5dd7b4560d0e2d3190e8.svg,Jakarta Utara,,,,,,"LAPTOP HUAWEI CORE i3 GEN 11 RAM 8GB SSD 256GB SECOND/BEKAS
Rp
7.699.000
Jakarta Utara",https://shopee.co.id/LAPTOP-HUAWEI-CORE-i3-GEN-11-RAM-8GB-SSD-256GB-SECOND-BEKAS-i.939372100.29221936999?extraParams=%7B%22display_model_id%22%3A215679615006%2C%22model_selection_logic%22%3A3%7D&sp_atk=ab5ee3d2-fcad-4d39-8684-750d067c11cd&xptdk=ab5ee3d2-fcad-4d39-8684-750d067c11cd
https://down-id.img.susercontent.com/file/id-11134207-7r98u-lpxl87hhqo4yc5,https://down-id.img.susercontent.com/file/id-11134258-7r98w-lyezzaurybot13,LAPTOP HUAWEI D15 CORE I3 GEN 10 RAM 8GB SSD 256GB | BEKAS SECOND,Rp,7.500.000,https://deo.shopeemobile.com/shopee/modules-federation/live/0/shopee__item-card-standard-v2/0.2.8/pc/5dd7b4560d0e2d3190e8.svg,Jakarta Utara,,,,,,"LAPTOP HUAWEI D15 CORE I3 GEN 10 RAM 8GB SSD 256GB | BEKAS SECOND
Rp
7.500.000
Jakarta Utara",https://shopee.co.id/LAPTOP-HUAWEI-D15-CORE-I3-GEN-10-RAM-8GB-SSD-256GB-BEKAS-SECOND-i.939372100.24205972355?extraParams=%7B%22display_model_id%22%3A187247388905%2C%22model_selection_logic%22%3A3%7D&sp_atk=f37a6ef7-35c2-40ab-97e6-1eb56c40ab76&xptdk=f37a6ef7-35c2-40ab-97e6-1eb56c40ab76
https://down-id.img.susercontent.com/file/id-11134207-7r98u-llxn1dkx0j3f0a,https://down-id.img.susercontent.com/file/id-11134258-7r98w-lyezzaurybot13,huawei matebook d14 second,Rp,8.000.000,https://deo.shopeemobile.com/shopee/modules-federation/live/0/shopee__item-card-standard-v2/0.2.8/pc/5dd7b4560d0e2d3190e8.svg,Kab. Tangerang,,,,,,"huawei matebook d14 second
Rp
8.000.000
Kab. Tangerang",https://shopee.co.id/huawei-matebook-d14-second-i.29299756.23555522402?extraParams=%7B%22display_model_id%22%3A177873726531%2C%22model_selection_logic%22%3A3%7D&sp_atk=441247a8-f6b9-42c0-95ac-ca901d6b09f5&xptdk=441247a8-f6b9-42c0-95ac-ca901d6b09f5
https://down-id.img.susercontent.com/file/id-11134207-822wp-mn169rlrc5xc85,https://down-id.img.susercontent.com/file/id-11134258-7r98w-lyezzaurybot13,Huawei Matebook D14 i3 Gen 10 Ram 8 SSD 256gb,Rp,3.500.000,https://deo.shopeemobile.com/shopee/modules-federation/live/0/shopee__item-card-standard-v2/0.2.8/pc/5dd7b4560d0e2d3190e8.svg,Tangerang,,,,,,"Huawei Matebook D14 i3 Gen 10 Ram 8 SSD 256gb
Rp
3.500.000
Tangerang",https://shopee.co.id/Huawei-Matebook-D14-i3-Gen-10-Ram-8-SSD-256gb-i.113206857.55858456558?extraParams=%7B%22display_model_id%22%3A370780667463%2C%22model_selection_logic%22%3A3%7D&sp_atk=ce0ff02b-005e-42b2-8b01-86478fb0486e&xptdk=ce0ff02b-005e-42b2-8b01-86478fb0486e
https://down-id.img.susercontent.com/file/id-11134207-822wq-mmzdqrdqzchwdc,,HUAWEI MATEBOOK D15 AMD RYZEN 5 RAM 8GB SSD 256GB,Rp,3.800.000,https://deo.shopeemobile.com/shopee/modules-federation/live/0/shopee__item-card-standard-v2/0.2.8/pc/5dd7b4560d0e2d3190e8.svg,Jakarta Timur,,,,,,"HUAWEI MATEBOOK D15 AMD RYZEN 5 RAM 8GB SSD 256GB
Rp
3.800.000
Jakarta Timur",https://shopee.co.id/HUAWEI-MATEBOOK-D15-AMD-RYZEN-5-RAM-8GB-SSD-256GB-i.319268314.56356242937?extraParams=%7B%22display_model_id%22%3A370566117349%2C%22model_selection_logic%22%3A3%7D&sp_atk=0f4960e7-d763-41ff-9937-454a574bed00&xptdk=0f4960e7-d763-41ff-9937-454a574bed00
https://down-id.img.susercontent.com/file/id-11134207-822ws-mlri63chl0qo88,https://down-id.img.susercontent.com/file/id-11134258-8224v-mkvw0cu9r7k1a5,Laptop Huawei MACHD-WXX9 / Core i7 Gen 11 / Touchscreen,Rp,8.000.000,https://deo.shopeemobile.com/shopee/modules-federation/live/0/shopee__item-card-standard-v2/0.2.8/pc/5dd7b4560d0e2d3190e8.svg,Pekanbaru,,https://deo.shopeemobile.com/shopee/modules-federation/live/0/shopee__item-card-standard-v2/0.2.8/pc/d7099d3fd1dfdaf705ab.svg,5.0,5 Terjual,,"Laptop Huawei MACHD-WXX9 / Core i7 Gen 11 / Touchscreen
Rp
8.000.000
5.0
5 Terjual
Pekanbaru",https://shopee.co.id/Laptop-Huawei-MACHD-WXX9-Core-i7-Gen-11-Touchscreen-i.8822736.50800234464?extraParams=%7B%22display_model_id%22%3A262096133661%2C%22model_selection_logic%22%3A3%7D&sp_atk=363da28a-fe0b-4fb0-88f0-80b626394492&xptdk=363da28a-fe0b-4fb0-88f0-80b626394492
https://down-id.img.susercontent.com/file/id-11134207-8224u-mkd7n81paf405e,https://down-id.img.susercontent.com/file/id-11134258-822wr-mlx67rtd6r602f,Laptop Huawei MateBook D15 super slim,Rp,5.550.000,https://deo.shopeemobile.com/shopee/modules-federation/live/0/shopee__item-card-standard-v2/0.2.8/pc/5dd7b4560d0e2d3190e8.svg,Pontianak,https://deo.shopeemobile.com/shopee/modules-federation/live/0/shopee__item-card-standard-v2/0.2.8/pc/a425c915798471b33e5d.png,,,1 Terjual,,"Laptop Huawei MateBook D15 super slim
Rp
5.550.000
1 Terjual
Pontianak",https://shopee.co.id/Laptop-Huawei-MateBook-D15-super-slim-i.48097423.40165710137?extraParams=%7B%22display_model_id%22%3A301293095475%2C%22model_selection_logic%22%3A3%7D&sp_atk=c4f7d2f3-54e4-497f-97e4-d95ee613fed1&xptdk=c4f7d2f3-54e4-497f-97e4-d95ee613fed1
https://down-id.img.susercontent.com/file/id-11134207-822wu-mn6q58i66y2ofa,https://down-id.img.susercontent.com/file/id-11134258-8224v-mkvw0cu9r7k1a5,LAPTOP  HUAWEI AMD RYZEN 5 3500 RADEN VEGA MOBILE GFX RAM 8GB SSD 256 MULUSSS,Rp,4.925.000,https://deo.shopeemobile.com/shopee/modules-federation/live/0/shopee__item-card-standard-v2/0.2.8/pc/5dd7b4560d0e2d3190e8.svg,Jakarta Timur,https://deo.shopeemobile.com/shopee/modules-federation/live/0/shopee__item-card-standard-v2/0.2.8/pc/a425c915798471b33e5d.png,,,,,"LAPTOP HUAWEI AMD RYZEN 5 3500 RADEN VEGA MOBILE GFX RAM 8GB SSD 256 MULUSSS
Rp
4.925.000
Jakarta Timur",https://shopee.co.id/LAPTOP-HUAWEI-AMD-RYZEN-5-3500-RADEN-VEGA-MOBILE-GFX-RAM-8GB-SSD-256-MULUSSS-i.12358252.42530163338?extraParams=%7B%22display_model_id%22%3A420802858893%2C%22model_selection_logic%22%3A3%7D&sp_atk=9206dc62-62dd-4436-8c37-d96d69daa6df&xptdk=9206dc62-62dd-4436-8c37-d96d69daa6df
https://down-id.img.susercontent.com/file/id-11134207-822wh-mllrf9z2tibs21,https://down-id.img.susercontent.com/file/id-11134258-7r98w-lyezzaurybot13,"LAPTOP HUAWAI MATEBOOK D14 Core i5-12 RAM 8GB/SSD 512GB WN11 LAYAR 14""IPS FULSET LIKENEW FULSET",Rp,5.200.000,https://deo.shopeemobile.com/shopee/modules-federation/live/0/shopee__item-card-standard-v2/0.2.8/pc/5dd7b4560d0e2d3190e8.svg,Kab. Sukoharjo,,,,,,"LAPTOP HUAWAI MATEBOOK D14 Core i5-12 RAM 8GB/SSD 512GB WN11 LAYAR 14""IPS FULSET LIKENEW FULSET
Rp
5.200.000
Kab. Sukoharjo",https://shopee.co.id/LAPTOP-HUAWAI-MATEBOOK-D14-Core-i5-12-RAM-8GB-SSD-512GB-WN11-LAYAR-14-IPS-FULSET-LIKENEW-FULSET-i.1270228853.52406962559?extraParams=%7B%22display_model_id%22%3A375622328722%2C%22model_selection_logic%22%3A3%7D&sp_atk=615ce605-dbe8-4b42-a322-a840edd87f04&xptdk=615ce605-dbe8-4b42-a322-a840edd87f04
https://down-id.img.susercontent.com/file/id-11134207-822wt-mn6ohol9v3es36,https://down-id.img.susercontent.com/file/id-11134258-822wr-mlx67rtd6r602f,Huawei matebook d15 RYZEN 5 3500U RAM 8GB SSD 256GB mulus siap pakai,Rp,4.608.000,https://deo.shopeemobile.com/shopee/modules-federation/live/0/shopee__item-card-standard-v2/0.2.8/pc/5dd7b4560d0e2d3190e8.svg,Jakarta Timur,https://deo.shopeemobile.com/shopee/modules-federation/live/0/shopee__item-card-standard-v2/0.2.8/pc/e4734dab67ee2f9ebd5a.png,,,,-4%,"Huawei matebook d15 RYZEN 5 3500U RAM 8GB SSD 256GB mulus siap pakai
Rp
4.608.000
-4%
Jakarta Timur",https://shopee.co.id/Huawei-matebook-d15-RYZEN-5-3500U-RAM-8GB-SSD-256GB-mulus-siap-pakai-i.47741239.52959033733?extraParams=%7B%22display_model_id%22%3A335801537617%2C%22model_selection_logic%22%3A3%7D&sp_atk=a7f79c3f-abf7-472c-9a0a-9cc5b8b0acda&xptdk=a7f79c3f-abf7-472c-9a0a-9cc5b8b0acda
https://down-id.img.susercontent.com/file/sg-11134201-825zl-mkj7ucgqtr0g10,https://down-id.img.susercontent.com/file/id-11134258-8224v-mkvw0cu9r7k1a5,HUAWEI MATEBOOK D14 CORE I5 GEN12 Ram 8gb Ssd 512gb,Rp,6.150.000,https://deo.shopeemobile.com/shopee/modules-federation/live/0/shopee__item-card-standard-v2/0.2.8/pc/5dd7b4560d0e2d3190e8.svg,Jakarta Timur,https://deo.shopeemobile.com/shopee/modules-federation/live/0/shopee__item-card-standard-v2/0.2.8/pc/a425c915798471b33e5d.png,,,,,"HUAWEI MATEBOOK D14 CORE I5 GEN12 Ram 8gb Ssd 512gb
Rp
6.150.000
Jakarta Timur",https://shopee.co.id/HUAWEI-MATEBOOK-D14-CORE-I5-GEN12-Ram-8gb-Ssd-512gb-i.12358252.56556036280?extraParams=%7B%22display_model_id%22%3A385549522715%2C%22model_selection_logic%22%3A3%7D&sp_atk=da73b4ce-3c0c-4236-b6cc-736e117cb061&xptdk=da73b4ce-3c0c-4236-b6cc-736e117cb061