-image-yazkc-11,-image-yazkc-11_2,text-sm,inline-block,text-xs/sp14,font-medium,pointer-events-none,w-auto,text-white,pointer-events-none_2,align-middle,text-shopee-green,img,text-xs/sp14_2,truncate,text-shopee-primary,pointer-events-none_3,_container,_container_link
https://down-id.img.susercontent.com/file/id-11134207-822wj-mn3tboa3kb2982,https://down-id.img.susercontent.com/file/id-11134258-822wr-mlx67rtd6r602f,Laptop Zyrex Sky 232 Intel Celeron N4020 RAM 4GB SSD 256GB Masih mulus Like new,https://deo.shopeemobile.com/shopee/modules-federation/live/0/shopee__item-card-standard-v2/0.2.8/pc/e4734dab67ee2f9ebd5a.png,Rp,1.700.000,https://deo.shopeemobile.com/shopee/modules-federation/live/0/shopee__item-card-standard-v2/0.2.8/pc/38e203dc86172a6c6560.svg,https://deo.shopeemobile.com/shopee/modules-federation/live/0/shopee__item-card-standard-v2/0.2.8/pc/0614b8f0a8fdde22942d.svg,< 2 Hari,https://deo.shopeemobile.com/shopee/modules-federation/live/0/shopee__item-card-standard-v2/0.2.8/pc/5dd7b4560d0e2d3190e8.svg,Jakarta Timur,< 2 Hari,https://deo.shopeemobile.com/shopee/modules-federation/live/0/shopee__item-card-standard-v2/0.2.8/pc/0614b8f0a8fdde22942d.svg,,,,,"Laptop Zyrex Sky 232 Intel Celeron N4020 RAM 4GB SSD 256GB Masih mulus Like new
Rp
1.700.000
< 2 Hari
Jakarta Timur",https://shopee.co.id/Laptop-Zyrex-Sky-232-Intel-Celeron-N4020-RAM-4GB-SSD-256GB-Masih-mulus-Like-new-i.21730609.47108938540?extraParams=%7B%22display_model_id%22%3A435791203649%2C%22model_selection_logic%22%3A3%7D&sp_atk=65d3faa0-8128-4ae9-a4da-b6a1434bc5c5&xptdk=65d3faa0-8128-4ae9-a4da-b6a1434bc5c5
https://down-id.img.susercontent.com/file/sg-11134201-7ratk-mavapz65c1rn3b,https://down-id.img.susercontent.com/file/id-11134258-8224v-mkvw0cu9r7k1a5,Laptop Zyrex Kintamani Amd A9-9400 4GB 512GB SSD,,Rp,1.500.000,https://deo.shopeemobile.com/shopee/modules-federation/live/0/shopee__item-card-standard-v2/0.2.8/pc/76dff349290d20891fc1.svg,,,https://deo.shopeemobile.com/shopee/modules-federation/live/0/shopee__item-card-standard-v2/0.2.8/pc/5dd7b4560d0e2d3190e8.svg,Malang,2-3 Hari,,,,,,"Laptop Zyrex Kintamani Amd A9-9400 4GB 512GB SSD
Rp
1.500.000
2-3 Hari
Malang",https://shopee.co.id/Laptop-Zyrex-Kintamani-Amd-A9-9400-4GB-512GB-SSD-i.141725604.42954167711?extraParams=%7B%22display_model_id%22%3A227871755346%2C%22model_selection_logic%22%3A3%7D&sp_atk=f41eddae-4543-48be-b1fc-32ee95b27f74&xptdk=f41eddae-4543-48be-b1fc-32ee95b27f74
https://down-id.img.susercontent.com/file/id-11134207-7ra0o-mcg4622pu2jk04,https://down-id.img.susercontent.com/file/id-11134258-8224v-mkvw0cu9r7k1a5,(SECOND) Zyrex Notebook E4105 sudah update WINDOWS 10,,Rp,1.000.000,https://deo.shopeemobile.com/shopee/modules-federation/live/0/shopee__item-card-standard-v2/0.2.8/pc/38e203dc86172a6c6560.svg,https://deo.shopeemobile.com/shopee/modules-federation/live/0/shopee__item-card-standard-v2/0.2.8/pc/0614b8f0a8fdde22942d.svg,Besok,https://deo.shopeemobile.com/shopee/modules-federation/live/0/shopee__item-card-standard-v2/0.2.8/pc/5dd7b4560d0e2d3190e8.svg,Surabaya,Besok,https://deo.shopeemobile.com/shopee/modules-federation/live/0/shopee__item-card-standard-v2/0.2.8/pc/0614b8f0a8fdde22942d.svg,,,,,"(SECOND) Zyrex Notebook E4105 sudah update WINDOWS 10
Rp
1.000.000
Besok
Surabaya",https://shopee.co.id/(SECOND)-Zyrex-Notebook-E4105-sudah-update-WINDOWS-10-i.969595132.28788891954?extraParams=%7B%22display_model_id%22%3A300778351089%2C%22model_selection_logic%22%3A3%7D&sp_atk=60dd859e-3ea3-4437-b68c-3edfac090498&xptdk=60dd859e-3ea3-4437-b68c-3edfac090498
https://down-id.img.susercontent.com/file/id-11134207-7rbke-m6qbv9ibpmwa23,https://down-id.img.susercontent.com/file/id-11134258-8224v-mkvw0cu9r7k1a5,"Zyrex Laptop 4Gb 256Gb Ssd Intel Celeron 14""",,Rp,1.850.000,https://deo.shopeemobile.com/shopee/modules-federation/live/0/shopee__item-card-standard-v2/0.2.8/pc/38e203dc86172a6c6560.svg,https://deo.shopeemobile.com/shopee/modules-federation/live/0/shopee__item-card-standard-v2/0.2.8/pc/0614b8f0a8fdde22942d.svg,< 2 Hari,https://deo.shopeemobile.com/shopee/modules-federation/live/0/shopee__item-card-standard-v2/0.2.8/pc/5dd7b4560d0e2d3190e8.svg,Malang,2 Terjual,https://deo.shopeemobile.com/shopee/modules-federation/live/0/shopee__item-card-standard-v2/0.2.8/pc/d7099d3fd1dfdaf705ab.svg,5.0,,,,"Zyrex Laptop 4Gb 256Gb Ssd Intel Celeron 14""
Rp
1.850.000
5.0
2 Terjual
< 2 Hari
Malang",https://shopee.co.id/Zyrex-Laptop-4Gb-256Gb-Ssd-Intel-Celeron-14--i.44435356.29677692777?extraParams=%7B%22display_model_id%22%3A188254557729%2C%22model_selection_logic%22%3A3%7D&sp_atk=f1f2c695-01c6-4012-9d8a-a6ebc83e550e&xptdk=f1f2c695-01c6-4012-9d8a-a6ebc83e550e
https://down-id.img.susercontent.com/file/sg-11134201-825zp-mjtotysoor9df5,https://down-id.img.susercontent.com/file/id-11134258-7r98w-lyezzaurybot13,laptop Zyrex Laptop Zyrex Notebook Intel Celeron N4020 Ram 4Gb Ssd 256Gb Emmc 64Gb Laptop Murah-Laptop Bekas-Laptop Gaming-Laptop Bergaransi-Laptop Kantoran-Laptop Multimedia-Laptop Design-Laptop Mahasiswa-Laptop Pelajar-Laptop Chromebook,,Rp,1.850.000,https://deo.shopeemobile.com/shopee/modules-federation/live/0/shopee__item-card-standard-v2/0.2.8/pc/76dff349290d20891fc1.svg,,,https://deo.shopeemobile.com/shopee/modules-federation/live/0/shopee__item-card-standard-v2/0.2.8/pc/5dd7b4560d0e2d3190e8.svg,Malang,2-3 Hari,,,,,,"laptop Zyrex Laptop Zyrex Notebook Intel Celeron N4020 Ram 4Gb Ssd 256Gb Emmc 64Gb Laptop Murah-Laptop Bekas-Laptop Gaming-Laptop Bergaransi-Laptop Kantoran-Laptop Multimedia-Laptop Design-Laptop Mahasiswa-Laptop Pelajar-Laptop Chromebook
Rp
1.850.000
2-3 Hari
Malang",https://shopee.co.id/laptop-Zyrex-Laptop-Zyrex-Notebook-Intel-Celeron-N4020-Ram-4Gb-Ssd-256Gb-Emmc-64Gb-Laptop-Murah-Laptop-Bekas-Laptop-Gaming-Laptop-Bergaransi-Laptop-Kantoran-Laptop-Multimedia-Laptop-Design-Laptop-Mahasiswa-Laptop-Pelajar-Laptop-Chromebook-i.212142573.56855169365?extraParams=%7B%22display_model_id%22%3A440475412948%2C%22model_selection_logic%22%3A3%7D&sp_atk=1a21fab2-f7a2-40de-8109-3d3519d1745f&xptdk=1a21fab2-f7a2-40de-8109-3d3519d1745f
https://down-id.img.susercontent.com/file/id-11134207-7qul8-lgqy5vyefsh7e4,https://down-id.img.susercontent.com/file/id-11134258-8224v-mkvw0cu9r7k1a5,"Zyrex Sky 232 14"" Celeron FHD Super Slim 95%",,Rp,1.450.000,https://deo.shopeemobile.com/shopee/modules-federation/live/0/shopee__item-card-standard-v2/0.2.8/pc/76dff349290d20891fc1.svg,,,https://deo.shopeemobile.com/shopee/modules-federation/live/0/shopee__item-card-standard-v2/0.2.8/pc/5dd7b4560d0e2d3190e8.svg,Jakarta Barat,7 Terjual,https://deo.shopeemobile.com/shopee/modules-federation/live/0/shopee__item-card-standard-v2/0.2.8/pc/d7099d3fd1dfdaf705ab.svg,5.0,,,,"Zyrex Sky 232 14"" Celeron FHD Super Slim 95%
Rp
1.450.000
5.0
7 Terjual
3-4 Hari
Jakarta Barat",https://shopee.co.id/Zyrex-Sky-232-14-Celeron-FHD-Super-Slim-95--i.816009841.23567847178?extraParams=%7B%22display_model_id%22%3A214292822391%2C%22model_selection_logic%22%3A3%7D&sp_atk=f5211a40-f72b-4ecf-934f-f0c0700602c3&xptdk=f5211a40-f72b-4ecf-934f-f0c0700602c3
https://down-id.img.susercontent.com/file/id-11134201-7qul8-lgbuqj6c2pt571,https://down-id.img.susercontent.com/file/id-11134258-8224v-mkvw0cu9r7k1a5,LAPTOP NOTEBOOK SIAP PAKAI ZYREX SKY 232 N4020 RAM 4GB 256SSD+64GB 11.6FHD N4020 4/256+64,,Rp,2.399.900,https://deo.shopeemobile.com/shopee/modules-federation/live/0/shopee__item-card-standard-v2/0.2.8/pc/76dff349290d20891fc1.svg,,,https://deo.shopeemobile.com/shopee/modules-federation/live/0/shopee__item-card-standard-v2/0.2.8/pc/5dd7b4560d0e2d3190e8.svg,Jakarta Pusat,5-7 Hari,,,,,,"LAPTOP NOTEBOOK SIAP PAKAI ZYREX SKY 232 N4020 RAM 4GB 256SSD+64GB 11.6FHD N4020 4/256+64
Rp
2.399.900
5-7 Hari
Jakarta Pusat",https://shopee.co.id/LAPTOP-NOTEBOOK-SIAP-PAKAI-ZYREX-SKY-232-N4020-RAM-4GB-256SSD-64GB-11.6FHD-N4020-4-256-64-i.21426159.21188349496?extraParams=%7B%22display_model_id%22%3A221563566027%2C%22model_selection_logic%22%3A3%7D&sp_atk=7740307f-2ed0-492f-b44d-48ba87a721f4&xptdk=7740307f-2ed0-492f-b44d-48ba87a721f4
https://down-id.img.susercontent.com/file/id-11134207-7rbk3-ma2izemj65176d,https://down-id.img.susercontent.com/file/id-11134258-8224v-mkvw0cu9r7k1a5,Laptop Zyrex Bunaken Intel Celeron N4020 Ram 4Gb Ssd 1Tb Windows 11 Siap Pakai,,Rp,1.775.000,https://deo.shopeemobile.com/shopee/modules-federation/live/0/shopee__item-card-standard-v2/0.2.8/pc/38e203dc86172a6c6560.svg,https://deo.shopeemobile.com/shopee/modules-federation/live/0/shopee__item-card-standard-v2/0.2.8/pc/0614b8f0a8fdde22942d.svg,< 2 Hari,https://deo.shopeemobile.com/shopee/modules-federation/live/0/shopee__item-card-standard-v2/0.2.8/pc/5dd7b4560d0e2d3190e8.svg,Malang,1 Terjual,https://deo.shopeemobile.com/shopee/modules-federation/live/0/shopee__item-card-standard-v2/0.2.8/pc/0614b8f0a8fdde22942d.svg,,,,,"Laptop Zyrex Bunaken Intel Celeron N4020 Ram 4Gb Ssd 1Tb Windows 11 Siap Pakai
Rp
1.775.000
1 Terjual
< 2 Hari
Malang",https://shopee.co.id/Laptop-Zyrex-Bunaken-Intel-Celeron-N4020-Ram-4Gb-Ssd-1Tb-Windows-11-Siap-Pakai-i.79997666.28036832646?extraParams=%7B%22display_model_id%22%3A227834274387%2C%22model_selection_logic%22%3A3%7D&sp_atk=d3e11599-78a2-4f07-a1e7-5fc3ce6cef57&xptdk=d3e11599-78a2-4f07-a1e7-5fc3ce6cef57
https://down-id.img.susercontent.com/file/id-11134207-7rbk5-m8r3auk36xi518,https://down-id.img.susercontent.com/file/id-11134258-8224v-mkvw0cu9r7k1a5,Laptop Zyrex Intel Celeron 16Gb 1Tb SSD Windows 11,,Rp,1.600.000,https://deo.shopeemobile.com/shopee/modules-federation/live/0/shopee__item-card-standard-v2/0.2.8/pc/38e203dc86172a6c6560.svg,https://deo.shopeemobile.com/shopee/modules-federation/live/0/shopee__item-card-standard-v2/0.2.8/pc/0614b8f0a8fdde22942d.svg,< 2 Hari,https://deo.shopeemobile.com/shopee/modules-federation/live/0/shopee__item-card-standard-v2/0.2.8/pc/5dd7b4560d0e2d3190e8.svg,Malang,1 Terjual,https://deo.shopeemobile.com/shopee/modules-federation/live/0/shopee__item-card-standard-v2/0.2.8/pc/0614b8f0a8fdde22942d.svg,,,,,"Laptop Zyrex Intel Celeron 16Gb 1Tb SSD Windows 11
Rp
1.600.000
1 Terjual
< 2 Hari
Malang",https://shopee.co.id/Laptop-Zyrex-Intel-Celeron-16Gb-1Tb-SSD-Windows-11-i.44435356.29784035062?extraParams=%7B%22display_model_id%22%3A253471096246%2C%22model_selection_logic%22%3A3%7D&sp_atk=bc81e4cf-9557-43a3-8d3e-4107066accee&xptdk=bc81e4cf-9557-43a3-8d3e-4107066accee
https://down-id.img.susercontent.com/file/sg-11134201-81zwx-miwuzv5wwbuob7,https://down-id.img.susercontent.com/file/id-11134258-7r98w-lyezzaurybot13,Laptop Zyrex Notebook Intel Celeron N4020 Ram 16Gb Ssd 1Tb Windos 11 Siap Pakai,,Rp,1.600.000,https://deo.shopeemobile.com/shopee/modules-federation/live/0/shopee__item-card-standard-v2/0.2.8/pc/76dff349290d20891fc1.svg,,,https://deo.shopeemobile.com/shopee/modules-federation/live/0/shopee__item-card-standard-v2/0.2.8/pc/5dd7b4560d0e2d3190e8.svg,Malang,2-3 Hari,,,Produk Baru,,,"Laptop Zyrex Notebook Intel Celeron N4020 Ram 16Gb Ssd 1Tb Windos 11 Siap Pakai
Rp
1.600.000
Produk Baru
2-3 Hari
Malang",https://shopee.co.id/Laptop-Zyrex-Notebook-Intel-Celeron-N4020-Ram-16Gb-Ssd-1Tb-Windos-11-Siap-Pakai-i.212142573.48754016240?extraParams=%7B%22display_model_id%22%3A375378597102%2C%22model_selection_logic%22%3A3%7D&sp_atk=22dbaa40-e6af-4090-a607-ca2dce838b88&xptdk=22dbaa40-e6af-4090-a607-ca2dce838b88
https://down-id.img.susercontent.com/file/id-11134207-7rbk7-m7g7n0svt98m3d,https://down-id.img.susercontent.com/file/id-11134258-822wr-mlx67rtd6r602f,Laptop Zyrex H24Z/L Intel core 2duo DDR2 kondisi Matot tidak ada Charger,https://deo.shopeemobile.com/shopee/modules-federation/live/0/shopee__item-card-standard-v2/0.2.8/pc/a425c915798471b33e5d.png,Rp,350.000,https://deo.shopeemobile.com/shopee/modules-federation/live/0/shopee__item-card-standard-v2/0.2.8/pc/76dff349290d20891fc1.svg,,,https://deo.shopeemobile.com/shopee/modules-federation/live/0/shopee__item-card-standard-v2/0.2.8/pc/5dd7b4560d0e2d3190e8.svg,Kab. Cirebon,3-4 Hari,,,,,,"Laptop Zyrex H24Z/L Intel core 2duo DDR2 kondisi Matot tidak ada Charger
Rp
350.000
3-4 Hari
Kab. Cirebon",https://shopee.co.id/Laptop-Zyrex-H24Z-L-Intel-core-2duo-DDR2-kondisi-Matot-tidak-ada-Charger-i.1022860192.24792777183?extraParams=%7B%22display_model_id%22%3A178787946284%2C%22model_selection_logic%22%3A3%7D&sp_atk=80030fd5-8ed1-498b-9bd1-f5466d3330ea&xptdk=80030fd5-8ed1-498b-9bd1-f5466d3330ea
https://down-id.img.susercontent.com/file/id-11134207-7rbk2-m8n8nlms34zva5,https://down-id.img.susercontent.com/file/id-11134258-8224v-mkvw0cu9r7k1a5,Laptop Zyrex Kintamani Amd A9-9400 4GB 512GB SSD,,Rp,1.750.000,https://deo.shopeemobile.com/shopee/modules-federation/live/0/shopee__item-card-standard-v2/0.2.8/pc/38e203dc86172a6c6560.svg,https://deo.shopeemobile.com/shopee/modules-federation/live/0/shopee__item-card-standard-v2/0.2.8/pc/0614b8f0a8fdde22942d.svg,< 2 Hari,https://deo.shopeemobile.com/shopee/modules-federation/live/0/shopee__item-card-standard-v2/0.2.8/pc/5dd7b4560d0e2d3190e8.svg,Malang,< 2 Hari,https://deo.shopeemobile.com/shopee/modules-federation/live/0/shopee__item-card-standard-v2/0.2.8/pc/0614b8f0a8fdde22942d.svg,,,,,"Laptop Zyrex Kintamani Amd A9-9400 4GB 512GB SSD
Rp
1.750.000
< 2 Hari
Malang",https://shopee.co.id/Laptop-Zyrex-Kintamani-Amd-A9-9400-4GB-512GB-SSD-i.44435356.24294129976?extraParams=%7B%22display_model_id%22%3A178868881895%2C%22model_selection_logic%22%3A3%7D&sp_atk=f4dc73a2-d532-49e4-9357-d5795f7cc0ae&xptdk=f4dc73a2-d532-49e4-9357-d5795f7cc0ae
https://down-id.img.susercontent.com/file/id-11134207-7rasm-m3n50dcsp4pp1c,https://down-id.img.susercontent.com/file/id-11134258-822wr-mlx67rtd6r602f,Laptop Zyrex B4105 Core i3 DDR3 No Display,https://deo.shopeemobile.com/shopee/modules-federation/live/0/shopee__item-card-standard-v2/0.2.8/pc/a425c915798471b33e5d.png,Rp,450.000,https://deo.shopeemobile.com/shopee/modules-federation/live/0/shopee__item-card-standard-v2/0.2.8/pc/76dff349290d20891fc1.svg,,,https://deo.shopeemobile.com/shopee/modules-federation/live/0/shopee__item-card-standard-v2/0.2.8/pc/5dd7b4560d0e2d3190e8.svg,Kab. Cirebon,3-4 Hari,,,,,,"Laptop Zyrex B4105 Core i3 DDR3 No Display
Rp
450.000
3-4 Hari
Kab. Cirebon",https://shopee.co.id/Laptop-Zyrex-B4105-Core-i3-DDR3-No-Display-i.1022860192.29970344638?extraParams=%7B%22display_model_id%22%3A176854506190%2C%22model_selection_logic%22%3A3%7D&sp_atk=11afa3b1-8571-48eb-9b7b-17bf09b14305&xptdk=11afa3b1-8571-48eb-9b7b-17bf09b14305
https://down-id.img.susercontent.com/file/id-11134207-7r98w-luqde3235ub565,https://down-id.img.susercontent.com/file/id-11134258-822wr-mlx67rtd6r602f,Laptop Zyrex NFT390 Ram 1gb HDD 80gb intel pentium murah meriah siap pakai,https://deo.shopeemobile.com/shopee/modules-federation/live/0/shopee__item-card-standard-v2/0.2.8/pc/a425c915798471b33e5d.png,Rp,750.000,https://deo.shopeemobile.com/shopee/modules-federation/live/0/shopee__item-card-standard-v2/0.2.8/pc/38e203dc86172a6c6560.svg,https://deo.shopeemobile.com/shopee/modules-federation/live/0/shopee__item-card-standard-v2/0.2.8/pc/0614b8f0a8fdde22942d.svg,< 2 Hari,https://deo.shopeemobile.com/shopee/modules-federation/live/0/shopee__item-card-standard-v2/0.2.8/pc/5dd7b4560d0e2d3190e8.svg,Tangerang,< 2 Hari,https://deo.shopeemobile.com/shopee/modules-federation/live/0/shopee__item-card-standard-v2/0.2.8/pc/0614b8f0a8fdde22942d.svg,,,,,"Laptop Zyrex NFT390 Ram 1gb HDD 80gb intel pentium murah meriah siap pakai
Rp
750.000
< 2 Hari
Tangerang",https://shopee.co.id/Laptop-Zyrex-NFT390-Ram-1gb-HDD-80gb-intel-pentium-murah-meriah-siap-pakai-i.236551506.24277556071?extraParams=%7B%22display_model_id%22%3A176449555544%2C%22model_selection_logic%22%3A3%7D&sp_atk=4c08dd5d-eff7-4c19-80ad-2708e9666985&xptdk=4c08dd5d-eff7-4c19-80ad-2708e9666985
https://down-id.img.susercontent.com/file/id-11134207-7ra0i-mcapk629gfazd2,https://down-id.img.susercontent.com/file/id-11134258-7r98w-lyezzaurybot13,"LAPTOP SECOND,Laptop Zyrex Kintamani ASXU, Amd A9-9400, Gen 7Th,Grey",,Rp,2.150.000,https://deo.shopeemobile.com/shopee/modules-federation/live/0/shopee__item-card-standard-v2/0.2.8/pc/38e203dc86172a6c6560.svg,https://deo.shopeemobile.com/shopee/modules-federation/live/0/shopee__item-card-standard-v2/0.2.8/pc/0614b8f0a8fdde22942d.svg,< 2 Hari,https://deo.shopeemobile.com/shopee/modules-federation/live/0/shopee__item-card-standard-v2/0.2.8/pc/5dd7b4560d0e2d3190e8.svg,Jakarta Barat,< 2 Hari,https://deo.shopeemobile.com/shopee/modules-federation/live/0/shopee__item-card-standard-v2/0.2.8/pc/0614b8f0a8fdde22942d.svg,,,,,"LAPTOP SECOND,Laptop Zyrex Kintamani ASXU, Amd A9-9400, Gen 7Th,Grey
Rp
2.150.000
< 2 Hari
Jakarta Barat",https://shopee.co.id/LAPTOP-SECOND-Laptop-Zyrex-Kintamani-ASXU-Amd-A9-9400-Gen-7Th-Grey-i.1111649441.43658862521?extraParams=%7B%22display_model_id%22%3A265745561157%2C%22model_selection_logic%22%3A3%7D&sp_atk=ec131f60-630b-4490-a8ba-19e6314ffd64&xptdk=ec131f60-630b-4490-a8ba-19e6314ffd64
https://down-id.img.susercontent.com/file/id-11134207-7ra0h-mbg5lfeo6oxy5d,https://down-id.img.susercontent.com/file/id-11134258-8224v-mkvw0cu9r7k1a5,zyrex 360 Kondisi MINUS,,Rp,1.150.000,https://deo.shopeemobile.com/shopee/modules-federation/live/0/shopee__item-card-standard-v2/0.2.8/pc/76dff349290d20891fc1.svg,,,https://deo.shopeemobile.com/shopee/modules-federation/live/0/shopee__item-card-standard-v2/0.2.8/pc/5dd7b4560d0e2d3190e8.svg,Kab. Bandung,4-7 Hari,,,,,,"zyrex 360 Kondisi MINUS
Rp
1.150.000
4-7 Hari
Kab. Bandung",https://shopee.co.id/zyrex-360-Kondisi-MINUS-i.59827703.43256201686?extraParams=%7B%22display_model_id%22%3A285518600175%2C%22model_selection_logic%22%3A3%7D&sp_atk=f3e8ef04-6111-454f-91d7-6d8523795d09&xptdk=f3e8ef04-6111-454f-91d7-6d8523795d09
https://down-id.img.susercontent.com/file/id-11134207-7ra0i-mdqtuovu0fu7bd,https://down-id.img.susercontent.com/file/id-11134258-822wr-mlx67rtd6r602f,Laptop Zyrex Sky 232 Ram 2GB LCD 14 Inch Mulus,https://deo.shopeemobile.com/shopee/modules-federation/live/0/shopee__item-card-standard-v2/0.2.8/pc/a425c915798471b33e5d.png,Rp,350.000,https://deo.shopeemobile.com/shopee/modules-federation/live/0/shopee__item-card-standard-v2/0.2.8/pc/76dff349290d20891fc1.svg,,,https://deo.shopeemobile.com/shopee/modules-federation/live/0/shopee__item-card-standard-v2/0.2.8/pc/5dd7b4560d0e2d3190e8.svg,Kab. Cirebon,3-4 Hari,,,,,,"Laptop Zyrex Sky 232 Ram 2GB LCD 14 Inch Mulus
Rp
350.000
3-4 Hari
Kab. Cirebon",https://shopee.co.id/Laptop-Zyrex-Sky-232-Ram-2GB-LCD-14-Inch-Mulus-i.1022860192.42514704170?extraParams=%7B%22display_model_id%22%3A271215995321%2C%22model_selection_logic%22%3A3%7D&sp_atk=b8f19fc3-a057-4c94-9f3c-d8d78ad079cd&xptdk=b8f19fc3-a057-4c94-9f3c-d8d78ad079cd
https://down-id.img.susercontent.com/file/id-11134207-7r98v-lz5usr0hsz4r30,https://down-id.img.susercontent.com/file/id-11134258-8224v-mkvw0cu9r7k1a5,Zyrex Sky 232 Mini Slim Notebook 4GB 64GB SSD,,Rp,1.500.000,https://deo.shopeemobile.com/shopee/modules-federation/live/0/shopee__item-card-standard-v2/0.2.8/pc/76dff349290d20891fc1.svg,,,https://deo.shopeemobile.com/shopee/modules-federation/live/0/shopee__item-card-standard-v2/0.2.8/pc/5dd7b4560d0e2d3190e8.svg,Tangerang,1 Terjual,https://deo.shopeemobile.com/shopee/modules-federation/live/0/shopee__item-card-standard-v2/0.2.8/pc/d7099d3fd1dfdaf705ab.svg,5.0,,,,"Zyrex Sky 232 Mini Slim Notebook 4GB 64GB SSD
Rp
1.500.000
5.0
1 Terjual
5-8 Hari
Tangerang",https://shopee.co.id/Zyrex-Sky-232-Mini-Slim-Notebook-4GB-64GB-SSD-i.291663032.23479649578?extraParams=%7B%22display_model_id%22%3A232004316972%2C%22model_selection_logic%22%3A3%7D&sp_atk=dfa425db-4ff0-4472-b717-e8154f60a531&xptdk=dfa425db-4ff0-4472-b717-e8154f60a531
https://down-id.img.susercontent.com/file/id-11134207-7ra0n-mcxh4lv979yf73,https://down-id.img.susercontent.com/file/id-11134258-7r98w-lyezzaurybot13,Zyrex Chromebook M432-2 Like New Slim Black,,Rp,1.200.000,https://deo.shopeemobile.com/shopee/modules-federation/live/0/shopee__item-card-standard-v2/0.2.8/pc/38e203dc86172a6c6560.svg,https://deo.shopeemobile.com/shopee/modules-federation/live/0/shopee__item-card-standard-v2/0.2.8/pc/0614b8f0a8fdde22942d.svg,< 2 Hari,https://deo.shopeemobile.com/shopee/modules-federation/live/0/shopee__item-card-standard-v2/0.2.8/pc/5dd7b4560d0e2d3190e8.svg,Jakarta Barat,< 2 Hari,https://deo.shopeemobile.com/shopee/modules-federation/live/0/shopee__item-card-standard-v2/0.2.8/pc/0614b8f0a8fdde22942d.svg,,,,,"Zyrex Chromebook M432-2 Like New Slim Black
Rp
1.200.000
< 2 Hari
Jakarta Barat",https://shopee.co.id/Zyrex-Chromebook-M432-2-Like-New-Slim-Black-i.1285644349.41461439052?extraParams=%7B%22display_model_id%22%3A305960445599%2C%22model_selection_logic%22%3A3%7D&sp_atk=1433f487-c38a-43c2-aa69-4b1279d30aa2&xptdk=1433f487-c38a-43c2-aa69-4b1279d30aa2
https://down-id.img.susercontent.com/file/id-11134207-822wr-mmlcilaardov16,https://down-id.img.susercontent.com/file/id-11134258-8224v-mkvw0cu9r7k1a5,Laptop Second ZYREX Notebook Cruiser 20 I7 16GB 1TB,https://deo.shopeemobile.com/shopee/modules-federation/live/0/shopee__item-card-standard-v2/0.2.8/pc/a425c915798471b33e5d.png,Rp,8.599.000,https://deo.shopeemobile.com/shopee/modules-federation/live/0/shopee__item-card-standard-v2/0.2.8/pc/38e203dc86172a6c6560.svg,https://deo.shopeemobile.com/shopee/modules-federation/live/0/shopee__item-card-standard-v2/0.2.8/pc/0614b8f0a8fdde22942d.svg,< 2 Hari,https://deo.shopeemobile.com/shopee/modules-federation/live/0/shopee__item-card-standard-v2/0.2.8/pc/5dd7b4560d0e2d3190e8.svg,Kab. Tangerang,6 Terjual,https://deo.shopeemobile.com/shopee/modules-federation/live/0/shopee__item-card-standard-v2/0.2.8/pc/d7099d3fd1dfdaf705ab.svg,4.0,,-1%,https://deo.shopeemobile.com/shopee/modules-federation/live/0/shopee__item-card-standard-v2/0.2.8/pc/b4d1b8a78b3621dbdf4a.svg,"Laptop Second ZYREX Notebook Cruiser 20 I7 16GB 1TB
Rp
8.599.000
-1%
4.0
6 Terjual
< 2 Hari
Kab. Tangerang",https://shopee.co.id/Laptop-Second-ZYREX-Notebook-Cruiser-20-I7-16GB-1TB-i.33502991.26700222081?extraParams=%7B%22display_model_id%22%3A222802610948%2C%22model_selection_logic%22%3A3%7D&sp_atk=41b6ce62-0d01-47f1-bcc1-114c245045a2&xptdk=41b6ce62-0d01-47f1-bcc1-114c245045a2
https://down-id.img.susercontent.com/file/id-11134207-7ra0t-mbgw3eqr3wm60d,https://down-id.img.susercontent.com/file/id-11134258-7r98w-lyezzaurybot13,"Zyrex Sky 232 14"" Celeron FHD Super Slim 95%",,Rp,1.500.000,https://deo.shopeemobile.com/shopee/modules-federation/live/0/shopee__item-card-standard-v2/0.2.8/pc/38e203dc86172a6c6560.svg,https://deo.shopeemobile.com/shopee/modules-federation/live/0/shopee__item-card-standard-v2/0.2.8/pc/0614b8f0a8fdde22942d.svg,< 2 Hari,https://deo.shopeemobile.com/shopee/modules-federation/live/0/shopee__item-card-standard-v2/0.2.8/pc/5dd7b4560d0e2d3190e8.svg,Jakarta Barat,< 2 Hari,https://deo.shopeemobile.com/shopee/modules-federation/live/0/shopee__item-card-standard-v2/0.2.8/pc/0614b8f0a8fdde22942d.svg,,,,,"Zyrex Sky 232 14"" Celeron FHD Super Slim 95%
Rp
1.500.000
< 2 Hari
Jakarta Barat",https://shopee.co.id/Zyrex-Sky-232-14-Celeron-FHD-Super-Slim-95--i.1168421838.42956305710?extraParams=%7B%22display_model_id%22%3A295527748321%2C%22model_selection_logic%22%3A3%7D&sp_atk=877565fe-d362-4d64-87c7-fab5b293efb5&xptdk=877565fe-d362-4d64-87c7-fab5b293efb5
https://down-id.img.susercontent.com/file/id-11134207-822wu-mn9bedtt18205f,https://down-id.img.susercontent.com/file/id-11134258-7r98w-lyezzaurybot13,Chromebook Zyrex M432,,Rp,900.000,https://deo.shopeemobile.com/shopee/modules-federation/live/0/shopee__item-card-standard-v2/0.2.8/pc/76dff349290d20891fc1.svg,,,https://deo.shopeemobile.com/shopee/modules-federation/live/0/shopee__item-card-standard-v2/0.2.8/pc/5dd7b4560d0e2d3190e8.svg,Kab. Badung,5-8 Hari,,,,,,"Chromebook Zyrex M432
Rp
900.000
5-8 Hari
Kab. Badung",https://shopee.co.id/Chromebook-Zyrex-M432-i.193793961.50209118456?extraParams=%7B%22display_model_id%22%3A249213953061%2C%22model_selection_logic%22%3A3%7D&sp_atk=e9e6f385-61b2-45a5-9622-da73ebd5297f&xptdk=e9e6f385-61b2-45a5-9622-da73ebd5297f
https://down-id.img.susercontent.com/file/id-11134207-822wg-mn5t76cimade0c,https://down-id.img.susercontent.com/file/id-11134258-7r98w-lyezzaurybot13,Leptop Zyrex D-Tech,,Rp,3.700.000,https://deo.shopeemobile.com/shopee/modules-federation/live/0/shopee__item-card-standard-v2/0.2.8/pc/76dff349290d20891fc1.svg,,,https://deo.shopeemobile.com/shopee/modules-federation/live/0/shopee__item-card-standard-v2/0.2.8/pc/5dd7b4560d0e2d3190e8.svg,Medan,5-10 Hari,,,,,,"Leptop Zyrex D-Tech
Rp
3.700.000
5-10 Hari
Medan",https://shopee.co.id/Leptop-Zyrex-D-Tech-i.21096534.57309015894?extraParams=%7B%22display_model_id%22%3A365799349717%2C%22model_selection_logic%22%3A3%7D&sp_atk=3edaea8c-fc8a-4d59-910d-c95a8837fa0d&xptdk=3edaea8c-fc8a-4d59-910d-c95a8837fa0d
https://down-id.img.susercontent.com/file/id-11134207-822wm-mnayjo8snwg539,https://down-id.img.susercontent.com/file/id-11134258-8224v-mkvw0cu9r7k1a5,"ZYREX L-BOOK LAPTOP INTEL CELERON N4020 RAM 8GB 128GB EMMC 14"" HD",https://deo.shopeemobile.com/shopee/modules-federation/live/0/shopee__item-card-standard-v2/0.2.8/pc/7c9110f78e069acbced7.png,Rp,3.959.000,https://deo.shopeemobile.com/shopee/modules-federation/live/0/shopee__item-card-standard-v2/0.2.8/pc/76dff349290d20891fc1.svg,,,https://deo.shopeemobile.com/shopee/modules-federation/live/0/shopee__item-card-standard-v2/0.2.8/pc/5dd7b4560d0e2d3190e8.svg,Jakarta Utara,437 Terjual,https://deo.shopeemobile.com/shopee/modules-federation/live/0/shopee__item-card-standard-v2/0.2.8/pc/d7099d3fd1dfdaf705ab.svg,4.8,,-21%,https://deo.shopeemobile.com/shopee/modules-federation/live/0/shopee__item-card-standard-v2/0.2.8/pc/b4d1b8a78b3621dbdf4a.svg,"ZYREX L-BOOK LAPTOP INTEL CELERON N4020 RAM 8GB 128GB EMMC 14"" HD
Rp
3.959.000
-21%
4.8
437 Terjual
3-4 Hari
Jakarta Utara",https://shopee.co.id/ZYREX-L-BOOK-LAPTOP-INTEL-CELERON-N4020-RAM-8GB-128GB-EMMC-14-HD-i.27510377.19308072019?extraParams=%7B%22display_model_id%22%3A276774875389%2C%22model_selection_logic%22%3A3%7D&sp_atk=517c397c-ca81-4b40-8095-deee932c4152&xptdk=517c397c-ca81-4b40-8095-deee932c4152
https://down-id.img.susercontent.com/file/id-11134207-822wg-mlfukrzx4emcaa,https://down-id.img.susercontent.com/file/id-11134258-822wr-mlx67rtd6r602f,Zyrex Ultra Intel N100 RAM 8GB SSD 256GB EMMC 128GB BGH,https://deo.shopeemobile.com/shopee/modules-federation/live/0/shopee__item-card-standard-v2/0.2.8/pc/e4734dab67ee2f9ebd5a.png,Rp,3.163.500,https://deo.shopeemobile.com/shopee/modules-federation/live/0/shopee__item-card-standard-v2/0.2.8/pc/76dff349290d20891fc1.svg,,,https://deo.shopeemobile.com/shopee/modules-federation/live/0/shopee__item-card-standard-v2/0.2.8/pc/5dd7b4560d0e2d3190e8.svg,Kab. Sidoarjo,2-3 Hari,,,,,,"Zyrex Ultra Intel N100 RAM 8GB SSD 256GB EMMC 128GB BGH
Rp
3.163.500
2-3 Hari
Kab. Sidoarjo",https://shopee.co.id/Zyrex-Ultra-Intel-N100-RAM-8GB-SSD-256GB-EMMC-128GB-BGH-i.191946330.42929038855?extraParams=%7B%22display_model_id%22%3A355607465601%2C%22model_selection_logic%22%3A3%7D&sp_atk=ff62216a-a125-4578-8747-865033fdc61a&xptdk=ff62216a-a125-4578-8747-865033fdc61a
https://down-id.img.susercontent.com/file/id-11134207-822wl-mmcrslkgywb3f0,https://down-id.img.susercontent.com/file/id-11134258-7r98w-lyezzaurybot13,Laptop Zyrex Bunaken,,Rp,1.000.000,https://deo.shopeemobile.com/shopee/modules-federation/live/0/shopee__item-card-standard-v2/0.2.8/pc/76dff349290d20891fc1.svg,,,https://deo.shopeemobile.com/shopee/modules-federation/live/0/shopee__item-card-standard-v2/0.2.8/pc/5dd7b4560d0e2d3190e8.svg,Kab. Banjar,5-9 Hari,,,,,,"Laptop Zyrex Bunaken
Rp
1.000.000
5-9 Hari
Kab. Banjar",https://shopee.co.id/Laptop-Zyrex-Bunaken-i.46825803.49107860247?extraParams=%7B%22display_model_id%22%3A282486513417%2C%22model_selection_logic%22%3A3%7D&sp_atk=fdf73602-e7d2-4a66-93ce-dbb001f44062&xptdk=fdf73602-e7d2-4a66-93ce-dbb001f44062
https://down-id.img.susercontent.com/file/id-11134207-822wh-mmyf7fktimma61,https://down-id.img.susercontent.com/file/id-11134258-7r98w-lyezzaurybot13,Laptop Zyrex M746S atau M7X0S Processor Dual Core T4200,,Rp,398.000,https://deo.shopeemobile.com/shopee/modules-federation/live/0/shopee__item-card-standard-v2/0.2.8/pc/76dff349290d20891fc1.svg,,,https://deo.shopeemobile.com/shopee/modules-federation/live/0/shopee__item-card-standard-v2/0.2.8/pc/5dd7b4560d0e2d3190e8.svg,Kab. Ciamis,3-4 Hari,,,,,,"Laptop Zyrex M746S atau M7X0S Processor Dual Core T4200
Rp
398.000
3-4 Hari
Kab. Ciamis",https://shopee.co.id/Laptop-Zyrex-M746S-atau-M7X0S-Processor-Dual-Core-T4200-i.848422567.49959095223?extraParams=%7B%22display_model_id%22%3A355804184786%2C%22model_selection_logic%22%3A3%7D&sp_atk=eef32d23-ea16-4284-bae4-72dc7a8a7835&xptdk=eef32d23-ea16-4284-bae4-72dc7a8a7835
https://down-id.img.susercontent.com/file/id-11134207-822wk-mlg2f5ju5h543f,https://down-id.img.susercontent.com/file/id-11134258-8224v-mkvw0cu9r7k1a5,ZYREX D-TECH RYZEN 5 3500 16GB 256GB 14.0 Windows 11,https://deo.shopeemobile.com/shopee/modules-federation/live/0/shopee__item-card-standard-v2/0.2.8/pc/7c9110f78e069acbced7.png,Rp,7.561.000,https://deo.shopeemobile.com/shopee/modules-federation/live/0/shopee__item-card-standard-v2/0.2.8/pc/38e203dc86172a6c6560.svg,https://deo.shopeemobile.com/shopee/modules-federation/live/0/shopee__item-card-standard-v2/0.2.8/pc/0614b8f0a8fdde22942d.svg,Besok 12:00,https://deo.shopeemobile.com/shopee/modules-federation/live/0/shopee__item-card-standard-v2/0.2.8/pc/5dd7b4560d0e2d3190e8.svg,Surabaya,39 Terjual,https://deo.shopeemobile.com/shopee/modules-federation/live/0/shopee__item-card-standard-v2/0.2.8/pc/d7099d3fd1dfdaf705ab.svg,5.0,,,,"ZYREX D-TECH RYZEN 5 3500 16GB 256GB 14.0 Windows 11
Rp
7.561.000
5.0
39 Terjual
Besok 12:00
Surabaya",https://shopee.co.id/ZYREX-D-TECH-RYZEN-5-3500-16GB-256GB-14.0-Windows-11-i.1039970542.26524129086?extraParams=%7B%22display_model_id%22%3A242516603761%2C%22model_selection_logic%22%3A3%7D&sp_atk=e7014124-d573-4386-9eef-1710a328191b&xptdk=e7014124-d573-4386-9eef-1710a328191b
https://down-id.img.susercontent.com/file/id-11134207-7ra0q-mb55o8tz6x1y29,https://down-id.img.susercontent.com/file/id-11134258-8224v-mkvw0cu9r7k1a5,ZYREX LIFEBOOK INTEL N4020 RAM 8GB 256GB WINDOWS 11PRO HD,https://deo.shopeemobile.com/shopee/modules-federation/live/0/shopee__item-card-standard-v2/0.2.8/pc/7c9110f78e069acbced7.png,Rp,3.960.000,https://deo.shopeemobile.com/shopee/modules-federation/live/0/shopee__item-card-standard-v2/0.2.8/pc/38e203dc86172a6c6560.svg,https://deo.shopeemobile.com/shopee/modules-federation/live/0/shopee__item-card-standard-v2/0.2.8/pc/0614b8f0a8fdde22942d.svg,< 2 Hari,https://deo.shopeemobile.com/shopee/modules-federation/live/0/shopee__item-card-standard-v2/0.2.8/pc/5dd7b4560d0e2d3190e8.svg,Depok,131 Terjual,https://deo.shopeemobile.com/shopee/modules-federation/live/0/shopee__item-card-standard-v2/0.2.8/pc/d7099d3fd1dfdaf705ab.svg,4.9,,-5%,https://deo.shopeemobile.com/shopee/modules-federation/live/0/shopee__item-card-standard-v2/0.2.8/pc/b4d1b8a78b3621dbdf4a.svg,"ZYREX LIFEBOOK INTEL N4020 RAM 8GB 256GB WINDOWS 11PRO HD
Rp
3.960.000
-5%
4.9
131 Terjual
< 2 Hari
Depok",https://shopee.co.id/ZYREX-LIFEBOOK-INTEL-N4020-RAM-8GB-256GB-WINDOWS-11PRO-HD-i.1367937206.43105014508?extraParams=%7B%22display_model_id%22%3A295425549493%2C%22model_selection_logic%22%3A3%7D&sp_atk=823f3f4c-db1e-4d66-b472-d02e850b23ac&xptdk=823f3f4c-db1e-4d66-b472-d02e850b23ac
https://down-id.img.susercontent.com/file/id-11134207-822wt-mllmxhunuwpb2f,,Zyrex Notebook Bunaken,,Rp,2.000.000,https://deo.shopeemobile.com/shopee/modules-federation/live/0/shopee__item-card-standard-v2/0.2.8/pc/38e203dc86172a6c6560.svg,https://deo.shopeemobile.com/shopee/modules-federation/live/0/shopee__item-card-standard-v2/0.2.8/pc/0614b8f0a8fdde22942d.svg,< 2 Hari,https://deo.shopeemobile.com/shopee/modules-federation/live/0/shopee__item-card-standard-v2/0.2.8/pc/5dd7b4560d0e2d3190e8.svg,Kab. Sleman,< 2 Hari,https://deo.shopeemobile.com/shopee/modules-federation/live/0/shopee__item-card-standard-v2/0.2.8/pc/0614b8f0a8fdde22942d.svg,,,-13%,,"Zyrex Notebook Bunaken
Rp
2.000.000
-13%
< 2 Hari
Kab. Sleman",https://shopee.co.id/Zyrex-Notebook-Bunaken-i.1768128794.51456961349?extraParams=%7B%22display_model_id%22%3A297443472057%2C%22model_selection_logic%22%3A3%7D&sp_atk=54eba8b0-f4fa-4c0b-8b86-fd38a9987a69&xptdk=54eba8b0-f4fa-4c0b-8b86-fd38a9987a69
https://down-id.img.susercontent.com/file/id-11134207-81ztm-mfkqrs64l9n0cc,https://down-id.img.susercontent.com/file/id-11134258-8224v-mkvw0cu9r7k1a5,LAPTOP ZYREX D-TECH RYZEN 5 3500 16GB 256GB W11 14.0,https://deo.shopeemobile.com/shopee/modules-federation/live/0/shopee__item-card-standard-v2/0.2.8/pc/7c9110f78e069acbced7.png,Rp,7.551.000,https://deo.shopeemobile.com/shopee/modules-federation/live/0/shopee__item-card-standard-v2/0.2.8/pc/38e203dc86172a6c6560.svg,https://deo.shopeemobile.com/shopee/modules-federation/live/0/shopee__item-card-standard-v2/0.2.8/pc/0614b8f0a8fdde22942d.svg,Besok,https://deo.shopeemobile.com/shopee/modules-federation/live/0/shopee__item-card-standard-v2/0.2.8/pc/5dd7b4560d0e2d3190e8.svg,Surabaya,26 Terjual,https://deo.shopeemobile.com/shopee/modules-federation/live/0/shopee__item-card-standard-v2/0.2.8/pc/d7099d3fd1dfdaf705ab.svg,5.0,,-18%,https://deo.shopeemobile.com/shopee/modules-federation/live/0/shopee__item-card-standard-v2/0.2.8/pc/b4d1b8a78b3621dbdf4a.svg,"LAPTOP ZYREX D-TECH RYZEN 5 3500 16GB 256GB W11 14.0
Rp
7.551.000
-18%
5.0
26 Terjual
Besok
Surabaya",https://shopee.co.id/LAPTOP-ZYREX-D-TECH-RYZEN-5-3500-16GB-256GB-W11-14.0-i.1273997571.29579724544?extraParams=%7B%22display_model_id%22%3A257899475103%2C%22model_selection_logic%22%3A3%7D&sp_atk=aed27bbe-0d91-41e0-8ef6-303c1629a148&xptdk=aed27bbe-0d91-41e0-8ef6-303c1629a148
https://down-id.img.susercontent.com/file/id-11134207-7rbke-m6s1cp1cv9recb,,LAPTOP ZYREX D-TECH RYZEN 5 3500 16GB 256GB W11 14.0,,Rp,4.039.000,https://deo.shopeemobile.com/shopee/modules-federation/live/0/shopee__item-card-standard-v2/0.2.8/pc/38e203dc86172a6c6560.svg,https://deo.shopeemobile.com/shopee/modules-federation/live/0/shopee__item-card-standard-v2/0.2.8/pc/0614b8f0a8fdde22942d.svg,< 2 Hari,https://deo.shopeemobile.com/shopee/modules-federation/live/0/shopee__item-card-standard-v2/0.2.8/pc/5dd7b4560d0e2d3190e8.svg,Kab. Tangerang,< 2 Hari,https://deo.shopeemobile.com/shopee/modules-federation/live/0/shopee__item-card-standard-v2/0.2.8/pc/0614b8f0a8fdde22942d.svg,,,,,"LAPTOP ZYREX D-TECH RYZEN 5 3500 16GB 256GB W11 14.0
Rp
4.039.000
< 2 Hari
Kab. Tangerang",https://shopee.co.id/LAPTOP-ZYREX-D-TECH-RYZEN-5-3500-16GB-256GB-W11-14.0-i.1471354300.26777887455?extraParams=%7B%22display_model_id%22%3A185831442605%2C%22model_selection_logic%22%3A3%7D&sp_atk=040446e8-57e4-490e-94d5-76b721461774&xptdk=040446e8-57e4-490e-94d5-76b721461774
https://down-id.img.susercontent.com/file/id-11134207-7ra0j-mcn27dj7p41k8d,https://down-id.img.susercontent.com/file/id-11134258-822wr-mlx5y0tebegw04,"Laptop Termurah ZYREX LIFEBOOK N4020 16GB 640GB Windows 11 PRO 14.0"" INCH",https://deo.shopeemobile.com/shopee/modules-federation/live/0/shopee__item-card-standard-v2/0.2.8/pc/e4734dab67ee2f9ebd5a.png,Rp,3.960.000,https://deo.shopeemobile.com/shopee/modules-federation/live/0/shopee__item-card-standard-v2/0.2.8/pc/38e203dc86172a6c6560.svg,https://deo.shopeemobile.com/shopee/modules-federation/live/0/shopee__item-card-standard-v2/0.2.8/pc/0614b8f0a8fdde22942d.svg,< 2 Hari,https://deo.shopeemobile.com/shopee/modules-federation/live/0/shopee__item-card-standard-v2/0.2.8/pc/5dd7b4560d0e2d3190e8.svg,Jakarta Selatan,39 Terjual,https://deo.shopeemobile.com/shopee/modules-federation/live/0/shopee__item-card-standard-v2/0.2.8/pc/d7099d3fd1dfdaf705ab.svg,4.9,,-5%,https://deo.shopeemobile.com/shopee/modules-federation/live/0/shopee__item-card-standard-v2/0.2.8/pc/b4d1b8a78b3621dbdf4a.svg,"Laptop Termurah ZYREX LIFEBOOK N4020 16GB 640GB Windows 11 PRO 14.0"" INCH
Rp
3.960.000
-5%
4.9
39 Terjual
< 2 Hari
Jakarta Selatan",https://shopee.co.id/Laptop-Termurah-ZYREX-LIFEBOOK-N4020-16GB-640GB-Windows-11-PRO-14.0-INCH-i.256652736.23687023877?extraParams=%7B%22display_model_id%22%3A157236562794%2C%22model_selection_logic%22%3A3%7D&sp_atk=60d92942-4434-41b4-956a-2acf2cef6082&xptdk=60d92942-4434-41b4-956a-2acf2cef6082
https://down-id.img.susercontent.com/file/id-11134207-7rbk4-majtg3h4eo10b7,https://down-id.img.susercontent.com/file/id-11134258-7r98w-lyezzaurybot13,ZYREX LIFEBOOK N4020 8GB 128GB W11PRO 14.0 GRY,https://deo.shopeemobile.com/shopee/modules-federation/live/0/shopee__item-card-standard-v2/0.2.8/pc/7c9110f78e069acbced7.png,Rp,3.777.500,https://deo.shopeemobile.com/shopee/modules-federation/live/0/shopee__item-card-standard-v2/0.2.8/pc/76dff349290d20891fc1.svg,,,https://deo.shopeemobile.com/shopee/modules-federation/live/0/shopee__item-card-standard-v2/0.2.8/pc/5dd7b4560d0e2d3190e8.svg,Pontianak,27 Terjual,https://deo.shopeemobile.com/shopee/modules-federation/live/0/shopee__item-card-standard-v2/0.2.8/pc/d7099d3fd1dfdaf705ab.svg,4.9,,,,"ZYREX LIFEBOOK N4020 8GB 128GB W11PRO 14.0 GRY
Rp
3.777.500
4.9
27 Terjual
3-8 Hari
Pontianak",https://shopee.co.id/ZYREX-LIFEBOOK-N4020-8GB-128GB-W11PRO-14.0-GRY-i.1534026306.40903095759?extraParams=%7B%22display_model_id%22%3A410593347040%2C%22model_selection_logic%22%3A3%7D&sp_atk=9d380797-ecb5-47b3-8233-129c97885d91&xptdk=9d380797-ecb5-47b3-8233-129c97885d91
https://down-id.img.susercontent.com/file/id-11134207-7ra0h-mc2z111dmaw12e,https://down-id.img.susercontent.com/file/id-11134258-7r98w-lyezzaurybot13,Laptop Zyrex Lifebook,,Rp,2.200.000,https://deo.shopeemobile.com/shopee/modules-federation/live/0/shopee__item-card-standard-v2/0.2.8/pc/76dff349290d20891fc1.svg,,,https://deo.shopeemobile.com/shopee/modules-federation/live/0/shopee__item-card-standard-v2/0.2.8/pc/5dd7b4560d0e2d3190e8.svg,Kab. Kendal,4-8 Hari,,,,,,"Laptop Zyrex Lifebook
Rp
2.200.000
4-8 Hari
Kab. Kendal",https://shopee.co.id/Laptop-Zyrex-Lifebook-i.1035712799.40608173266?extraParams=%7B%22display_model_id%22%3A265690019070%2C%22model_selection_logic%22%3A3%7D&sp_atk=c168cba0-5c03-4f78-874c-9f31dc62bf25&xptdk=c168cba0-5c03-4f78-874c-9f31dc62bf25
https://down-id.img.susercontent.com/file/id-11134207-8224s-mikdqrqhhjwke8,https://down-id.img.susercontent.com/file/id-11134258-8224v-mkvw0cu9r7k1a5,"LAPTOP ZYREX L-BOOK INTEL CELERON N4020 8GB 128GB Windows 11 14.0"" HD",https://deo.shopeemobile.com/shopee/modules-federation/live/0/shopee__item-card-standard-v2/0.2.8/pc/a425c915798471b33e5d.png,Rp,4.225.000,https://deo.shopeemobile.com/shopee/modules-federation/live/0/shopee__item-card-standard-v2/0.2.8/pc/38e203dc86172a6c6560.svg,https://deo.shopeemobile.com/shopee/modules-federation/live/0/shopee__item-card-standard-v2/0.2.8/pc/0614b8f0a8fdde22942d.svg,Besok 12:00,https://deo.shopeemobile.com/shopee/modules-federation/live/0/shopee__item-card-standard-v2/0.2.8/pc/5dd7b4560d0e2d3190e8.svg,Surabaya,2 Terjual,https://deo.shopeemobile.com/shopee/modules-federation/live/0/shopee__item-card-standard-v2/0.2.8/pc/d7099d3fd1dfdaf705ab.svg,5.0,Produk Baru,,,"LAPTOP ZYREX L-BOOK INTEL CELERON N4020 8GB 128GB Windows 11 14.0"" HD
Rp
4.225.000
Produk Baru
5.0
2 Terjual
Besok 12:00
Surabaya",https://shopee.co.id/LAPTOP-ZYREX-L-BOOK-INTEL-CELERON-N4020-8GB-128GB-Windows-11-14.0-HD-i.1699994016.54853476051?extraParams=%7B%22display_model_id%22%3A400333512836%2C%22model_selection_logic%22%3A3%7D&sp_atk=4bc7699a-1d15-4e2d-a92d-e657faf17f7c&xptdk=4bc7699a-1d15-4e2d-a92d-e657faf17f7c
https://down-id.img.susercontent.com/file/id-11134207-8224o-mhlnjkd0q87432,https://down-id.img.susercontent.com/file/id-11134258-8224v-mkvw0cu9r7k1a5,ZYREX L-BOOK 8GB 128GB 256GB W11,https://deo.shopeemobile.com/shopee/modules-federation/live/0/shopee__item-card-standard-v2/0.2.8/pc/7c9110f78e069acbced7.png,Rp,4.150.000,https://deo.shopeemobile.com/shopee/modules-federation/live/0/shopee__item-card-standard-v2/0.2.8/pc/76dff349290d20891fc1.svg,,,https://deo.shopeemobile.com/shopee/modules-federation/live/0/shopee__item-card-standard-v2/0.2.8/pc/5dd7b4560d0e2d3190e8.svg,Bogor,46 Terjual,https://deo.shopeemobile.com/shopee/modules-federation/live/0/shopee__item-card-standard-v2/0.2.8/pc/d7099d3fd1dfdaf705ab.svg,5.0,,-1%,https://deo.shopeemobile.com/shopee/modules-federation/live/0/shopee__item-card-standard-v2/0.2.8/pc/b4d1b8a78b3621dbdf4a.svg,"ZYREX L-BOOK 8GB 128GB 256GB W11
Rp
4.150.000
-1%
5.0
46 Terjual
3-4 Hari
Bogor",https://shopee.co.id/ZYREX-L-BOOK-8GB-128GB-256GB-W11-i.1275013122.25195653496?extraParams=%7B%22display_model_id%22%3A280457643801%2C%22model_selection_logic%22%3A3%7D&sp_atk=85fc3a1a-6dde-4e93-82a7-9b16b4420805&xptdk=85fc3a1a-6dde-4e93-82a7-9b16b4420805
https://down-id.img.susercontent.com/file/id-11134207-82250-mkm3kjn14uf41c,https://down-id.img.susercontent.com/file/id-11134258-8224v-mkvw0cu9r7k1a5,"NOTEBOOK ZYREX L-BOOK (DARK GREY) : INTEL-N4020 14INCH (1366X768) 8GB, EMMC 128GB, WIFI + BT, W11 (NO TAS)",,Rp,3.599.000,https://deo.shopeemobile.com/shopee/modules-federation/live/0/shopee__item-card-standard-v2/0.2.8/pc/38e203dc86172a6c6560.svg,https://deo.shopeemobile.com/shopee/modules-federation/live/0/shopee__item-card-standard-v2/0.2.8/pc/0614b8f0a8fdde22942d.svg,< 2 Hari,https://deo.shopeemobile.com/shopee/modules-federation/live/0/shopee__item-card-standard-v2/0.2.8/pc/5dd7b4560d0e2d3190e8.svg,Kab. Sleman,< 2 Hari,https://deo.shopeemobile.com/shopee/modules-federation/live/0/shopee__item-card-standard-v2/0.2.8/pc/0614b8f0a8fdde22942d.svg,,,,,"NOTEBOOK ZYREX L-BOOK (DARK GREY) : INTEL-N4020 14INCH (1366X768) 8GB, EMMC 128GB, WIFI + BT, W11 (NO TAS)
Rp
3.599.000
< 2 Hari
Kab. Sleman",https://shopee.co.id/NOTEBOOK-ZYREX-L-BOOK-(DARK-GREY)-INTEL-N4020-14INCH-(1366X768)-8GB-EMMC-128GB-WIFI-BT-W11-(NO-TAS)-i.1033618326.47806129475?extraParams=%7B%22display_model_id%22%3A335555984920%2C%22model_selection_logic%22%3A3%7D&sp_atk=b7fb492c-5a92-4773-8125-2567f824fece&xptdk=b7fb492c-5a92-4773-8125-2567f824fece
https://down-id.img.susercontent.com/file/sg-11134201-82268-mhu9vdh7fnk0d8,https://down-id.img.susercontent.com/file/id-11134258-8224v-mkvw0cu9r7k1a5,"LAPTOP ZYREX L-BOOK INTEL CELERON  N4020 8GB 128GB Windows 11 14.0"" HD",,Rp,2.957.000,https://deo.shopeemobile.com/shopee/modules-federation/live/0/shopee__item-card-standard-v2/0.2.8/pc/76dff349290d20891fc1.svg,,,https://deo.shopeemobile.com/shopee/modules-federation/live/0/shopee__item-card-standard-v2/0.2.8/pc/5dd7b4560d0e2d3190e8.svg,Jakarta Utara,4-8 Hari,,,,,,"LAPTOP ZYREX L-BOOK INTEL CELERON N4020 8GB 128GB Windows 11 14.0"" HD
Rp
2.957.000
4-8 Hari
Jakarta Utara",https://shopee.co.id/LAPTOP-ZYREX-L-BOOK-INTEL-CELERON-N4020-8GB-128GB-Windows-11-14.0-HD-i.1273099956.51602306176?extraParams=%7B%22display_model_id%22%3A302212116242%2C%22model_selection_logic%22%3A3%7D&sp_atk=d8fec776-9916-4dd5-b1ee-90576d525b41&xptdk=d8fec776-9916-4dd5-b1ee-90576d525b41
https://down-id.img.susercontent.com/file/id-11134207-8224o-mg6e63kknrpmdf,,ZYREX L-BOOK INTEL N4020 8GB 384SSD W11,,Rp,4.085.000,https://deo.shopeemobile.com/shopee/modules-federation/live/0/shopee__item-card-standard-v2/0.2.8/pc/38e203dc86172a6c6560.svg,https://deo.shopeemobile.com/shopee/modules-federation/live/0/shopee__item-card-standard-v2/0.2.8/pc/0614b8f0a8fdde22942d.svg,< 2 Hari,https://deo.shopeemobile.com/shopee/modules-federation/live/0/shopee__item-card-standard-v2/0.2.8/pc/5dd7b4560d0e2d3190e8.svg,Surabaya,3 Terjual,https://deo.shopeemobile.com/shopee/modules-federation/live/0/shopee__item-card-standard-v2/0.2.8/pc/d7099d3fd1dfdaf705ab.svg,5.0,,,,"ZYREX L-BOOK INTEL N4020 8GB 384SSD W11
Rp
4.085.000
5.0
3 Terjual
< 2 Hari
Surabaya",https://shopee.co.id/ZYREX-L-BOOK-INTEL-N4020-8GB-384SSD-W11-i.1058807.50200042437?extraParams=%7B%22display_model_id%22%3A315003749932%2C%22model_selection_logic%22%3A3%7D&sp_atk=3b323388-80ef-4919-b8dd-35cbd6e7c27e&xptdk=3b323388-80ef-4919-b8dd-35cbd6e7c27e
https://down-id.img.susercontent.com/file/id-11134207-8224x-mjz4clht6g3o2a,https://down-id.img.susercontent.com/file/id-11134258-8224v-mkvw0cu9r7k1a5,ZYREX D-TECH AMD RYZEN 5 3500 - RAM 16GB 512GB WINDOWS 11 14.0 INCH,https://deo.shopeemobile.com/shopee/modules-federation/live/0/shopee__item-card-standard-v2/0.2.8/pc/7c9110f78e069acbced7.png,Rp,6.392.000,https://deo.shopeemobile.com/shopee/modules-federation/live/0/shopee__item-card-standard-v2/0.2.8/pc/38e203dc86172a6c6560.svg,https://deo.shopeemobile.com/shopee/modules-federation/live/0/shopee__item-card-standard-v2/0.2.8/pc/0614b8f0a8fdde22942d.svg,< 2 Hari,https://deo.shopeemobile.com/shopee/modules-federation/live/0/shopee__item-card-standard-v2/0.2.8/pc/5dd7b4560d0e2d3190e8.svg,Jakarta Utara,895 Terjual,https://deo.shopeemobile.com/shopee/modules-federation/live/0/shopee__item-card-standard-v2/0.2.8/pc/d7099d3fd1dfdaf705ab.svg,4.9,Produk Baru,-47%,https://deo.shopeemobile.com/shopee/modules-federation/live/0/shopee__item-card-standard-v2/0.2.8/pc/b4d1b8a78b3621dbdf4a.svg,"ZYREX D-TECH AMD RYZEN 5 3500 - RAM 16GB 512GB WINDOWS 11 14.0 INCH
Rp
6.392.000
-47%
Produk Baru
Hadiah Gratis
4.9
895 Terjual
< 2 Hari
Jakarta Utara",https://shopee.co.id/ZYREX-D-TECH-AMD-RYZEN-5-3500-RAM-16GB-512GB-WINDOWS-11-14.0-INCH-i.250649369.49004043551?extraParams=%7B%22display_model_id%22%3A440466476477%2C%22model_selection_logic%22%3A3%7D&sp_atk=bb8473a7-1c25-4759-a271-215e920db2e0&xptdk=bb8473a7-1c25-4759-a271-215e920db2e0
https://down-id.img.susercontent.com/file/id-11134207-7ra0u-mbhxwko8of6m07,https://down-id.img.susercontent.com/file/id-11134258-8224v-mkvw0cu9r7k1a5,"Zyrex L-Book Intel Celeron 8GB 384GB Win 11 14"" HD",https://deo.shopeemobile.com/shopee/modules-federation/live/0/shopee__item-card-standard-v2/0.2.8/pc/e4734dab67ee2f9ebd5a.png,Rp,4.160.000,https://deo.shopeemobile.com/shopee/modules-federation/live/0/shopee__item-card-standard-v2/0.2.8/pc/38e203dc86172a6c6560.svg,https://deo.shopeemobile.com/shopee/modules-federation/live/0/shopee__item-card-standard-v2/0.2.8/pc/0614b8f0a8fdde22942d.svg,< 2 Hari,https://deo.shopeemobile.com/shopee/modules-federation/live/0/shopee__item-card-standard-v2/0.2.8/pc/5dd7b4560d0e2d3190e8.svg,Jakarta Pusat,14 Terjual,https://deo.shopeemobile.com/shopee/modules-federation/live/0/shopee__item-card-standard-v2/0.2.8/pc/d7099d3fd1dfdaf705ab.svg,4.9,,,,"Zyrex L-Book Intel Celeron 8GB 384GB Win 11 14"" HD
Rp
4.160.000
4.9
14 Terjual
< 2 Hari
Jakarta Pusat",https://shopee.co.id/Zyrex-L-Book-Intel-Celeron-8GB-384GB-Win-11-14-HD-i.1316244009.43756402718?extraParams=%7B%22display_model_id%22%3A305536773496%2C%22model_selection_logic%22%3A3%7D&sp_atk=e3b74637-4a43-46b7-a3c8-6c216813f37e&xptdk=e3b74637-4a43-46b7-a3c8-6c216813f37e
https://down-id.img.susercontent.com/file/id-11134207-7rasm-m2hn552svo8300,https://down-id.img.susercontent.com/file/id-11134258-8224v-mkvw0cu9r7k1a5,"Laptop Zyrex Bunaken Intel 4GB 256GB+64GB 14""",https://deo.shopeemobile.com/shopee/modules-federation/live/0/shopee__item-card-standard-v2/0.2.8/pc/a425c915798471b33e5d.png,Rp,3.044.000,https://deo.shopeemobile.com/shopee/modules-federation/live/0/shopee__item-card-standard-v2/0.2.8/pc/76dff349290d20891fc1.svg,,,https://deo.shopeemobile.com/shopee/modules-federation/live/0/shopee__item-card-standard-v2/0.2.8/pc/5dd7b4560d0e2d3190e8.svg,Jakarta Utara,9 Terjual,https://deo.shopeemobile.com/shopee/modules-federation/live/0/shopee__item-card-standard-v2/0.2.8/pc/d7099d3fd1dfdaf705ab.svg,5.0,,,,"Laptop Zyrex Bunaken Intel 4GB 256GB+64GB 14""
Rp
3.044.000
5.0
9 Terjual
3-4 Hari
Jakarta Utara",https://shopee.co.id/Laptop-Zyrex-Bunaken-Intel-4GB-256GB-64GB-14--i.364038165.26167343484?extraParams=%7B%22display_model_id%22%3A252220451700%2C%22model_selection_logic%22%3A3%7D&sp_atk=b0feede5-df6d-4c3b-a29b-5122339cc444&xptdk=b0feede5-df6d-4c3b-a29b-5122339cc444
https://down-id.img.susercontent.com/file/id-11134207-7r98p-ls4t86wn9d2x0c,https://down-id.img.susercontent.com/file/id-11134258-8224v-mkvw0cu9r7k1a5,"Zyrex Chromebook M432-2 4GB RAM 11.6"" Anti Ref",https://deo.shopeemobile.com/shopee/modules-federation/live/0/shopee__item-card-standard-v2/0.2.8/pc/a425c915798471b33e5d.png,Rp,900.000,https://deo.shopeemobile.com/shopee/modules-federation/live/0/shopee__item-card-standard-v2/0.2.8/pc/38e203dc86172a6c6560.svg,https://deo.shopeemobile.com/shopee/modules-federation/live/0/shopee__item-card-standard-v2/0.2.8/pc/0614b8f0a8fdde22942d.svg,< 2 Hari,https://deo.shopeemobile.com/shopee/modules-federation/live/0/shopee__item-card-standard-v2/0.2.8/pc/5dd7b4560d0e2d3190e8.svg,Jakarta Barat,22 Terjual,https://deo.shopeemobile.com/shopee/modules-federation/live/0/shopee__item-card-standard-v2/0.2.8/pc/d7099d3fd1dfdaf705ab.svg,5.0,,,,"Zyrex Chromebook M432-2 4GB RAM 11.6"" Anti Ref
Rp
900.000
5.0
22 Terjual
< 2 Hari
Jakarta Barat",https://shopee.co.id/Zyrex-Chromebook-M432-2-4GB-RAM-11.6-Anti-Ref-i.277449743.24665075726?extraParams=%7B%22display_model_id%22%3A138867615542%2C%22model_selection_logic%22%3A3%7D&sp_atk=92e42a34-a6d9-410a-8ca0-dc99999ad9c0&xptdk=92e42a34-a6d9-410a-8ca0-dc99999ad9c0
https://down-id.img.susercontent.com/file/2a87c7d6c2dbc08ba88d7db6e8233819,,notebook zyrex,,Rp,250.000,https://deo.shopeemobile.com/shopee/modules-federation/live/0/shopee__item-card-standard-v2/0.2.8/pc/76dff349290d20891fc1.svg,,,https://deo.shopeemobile.com/shopee/modules-federation/live/0/shopee__item-card-standard-v2/0.2.8/pc/5dd7b4560d0e2d3190e8.svg,Kab. Bandung,4-7 Hari,,,,,,"notebook zyrex
Rp
250.000
4-7 Hari
Kab. Bandung",https://shopee.co.id/notebook-zyrex-i.154014783.3878659187?extraParams=%7B%22display_model_id%22%3A43596538392%2C%22model_selection_logic%22%3A3%7D&sp_atk=0ba6c6b9-95d4-4e4a-ab5e-9fb689e09d27&xptdk=0ba6c6b9-95d4-4e4a-ab5e-9fb689e09d27
https://down-id.img.susercontent.com/file/id-11134207-7rbke-mb25domrwlr8e2,https://down-id.img.susercontent.com/file/id-11134258-8224v-mkvw0cu9r7k1a5,"Zyrex L-Book Intel Celeron N4020 8GB 128GB/256GB Windows 11 14"" HD",https://deo.shopeemobile.com/shopee/modules-federation/live/0/shopee__item-card-standard-v2/0.2.8/pc/a425c915798471b33e5d.png,Rp,3.800.000,https://deo.shopeemobile.com/shopee/modules-federation/live/0/shopee__item-card-standard-v2/0.2.8/pc/38e203dc86172a6c6560.svg,https://deo.shopeemobile.com/shopee/modules-federation/live/0/shopee__item-card-standard-v2/0.2.8/pc/0614b8f0a8fdde22942d.svg,< 2 Hari,https://deo.shopeemobile.com/shopee/modules-federation/live/0/shopee__item-card-standard-v2/0.2.8/pc/5dd7b4560d0e2d3190e8.svg,Yogyakarta,4 Terjual,https://deo.shopeemobile.com/shopee/modules-federation/live/0/shopee__item-card-standard-v2/0.2.8/pc/d7099d3fd1dfdaf705ab.svg,5.0,,,,"Zyrex L-Book Intel Celeron N4020 8GB 128GB/256GB Windows 11 14"" HD
Rp
3.800.000
5.0
4 Terjual
< 2 Hari
Yogyakarta",https://shopee.co.id/Zyrex-L-Book-Intel-Celeron-N4020-8GB-128GB-256GB-Windows-11-14-HD-i.259775845.41104657675?extraParams=%7B%22display_model_id%22%3A290786688122%2C%22model_selection_logic%22%3A3%7D&sp_atk=914fa31c-7bc6-4034-9356-fe9c0f9b760c&xptdk=914fa31c-7bc6-4034-9356-fe9c0f9b760c
https://down-id.img.susercontent.com/file/id-11134207-822wh-mmvlxti959fpf9,https://down-id.img.susercontent.com/file/id-11134258-8224v-mkvw0cu9r7k1a5,"ZYREX D-TECH RYZEN 5 3500 8GB 256GB W11 14"" 2Y",,Rp,6.393.000,https://deo.shopeemobile.com/shopee/modules-federation/live/0/shopee__item-card-standard-v2/0.2.8/pc/76dff349290d20891fc1.svg,,,https://deo.shopeemobile.com/shopee/modules-federation/live/0/shopee__item-card-standard-v2/0.2.8/pc/5dd7b4560d0e2d3190e8.svg,Malang,3-6 Hari,,,,,,"ZYREX D-TECH RYZEN 5 3500 8GB 256GB W11 14"" 2Y
Rp
6.393.000
3-6 Hari
Malang",https://shopee.co.id/ZYREX-D-TECH-RYZEN-5-3500-8GB-256GB-W11-14-2Y-i.1453838073.49658571178?extraParams=%7B%22display_model_id%22%3A380758456811%2C%22model_selection_logic%22%3A3%7D&sp_atk=a101442e-3b59-49d1-88db-5d8071fae27a&xptdk=a101442e-3b59-49d1-88db-5d8071fae27a
https://down-id.img.susercontent.com/file/id-11134207-81ztk-mf68rmb40he5f9,https://down-id.img.susercontent.com/file/id-11134258-822wr-mlx67rtd6r602f,Zyrex Sky 232 Celeron N3350 RAM 4/64GB ORIGINAL 100% & BERGARANSI,https://deo.shopeemobile.com/shopee/modules-federation/live/0/shopee__item-card-standard-v2/0.2.8/pc/a425c915798471b33e5d.png,Rp,1.100.000,https://deo.shopeemobile.com/shopee/modules-federation/live/0/shopee__item-card-standard-v2/0.2.8/pc/38e203dc86172a6c6560.svg,https://deo.shopeemobile.com/shopee/modules-federation/live/0/shopee__item-card-standard-v2/0.2.8/pc/0614b8f0a8fdde22942d.svg,< 2 Hari,https://deo.shopeemobile.com/shopee/modules-federation/live/0/shopee__item-card-standard-v2/0.2.8/pc/5dd7b4560d0e2d3190e8.svg,Jakarta Barat,2 Terjual,https://deo.shopeemobile.com/shopee/modules-federation/live/0/shopee__item-card-standard-v2/0.2.8/pc/0614b8f0a8fdde22942d.svg,,,-8%,https://deo.shopeemobile.com/shopee/modules-federation/live/0/shopee__item-card-standard-v2/0.2.8/pc/b4d1b8a78b3621dbdf4a.svg,"Zyrex Sky 232 Celeron N3350 RAM 4/64GB ORIGINAL 100% & BERGARANSI
Rp
1.100.000
-8%
2 Terjual
< 2 Hari
Jakarta Barat",https://shopee.co.id/Zyrex-Sky-232-Celeron-N3350-RAM-4-64GB-ORIGINAL-100-BERGARANSI-i.239820426.42721967482?extraParams=%7B%22display_model_id%22%3A301785479452%2C%22model_selection_logic%22%3A3%7D&sp_atk=0186ad08-bdb1-4226-aab6-d9ecd59b4d8d&xptdk=0186ad08-bdb1-4226-aab6-d9ecd59b4d8d
https://down-id.img.susercontent.com/file/id-11134207-822wu-mn2k21i2kmbqba,https://down-id.img.susercontent.com/file/id-11134258-7r98w-lyezzaurybot13,Laptop Zyrex Bunaken Super Slim,,Rp,1.850.000,https://deo.shopeemobile.com/shopee/modules-federation/live/0/shopee__item-card-standard-v2/0.2.8/pc/76dff349290d20891fc1.svg,,,https://deo.shopeemobile.com/shopee/modules-federation/live/0/shopee__item-card-standard-v2/0.2.8/pc/5dd7b4560d0e2d3190e8.svg,Bogor,5-7 Hari,,,,,,"Laptop Zyrex Bunaken Super Slim
Rp
1.850.000
5-7 Hari
Bogor",https://shopee.co.id/Laptop-Zyrex-Bunaken-Super-Slim-i.77480275.55108861820?extraParams=%7B%22display_model_id%22%3A390786090147%2C%22model_selection_logic%22%3A3%7D&sp_atk=298c31ff-14c7-4757-9cf4-39784c234bf3&xptdk=298c31ff-14c7-4757-9cf4-39784c234bf3
https://down-id.img.susercontent.com/file/id-11134207-7ra0o-mclonrpou5ib67,https://down-id.img.susercontent.com/file/id-11134258-822wr-mlx5y0tebegw04,"Zyrex Lbook N4020 8GB/128GB SSD Win 10 14"" inch",,Rp,2.800.000,https://deo.shopeemobile.com/shopee/modules-federation/live/0/shopee__item-card-standard-v2/0.2.8/pc/76dff349290d20891fc1.svg,,,https://deo.shopeemobile.com/shopee/modules-federation/live/0/shopee__item-card-standard-v2/0.2.8/pc/5dd7b4560d0e2d3190e8.svg,Serang,2 Terjual,https://deo.shopeemobile.com/shopee/modules-federation/live/0/shopee__item-card-standard-v2/0.2.8/pc/d7099d3fd1dfdaf705ab.svg,5.0,,,,"Zyrex Lbook N4020 8GB/128GB SSD Win 10 14"" inch
Rp
2.800.000
5.0
2 Terjual
5-8 Hari
Serang",https://shopee.co.id/Zyrex-Lbook-N4020-8GB-128GB-SSD-Win-10-14-inch-i.490718530.41660259476?extraParams=%7B%22display_model_id%22%3A290862592122%2C%22model_selection_logic%22%3A3%7D&sp_atk=4f98b9e0-b182-4cf0-8e3d-044e40090d9f&xptdk=4f98b9e0-b182-4cf0-8e3d-044e40090d9f
https://down-id.img.susercontent.com/file/6adad9b519b52d4b82451cf54ee43d3c,https://down-id.img.susercontent.com/file/id-11134258-8224v-mkvw0cu9r7k1a5,Acer Axioo Zyrex Laptop 2GB RAM Siap Pakai Murah,,Rp,675.000,https://deo.shopeemobile.com/shopee/modules-federation/live/0/shopee__item-card-standard-v2/0.2.8/pc/76dff349290d20891fc1.svg,,,https://deo.shopeemobile.com/shopee/modules-federation/live/0/shopee__item-card-standard-v2/0.2.8/pc/5dd7b4560d0e2d3190e8.svg,Kab. Tangerang,10 Terjual,https://deo.shopeemobile.com/shopee/modules-federation/live/0/shopee__item-card-standard-v2/0.2.8/pc/d7099d3fd1dfdaf705ab.svg,3.8,,,,"Acer Axioo Zyrex Laptop 2GB RAM Siap Pakai Murah
Rp
675.000
3.8
10 Terjual
3-4 Hari
Kab. Tangerang",https://shopee.co.id/Acer-Axioo-Zyrex-Laptop-2GB-RAM-Siap-Pakai-Murah-i.72458775.1899694962?extraParams=%7B%22display_model_id%22%3A116894985454%2C%22model_selection_logic%22%3A3%7D&sp_atk=67bc8794-0b0b-48d3-9fcb-b2040353d244&xptdk=67bc8794-0b0b-48d3-9fcb-b2040353d244
https://down-id.img.susercontent.com/file/id-11134207-8224s-mkyv2r9uearlcd,https://down-id.img.susercontent.com/file/id-11134258-8224v-mkvw0cu9r7k1a5,ZYREX D-TECH RYZEN 5 3500 8GB 256GB 14.0 Windows 11,https://deo.shopeemobile.com/shopee/modules-federation/live/0/shopee__item-card-standard-v2/0.2.8/pc/7c9110f78e069acbced7.png,Rp,6.393.000,https://deo.shopeemobile.com/shopee/modules-federation/live/0/shopee__item-card-standard-v2/0.2.8/pc/38e203dc86172a6c6560.svg,https://deo.shopeemobile.com/shopee/modules-federation/live/0/shopee__item-card-standard-v2/0.2.8/pc/0614b8f0a8fdde22942d.svg,Besok 12:00,https://deo.shopeemobile.com/shopee/modules-federation/live/0/shopee__item-card-standard-v2/0.2.8/pc/5dd7b4560d0e2d3190e8.svg,Surabaya,Besok 12:00,https://deo.shopeemobile.com/shopee/modules-federation/live/0/shopee__item-card-standard-v2/0.2.8/pc/0614b8f0a8fdde22942d.svg,,,,,"ZYREX D-TECH RYZEN 5 3500 8GB 256GB 14.0 Windows 11
Rp
6.393.000
Besok 12:00
Surabaya",https://shopee.co.id/ZYREX-D-TECH-RYZEN-5-3500-8GB-256GB-14.0-Windows-11-i.1039970542.44806328189?extraParams=%7B%22display_model_id%22%3A267413903176%2C%22model_selection_logic%22%3A3%7D&sp_atk=553e8e56-7bb3-4e14-b582-c798ecda229c&xptdk=553e8e56-7bb3-4e14-b582-c798ecda229c
https://down-id.img.susercontent.com/file/id-11134207-822wl-mn3qbguz1fk6da,https://down-id.img.susercontent.com/file/id-11134258-8224v-mkvw0cu9r7k1a5,PROMO TERMURAH LAPTOP ZYREX	AMD RYZEN 5-3500U/SSD256GB/RAM16GB/BERGARANSI,,Rp,4.600.000,https://deo.shopeemobile.com/shopee/modules-federation/live/0/shopee__item-card-standard-v2/0.2.8/pc/38e203dc86172a6c6560.svg,https://deo.shopeemobile.com/shopee/modules-federation/live/0/shopee__item-card-standard-v2/0.2.8/pc/0614b8f0a8fdde22942d.svg,< 2 Hari,https://deo.shopeemobile.com/shopee/modules-federation/live/0/shopee__item-card-standard-v2/0.2.8/pc/5dd7b4560d0e2d3190e8.svg,Medan,< 2 Hari,https://deo.shopeemobile.com/shopee/modules-federation/live/0/shopee__item-card-standard-v2/0.2.8/pc/0614b8f0a8fdde22942d.svg,,,,,"PROMO TERMURAH LAPTOP ZYREX AMD RYZEN 5-3500U/SSD256GB/RAM16GB/BERGARANSI
Rp
4.600.000
< 2 Hari
Medan",https://shopee.co.id/PROMO-TERMURAH-LAPTOP-ZYREX-AMD-RYZEN-5-3500U-SSD256GB-RAM16GB-BERGARANSI-i.440297977.55908922145?extraParams=%7B%22display_model_id%22%3A297541502224%2C%22model_selection_logic%22%3A3%7D&sp_atk=fd6ac595-5cfc-48f6-bf63-a892ab5c465b&xptdk=fd6ac595-5cfc-48f6-bf63-a892ab5c465b
https://down-id.img.susercontent.com/file/id-11134207-7rbkc-maxpp00w2ab801,https://down-id.img.susercontent.com/file/id-11134258-8224v-mkvw0cu9r7k1a5,Zyrex L-Book Intel Celeron 8GB 128GB Windows 11,,Rp,4.160.000,https://deo.shopeemobile.com/shopee/modules-federation/live/0/shopee__item-card-standard-v2/0.2.8/pc/76dff349290d20891fc1.svg,,,https://deo.shopeemobile.com/shopee/modules-federation/live/0/shopee__item-card-standard-v2/0.2.8/pc/5dd7b4560d0e2d3190e8.svg,Bogor,55 Terjual,https://deo.shopeemobile.com/shopee/modules-federation/live/0/shopee__item-card-standard-v2/0.2.8/pc/d7099d3fd1dfdaf705ab.svg,4.8,Cicilan,,,"Zyrex L-Book Intel Celeron 8GB 128GB Windows 11
Rp
4.160.000
Cicilan
4.8
55 Terjual
3-4 Hari
Bogor",https://shopee.co.id/Zyrex-L-Book-Intel-Celeron-8GB-128GB-Windows-11-i.238865572.7354146461?extraParams=%7B%22display_model_id%22%3A177212075704%2C%22model_selection_logic%22%3A3%7D&sp_atk=766a61d3-9b01-4ca6-8f77-2947a395673a&xptdk=766a61d3-9b01-4ca6-8f77-2947a395673a
https://down-id.img.susercontent.com/file/id-11134207-82252-mg6e63kkrzey7a,,ZYREX D-TECH RYZEN 5 3500U 16GB 256SSD W11,,Rp,7.400.000,https://deo.shopeemobile.com/shopee/modules-federation/live/0/shopee__item-card-standard-v2/0.2.8/pc/38e203dc86172a6c6560.svg,https://deo.shopeemobile.com/shopee/modules-federation/live/0/shopee__item-card-standard-v2/0.2.8/pc/0614b8f0a8fdde22942d.svg,< 2 Hari,https://deo.shopeemobile.com/shopee/modules-federation/live/0/shopee__item-card-standard-v2/0.2.8/pc/5dd7b4560d0e2d3190e8.svg,Surabaya,2 Terjual,https://deo.shopeemobile.com/shopee/modules-federation/live/0/shopee__item-card-standard-v2/0.2.8/pc/d7099d3fd1dfdaf705ab.svg,5.0,,,,"ZYREX D-TECH RYZEN 5 3500U 16GB 256SSD W11
Rp
7.400.000
5.0
2 Terjual
< 2 Hari
Surabaya",https://shopee.co.id/ZYREX-D-TECH-RYZEN-5-3500U-16GB-256SSD-W11-i.1058807.41025749045?extraParams=%7B%22display_model_id%22%3A345003433896%2C%22model_selection_logic%22%3A3%7D&sp_atk=021cf547-439f-4f5a-9970-c48e7d621be9&xptdk=021cf547-439f-4f5a-9970-c48e7d621be9
https://down-id.img.susercontent.com/file/id-11134207-7ra0t-mdlozpyakl1o3a,https://down-id.img.susercontent.com/file/id-11134258-8224v-mkvw0cu9r7k1a5,ZYREX LIFEBOOK N4020 8GB 384GB W11PRO 14.0 GRY,https://deo.shopeemobile.com/shopee/modules-federation/live/0/shopee__item-card-standard-v2/0.2.8/pc/7c9110f78e069acbced7.png,Rp,3.959.000,https://deo.shopeemobile.com/shopee/modules-federation/live/0/shopee__item-card-standard-v2/0.2.8/pc/38e203dc86172a6c6560.svg,https://deo.shopeemobile.com/shopee/modules-federation/live/0/shopee__item-card-standard-v2/0.2.8/pc/0614b8f0a8fdde22942d.svg,< 2 Hari,https://deo.shopeemobile.com/shopee/modules-federation/live/0/shopee__item-card-standard-v2/0.2.8/pc/5dd7b4560d0e2d3190e8.svg,Jakarta Utara,34 Terjual,https://deo.shopeemobile.com/shopee/modules-federation/live/0/shopee__item-card-standard-v2/0.2.8/pc/d7099d3fd1dfdaf705ab.svg,5.0,Cicilan,-21%,https://deo.shopeemobile.com/shopee/modules-federation/live/0/shopee__item-card-standard-v2/0.2.8/pc/b4d1b8a78b3621dbdf4a.svg,"ZYREX LIFEBOOK N4020 8GB 384GB W11PRO 14.0 GRY
Rp
3.959.000
-21%
Cicilan
Hadiah Gratis
5.0
34 Terjual
< 2 Hari
Jakarta Utara",https://shopee.co.id/ZYREX-LIFEBOOK-N4020-8GB-384GB-W11PRO-14.0-GRY-i.250649369.15107325108?extraParams=%7B%22display_model_id%22%3A234248856562%2C%22model_selection_logic%22%3A3%7D&sp_atk=748c6d5d-6c0c-43f1-b29a-e2803fd95ad4&xptdk=748c6d5d-6c0c-43f1-b29a-e2803fd95ad4
https://down-id.img.susercontent.com/file/id-11134207-8224r-mhvgrdpi2y9wa1,https://down-id.img.susercontent.com/file/id-11134258-8224v-mkvw0cu9r7k1a5,"LAPTOP ZYREX L-BOOK INTEL CELERON N4020 8GB 128GB Windows 11 14.0"" HD",https://deo.shopeemobile.com/shopee/modules-federation/live/0/shopee__item-card-standard-v2/0.2.8/pc/7c9110f78e069acbced7.png,Rp,3.999.000,https://deo.shopeemobile.com/shopee/modules-federation/live/0/shopee__item-card-standard-v2/0.2.8/pc/38e203dc86172a6c6560.svg,https://deo.shopeemobile.com/shopee/modules-federation/live/0/shopee__item-card-standard-v2/0.2.8/pc/0614b8f0a8fdde22942d.svg,< 2 Hari,https://deo.shopeemobile.com/shopee/modules-federation/live/0/shopee__item-card-standard-v2/0.2.8/pc/5dd7b4560d0e2d3190e8.svg,Medan,11 Terjual,https://deo.shopeemobile.com/shopee/modules-federation/live/0/shopee__item-card-standard-v2/0.2.8/pc/d7099d3fd1dfdaf705ab.svg,5.0,,-1%,,"LAPTOP ZYREX L-BOOK INTEL CELERON N4020 8GB 128GB Windows 11 14.0"" HD
Rp
3.999.000
-1%
5.0
11 Terjual
< 2 Hari
Medan",https://shopee.co.id/LAPTOP-ZYREX-L-BOOK-INTEL-CELERON-N4020-8GB-128GB-Windows-11-14.0-HD-i.982425970.51002622684?extraParams=%7B%22display_model_id%22%3A179123403875%2C%22model_selection_logic%22%3A3%7D&sp_atk=aeb81022-e3cc-4a48-bc5a-0a0e47c190ba&xptdk=aeb81022-e3cc-4a48-bc5a-0a0e47c190ba
https://down-id.img.susercontent.com/file/id-11134207-8224z-ml06wrdvg4xyb3,https://down-id.img.susercontent.com/file/id-11134258-822wr-mlx67rtd6r602f,Laptop Zyrex L-Book AMD Intel N4020 8GB RAM 128GB SSD EMMC Windows 11,https://deo.shopeemobile.com/shopee/modules-federation/live/0/shopee__item-card-standard-v2/0.2.8/pc/e4734dab67ee2f9ebd5a.png,Rp,4.270.000,https://deo.shopeemobile.com/shopee/modules-federation/live/0/shopee__item-card-standard-v2/0.2.8/pc/38e203dc86172a6c6560.svg,https://deo.shopeemobile.com/shopee/modules-federation/live/0/shopee__item-card-standard-v2/0.2.8/pc/0614b8f0a8fdde22942d.svg,Besok 12:00,https://deo.shopeemobile.com/shopee/modules-federation/live/0/shopee__item-card-standard-v2/0.2.8/pc/5dd7b4560d0e2d3190e8.svg,Surabaya,1 Terjual,https://deo.shopeemobile.com/shopee/modules-federation/live/0/shopee__item-card-standard-v2/0.2.8/pc/0614b8f0a8fdde22942d.svg,,,-1%,https://deo.shopeemobile.com/shopee/modules-federation/live/0/shopee__item-card-standard-v2/0.2.8/pc/b4d1b8a78b3621dbdf4a.svg,"Laptop Zyrex L-Book AMD Intel N4020 8GB RAM 128GB SSD EMMC Windows 11
Rp
4.270.000
-1%
1 Terjual
Besok 12:00
Surabaya",https://shopee.co.id/Laptop-Zyrex-L-Book-AMD-Intel-N4020-8GB-RAM-128GB-SSD-EMMC-Windows-11-i.1582963600.45456338031?extraParams=%7B%22display_model_id%22%3A292414306114%2C%22model_selection_logic%22%3A3%7D&sp_atk=f74c391b-7b05-4680-b1d1-1788a56d0d10&xptdk=f74c391b-7b05-4680-b1d1-1788a56d0d10
https://down-id.img.susercontent.com/file/id-11134207-8224q-mk7lhichzgnb4d,https://down-id.img.susercontent.com/file/id-11134258-822wr-mlx67rtd6r602f,Laptop Zyrex D-Tech AMD Ryzen 5-3500U 16GB RAM 256GB SSD Windows 11,https://deo.shopeemobile.com/shopee/modules-federation/live/0/shopee__item-card-standard-v2/0.2.8/pc/e4734dab67ee2f9ebd5a.png,Rp,7.873.750,https://deo.shopeemobile.com/shopee/modules-federation/live/0/shopee__item-card-standard-v2/0.2.8/pc/38e203dc86172a6c6560.svg,https://deo.shopeemobile.com/shopee/modules-federation/live/0/shopee__item-card-standard-v2/0.2.8/pc/0614b8f0a8fdde22942d.svg,Besok 12:00,https://deo.shopeemobile.com/shopee/modules-federation/live/0/shopee__item-card-standard-v2/0.2.8/pc/5dd7b4560d0e2d3190e8.svg,Surabaya,1 Terjual,https://deo.shopeemobile.com/shopee/modules-federation/live/0/shopee__item-card-standard-v2/0.2.8/pc/d7099d3fd1dfdaf705ab.svg,5.0,,-1%,https://deo.shopeemobile.com/shopee/modules-federation/live/0/shopee__item-card-standard-v2/0.2.8/pc/b4d1b8a78b3621dbdf4a.svg,"Laptop Zyrex D-Tech AMD Ryzen 5-3500U 16GB RAM 256GB SSD Windows 11
Rp
7.873.750
-1%
5.0
1 Terjual
Besok 12:00
Surabaya",https://shopee.co.id/Laptop-Zyrex-D-Tech-AMD-Ryzen-5-3500U-16GB-RAM-256GB-SSD-Windows-11-i.1582963600.52405710468?extraParams=%7B%22display_model_id%22%3A365516596998%2C%22model_selection_logic%22%3A3%7D&sp_atk=6e318873-f81f-4bd0-8566-9d3a83995ec7&xptdk=6e318873-f81f-4bd0-8566-9d3a83995ec7
https://down-id.img.susercontent.com/file/id-11134207-8224p-mh8vykj2yv4e85,https://down-id.img.susercontent.com/file/id-11134258-8224v-mkvw0cu9r7k1a5,Zyrex Lifebook Intel N4020 8GB 128/256GB Win 11 Pro,https://deo.shopeemobile.com/shopee/modules-federation/live/0/shopee__item-card-standard-v2/0.2.8/pc/e4734dab67ee2f9ebd5a.png,Rp,4.160.000,https://deo.shopeemobile.com/shopee/modules-federation/live/0/shopee__item-card-standard-v2/0.2.8/pc/38e203dc86172a6c6560.svg,https://deo.shopeemobile.com/shopee/modules-federation/live/0/shopee__item-card-standard-v2/0.2.8/pc/0614b8f0a8fdde22942d.svg,< 2 Hari,https://deo.shopeemobile.com/shopee/modules-federation/live/0/shopee__item-card-standard-v2/0.2.8/pc/5dd7b4560d0e2d3190e8.svg,Depok,3 Terjual,https://deo.shopeemobile.com/shopee/modules-federation/live/0/shopee__item-card-standard-v2/0.2.8/pc/d7099d3fd1dfdaf705ab.svg,5.0,,,,"Zyrex Lifebook Intel N4020 8GB 128/256GB Win 11 Pro
Rp
4.160.000
5.0
3 Terjual
< 2 Hari
Depok",https://shopee.co.id/Zyrex-Lifebook-Intel-N4020-8GB-128-256GB-Win-11-Pro-i.261978781.26387299893?extraParams=%7B%22display_model_id%22%3A300295837993%2C%22model_selection_logic%22%3A3%7D&sp_atk=c9178008-c271-4629-bec1-e5572a76d874&xptdk=c9178008-c271-4629-bec1-e5572a76d874