-image-yazkc-11,-image-yazkc-11_2,text-sm,inline-block,text-xs/sp14,font-medium,text-shopee-primary,pointer-events-none,text-xs/sp14_2,pointer-events-none_2,text-shopee-green,pointer-events-none_3,align-middle,w-auto,text-white,truncate,img_2,_container,_container_link
https://down-id.img.susercontent.com/file/id-11134207-81ztj-me8jgl2acumc19,https://down-id.img.susercontent.com/file/id-11134258-8224v-mkvw0cu9r7k1a5,Lenovo Ideapad Slim 3 14IRH10 Intel Core i5 13420H - Ram 16GB Storage 512GB SSD Windows 11 + OFFICE 14.0 INCH WUXGA IPS BLIT -3NID -3PID,https://deo.shopeemobile.com/shopee/modules-federation/live/0/shopee__item-card-standard-v2/0.2.8/pc/7c9110f78e069acbced7.png,Rp,9.984.000,-38%,https://deo.shopeemobile.com/shopee/modules-federation/live/0/shopee__item-card-standard-v2/0.2.8/pc/b4d1b8a78b3621dbdf4a.svg,4.9,https://deo.shopeemobile.com/shopee/modules-federation/live/0/shopee__item-card-standard-v2/0.2.8/pc/76dff349290d20891fc1.svg,834 Terjual,https://deo.shopeemobile.com/shopee/modules-federation/live/0/shopee__item-card-standard-v2/0.2.8/pc/5dd7b4560d0e2d3190e8.svg,Jakarta Utara,,,,https://deo.shopeemobile.com/shopee/modules-federation/live/0/shopee__item-card-standard-v2/0.2.8/pc/d7099d3fd1dfdaf705ab.svg,"Lenovo Ideapad Slim 3 14IRH10 Intel Core i5 13420H - Ram 16GB Storage 512GB SSD Windows 11 + OFFICE 14.0 INCH WUXGA IPS BLIT -3NID -3PID
Rp
9.984.000
-38%
4.9
834 Terjual
3-4 Hari
Jakarta Utara",https://shopee.co.id/Lenovo-Ideapad-Slim-3-14IRH10-Intel-Core-i5-13420H-Ram-16GB-Storage-512GB-SSD-Windows-11-OFFICE-14.0-INCH-WUXGA-IPS-BLIT-3NID-3PID-i.872169559.20079968936?extraParams=%7B%22display_model_id%22%3A99878902955%2C%22model_selection_logic%22%3A3%7D&sp_atk=841797c4-8e8d-4cbc-8854-6c63a1237474&xptdk=841797c4-8e8d-4cbc-8854-6c63a1237474
https://down-id.img.susercontent.com/file/id-11134207-7ra0s-mcuiktbnask746,https://down-id.img.susercontent.com/file/id-11134258-8224v-mkvw0cu9r7k1a5,Laptop Lenovo V15 i3-1315U 512GB SSD 8GB IPS Win11+OHS,https://deo.shopeemobile.com/shopee/modules-federation/live/0/shopee__item-card-standard-v2/0.2.8/pc/7c9110f78e069acbced7.png,Rp,8.529.000,-17%,https://deo.shopeemobile.com/shopee/modules-federation/live/0/shopee__item-card-standard-v2/0.2.8/pc/b4d1b8a78b3621dbdf4a.svg,4.9,https://deo.shopeemobile.com/shopee/modules-federation/live/0/shopee__item-card-standard-v2/0.2.8/pc/38e203dc86172a6c6560.svg,90 Terjual,https://deo.shopeemobile.com/shopee/modules-federation/live/0/shopee__item-card-standard-v2/0.2.8/pc/5dd7b4560d0e2d3190e8.svg,Tangerang,https://deo.shopeemobile.com/shopee/modules-federation/live/0/shopee__item-card-standard-v2/0.2.8/pc/0614b8f0a8fdde22942d.svg,< 2 Hari,,https://deo.shopeemobile.com/shopee/modules-federation/live/0/shopee__item-card-standard-v2/0.2.8/pc/d7099d3fd1dfdaf705ab.svg,"Laptop Lenovo V15 i3-1315U 512GB SSD 8GB IPS Win11+OHS
Rp
8.529.000
-17%
4.9
90 Terjual
< 2 Hari
Tangerang",https://shopee.co.id/Laptop-Lenovo-V15-i3-1315U-512GB-SSD-8GB-IPS-Win11-OHS-i.1102135040.24801037665?extraParams=%7B%22display_model_id%22%3A223331961717%2C%22model_selection_logic%22%3A3%7D&sp_atk=46de4b35-23b2-4ef4-9c37-d9eef31fbb89&xptdk=46de4b35-23b2-4ef4-9c37-d9eef31fbb89
https://down-id.img.susercontent.com/file/id-11134207-8224o-mkovntlz47wl6a,https://down-id.img.susercontent.com/file/id-11134258-822wr-mlx5y0tebegw04,"Lenovo Ideapad Slim 3i 14"" I3 8GB 1TB SSD Win11",https://deo.shopeemobile.com/shopee/modules-federation/live/0/shopee__item-card-standard-v2/0.2.8/pc/a425c915798471b33e5d.png,Rp,7.599.000,,,5.0,https://deo.shopeemobile.com/shopee/modules-federation/live/0/shopee__item-card-standard-v2/0.2.8/pc/38e203dc86172a6c6560.svg,144 Terjual,https://deo.shopeemobile.com/shopee/modules-federation/live/0/shopee__item-card-standard-v2/0.2.8/pc/5dd7b4560d0e2d3190e8.svg,Bandung,https://deo.shopeemobile.com/shopee/modules-federation/live/0/shopee__item-card-standard-v2/0.2.8/pc/0614b8f0a8fdde22942d.svg,< 2 Hari,Hadiah Gratis,https://deo.shopeemobile.com/shopee/modules-federation/live/0/shopee__item-card-standard-v2/0.2.8/pc/d7099d3fd1dfdaf705ab.svg,"Lenovo Ideapad Slim 3i 14"" I3 8GB 1TB SSD Win11
Rp
7.599.000
Hadiah Gratis
5.0
144 Terjual
< 2 Hari
Bandung",https://shopee.co.id/Lenovo-Ideapad-Slim-3i-14-I3-8GB-1TB-SSD-Win11-i.32751035.17218488261?extraParams=%7B%22display_model_id%22%3A325563137020%2C%22model_selection_logic%22%3A3%7D&sp_atk=b28c17fe-0c24-4fb1-a272-fd38b127585a&xptdk=b28c17fe-0c24-4fb1-a272-fd38b127585a
https://down-id.img.susercontent.com/file/id-11134207-81ztp-mes1srfz2dj57b,https://down-id.img.susercontent.com/file/id-11134258-8224v-mkvw0cu9r7k1a5,Lenovo V14 i3-1315U 512GB SSD 8GB IPS FHD Win11+OHS,https://deo.shopeemobile.com/shopee/modules-federation/live/0/shopee__item-card-standard-v2/0.2.8/pc/7c9110f78e069acbced7.png,Rp,10.549.000,-14%,,4.9,https://deo.shopeemobile.com/shopee/modules-federation/live/0/shopee__item-card-standard-v2/0.2.8/pc/38e203dc86172a6c6560.svg,145 Terjual,https://deo.shopeemobile.com/shopee/modules-federation/live/0/shopee__item-card-standard-v2/0.2.8/pc/5dd7b4560d0e2d3190e8.svg,Jakarta Barat,https://deo.shopeemobile.com/shopee/modules-federation/live/0/shopee__item-card-standard-v2/0.2.8/pc/0614b8f0a8fdde22942d.svg,< 2 Hari,,https://deo.shopeemobile.com/shopee/modules-federation/live/0/shopee__item-card-standard-v2/0.2.8/pc/d7099d3fd1dfdaf705ab.svg,"Lenovo V14 i3-1315U 512GB SSD 8GB IPS FHD Win11+OHS
Rp
10.549.000
-14%
4.9
145 Terjual
< 2 Hari
Jakarta Barat",https://shopee.co.id/Lenovo-V14-i3-1315U-512GB-SSD-8GB-IPS-FHD-Win11-OHS-i.1058492880.27538456033?extraParams=%7B%22display_model_id%22%3A295654424073%2C%22model_selection_logic%22%3A3%7D&sp_atk=4306c7a7-e635-4b38-b061-5b8bbda8a590&xptdk=4306c7a7-e635-4b38-b061-5b8bbda8a590
https://down-id.img.susercontent.com/file/id-11134207-81ztc-mdxdbbzwwbuve7,https://down-id.img.susercontent.com/file/id-11134258-8224v-mkvw0cu9r7k1a5,"LENOVO IDEAPAD SLIM 3 i3 1315u 8GB 512GB 14"" FHD TN W11 OHS",https://deo.shopeemobile.com/shopee/modules-federation/live/0/shopee__item-card-standard-v2/0.2.8/pc/7c9110f78e069acbced7.png,Rp,7.999.000,-6%,,4.9,https://deo.shopeemobile.com/shopee/modules-federation/live/0/shopee__item-card-standard-v2/0.2.8/pc/38e203dc86172a6c6560.svg,78 Terjual,https://deo.shopeemobile.com/shopee/modules-federation/live/0/shopee__item-card-standard-v2/0.2.8/pc/5dd7b4560d0e2d3190e8.svg,Bogor,https://deo.shopeemobile.com/shopee/modules-federation/live/0/shopee__item-card-standard-v2/0.2.8/pc/0614b8f0a8fdde22942d.svg,< 2 Hari,,https://deo.shopeemobile.com/shopee/modules-federation/live/0/shopee__item-card-standard-v2/0.2.8/pc/d7099d3fd1dfdaf705ab.svg,"LENOVO IDEAPAD SLIM 3 i3 1315u 8GB 512GB 14"" FHD TN W11 OHS
Rp
7.999.000
-6%
4.9
78 Terjual
< 2 Hari
Bogor",https://shopee.co.id/LENOVO-IDEAPAD-SLIM-3-i3-1315u-8GB-512GB-14-FHD-TN-W11-OHS-i.1599769533.28340545690?extraParams=%7B%22display_model_id%22%3A355050144865%2C%22model_selection_logic%22%3A3%7D&sp_atk=e05d25f2-655d-40f3-a8ba-a2d75bb5b8cc&xptdk=e05d25f2-655d-40f3-a8ba-a2d75bb5b8cc
https://down-id.img.susercontent.com/file/id-11134207-81zti-mfp5i3mja7m34b,https://down-id.img.susercontent.com/file/id-11134258-8224v-mkvw0cu9r7k1a5,Lenovo V14-G4-AMN Ryzen 3 8GB 256GB SSD FHD,https://deo.shopeemobile.com/shopee/modules-federation/live/0/shopee__item-card-standard-v2/0.2.8/pc/e4734dab67ee2f9ebd5a.png,Rp,6.982.300,-1%,https://deo.shopeemobile.com/shopee/modules-federation/live/0/shopee__item-card-standard-v2/0.2.8/pc/b4d1b8a78b3621dbdf4a.svg,5.0,https://deo.shopeemobile.com/shopee/modules-federation/live/0/shopee__item-card-standard-v2/0.2.8/pc/38e203dc86172a6c6560.svg,10 Terjual,https://deo.shopeemobile.com/shopee/modules-federation/live/0/shopee__item-card-standard-v2/0.2.8/pc/5dd7b4560d0e2d3190e8.svg,Surabaya,https://deo.shopeemobile.com/shopee/modules-federation/live/0/shopee__item-card-standard-v2/0.2.8/pc/0614b8f0a8fdde22942d.svg,Besok 12:00,,https://deo.shopeemobile.com/shopee/modules-federation/live/0/shopee__item-card-standard-v2/0.2.8/pc/d7099d3fd1dfdaf705ab.svg,"Lenovo V14-G4-AMN Ryzen 3 8GB 256GB SSD FHD
Rp
6.982.300
-1%
5.0
10 Terjual
Besok 12:00
Surabaya",https://shopee.co.id/Lenovo-V14-G4-AMN-Ryzen-3-8GB-256GB-SSD-FHD-i.348905854.26092835312?extraParams=%7B%22display_model_id%22%3A118761211739%2C%22model_selection_logic%22%3A3%7D&sp_atk=1cb447a7-f14c-47f0-9a95-150ab26b5cf4&xptdk=1cb447a7-f14c-47f0-9a95-150ab26b5cf4
https://down-id.img.susercontent.com/file/id-11134207-8224w-mi4azxdxh1qb30,https://down-id.img.susercontent.com/file/id-11134258-8224v-mkvw0cu9r7k1a5,Lenovo V15 G5 Core i3 16GB 512GB Win11 IPS,https://deo.shopeemobile.com/shopee/modules-federation/live/0/shopee__item-card-standard-v2/0.2.8/pc/e4734dab67ee2f9ebd5a.png,Rp,8.399.000,,,,https://deo.shopeemobile.com/shopee/modules-federation/live/0/shopee__item-card-standard-v2/0.2.8/pc/38e203dc86172a6c6560.svg,3 Terjual,https://deo.shopeemobile.com/shopee/modules-federation/live/0/shopee__item-card-standard-v2/0.2.8/pc/5dd7b4560d0e2d3190e8.svg,Surabaya,https://deo.shopeemobile.com/shopee/modules-federation/live/0/shopee__item-card-standard-v2/0.2.8/pc/0614b8f0a8fdde22942d.svg,Besok 11:00,,https://deo.shopeemobile.com/shopee/modules-federation/live/0/shopee__item-card-standard-v2/0.2.8/pc/0614b8f0a8fdde22942d.svg,"Lenovo V15 G5 Core i3 16GB 512GB Win11 IPS
Rp
8.399.000
3 Terjual
Besok 11:00
Surabaya",https://shopee.co.id/Lenovo-V15-G5-Core-i3-16GB-512GB-Win11-IPS-i.96950295.50102946617?extraParams=%7B%22display_model_id%22%3A410341081886%2C%22model_selection_logic%22%3A3%7D&sp_atk=7925683a-dfbe-4fcc-90ab-0cd6c8ee02c6&xptdk=7925683a-dfbe-4fcc-90ab-0cd6c8ee02c6
https://down-id.img.susercontent.com/file/id-11134207-82252-mgbtz0w2n7kc71,https://down-id.img.susercontent.com/file/id-11134258-8224v-mkvw0cu9r7k1a5,Lenovo Ideapad Slim 3 14 i3 8GB 512GB W11 FHD,https://deo.shopeemobile.com/shopee/modules-federation/live/0/shopee__item-card-standard-v2/0.2.8/pc/7c9110f78e069acbced7.png,Rp,7.816.000,-35%,https://deo.shopeemobile.com/shopee/modules-federation/live/0/shopee__item-card-standard-v2/0.2.8/pc/b4d1b8a78b3621dbdf4a.svg,4.8,https://deo.shopeemobile.com/shopee/modules-federation/live/0/shopee__item-card-standard-v2/0.2.8/pc/38e203dc86172a6c6560.svg,167 Terjual,https://deo.shopeemobile.com/shopee/modules-federation/live/0/shopee__item-card-standard-v2/0.2.8/pc/5dd7b4560d0e2d3190e8.svg,Jakarta Utara,https://deo.shopeemobile.com/shopee/modules-federation/live/0/shopee__item-card-standard-v2/0.2.8/pc/0614b8f0a8fdde22942d.svg,< 2 Hari,Hadiah Gratis,https://deo.shopeemobile.com/shopee/modules-federation/live/0/shopee__item-card-standard-v2/0.2.8/pc/d7099d3fd1dfdaf705ab.svg,"Lenovo Ideapad Slim 3 14 i3 8GB 512GB W11 FHD
Rp
7.816.000
-35%
Hadiah Gratis
4.8
167 Terjual
< 2 Hari
Jakarta Utara",https://shopee.co.id/Lenovo-Ideapad-Slim-3-14-i3-8GB-512GB-W11-FHD-i.250649369.12084055106?extraParams=%7B%22display_model_id%22%3A253889804372%2C%22model_selection_logic%22%3A3%7D&sp_atk=009431c8-9f14-44f0-9923-8582171585a2&xptdk=009431c8-9f14-44f0-9923-8582171585a2
https://down-id.img.susercontent.com/file/id-11134207-8224p-mgxh39xw3g22e6,https://down-id.img.susercontent.com/file/id-11134258-8224v-mkvw0cu9r7k1a5,"LAPTOP Lenovo V14 G5 I3 Gen 13 16GB 512GB SSD Windows 11 14.0"" FHD",https://deo.shopeemobile.com/shopee/modules-federation/live/0/shopee__item-card-standard-v2/0.2.8/pc/e4734dab67ee2f9ebd5a.png,Rp,7.804.000,-1%,https://deo.shopeemobile.com/shopee/modules-federation/live/0/shopee__item-card-standard-v2/0.2.8/pc/b4d1b8a78b3621dbdf4a.svg,5.0,https://deo.shopeemobile.com/shopee/modules-federation/live/0/shopee__item-card-standard-v2/0.2.8/pc/76dff349290d20891fc1.svg,317 Terjual,https://deo.shopeemobile.com/shopee/modules-federation/live/0/shopee__item-card-standard-v2/0.2.8/pc/5dd7b4560d0e2d3190e8.svg,Depok,,,Cicilan,https://deo.shopeemobile.com/shopee/modules-federation/live/0/shopee__item-card-standard-v2/0.2.8/pc/d7099d3fd1dfdaf705ab.svg,"LAPTOP Lenovo V14 G5 I3 Gen 13 16GB 512GB SSD Windows 11 14.0"" FHD
Rp
7.804.000
-1%
Cicilan
5.0
317 Terjual
3-4 Hari
Depok",https://shopee.co.id/LAPTOP-Lenovo-V14-G5-I3-Gen-13-16GB-512GB-SSD-Windows-11-14.0-FHD-i.331211968.11950412143?extraParams=%7B%22display_model_id%22%3A285193672052%2C%22model_selection_logic%22%3A3%7D&sp_atk=3dbfe429-f9bf-4b85-ac7e-be10e26e4139&xptdk=3dbfe429-f9bf-4b85-ac7e-be10e26e4139
https://down-id.img.susercontent.com/file/id-11134207-8224w-mjwcqwzx0gef5d,https://down-id.img.susercontent.com/file/id-11134258-822wr-mlx67rtd6r602f,"LENOVO IdeaPad Slim 3 14IRU8-6DID(Arctic Grey)/6CID(Abyss Blue) Intel® Core i3-1315U 8GB 256GB SSD Integrated Intel® UHD Graphics 14"" FHD IPS Windows® 11 + OHS 2024 2YEAR",https://deo.shopeemobile.com/shopee/modules-federation/live/0/shopee__item-card-standard-v2/0.2.8/pc/7c9110f78e069acbced7.png,Rp,8.900.000,,,5.0,https://deo.shopeemobile.com/shopee/modules-federation/live/0/shopee__item-card-standard-v2/0.2.8/pc/38e203dc86172a6c6560.svg,3 Terjual,https://deo.shopeemobile.com/shopee/modules-federation/live/0/shopee__item-card-standard-v2/0.2.8/pc/5dd7b4560d0e2d3190e8.svg,Makassar,https://deo.shopeemobile.com/shopee/modules-federation/live/0/shopee__item-card-standard-v2/0.2.8/pc/0614b8f0a8fdde22942d.svg,< 2 Hari,,https://deo.shopeemobile.com/shopee/modules-federation/live/0/shopee__item-card-standard-v2/0.2.8/pc/d7099d3fd1dfdaf705ab.svg,"LENOVO IdeaPad Slim 3 14IRU8-6DID(Arctic Grey)/6CID(Abyss Blue) Intel® Core i3-1315U 8GB 256GB SSD Integrated Intel® UHD Graphics 14"" FHD IPS Windows® 11 + OHS 2024 2YEAR
Rp
8.900.000
5.0
3 Terjual
< 2 Hari
Makassar",https://shopee.co.id/LENOVO-IdeaPad-Slim-3-14IRU8-6DID(Arctic-Grey)-6CID(Abyss-Blue)-Intel%C2%AE-Core-i3-1315U-8GB-256GB-SSD-Integrated-Intel%C2%AE-UHD-Graphics-14-FHD-IPS-Windows%C2%AE-11-OHS-2024-2YEAR-i.385043865.57955277376?extraParams=%7B%22display_model_id%22%3A277362649132%2C%22model_selection_logic%22%3A3%7D&sp_atk=bd9a3760-eaa4-4d08-9c8b-06bb40a64f33&xptdk=bd9a3760-eaa4-4d08-9c8b-06bb40a64f33
https://down-id.img.susercontent.com/file/id-11134207-8224z-mh5yy9bsy3v2ef,https://down-id.img.susercontent.com/file/id-11134258-8224v-mkvw0cu9r7k1a5,LENOVO IDEAPAD SLIM 3 14AMN8 RYZEN 3-7320U 8GB SSD 512GB 14inch FHD (1920x1080) TN 250nits Anti-glare Windows 11 OHS 2024 M365 ARCTIC GRAY (82XN009WID ),https://deo.shopeemobile.com/shopee/modules-federation/live/0/shopee__item-card-standard-v2/0.2.8/pc/7c9110f78e069acbced7.png,Rp,8.329.000,-2%,,5.0,https://deo.shopeemobile.com/shopee/modules-federation/live/0/shopee__item-card-standard-v2/0.2.8/pc/38e203dc86172a6c6560.svg,2 Terjual,https://deo.shopeemobile.com/shopee/modules-federation/live/0/shopee__item-card-standard-v2/0.2.8/pc/5dd7b4560d0e2d3190e8.svg,Surabaya,https://deo.shopeemobile.com/shopee/modules-federation/live/0/shopee__item-card-standard-v2/0.2.8/pc/0614b8f0a8fdde22942d.svg,Besok 11:00,,https://deo.shopeemobile.com/shopee/modules-federation/live/0/shopee__item-card-standard-v2/0.2.8/pc/d7099d3fd1dfdaf705ab.svg,"LENOVO IDEAPAD SLIM 3 14AMN8 RYZEN 3-7320U 8GB SSD 512GB 14inch FHD (1920x1080) TN 250nits Anti-glare Windows 11 OHS 2024 M365 ARCTIC GRAY (82XN009WID )
Rp
8.329.000
-2%
5.0
2 Terjual
Besok 11:00
Surabaya",https://shopee.co.id/LENOVO-IDEAPAD-SLIM-3-14AMN8-RYZEN-3-7320U-8GB-SSD-512GB-14inch-FHD-(1920x1080)-TN-250nits-Anti-glare-Windows-11-OHS-2024-M365-ARCTIC-GRAY-(82XN009WID-)-i.26681244.46651550955?extraParams=%7B%22display_model_id%22%3A365140809750%2C%22model_selection_logic%22%3A3%7D&sp_atk=81410856-2d6f-4e0b-afff-d86c45945f13&xptdk=81410856-2d6f-4e0b-afff-d86c45945f13
https://down-id.img.susercontent.com/file/id-11134207-81zte-mf2gu3dfop3h02,https://down-id.img.susercontent.com/file/id-11134258-8224v-mkvw0cu9r7k1a5,Lenovo V14 Gen 5 Core i3 1315 8GB 256GB SSD Windows 11 Full HD 14 Inch 7AID,https://deo.shopeemobile.com/shopee/modules-federation/live/0/shopee__item-card-standard-v2/0.2.8/pc/7c9110f78e069acbced7.png,Rp,7.813.000,-29%,https://deo.shopeemobile.com/shopee/modules-federation/live/0/shopee__item-card-standard-v2/0.2.8/pc/b4d1b8a78b3621dbdf4a.svg,4.9,https://deo.shopeemobile.com/shopee/modules-federation/live/0/shopee__item-card-standard-v2/0.2.8/pc/38e203dc86172a6c6560.svg,276 Terjual,https://deo.shopeemobile.com/shopee/modules-federation/live/0/shopee__item-card-standard-v2/0.2.8/pc/5dd7b4560d0e2d3190e8.svg,Jakarta Utara,https://deo.shopeemobile.com/shopee/modules-federation/live/0/shopee__item-card-standard-v2/0.2.8/pc/0614b8f0a8fdde22942d.svg,< 2 Hari,,https://deo.shopeemobile.com/shopee/modules-federation/live/0/shopee__item-card-standard-v2/0.2.8/pc/d7099d3fd1dfdaf705ab.svg,"Lenovo V14 Gen 5 Core i3 1315 8GB 256GB SSD Windows 11 Full HD 14 Inch 7AID
Rp
7.813.000
-29%
4.9
276 Terjual
< 2 Hari
Jakarta Utara",https://shopee.co.id/Lenovo-V14-Gen-5-Core-i3-1315-8GB-256GB-SSD-Windows-11-Full-HD-14-Inch-7AID-i.468999408.19417458914?extraParams=%7B%22display_model_id%22%3A365462321562%2C%22model_selection_logic%22%3A3%7D&sp_atk=5460fffd-d3c1-4569-8718-a6cf2f4f620e&xptdk=5460fffd-d3c1-4569-8718-a6cf2f4f620e
https://down-id.img.susercontent.com/file/id-11134207-822wt-mm08u5f4wft442,https://down-id.img.susercontent.com/file/id-11134258-8224v-mkvw0cu9r7k1a5,Lenovo V14 G4 Ryzen 5 16GB 1TB Windows 11,https://deo.shopeemobile.com/shopee/modules-federation/live/0/shopee__item-card-standard-v2/0.2.8/pc/a425c915798471b33e5d.png,Rp,8.497.500,-1%,https://deo.shopeemobile.com/shopee/modules-federation/live/0/shopee__item-card-standard-v2/0.2.8/pc/b4d1b8a78b3621dbdf4a.svg,5.0,https://deo.shopeemobile.com/shopee/modules-federation/live/0/shopee__item-card-standard-v2/0.2.8/pc/38e203dc86172a6c6560.svg,3 Terjual,https://deo.shopeemobile.com/shopee/modules-federation/live/0/shopee__item-card-standard-v2/0.2.8/pc/5dd7b4560d0e2d3190e8.svg,Bandung,https://deo.shopeemobile.com/shopee/modules-federation/live/0/shopee__item-card-standard-v2/0.2.8/pc/0614b8f0a8fdde22942d.svg,< 2 Hari,Hadiah Gratis,https://deo.shopeemobile.com/shopee/modules-federation/live/0/shopee__item-card-standard-v2/0.2.8/pc/d7099d3fd1dfdaf705ab.svg,"Lenovo V14 G4 Ryzen 5 16GB 1TB Windows 11
Rp
8.497.500
-1%
Hadiah Gratis
5.0
3 Terjual
< 2 Hari
Bandung",https://shopee.co.id/Lenovo-V14-G4-Ryzen-5-16GB-1TB-Windows-11-i.1369364743.41579366377?extraParams=%7B%22display_model_id%22%3A355659618192%2C%22model_selection_logic%22%3A3%7D&sp_atk=34e6009b-08f5-4546-b7f4-df902338309b&xptdk=34e6009b-08f5-4546-b7f4-df902338309b
https://down-id.img.susercontent.com/file/f883646e36e86543c3e83260eb4c08a2,,LENOVO V14 INTEL i3 1315U 8GB 512SSD WINDOWS,,Rp,6.650.000,,,4.9,https://deo.shopeemobile.com/shopee/modules-federation/live/0/shopee__item-card-standard-v2/0.2.8/pc/38e203dc86172a6c6560.svg,37 Terjual,https://deo.shopeemobile.com/shopee/modules-federation/live/0/shopee__item-card-standard-v2/0.2.8/pc/5dd7b4560d0e2d3190e8.svg,Surabaya,https://deo.shopeemobile.com/shopee/modules-federation/live/0/shopee__item-card-standard-v2/0.2.8/pc/0614b8f0a8fdde22942d.svg,Besok 11:00,Cicilan,https://deo.shopeemobile.com/shopee/modules-federation/live/0/shopee__item-card-standard-v2/0.2.8/pc/d7099d3fd1dfdaf705ab.svg,"LENOVO V14 INTEL i3 1315U 8GB 512SSD WINDOWS
Rp
6.650.000
Cicilan
4.9
37 Terjual
Besok 11:00
Surabaya",https://shopee.co.id/LENOVO-V14-INTEL-i3-1315U-8GB-512SSD-WINDOWS-i.1058807.4436666251?extraParams=%7B%22display_model_id%22%3A302348634873%2C%22model_selection_logic%22%3A3%7D&sp_atk=62e1fc93-c5dd-44ba-bab9-db19ddd2661d&xptdk=62e1fc93-c5dd-44ba-bab9-db19ddd2661d
https://down-id.img.susercontent.com/file/id-11134207-81ztg-mev67gnurlkx1b,https://down-id.img.susercontent.com/file/id-11134258-822wr-mlx67rtd6r602f,Laptop Lenovo Thinkbook 15 G5 IRL Core i5 Gen 13 Ram 16 GB SSD 1 TB Layar 15 inch FHD,https://deo.shopeemobile.com/shopee/modules-federation/live/0/shopee__item-card-standard-v2/0.2.8/pc/e4734dab67ee2f9ebd5a.png,Rp,7.690.000,,,4.9,https://deo.shopeemobile.com/shopee/modules-federation/live/0/shopee__item-card-standard-v2/0.2.8/pc/38e203dc86172a6c6560.svg,11 Terjual,https://deo.shopeemobile.com/shopee/modules-federation/live/0/shopee__item-card-standard-v2/0.2.8/pc/5dd7b4560d0e2d3190e8.svg,Jakarta Pusat,https://deo.shopeemobile.com/shopee/modules-federation/live/0/shopee__item-card-standard-v2/0.2.8/pc/0614b8f0a8fdde22942d.svg,< 2 Hari,,https://deo.shopeemobile.com/shopee/modules-federation/live/0/shopee__item-card-standard-v2/0.2.8/pc/d7099d3fd1dfdaf705ab.svg,"Laptop Lenovo Thinkbook 15 G5 IRL Core i5 Gen 13 Ram 16 GB SSD 1 TB Layar 15 inch FHD
Rp
7.690.000
4.9
11 Terjual
< 2 Hari
Jakarta Pusat",https://shopee.co.id/Laptop-Lenovo-Thinkbook-15-G5-IRL-Core-i5-Gen-13-Ram-16-GB-SSD-1-TB-Layar-15-inch-FHD-i.353682130.27025396170?extraParams=%7B%22display_model_id%22%3A188196123449%2C%22model_selection_logic%22%3A3%7D&sp_atk=5fbfc3ee-dd8f-4c3b-9441-9f33b720f29e&xptdk=5fbfc3ee-dd8f-4c3b-9441-9f33b720f29e
https://down-id.img.susercontent.com/file/id-11134207-8224q-mhzwbvw3s16q18,https://down-id.img.susercontent.com/file/id-11134258-822wr-mlx67rtd6r602f,LENOVO IdeaPad Slim 3 14IRU8 5LID-5NID Core i3 1315U 8GB 256GB W11 OHS 2024 M365 Basic,https://deo.shopeemobile.com/shopee/modules-federation/live/0/shopee__item-card-standard-v2/0.2.8/pc/7c9110f78e069acbced7.png,Rp,8.400.000,,,5.0,https://deo.shopeemobile.com/shopee/modules-federation/live/0/shopee__item-card-standard-v2/0.2.8/pc/38e203dc86172a6c6560.svg,5 Terjual,https://deo.shopeemobile.com/shopee/modules-federation/live/0/shopee__item-card-standard-v2/0.2.8/pc/5dd7b4560d0e2d3190e8.svg,Banjarmasin,https://deo.shopeemobile.com/shopee/modules-federation/live/0/shopee__item-card-standard-v2/0.2.8/pc/0614b8f0a8fdde22942d.svg,< 2 Hari,,https://deo.shopeemobile.com/shopee/modules-federation/live/0/shopee__item-card-standard-v2/0.2.8/pc/d7099d3fd1dfdaf705ab.svg,"LENOVO IdeaPad Slim 3 14IRU8 5LID-5NID Core i3 1315U 8GB 256GB W11 OHS 2024 M365 Basic
Rp
8.400.000
5.0
5 Terjual
< 2 Hari
Banjarmasin",https://shopee.co.id/LENOVO-IdeaPad-Slim-3-14IRU8-5LID-5NID-Core-i3-1315U-8GB-256GB-W11-OHS-2024-M365-Basic-i.382363485.48552774137?extraParams=%7B%22display_model_id%22%3A440266054890%2C%22model_selection_logic%22%3A3%7D&sp_atk=8cc84baf-3c0f-4516-b041-99e908902c5e&xptdk=8cc84baf-3c0f-4516-b041-99e908902c5e
https://down-id.img.susercontent.com/file/id-11134207-81ztl-mfj682mtyh3f57,https://down-id.img.susercontent.com/file/id-11134258-8224v-mkvw0cu9r7k1a5,LAPTOP LENOVO V14 G5 I3 1315 8GB 256GB 14.0FHD,https://deo.shopeemobile.com/shopee/modules-federation/live/0/shopee__item-card-standard-v2/0.2.8/pc/7c9110f78e069acbced7.png,Rp,7.804.000,-26%,https://deo.shopeemobile.com/shopee/modules-federation/live/0/shopee__item-card-standard-v2/0.2.8/pc/b4d1b8a78b3621dbdf4a.svg,4.9,https://deo.shopeemobile.com/shopee/modules-federation/live/0/shopee__item-card-standard-v2/0.2.8/pc/38e203dc86172a6c6560.svg,33 Terjual,https://deo.shopeemobile.com/shopee/modules-federation/live/0/shopee__item-card-standard-v2/0.2.8/pc/5dd7b4560d0e2d3190e8.svg,Surabaya,https://deo.shopeemobile.com/shopee/modules-federation/live/0/shopee__item-card-standard-v2/0.2.8/pc/0614b8f0a8fdde22942d.svg,Besok,,https://deo.shopeemobile.com/shopee/modules-federation/live/0/shopee__item-card-standard-v2/0.2.8/pc/d7099d3fd1dfdaf705ab.svg,"LAPTOP LENOVO V14 G5 I3 1315 8GB 256GB 14.0FHD
Rp
7.804.000
-26%
4.9
33 Terjual
Besok
Surabaya",https://shopee.co.id/LAPTOP-LENOVO-V14-G5-I3-1315-8GB-256GB-14.0FHD-i.1273997571.27123060945?extraParams=%7B%22display_model_id%22%3A178653187914%2C%22model_selection_logic%22%3A3%7D&sp_atk=4580d770-f49e-443f-87ef-47565e82fefd&xptdk=4580d770-f49e-443f-87ef-47565e82fefd
https://down-id.img.susercontent.com/file/id-11134207-7rbka-mai986kzi1koeb,https://down-id.img.susercontent.com/file/id-11134258-8224v-mkvw0cu9r7k1a5,Lenovo Ideapad Slim 3 Intel Core i3-1315U 8GB 512GB SSD 14 Inch FHD Win 11 Home + OHM 2024 + M365,https://deo.shopeemobile.com/shopee/modules-federation/live/0/shopee__item-card-standard-v2/0.2.8/pc/7c9110f78e069acbced7.png,Rp,8.996.000,-1%,https://deo.shopeemobile.com/shopee/modules-federation/live/0/shopee__item-card-standard-v2/0.2.8/pc/b4d1b8a78b3621dbdf4a.svg,5.0,https://deo.shopeemobile.com/shopee/modules-federation/live/0/shopee__item-card-standard-v2/0.2.8/pc/38e203dc86172a6c6560.svg,16 Terjual,https://deo.shopeemobile.com/shopee/modules-federation/live/0/shopee__item-card-standard-v2/0.2.8/pc/5dd7b4560d0e2d3190e8.svg,Surabaya,https://deo.shopeemobile.com/shopee/modules-federation/live/0/shopee__item-card-standard-v2/0.2.8/pc/0614b8f0a8fdde22942d.svg,Besok,,https://deo.shopeemobile.com/shopee/modules-federation/live/0/shopee__item-card-standard-v2/0.2.8/pc/d7099d3fd1dfdaf705ab.svg,"Lenovo Ideapad Slim 3 Intel Core i3-1315U 8GB 512GB SSD 14 Inch FHD Win 11 Home + OHM 2024 + M365
Rp
8.996.000
-1%
5.0
16 Terjual
Besok
Surabaya",https://shopee.co.id/Lenovo-Ideapad-Slim-3-Intel-Core-i3-1315U-8GB-512GB-SSD-14-Inch-FHD-Win-11-Home-OHM-2024-M365-i.318218543.27487150696?extraParams=%7B%22display_model_id%22%3A285244622481%2C%22model_selection_logic%22%3A3%7D&sp_atk=f0d49f5e-94fe-4019-89a3-89dcbe430a5c&xptdk=f0d49f5e-94fe-4019-89a3-89dcbe430a5c
https://down-id.img.susercontent.com/file/id-11134207-81zth-mer00mb6ummcc9,https://down-id.img.susercontent.com/file/id-11134258-8224v-mkvw0cu9r7k1a5,Lenovo Ideapad Slim 3i i3-1315U 256GB SSD 8GB Win11+OHS,https://deo.shopeemobile.com/shopee/modules-federation/live/0/shopee__item-card-standard-v2/0.2.8/pc/7c9110f78e069acbced7.png,Rp,7.879.000,-34%,https://deo.shopeemobile.com/shopee/modules-federation/live/0/shopee__item-card-standard-v2/0.2.8/pc/b4d1b8a78b3621dbdf4a.svg,5.0,https://deo.shopeemobile.com/shopee/modules-federation/live/0/shopee__item-card-standard-v2/0.2.8/pc/38e203dc86172a6c6560.svg,69 Terjual,https://deo.shopeemobile.com/shopee/modules-federation/live/0/shopee__item-card-standard-v2/0.2.8/pc/5dd7b4560d0e2d3190e8.svg,Makassar,https://deo.shopeemobile.com/shopee/modules-federation/live/0/shopee__item-card-standard-v2/0.2.8/pc/0614b8f0a8fdde22942d.svg,< 2 Hari,,https://deo.shopeemobile.com/shopee/modules-federation/live/0/shopee__item-card-standard-v2/0.2.8/pc/d7099d3fd1dfdaf705ab.svg,"Lenovo Ideapad Slim 3i i3-1315U 256GB SSD 8GB Win11+OHS
Rp
7.879.000
-34%
5.0
69 Terjual
< 2 Hari
Makassar",https://shopee.co.id/Lenovo-Ideapad-Slim-3i-i3-1315U-256GB-SSD-8GB-Win11-OHS-i.21612422.27854599167?extraParams=%7B%22display_model_id%22%3A207631965615%2C%22model_selection_logic%22%3A3%7D&sp_atk=69f56806-aeed-4908-a3a5-a1992080ff35&xptdk=69f56806-aeed-4908-a3a5-a1992080ff35
https://down-id.img.susercontent.com/file/sg-11134201-824h6-mfjhvf8hiyh85c,https://down-id.img.susercontent.com/file/id-11134258-8224v-mkvw0cu9r7k1a5,Lenovo IdeaPad Slim 3 14IRU8 6EID 6FID Core i3-1315U 8GB 512GB SSD Intel UHD Graphics 14 FHD TN W11+OH24 + M365,https://deo.shopeemobile.com/shopee/modules-federation/live/0/shopee__item-card-standard-v2/0.2.8/pc/7c9110f78e069acbced7.png,Rp,8.139.000,-2%,https://deo.shopeemobile.com/shopee/modules-federation/live/0/shopee__item-card-standard-v2/0.2.8/pc/b4d1b8a78b3621dbdf4a.svg,5.0,https://deo.shopeemobile.com/shopee/modules-federation/live/0/shopee__item-card-standard-v2/0.2.8/pc/38e203dc86172a6c6560.svg,23 Terjual,https://deo.shopeemobile.com/shopee/modules-federation/live/0/shopee__item-card-standard-v2/0.2.8/pc/5dd7b4560d0e2d3190e8.svg,Medan,https://deo.shopeemobile.com/shopee/modules-federation/live/0/shopee__item-card-standard-v2/0.2.8/pc/0614b8f0a8fdde22942d.svg,< 2 Hari,,https://deo.shopeemobile.com/shopee/modules-federation/live/0/shopee__item-card-standard-v2/0.2.8/pc/d7099d3fd1dfdaf705ab.svg,"Lenovo IdeaPad Slim 3 14IRU8 6EID 6FID Core i3-1315U 8GB 512GB SSD Intel UHD Graphics 14 FHD TN W11+OH24 + M365
Rp
8.139.000
-2%
5.0
23 Terjual
< 2 Hari
Medan",https://shopee.co.id/Lenovo-IdeaPad-Slim-3-14IRU8-6EID-6FID-Core-i3-1315U-8GB-512GB-SSD-Intel-UHD-Graphics-14-FHD-TN-W11-OH24-M365-i.1489866222.29592647998?extraParams=%7B%22display_model_id%22%3A306877597725%2C%22model_selection_logic%22%3A3%7D&sp_atk=3881da05-3f55-4433-af1e-717789ccd3fc&xptdk=3881da05-3f55-4433-af1e-717789ccd3fc
https://down-id.img.susercontent.com/file/c603f053027d0d5c748cd3f4e2c90e15,https://down-id.img.susercontent.com/file/id-11134258-8224v-mkvw0cu9r7k1a5,LENOVO V14 G4 Amd Ryzen 5 7430U RAM24GB SSD1TB 14 FHD Windows 11 Office 2021,https://deo.shopeemobile.com/shopee/modules-federation/live/0/shopee__item-card-standard-v2/0.2.8/pc/7c9110f78e069acbced7.png,Rp,8.599.000,,,5.0,https://deo.shopeemobile.com/shopee/modules-federation/live/0/shopee__item-card-standard-v2/0.2.8/pc/38e203dc86172a6c6560.svg,87 Terjual,https://deo.shopeemobile.com/shopee/modules-federation/live/0/shopee__item-card-standard-v2/0.2.8/pc/5dd7b4560d0e2d3190e8.svg,Jakarta Pusat,https://deo.shopeemobile.com/shopee/modules-federation/live/0/shopee__item-card-standard-v2/0.2.8/pc/0614b8f0a8fdde22942d.svg,< 2 Hari,Cicilan,https://deo.shopeemobile.com/shopee/modules-federation/live/0/shopee__item-card-standard-v2/0.2.8/pc/d7099d3fd1dfdaf705ab.svg,"LENOVO V14 G4 Amd Ryzen 5 7430U RAM24GB SSD1TB 14 FHD Windows 11 Office 2021
Rp
8.599.000
Cicilan
5.0
87 Terjual
< 2 Hari
Jakarta Pusat",https://shopee.co.id/LENOVO-V14-G4-Amd-Ryzen-5-7430U-RAM24GB-SSD1TB-14-FHD-Windows-11-Office-2021-i.32829345.8002094079?extraParams=%7B%22display_model_id%22%3A222875670176%2C%22model_selection_logic%22%3A3%7D&sp_atk=04bd13b3-ae7a-4429-a655-991e6f2974fd&xptdk=04bd13b3-ae7a-4429-a655-991e6f2974fd
https://down-id.img.susercontent.com/file/id-11134207-8224r-mitt0jn215hg6e,https://down-id.img.susercontent.com/file/id-11134258-8224v-mkvw0cu9r7k1a5,"Lenovo Ideapad Slim 3i 15"" Touchscreen I5 16GB 1TB SSD",https://deo.shopeemobile.com/shopee/modules-federation/live/0/shopee__item-card-standard-v2/0.2.8/pc/e4734dab67ee2f9ebd5a.png,Rp,9.498.000,-1%,https://deo.shopeemobile.com/shopee/modules-federation/live/0/shopee__item-card-standard-v2/0.2.8/pc/b4d1b8a78b3621dbdf4a.svg,5.0,https://deo.shopeemobile.com/shopee/modules-federation/live/0/shopee__item-card-standard-v2/0.2.8/pc/38e203dc86172a6c6560.svg,26 Terjual,https://deo.shopeemobile.com/shopee/modules-federation/live/0/shopee__item-card-standard-v2/0.2.8/pc/5dd7b4560d0e2d3190e8.svg,Jakarta Timur,https://deo.shopeemobile.com/shopee/modules-federation/live/0/shopee__item-card-standard-v2/0.2.8/pc/0614b8f0a8fdde22942d.svg,< 2 Hari,,https://deo.shopeemobile.com/shopee/modules-federation/live/0/shopee__item-card-standard-v2/0.2.8/pc/d7099d3fd1dfdaf705ab.svg,"Lenovo Ideapad Slim 3i 15"" Touchscreen I5 16GB 1TB SSD
Rp
9.498.000
-1%
5.0
26 Terjual
< 2 Hari
Jakarta Timur",https://shopee.co.id/Lenovo-Ideapad-Slim-3i-15-Touchscreen-I5-16GB-1TB-SSD-i.1413962134.28620156457?extraParams=%7B%22display_model_id%22%3A400415517212%2C%22model_selection_logic%22%3A3%7D&sp_atk=df77ed47-544f-4754-9a49-f2aa445102a8&xptdk=df77ed47-544f-4754-9a49-f2aa445102a8
https://down-id.img.susercontent.com/file/id-11134207-81zto-mfc2if1sbpxq10,https://down-id.img.susercontent.com/file/id-11134258-822wr-mlx67rtd6r602f,Lenovo IdeaPad Slim 3 14IAN8 (62ID) Intel Intel N100 8GB SSD 512GB 14  W11+OH2024,https://deo.shopeemobile.com/shopee/modules-federation/live/0/shopee__item-card-standard-v2/0.2.8/pc/7c9110f78e069acbced7.png,Rp,7.400.000,,,5.0,https://deo.shopeemobile.com/shopee/modules-federation/live/0/shopee__item-card-standard-v2/0.2.8/pc/38e203dc86172a6c6560.svg,11 Terjual,https://deo.shopeemobile.com/shopee/modules-federation/live/0/shopee__item-card-standard-v2/0.2.8/pc/5dd7b4560d0e2d3190e8.svg,Banjarmasin,https://deo.shopeemobile.com/shopee/modules-federation/live/0/shopee__item-card-standard-v2/0.2.8/pc/0614b8f0a8fdde22942d.svg,< 2 Hari,,https://deo.shopeemobile.com/shopee/modules-federation/live/0/shopee__item-card-standard-v2/0.2.8/pc/d7099d3fd1dfdaf705ab.svg,"Lenovo IdeaPad Slim 3 14IAN8 (62ID) Intel Intel N100 8GB SSD 512GB 14 W11+OH2024
Rp
7.400.000
5.0
11 Terjual
< 2 Hari
Banjarmasin",https://shopee.co.id/Lenovo-IdeaPad-Slim-3-14IAN8-(62ID)-Intel-Intel-N100-8GB-SSD-512GB-14-W11-OH2024-i.382363485.43522594771?extraParams=%7B%22display_model_id%22%3A276838757053%2C%22model_selection_logic%22%3A3%7D&sp_atk=acdfaecb-1db0-4813-a904-0a6e6dfefd8a&xptdk=acdfaecb-1db0-4813-a904-0a6e6dfefd8a
https://down-id.img.susercontent.com/file/id-11134207-822wn-mn9jyk3fkyrmba,https://down-id.img.susercontent.com/file/id-11134258-8224v-mkvw0cu9r7k1a5,LAPTOP Lenovo Ideapad 3 15ABR8 with Ryzen 7 7000 Series | RAM 8GB | SSD 512GB | Finger Print,,Rp,7.871.800,-13%,https://deo.shopeemobile.com/shopee/modules-federation/live/0/shopee__item-card-standard-v2/0.2.8/pc/b4d1b8a78b3621dbdf4a.svg,4.7,https://deo.shopeemobile.com/shopee/modules-federation/live/0/shopee__item-card-standard-v2/0.2.8/pc/76dff349290d20891fc1.svg,94 Terjual,https://deo.shopeemobile.com/shopee/modules-federation/live/0/shopee__item-card-standard-v2/0.2.8/pc/5dd7b4560d0e2d3190e8.svg,Surabaya,,,Cicilan,https://deo.shopeemobile.com/shopee/modules-federation/live/0/shopee__item-card-standard-v2/0.2.8/pc/d7099d3fd1dfdaf705ab.svg,"LAPTOP Lenovo Ideapad 3 15ABR8 with Ryzen 7 7000 Series | RAM 8GB | SSD 512GB | Finger Print
Rp
7.871.800
-13%
Cicilan
4.7
94 Terjual
2-3 Hari
Surabaya",https://shopee.co.id/LAPTOP-Lenovo-Ideapad-3-15ABR8-with-Ryzen-7-7000-Series-RAM-8GB-SSD-512GB-Finger-Print-i.81198833.1956907748?extraParams=%7B%22display_model_id%22%3A292552364853%2C%22model_selection_logic%22%3A3%7D&sp_atk=6e452a78-0ca2-4835-9d52-d64a6765adec&xptdk=6e452a78-0ca2-4835-9d52-d64a6765adec
https://down-id.img.susercontent.com/file/sg-11134201-7rffe-m9bkjb5pvudtea,https://down-id.img.susercontent.com/file/id-11134258-8224v-mkvw0cu9r7k1a5,Lenovo Ideapad Slim 3 14IAH8 Core i5 12450H 512GB SSD 16GB RAM - 3KID GREY / 3JID BLUE / 3KID GREY Tanpa Tas Notebook Laptop,,Rp,9.415.000,,,,https://deo.shopeemobile.com/shopee/modules-federation/live/0/shopee__item-card-standard-v2/0.2.8/pc/76dff349290d20891fc1.svg,2-3 Hari,https://deo.shopeemobile.com/shopee/modules-federation/live/0/shopee__item-card-standard-v2/0.2.8/pc/5dd7b4560d0e2d3190e8.svg,Surabaya,,,,,"Lenovo Ideapad Slim 3 14IAH8 Core i5 12450H 512GB SSD 16GB RAM - 3KID GREY / 3JID BLUE / 3KID GREY Tanpa Tas Notebook Laptop
Rp
9.415.000
2-3 Hari
Surabaya",https://shopee.co.id/Lenovo-Ideapad-Slim-3-14IAH8-Core-i5-12450H-512GB-SSD-16GB-RAM-3KID-GREY-3JID-BLUE-3KID-GREY-Tanpa-Tas-Notebook-Laptop-i.1530696614.28085896663?extraParams=%7B%22display_model_id%22%3A237790214780%2C%22model_selection_logic%22%3A3%7D&sp_atk=7225252e-c0bb-4104-8c5b-98c744876cd4&xptdk=7225252e-c0bb-4104-8c5b-98c744876cd4
https://down-id.img.susercontent.com/file/id-11134207-81ztf-mfinnqumrhn1c4,https://down-id.img.susercontent.com/file/id-11134258-8224v-mkvw0cu9r7k1a5,LENOVO IDEAPAD SLIM 3 14 I3 1315 8GB 512GB W11+OHS+M365B 14.0FHD BLIT 2Y PREM,https://deo.shopeemobile.com/shopee/modules-federation/live/0/shopee__item-card-standard-v2/0.2.8/pc/7c9110f78e069acbced7.png,Rp,8.426.000,-2%,https://deo.shopeemobile.com/shopee/modules-federation/live/0/shopee__item-card-standard-v2/0.2.8/pc/b4d1b8a78b3621dbdf4a.svg,5.0,https://deo.shopeemobile.com/shopee/modules-federation/live/0/shopee__item-card-standard-v2/0.2.8/pc/38e203dc86172a6c6560.svg,16 Terjual,https://deo.shopeemobile.com/shopee/modules-federation/live/0/shopee__item-card-standard-v2/0.2.8/pc/5dd7b4560d0e2d3190e8.svg,Surabaya,https://deo.shopeemobile.com/shopee/modules-federation/live/0/shopee__item-card-standard-v2/0.2.8/pc/0614b8f0a8fdde22942d.svg,Besok,,https://deo.shopeemobile.com/shopee/modules-federation/live/0/shopee__item-card-standard-v2/0.2.8/pc/d7099d3fd1dfdaf705ab.svg,"LENOVO IDEAPAD SLIM 3 14 I3 1315 8GB 512GB W11+OHS+M365B 14.0FHD BLIT 2Y PREM
Rp
8.426.000
-2%
5.0
16 Terjual
Besok
Surabaya",https://shopee.co.id/LENOVO-IDEAPAD-SLIM-3-14-I3-1315-8GB-512GB-W11-OHS-M365B-14.0FHD-BLIT-2Y-PREM-i.1471949508.42055899299?extraParams=%7B%22display_model_id%22%3A179090783616%2C%22model_selection_logic%22%3A3%7D&sp_atk=65c099ed-9a34-4fc6-9d8f-bb68e1960a30&xptdk=65c099ed-9a34-4fc6-9d8f-bb68e1960a30
https://down-id.img.susercontent.com/file/id-11134207-8224p-mj99v8zkhwqsab,https://down-id.img.susercontent.com/file/id-11134258-8224v-mkvw0cu9r7k1a5,"Lenovo V14 G4 AMD Ryzen 3 8GB 256GB SSD 14"" FHD",https://deo.shopeemobile.com/shopee/modules-federation/live/0/shopee__item-card-standard-v2/0.2.8/pc/a425c915798471b33e5d.png,Rp,6.968.081,-4%,https://deo.shopeemobile.com/shopee/modules-federation/live/0/shopee__item-card-standard-v2/0.2.8/pc/b4d1b8a78b3621dbdf4a.svg,4.8,https://deo.shopeemobile.com/shopee/modules-federation/live/0/shopee__item-card-standard-v2/0.2.8/pc/38e203dc86172a6c6560.svg,31 Terjual,https://deo.shopeemobile.com/shopee/modules-federation/live/0/shopee__item-card-standard-v2/0.2.8/pc/5dd7b4560d0e2d3190e8.svg,Surabaya,https://deo.shopeemobile.com/shopee/modules-federation/live/0/shopee__item-card-standard-v2/0.2.8/pc/0614b8f0a8fdde22942d.svg,Besok 10:00,Cicilan,https://deo.shopeemobile.com/shopee/modules-federation/live/0/shopee__item-card-standard-v2/0.2.8/pc/d7099d3fd1dfdaf705ab.svg,"Lenovo V14 G4 AMD Ryzen 3 8GB 256GB SSD 14"" FHD
Rp
6.968.081
-4%
Cicilan
4.8
31 Terjual
Besok 10:00
Surabaya",https://shopee.co.id/Lenovo-V14-G4-AMD-Ryzen-3-8GB-256GB-SSD-14-FHD-i.7863445.5748223741?extraParams=%7B%22display_model_id%22%3A70717095067%2C%22model_selection_logic%22%3A3%7D&sp_atk=4588fb6d-4c9c-4cd5-a13e-16d0e0349f15&xptdk=4588fb6d-4c9c-4cd5-a13e-16d0e0349f15
https://down-id.img.susercontent.com/file/id-11134207-8224s-mk7kvz8tq9kxe6,https://down-id.img.susercontent.com/file/id-11134258-8224v-mkvw0cu9r7k1a5,Lenovo IdeaPad Slim 3 82XA0062ID/Intel N100 /8GB/512GB SSD/14inchi FHD/Win 11 Home+OHM 2024/Arctic Grey,https://deo.shopeemobile.com/shopee/modules-federation/live/0/shopee__item-card-standard-v2/0.2.8/pc/7c9110f78e069acbced7.png,Rp,6.599.000,,,5.0,https://deo.shopeemobile.com/shopee/modules-federation/live/0/shopee__item-card-standard-v2/0.2.8/pc/76dff349290d20891fc1.svg,4 Terjual,https://deo.shopeemobile.com/shopee/modules-federation/live/0/shopee__item-card-standard-v2/0.2.8/pc/5dd7b4560d0e2d3190e8.svg,Medan,,,,https://deo.shopeemobile.com/shopee/modules-federation/live/0/shopee__item-card-standard-v2/0.2.8/pc/d7099d3fd1dfdaf705ab.svg,"Lenovo IdeaPad Slim 3 82XA0062ID/Intel N100 /8GB/512GB SSD/14inchi FHD/Win 11 Home+OHM 2024/Arctic Grey
Rp
6.599.000
5.0
4 Terjual
4-6 Hari
Medan",https://shopee.co.id/Lenovo-IdeaPad-Slim-3-82XA0062ID-Intel-N100-8GB-512GB-SSD-14inchi-FHD-Win-11-Home-OHM-2024-Arctic-Grey-i.12067999.40878535406?extraParams=%7B%22display_model_id%22%3A375516643950%2C%22model_selection_logic%22%3A3%7D&sp_atk=816eba81-1b5e-48a6-aaaf-8aecab83bb59&xptdk=816eba81-1b5e-48a6-aaaf-8aecab83bb59
https://down-id.img.susercontent.com/file/id-11134207-81zth-mfrx2x850a2w8f,https://down-id.img.susercontent.com/file/id-11134258-8224v-mkvw0cu9r7k1a5,Lenovo IdeaPad Slim 3 14IRU8 Intel Core i3-1315U 8GB 512GB SSD 14 FHD Windows 11 Home OHM 2024 M365 82X6006EID 82X6006FID arctic grey abyss blue rekomendari laptop ringan desain tipis slim multitasking untuk kuliah data dan kerja,https://deo.shopeemobile.com/shopee/modules-federation/live/0/shopee__item-card-standard-v2/0.2.8/pc/7c9110f78e069acbced7.png,Rp,8.589.000,-1%,,5.0,https://deo.shopeemobile.com/shopee/modules-federation/live/0/shopee__item-card-standard-v2/0.2.8/pc/38e203dc86172a6c6560.svg,15 Terjual,https://deo.shopeemobile.com/shopee/modules-federation/live/0/shopee__item-card-standard-v2/0.2.8/pc/5dd7b4560d0e2d3190e8.svg,Surabaya,https://deo.shopeemobile.com/shopee/modules-federation/live/0/shopee__item-card-standard-v2/0.2.8/pc/0614b8f0a8fdde22942d.svg,Besok 11:00,,https://deo.shopeemobile.com/shopee/modules-federation/live/0/shopee__item-card-standard-v2/0.2.8/pc/d7099d3fd1dfdaf705ab.svg,"Lenovo IdeaPad Slim 3 14IRU8 Intel Core i3-1315U 8GB 512GB SSD 14 FHD Windows 11 Home OHM 2024 M365 82X6006EID 82X6006FID arctic grey abyss blue rekomendari laptop ringan desain tipis slim multitasking untuk kuliah data dan kerja
Rp
8.589.000
-1%
5.0
15 Terjual
Besok 11:00
Surabaya",https://shopee.co.id/Lenovo-IdeaPad-Slim-3-14IRU8-Intel-Core-i3-1315U-8GB-512GB-SSD-14-FHD-Windows-11-Home-OHM-2024-M365-82X6006EID-82X6006FID-arctic-grey-abyss-blue-rekomendari-laptop-ringan-desain-tipis-slim-multitasking-untuk-kuliah-data-dan-kerja-i.26681244.41823896196?extraParams=%7B%22display_model_id%22%3A301941549292%2C%22model_selection_logic%22%3A3%7D&sp_atk=0c3ab2af-cd74-42d4-8d85-d62dab38ca48&xptdk=0c3ab2af-cd74-42d4-8d85-d62dab38ca48
https://down-id.img.susercontent.com/file/id-11134207-8224y-mjusua1h7tvp96,https://down-id.img.susercontent.com/file/id-11134258-8224v-mkvw0cu9r7k1a5,Lenovo V14 Gen 5 IRL Intel Core i3 1315u Ram 8GB Storage 256GB SSD Windows 11 Home 14.0 Inch FHD Laptop Murah -7AID,https://deo.shopeemobile.com/shopee/modules-federation/live/0/shopee__item-card-standard-v2/0.2.8/pc/7c9110f78e069acbced7.png,Rp,7.814.000,-50%,,5.0,https://deo.shopeemobile.com/shopee/modules-federation/live/0/shopee__item-card-standard-v2/0.2.8/pc/76dff349290d20891fc1.svg,22 Terjual,https://deo.shopeemobile.com/shopee/modules-federation/live/0/shopee__item-card-standard-v2/0.2.8/pc/5dd7b4560d0e2d3190e8.svg,Jakarta Utara,,,,https://deo.shopeemobile.com/shopee/modules-federation/live/0/shopee__item-card-standard-v2/0.2.8/pc/d7099d3fd1dfdaf705ab.svg,"Lenovo V14 Gen 5 IRL Intel Core i3 1315u Ram 8GB Storage 256GB SSD Windows 11 Home 14.0 Inch FHD Laptop Murah -7AID
Rp
7.814.000
-50%
5.0
22 Terjual
3-4 Hari
Jakarta Utara",https://shopee.co.id/Lenovo-V14-Gen-5-IRL-Intel-Core-i3-1315u-Ram-8GB-Storage-256GB-SSD-Windows-11-Home-14.0-Inch-FHD-Laptop-Murah-7AID-i.872169559.22841890900?extraParams=%7B%22display_model_id%22%3A345572459960%2C%22model_selection_logic%22%3A3%7D&sp_atk=b691c06b-33b3-4699-8f1a-29e47fdd294d&xptdk=b691c06b-33b3-4699-8f1a-29e47fdd294d
https://down-id.img.susercontent.com/file/id-11134207-8224u-mfuuhuil4g7dfb,https://down-id.img.susercontent.com/file/id-11134258-822wr-mlx67rtd6r602f,"LENOVO IDEAPAD SLIM 3 INTEL CORE I5-1035G1 8GB RAM 512GB SSD 14"" FHD Windows 11",https://deo.shopeemobile.com/shopee/modules-federation/live/0/shopee__item-card-standard-v2/0.2.8/pc/a425c915798471b33e5d.png,Rp,5.120.000,-36%,,5.0,https://deo.shopeemobile.com/shopee/modules-federation/live/0/shopee__item-card-standard-v2/0.2.8/pc/38e203dc86172a6c6560.svg,9 Terjual,https://deo.shopeemobile.com/shopee/modules-federation/live/0/shopee__item-card-standard-v2/0.2.8/pc/5dd7b4560d0e2d3190e8.svg,Jakarta Barat,https://deo.shopeemobile.com/shopee/modules-federation/live/0/shopee__item-card-standard-v2/0.2.8/pc/0614b8f0a8fdde22942d.svg,< 2 Hari,,https://deo.shopeemobile.com/shopee/modules-federation/live/0/shopee__item-card-standard-v2/0.2.8/pc/d7099d3fd1dfdaf705ab.svg,"LENOVO IDEAPAD SLIM 3 INTEL CORE I5-1035G1 8GB RAM 512GB SSD 14"" FHD Windows 11
Rp
5.120.000
-36%
5.0
9 Terjual
< 2 Hari
Jakarta Barat",https://shopee.co.id/LENOVO-IDEAPAD-SLIM-3-INTEL-CORE-I5-1035G1-8GB-RAM-512GB-SSD-14-FHD-Windows-11-i.1124285767.41474280578?extraParams=%7B%22display_model_id%22%3A296969794060%2C%22model_selection_logic%22%3A3%7D&sp_atk=b9d350bf-bb87-4241-91ab-0c76deb7fd99&xptdk=b9d350bf-bb87-4241-91ab-0c76deb7fd99
https://down-id.img.susercontent.com/file/id-11134207-7ra0n-mc37rwmjleszf1,https://down-id.img.susercontent.com/file/id-11134258-8224v-mkvw0cu9r7k1a5,Lenovo V14 G4 Ryzen 5 7430U 512GB SSD 8GB IPS Win11,https://deo.shopeemobile.com/shopee/modules-federation/live/0/shopee__item-card-standard-v2/0.2.8/pc/e4734dab67ee2f9ebd5a.png,Rp,8.699.000,,,4.9,https://deo.shopeemobile.com/shopee/modules-federation/live/0/shopee__item-card-standard-v2/0.2.8/pc/76dff349290d20891fc1.svg,43 Terjual,https://deo.shopeemobile.com/shopee/modules-federation/live/0/shopee__item-card-standard-v2/0.2.8/pc/5dd7b4560d0e2d3190e8.svg,Kab. Kediri,,,,https://deo.shopeemobile.com/shopee/modules-federation/live/0/shopee__item-card-standard-v2/0.2.8/pc/d7099d3fd1dfdaf705ab.svg,"Lenovo V14 G4 Ryzen 5 7430U 512GB SSD 8GB IPS Win11
Rp
8.699.000
4.9
43 Terjual
2-3 Hari
Kab. Kediri",https://shopee.co.id/Lenovo-V14-G4-Ryzen-5-7430U-512GB-SSD-8GB-IPS-Win11-i.12084313.24983540980?extraParams=%7B%22display_model_id%22%3A307257614673%2C%22model_selection_logic%22%3A3%7D&sp_atk=dd9960b3-ca1c-45bc-8118-9759f0feea8a&xptdk=dd9960b3-ca1c-45bc-8118-9759f0feea8a
https://down-id.img.susercontent.com/file/id-11134207-822wl-mlpxdikt6fbc3c,https://down-id.img.susercontent.com/file/id-11134258-8224v-mkvw0cu9r7k1a5,"Lenovo Ideapad Slim 3i i3-1315U 512GB SSD 8GB FHD 15.6"" Win11+OHS",https://deo.shopeemobile.com/shopee/modules-federation/live/0/shopee__item-card-standard-v2/0.2.8/pc/7c9110f78e069acbced7.png,Rp,8.209.000,-37%,https://deo.shopeemobile.com/shopee/modules-federation/live/0/shopee__item-card-standard-v2/0.2.8/pc/b4d1b8a78b3621dbdf4a.svg,4.9,https://deo.shopeemobile.com/shopee/modules-federation/live/0/shopee__item-card-standard-v2/0.2.8/pc/38e203dc86172a6c6560.svg,204 Terjual,https://deo.shopeemobile.com/shopee/modules-federation/live/0/shopee__item-card-standard-v2/0.2.8/pc/5dd7b4560d0e2d3190e8.svg,Jakarta Barat,https://deo.shopeemobile.com/shopee/modules-federation/live/0/shopee__item-card-standard-v2/0.2.8/pc/0614b8f0a8fdde22942d.svg,< 2 Hari,,https://deo.shopeemobile.com/shopee/modules-federation/live/0/shopee__item-card-standard-v2/0.2.8/pc/d7099d3fd1dfdaf705ab.svg,"Lenovo Ideapad Slim 3i i3-1315U 512GB SSD 8GB FHD 15.6"" Win11+OHS
Rp
8.209.000
-37%
4.9
204 Terjual
< 2 Hari
Jakarta Barat",https://shopee.co.id/Lenovo-Ideapad-Slim-3i-i3-1315U-512GB-SSD-8GB-FHD-15.6-Win11-OHS-i.30121154.22655226921?extraParams=%7B%22display_model_id%22%3A235974590748%2C%22model_selection_logic%22%3A3%7D&sp_atk=453ae80b-6ab1-4c64-806c-59e60b899b04&xptdk=453ae80b-6ab1-4c64-806c-59e60b899b04
https://down-id.img.susercontent.com/file/id-11134207-7rasf-m3fy2fkzkpkf69,https://down-id.img.susercontent.com/file/id-11134258-8224v-mkvw0cu9r7k1a5,"Lenovo IdeaPad Slim 3 14ALC6 AMD Ryzen 7 5700U Win11 8GB 512GB SSD 14"" FHD IPS 45% NTSC Integrated Radeon OHS WiFi5 Backlit HMID HNID HPID Laptop Ringan 14inch 82KT00HMID Sand 82KT00HNID Arctic Grey 82KT00HPID Abyss Blue Garansi Resmi Windows Office 2021",https://deo.shopeemobile.com/shopee/modules-federation/live/0/shopee__item-card-standard-v2/0.2.8/pc/7c9110f78e069acbced7.png,Rp,9.989.000,-47%,https://deo.shopeemobile.com/shopee/modules-federation/live/0/shopee__item-card-standard-v2/0.2.8/pc/b4d1b8a78b3621dbdf4a.svg,5.0,https://deo.shopeemobile.com/shopee/modules-federation/live/0/shopee__item-card-standard-v2/0.2.8/pc/38e203dc86172a6c6560.svg,62 Terjual,https://deo.shopeemobile.com/shopee/modules-federation/live/0/shopee__item-card-standard-v2/0.2.8/pc/5dd7b4560d0e2d3190e8.svg,Jakarta Pusat,https://deo.shopeemobile.com/shopee/modules-federation/live/0/shopee__item-card-standard-v2/0.2.8/pc/0614b8f0a8fdde22942d.svg,< 2 Hari,Cicilan,https://deo.shopeemobile.com/shopee/modules-federation/live/0/shopee__item-card-standard-v2/0.2.8/pc/d7099d3fd1dfdaf705ab.svg,"Lenovo IdeaPad Slim 3 14ALC6 AMD Ryzen 7 5700U Win11 8GB 512GB SSD 14"" FHD IPS 45% NTSC Integrated Radeon OHS WiFi5 Backlit HMID HNID HPID Laptop Ringan 14inch 82KT00HMID Sand 82KT00HNID Arctic Grey 82KT00HPID Abyss Blue Garansi Resmi Windows Office 2021
Rp
9.989.000
-47%
Cicilan
Hadiah Gratis
5.0
62 Terjual
< 2 Hari
Jakarta Pusat",https://shopee.co.id/Lenovo-IdeaPad-Slim-3-14ALC6-AMD-Ryzen-7-5700U-Win11-8GB-512GB-SSD-14-FHD-IPS-45-NTSC-Integrated-Radeon-OHS-WiFi5-Backlit-HMID-HNID-HPID-Laptop-Ringan-14inch-82KT00HMID-Sand-82KT00HNID-Arctic-Grey-82KT00HPID-Abyss-Blue-Garansi-Resmi-Windows-Office-2021-i.26026296.10292904569?extraParams=%7B%22display_model_id%22%3A405372379412%2C%22model_selection_logic%22%3A3%7D&sp_atk=2c90ea6d-bff4-4bf3-abae-e44182be179d&xptdk=2c90ea6d-bff4-4bf3-abae-e44182be179d
https://down-id.img.susercontent.com/file/id-11134207-822wr-mn5vwbt8ngnafa,https://down-id.img.susercontent.com/file/id-11134258-8224v-mkvw0cu9r7k1a5,LENOVO Ideapad Slim 3 Intel Core i3 1315 RAM8GB SSD1TB 14'' Fhd Windows 11 Office 2024,https://deo.shopeemobile.com/shopee/modules-federation/live/0/shopee__item-card-standard-v2/0.2.8/pc/7c9110f78e069acbced7.png,Rp,7.749.000,,,5.0,https://deo.shopeemobile.com/shopee/modules-federation/live/0/shopee__item-card-standard-v2/0.2.8/pc/38e203dc86172a6c6560.svg,153 Terjual,https://deo.shopeemobile.com/shopee/modules-federation/live/0/shopee__item-card-standard-v2/0.2.8/pc/5dd7b4560d0e2d3190e8.svg,Jakarta Pusat,https://deo.shopeemobile.com/shopee/modules-federation/live/0/shopee__item-card-standard-v2/0.2.8/pc/0614b8f0a8fdde22942d.svg,< 2 Hari,Cicilan,https://deo.shopeemobile.com/shopee/modules-federation/live/0/shopee__item-card-standard-v2/0.2.8/pc/d7099d3fd1dfdaf705ab.svg,"LENOVO Ideapad Slim 3 Intel Core i3 1315 RAM8GB SSD1TB 14'' Fhd Windows 11 Office 2024
Rp
7.749.000
Cicilan
5.0
153 Terjual
< 2 Hari
Jakarta Pusat",https://shopee.co.id/LENOVO-Ideapad-Slim-3-Intel-Core-i3-1315-RAM8GB-SSD1TB-14''-Fhd-Windows-11-Office-2024-i.186855095.7753416268?extraParams=%7B%22display_model_id%22%3A249077882152%2C%22model_selection_logic%22%3A3%7D&sp_atk=2aead8b0-6405-4cad-8967-9b48d2613325&xptdk=2aead8b0-6405-4cad-8967-9b48d2613325
https://down-id.img.susercontent.com/file/id-11134207-82251-mjupfiw64078a8,https://down-id.img.susercontent.com/file/id-11134258-8224v-mkvw0cu9r7k1a5,Lenovo V14 Gen 4 ABP AMD Ryzen 5 7520U 16GB 512SSD Windows 11 OHS 14 inch FHD IPS Radeon 610M 0UID,https://deo.shopeemobile.com/shopee/modules-federation/live/0/shopee__item-card-standard-v2/0.2.8/pc/7c9110f78e069acbced7.png,Rp,9.948.000,-50%,https://deo.shopeemobile.com/shopee/modules-federation/live/0/shopee__item-card-standard-v2/0.2.8/pc/b4d1b8a78b3621dbdf4a.svg,4.9,https://deo.shopeemobile.com/shopee/modules-federation/live/0/shopee__item-card-standard-v2/0.2.8/pc/38e203dc86172a6c6560.svg,425 Terjual,https://deo.shopeemobile.com/shopee/modules-federation/live/0/shopee__item-card-standard-v2/0.2.8/pc/5dd7b4560d0e2d3190e8.svg,Jakarta Utara,https://deo.shopeemobile.com/shopee/modules-federation/live/0/shopee__item-card-standard-v2/0.2.8/pc/0614b8f0a8fdde22942d.svg,< 2 Hari,,https://deo.shopeemobile.com/shopee/modules-federation/live/0/shopee__item-card-standard-v2/0.2.8/pc/d7099d3fd1dfdaf705ab.svg,"Lenovo V14 Gen 4 ABP AMD Ryzen 5 7520U 16GB 512SSD Windows 11 OHS 14 inch FHD IPS Radeon 610M 0UID
Rp
9.948.000
-50%
4.9
425 Terjual
< 2 Hari
Jakarta Utara",https://shopee.co.id/Lenovo-V14-Gen-4-ABP-AMD-Ryzen-5-7520U-16GB-512SSD-Windows-11-OHS-14-inch-FHD-IPS-Radeon-610M-0UID-i.468999408.13073997424?extraParams=%7B%22display_model_id%22%3A390597672892%2C%22model_selection_logic%22%3A3%7D&sp_atk=6aa97547-1207-4e3f-a0e9-8f6a56db50f2&xptdk=6aa97547-1207-4e3f-a0e9-8f6a56db50f2
https://down-id.img.susercontent.com/file/id-11134207-8224y-mjomna9yn6rl74,https://down-id.img.susercontent.com/file/id-11134258-822wr-mlx5y0tebegw04,"laptop Lenovo IdeaPad Slim 3 14IAU7 i3 1315U 8GB SSD 512GB 14"" FHD W11+OHS resmi",https://deo.shopeemobile.com/shopee/modules-federation/live/0/shopee__item-card-standard-v2/0.2.8/pc/e4734dab67ee2f9ebd5a.png,Rp,7.799.000,-8%,,4.9,https://deo.shopeemobile.com/shopee/modules-federation/live/0/shopee__item-card-standard-v2/0.2.8/pc/76dff349290d20891fc1.svg,249 Terjual,https://deo.shopeemobile.com/shopee/modules-federation/live/0/shopee__item-card-standard-v2/0.2.8/pc/5dd7b4560d0e2d3190e8.svg,Kab. Kediri,,,,https://deo.shopeemobile.com/shopee/modules-federation/live/0/shopee__item-card-standard-v2/0.2.8/pc/d7099d3fd1dfdaf705ab.svg,"laptop Lenovo IdeaPad Slim 3 14IAU7 i3 1315U 8GB SSD 512GB 14"" FHD W11+OHS resmi
Rp
7.799.000
-8%
4.9
249 Terjual
2-3 Hari
Kab. Kediri",https://shopee.co.id/laptop-Lenovo-IdeaPad-Slim-3-14IAU7-i3-1315U-8GB-SSD-512GB-14-FHD-W11-OHS-resmi-i.12084313.22385807619?extraParams=%7B%22display_model_id%22%3A282530300945%2C%22model_selection_logic%22%3A3%7D&sp_atk=2438e4ba-f7ef-4962-9f6b-066165b27f8e&xptdk=2438e4ba-f7ef-4962-9f6b-066165b27f8e
https://down-id.img.susercontent.com/file/id-11134207-8224q-mikj3sf8191je7,https://down-id.img.susercontent.com/file/id-11134258-8224v-mkvw0cu9r7k1a5,Lenovo IdeaPad Slim 3i Intel N100 8GB RAM 512GB SSD Windows 11 OHS 14 Inch FHD Laptop 62ID,https://deo.shopeemobile.com/shopee/modules-federation/live/0/shopee__item-card-standard-v2/0.2.8/pc/a425c915798471b33e5d.png,Rp,5.055.000,,,,https://deo.shopeemobile.com/shopee/modules-federation/live/0/shopee__item-card-standard-v2/0.2.8/pc/76dff349290d20891fc1.svg,2-3 Hari,https://deo.shopeemobile.com/shopee/modules-federation/live/0/shopee__item-card-standard-v2/0.2.8/pc/5dd7b4560d0e2d3190e8.svg,Surabaya,,,Produk Baru,,"Lenovo IdeaPad Slim 3i Intel N100 8GB RAM 512GB SSD Windows 11 OHS 14 Inch FHD Laptop 62ID
Rp
5.055.000
Produk Baru
2-3 Hari
Surabaya",https://shopee.co.id/Lenovo-IdeaPad-Slim-3i-Intel-N100-8GB-RAM-512GB-SSD-Windows-11-OHS-14-Inch-FHD-Laptop-62ID-i.1699994016.47853492099?extraParams=%7B%22display_model_id%22%3A277276109076%2C%22model_selection_logic%22%3A3%7D&sp_atk=6dfb36f4-af2c-44f3-9a44-024df52b2565&xptdk=6dfb36f4-af2c-44f3-9a44-024df52b2565
https://down-id.img.susercontent.com/file/id-11134207-8224y-mjs403o8hgxx81,https://down-id.img.susercontent.com/file/id-11134258-8224v-mkvw0cu9r7k1a5,Laptop Lenovo Ideapad Slim 3 14 I3 1315 8Gb 512Gb Windows 11 +OHS+M365B 14.0 Full HD Blit,https://deo.shopeemobile.com/shopee/modules-federation/live/0/shopee__item-card-standard-v2/0.2.8/pc/7c9110f78e069acbced7.png,Rp,7.867.000,-17%,https://deo.shopeemobile.com/shopee/modules-federation/live/0/shopee__item-card-standard-v2/0.2.8/pc/b4d1b8a78b3621dbdf4a.svg,5.0,https://deo.shopeemobile.com/shopee/modules-federation/live/0/shopee__item-card-standard-v2/0.2.8/pc/38e203dc86172a6c6560.svg,83 Terjual,https://deo.shopeemobile.com/shopee/modules-federation/live/0/shopee__item-card-standard-v2/0.2.8/pc/5dd7b4560d0e2d3190e8.svg,Depok,https://deo.shopeemobile.com/shopee/modules-federation/live/0/shopee__item-card-standard-v2/0.2.8/pc/0614b8f0a8fdde22942d.svg,< 2 Hari,,https://deo.shopeemobile.com/shopee/modules-federation/live/0/shopee__item-card-standard-v2/0.2.8/pc/d7099d3fd1dfdaf705ab.svg,"Laptop Lenovo Ideapad Slim 3 14 I3 1315 8Gb 512Gb Windows 11 +OHS+M365B 14.0 Full HD Blit
Rp
7.867.000
-17%
5.0
83 Terjual
< 2 Hari
Depok",https://shopee.co.id/Laptop-Lenovo-Ideapad-Slim-3-14-I3-1315-8Gb-512Gb-Windows-11-OHS-M365B-14.0-Full-HD-Blit-i.1274014683.27317949495?extraParams=%7B%22display_model_id%22%3A355467218980%2C%22model_selection_logic%22%3A3%7D&sp_atk=bd1bebf1-9613-4ffd-9db0-5750881c6037&xptdk=bd1bebf1-9613-4ffd-9db0-5750881c6037
https://down-id.img.susercontent.com/file/id-11134207-7qukw-lhlih5a6bm5wf3,https://down-id.img.susercontent.com/file/id-11134258-8224v-mkvw0cu9r7k1a5,LENOVO V14 G4 AMD RYZEN 3 7320U RAM8GB SSD1TB 14'' FHD Windows 11 Office 2021,https://deo.shopeemobile.com/shopee/modules-federation/live/0/shopee__item-card-standard-v2/0.2.8/pc/7c9110f78e069acbced7.png,Rp,7.299.000,,,5.0,https://deo.shopeemobile.com/shopee/modules-federation/live/0/shopee__item-card-standard-v2/0.2.8/pc/38e203dc86172a6c6560.svg,58 Terjual,https://deo.shopeemobile.com/shopee/modules-federation/live/0/shopee__item-card-standard-v2/0.2.8/pc/5dd7b4560d0e2d3190e8.svg,Jakarta Pusat,https://deo.shopeemobile.com/shopee/modules-federation/live/0/shopee__item-card-standard-v2/0.2.8/pc/0614b8f0a8fdde22942d.svg,< 2 Hari,Cicilan,https://deo.shopeemobile.com/shopee/modules-federation/live/0/shopee__item-card-standard-v2/0.2.8/pc/d7099d3fd1dfdaf705ab.svg,"LENOVO V14 G4 AMD RYZEN 3 7320U RAM8GB SSD1TB 14'' FHD Windows 11 Office 2021
Rp
7.299.000
Cicilan
5.0
58 Terjual
< 2 Hari
Jakarta Pusat",https://shopee.co.id/LENOVO-V14-G4-AMD-RYZEN-3-7320U-RAM8GB-SSD1TB-14''-FHD-Windows-11-Office-2021-i.32829345.4954994634?extraParams=%7B%22display_model_id%22%3A375819134031%2C%22model_selection_logic%22%3A3%7D&sp_atk=a4464653-e7f9-41d2-9748-b6679d3f7e0a&xptdk=a4464653-e7f9-41d2-9748-b6679d3f7e0a
https://down-id.img.susercontent.com/file/id-11134207-822wp-mloe8rbp7saqba,https://down-id.img.susercontent.com/file/id-11134258-8224v-mkvw0cu9r7k1a5,Lenovo IdeaPad Slim 3 AMD Ryzen 5 7530U 8GB 512SSD Windows 11 Office 14 Inch IPS WUXGA 14ABR8 7CID,https://deo.shopeemobile.com/shopee/modules-federation/live/0/shopee__item-card-standard-v2/0.2.8/pc/7c9110f78e069acbced7.png,Rp,9.539.000,-52%,https://deo.shopeemobile.com/shopee/modules-federation/live/0/shopee__item-card-standard-v2/0.2.8/pc/b4d1b8a78b3621dbdf4a.svg,5.0,https://deo.shopeemobile.com/shopee/modules-federation/live/0/shopee__item-card-standard-v2/0.2.8/pc/38e203dc86172a6c6560.svg,118 Terjual,https://deo.shopeemobile.com/shopee/modules-federation/live/0/shopee__item-card-standard-v2/0.2.8/pc/5dd7b4560d0e2d3190e8.svg,Jakarta Utara,https://deo.shopeemobile.com/shopee/modules-federation/live/0/shopee__item-card-standard-v2/0.2.8/pc/0614b8f0a8fdde22942d.svg,< 2 Hari,Hadiah Gratis,https://deo.shopeemobile.com/shopee/modules-federation/live/0/shopee__item-card-standard-v2/0.2.8/pc/d7099d3fd1dfdaf705ab.svg,"Lenovo IdeaPad Slim 3 AMD Ryzen 5 7530U 8GB 512SSD Windows 11 Office 14 Inch IPS WUXGA 14ABR8 7CID
Rp
9.539.000
-52%
Hadiah Gratis
5.0
118 Terjual
< 2 Hari
Jakarta Utara",https://shopee.co.id/Lenovo-IdeaPad-Slim-3-AMD-Ryzen-5-7530U-8GB-512SSD-Windows-11-Office-14-Inch-IPS-WUXGA-14ABR8-7CID-i.468999408.23247046245?extraParams=%7B%22display_model_id%22%3A430607822871%2C%22model_selection_logic%22%3A3%7D&sp_atk=7ae6f07b-8253-4f50-b901-d22ef018eec1&xptdk=7ae6f07b-8253-4f50-b901-d22ef018eec1
https://down-id.img.susercontent.com/file/id-11134207-7ra0m-mc7c4s1i0g7z31,https://down-id.img.susercontent.com/file/id-11134258-8224v-mkvw0cu9r7k1a5,Lenovo Ideapad Slim 3 14 i3 8GB 512GB W11,https://deo.shopeemobile.com/shopee/modules-federation/live/0/shopee__item-card-standard-v2/0.2.8/pc/7c9110f78e069acbced7.png,Rp,7.816.000,-35%,https://deo.shopeemobile.com/shopee/modules-federation/live/0/shopee__item-card-standard-v2/0.2.8/pc/b4d1b8a78b3621dbdf4a.svg,4.9,https://deo.shopeemobile.com/shopee/modules-federation/live/0/shopee__item-card-standard-v2/0.2.8/pc/38e203dc86172a6c6560.svg,278 Terjual,https://deo.shopeemobile.com/shopee/modules-federation/live/0/shopee__item-card-standard-v2/0.2.8/pc/5dd7b4560d0e2d3190e8.svg,Jakarta Utara,https://deo.shopeemobile.com/shopee/modules-federation/live/0/shopee__item-card-standard-v2/0.2.8/pc/0614b8f0a8fdde22942d.svg,< 2 Hari,Hadiah Gratis,https://deo.shopeemobile.com/shopee/modules-federation/live/0/shopee__item-card-standard-v2/0.2.8/pc/d7099d3fd1dfdaf705ab.svg,"Lenovo Ideapad Slim 3 14 i3 8GB 512GB W11
Rp
7.816.000
-35%
Hadiah Gratis
4.9
278 Terjual
< 2 Hari
Jakarta Utara",https://shopee.co.id/Lenovo-Ideapad-Slim-3-14-i3-8GB-512GB-W11-i.250649369.14345883434?extraParams=%7B%22display_model_id%22%3A291540496910%2C%22model_selection_logic%22%3A3%7D&sp_atk=e37971c2-8bab-4311-9ddf-f8917fb9472a&xptdk=e37971c2-8bab-4311-9ddf-f8917fb9472a
https://down-id.img.susercontent.com/file/id-11134207-81zth-mfp6a07gmeq57d,https://down-id.img.susercontent.com/file/id-11134258-822wr-mlx67rtd6r602f,"Lenovo IdeaPad 3 Slim 14IAN8 Intel N100 8GB 512GB 14"" W11+OH24 Include Asuransi",https://deo.shopeemobile.com/shopee/modules-federation/live/0/shopee__item-card-standard-v2/0.2.8/pc/e4734dab67ee2f9ebd5a.png,Rp,6.450.000,,,,https://deo.shopeemobile.com/shopee/modules-federation/live/0/shopee__item-card-standard-v2/0.2.8/pc/38e203dc86172a6c6560.svg,Besok,https://deo.shopeemobile.com/shopee/modules-federation/live/0/shopee__item-card-standard-v2/0.2.8/pc/5dd7b4560d0e2d3190e8.svg,Surabaya,https://deo.shopeemobile.com/shopee/modules-federation/live/0/shopee__item-card-standard-v2/0.2.8/pc/0614b8f0a8fdde22942d.svg,Besok,,https://deo.shopeemobile.com/shopee/modules-federation/live/0/shopee__item-card-standard-v2/0.2.8/pc/0614b8f0a8fdde22942d.svg,"Lenovo IdeaPad 3 Slim 14IAN8 Intel N100 8GB 512GB 14"" W11+OH24 Include Asuransi
Rp
6.450.000
Besok
Surabaya",https://shopee.co.id/Lenovo-IdeaPad-3-Slim-14IAN8-Intel-N100-8GB-512GB-14-W11-OH24-Include-Asuransi-i.252699817.27729037135?extraParams=%7B%22display_model_id%22%3A307326547630%2C%22model_selection_logic%22%3A3%7D&sp_atk=95f05478-ce12-4143-8a12-771acb02afc2&xptdk=95f05478-ce12-4143-8a12-771acb02afc2
https://down-id.img.susercontent.com/file/id-11134207-7ra0h-mdr0m4hzd70473,https://down-id.img.susercontent.com/file/id-11134258-8224v-mkvw0cu9r7k1a5,Lenovo Ideapad Slim 3i i3-1315U 256GB SSD 8GB FHD Win11+OHS,https://deo.shopeemobile.com/shopee/modules-federation/live/0/shopee__item-card-standard-v2/0.2.8/pc/7c9110f78e069acbced7.png,Rp,7.899.000,-39%,,5.0,https://deo.shopeemobile.com/shopee/modules-federation/live/0/shopee__item-card-standard-v2/0.2.8/pc/38e203dc86172a6c6560.svg,148 Terjual,https://deo.shopeemobile.com/shopee/modules-federation/live/0/shopee__item-card-standard-v2/0.2.8/pc/5dd7b4560d0e2d3190e8.svg,Jakarta Barat,https://deo.shopeemobile.com/shopee/modules-federation/live/0/shopee__item-card-standard-v2/0.2.8/pc/0614b8f0a8fdde22942d.svg,< 2 Hari,,https://deo.shopeemobile.com/shopee/modules-federation/live/0/shopee__item-card-standard-v2/0.2.8/pc/d7099d3fd1dfdaf705ab.svg,"Lenovo Ideapad Slim 3i i3-1315U 256GB SSD 8GB FHD Win11+OHS
Rp
7.899.000
-39%
5.0
148 Terjual
< 2 Hari
Jakarta Barat",https://shopee.co.id/Lenovo-Ideapad-Slim-3i-i3-1315U-256GB-SSD-8GB-FHD-Win11-OHS-i.1058492880.17196400434?extraParams=%7B%22display_model_id%22%3A39841320395%2C%22model_selection_logic%22%3A3%7D&sp_atk=7a08656c-7869-4583-9f4f-13b2697c362b&xptdk=7a08656c-7869-4583-9f4f-13b2697c362b
https://down-id.img.susercontent.com/file/id-11134207-81ztg-mf9ens7psi6gbf,https://down-id.img.susercontent.com/file/id-11134258-8224v-mkvw0cu9r7k1a5,"Lenovo Ideapad Slim 3i 14"" FHD i3 8+512GB Win11",https://deo.shopeemobile.com/shopee/modules-federation/live/0/shopee__item-card-standard-v2/0.2.8/pc/7c9110f78e069acbced7.png,Rp,8.017.000,,,5.0,https://deo.shopeemobile.com/shopee/modules-federation/live/0/shopee__item-card-standard-v2/0.2.8/pc/76dff349290d20891fc1.svg,41 Terjual,https://deo.shopeemobile.com/shopee/modules-federation/live/0/shopee__item-card-standard-v2/0.2.8/pc/5dd7b4560d0e2d3190e8.svg,Bekasi,,,,https://deo.shopeemobile.com/shopee/modules-federation/live/0/shopee__item-card-standard-v2/0.2.8/pc/d7099d3fd1dfdaf705ab.svg,"Lenovo Ideapad Slim 3i 14"" FHD i3 8+512GB Win11
Rp
8.017.000
5.0
41 Terjual
3-4 Hari
Bekasi",https://shopee.co.id/Lenovo-Ideapad-Slim-3i-14-FHD-i3-8-512GB-Win11-i.1273812769.26961740999?extraParams=%7B%22display_model_id%22%3A405460545128%2C%22model_selection_logic%22%3A3%7D&sp_atk=a3718537-4de1-45eb-88c2-d09a984be7ed&xptdk=a3718537-4de1-45eb-88c2-d09a984be7ed
https://down-id.img.susercontent.com/file/id-11134207-7ras8-m0t25ncvtoon41,https://down-id.img.susercontent.com/file/id-11134258-8224v-mkvw0cu9r7k1a5,"Lenovo Ideapad Slim 3 14"" i3 8GB 512GB SSD Win11",https://deo.shopeemobile.com/shopee/modules-federation/live/0/shopee__item-card-standard-v2/0.2.8/pc/e4734dab67ee2f9ebd5a.png,Rp,7.599.000,,,5.0,https://deo.shopeemobile.com/shopee/modules-federation/live/0/shopee__item-card-standard-v2/0.2.8/pc/38e203dc86172a6c6560.svg,68 Terjual,https://deo.shopeemobile.com/shopee/modules-federation/live/0/shopee__item-card-standard-v2/0.2.8/pc/5dd7b4560d0e2d3190e8.svg,Tangerang,https://deo.shopeemobile.com/shopee/modules-federation/live/0/shopee__item-card-standard-v2/0.2.8/pc/0614b8f0a8fdde22942d.svg,< 2 Hari,Hadiah Gratis,https://deo.shopeemobile.com/shopee/modules-federation/live/0/shopee__item-card-standard-v2/0.2.8/pc/d7099d3fd1dfdaf705ab.svg,"Lenovo Ideapad Slim 3 14"" i3 8GB 512GB SSD Win11
Rp
7.599.000
Hadiah Gratis
5.0
68 Terjual
< 2 Hari
Tangerang",https://shopee.co.id/Lenovo-Ideapad-Slim-3-14-i3-8GB-512GB-SSD-Win11-i.290474546.19005031443?extraParams=%7B%22display_model_id%22%3A285723051553%2C%22model_selection_logic%22%3A3%7D&sp_atk=68bf67ed-b4cf-4cbc-a1e8-4789b597bbcc&xptdk=68bf67ed-b4cf-4cbc-a1e8-4789b597bbcc
https://down-id.img.susercontent.com/file/id-11134207-8224x-mjy05y2vnny8d7,https://down-id.img.susercontent.com/file/id-11134258-822wr-mlx67rtd6r602f,Lenovo V14 G4 82YX0013ID || AMD Ryzen 5 7430U 8GB 512GB SSD AMD Radeon Graphics Windows 11 Home 14 FHD IPS 1Y,https://deo.shopeemobile.com/shopee/modules-federation/live/0/shopee__item-card-standard-v2/0.2.8/pc/7c9110f78e069acbced7.png,Rp,9.500.000,,,5.0,https://deo.shopeemobile.com/shopee/modules-federation/live/0/shopee__item-card-standard-v2/0.2.8/pc/38e203dc86172a6c6560.svg,1 Terjual,https://deo.shopeemobile.com/shopee/modules-federation/live/0/shopee__item-card-standard-v2/0.2.8/pc/5dd7b4560d0e2d3190e8.svg,Banjarmasin,https://deo.shopeemobile.com/shopee/modules-federation/live/0/shopee__item-card-standard-v2/0.2.8/pc/0614b8f0a8fdde22942d.svg,< 2 Hari,,https://deo.shopeemobile.com/shopee/modules-federation/live/0/shopee__item-card-standard-v2/0.2.8/pc/d7099d3fd1dfdaf705ab.svg,"Lenovo V14 G4 82YX0013ID || AMD Ryzen 5 7430U 8GB 512GB SSD AMD Radeon Graphics Windows 11 Home 14 FHD IPS 1Y
Rp
9.500.000
5.0
1 Terjual
< 2 Hari
Banjarmasin",https://shopee.co.id/Lenovo-V14-G4-82YX0013ID-AMD-Ryzen-5-7430U-8GB-512GB-SSD-AMD-Radeon-Graphics-Windows-11-Home-14-FHD-IPS-1Y-i.382363485.57555651712?extraParams=%7B%22display_model_id%22%3A390511514568%2C%22model_selection_logic%22%3A3%7D&sp_atk=944f04b6-94c9-42f8-b03e-7445046abf8e&xptdk=944f04b6-94c9-42f8-b03e-7445046abf8e
https://down-id.img.susercontent.com/file/id-11134207-82251-mgrpka47pwjv34,https://down-id.img.susercontent.com/file/id-11134258-8224v-mkvw0cu9r7k1a5,LENOVO IDEAPAD SLIM 3 14 RYZEN 3 7320 8GB 512GB W11+OHS+M365 14.0FHD BLIT 2Y PREM BLU -9VID,https://deo.shopeemobile.com/shopee/modules-federation/live/0/shopee__item-card-standard-v2/0.2.8/pc/7c9110f78e069acbced7.png,Rp,8.094.000,-1%,https://deo.shopeemobile.com/shopee/modules-federation/live/0/shopee__item-card-standard-v2/0.2.8/pc/b4d1b8a78b3621dbdf4a.svg,5.0,https://deo.shopeemobile.com/shopee/modules-federation/live/0/shopee__item-card-standard-v2/0.2.8/pc/38e203dc86172a6c6560.svg,3 Terjual,https://deo.shopeemobile.com/shopee/modules-federation/live/0/shopee__item-card-standard-v2/0.2.8/pc/5dd7b4560d0e2d3190e8.svg,Surabaya,https://deo.shopeemobile.com/shopee/modules-federation/live/0/shopee__item-card-standard-v2/0.2.8/pc/0614b8f0a8fdde22942d.svg,Besok,,https://deo.shopeemobile.com/shopee/modules-federation/live/0/shopee__item-card-standard-v2/0.2.8/pc/d7099d3fd1dfdaf705ab.svg,"LENOVO IDEAPAD SLIM 3 14 RYZEN 3 7320 8GB 512GB W11+OHS+M365 14.0FHD BLIT 2Y PREM BLU -9VID
Rp
8.094.000
-1%
5.0
3 Terjual
Besok
Surabaya",https://shopee.co.id/LENOVO-IDEAPAD-SLIM-3-14-RYZEN-3-7320-8GB-512GB-W11-OHS-M365-14.0FHD-BLIT-2Y-PREM-BLU-9VID-i.1471949508.57150980386?extraParams=%7B%22display_model_id%22%3A435362449722%2C%22model_selection_logic%22%3A3%7D&sp_atk=0e919cbb-47dc-4649-bad2-fc76c5d48e2d&xptdk=0e919cbb-47dc-4649-bad2-fc76c5d48e2d
https://down-id.img.susercontent.com/file/id-11134207-822ws-mmvebm9d45xfa6,https://down-id.img.susercontent.com/file/id-11134258-8224v-mkvw0cu9r7k1a5,"Lenovo IdeaPad Slim 3i 14"" i3 8GB 512GB SSD FHD",https://deo.shopeemobile.com/shopee/modules-federation/live/0/shopee__item-card-standard-v2/0.2.8/pc/e4734dab67ee2f9ebd5a.png,Rp,7.598.000,-1%,https://deo.shopeemobile.com/shopee/modules-federation/live/0/shopee__item-card-standard-v2/0.2.8/pc/b4d1b8a78b3621dbdf4a.svg,4.9,https://deo.shopeemobile.com/shopee/modules-federation/live/0/shopee__item-card-standard-v2/0.2.8/pc/38e203dc86172a6c6560.svg,209 Terjual,https://deo.shopeemobile.com/shopee/modules-federation/live/0/shopee__item-card-standard-v2/0.2.8/pc/5dd7b4560d0e2d3190e8.svg,Bogor,https://deo.shopeemobile.com/shopee/modules-federation/live/0/shopee__item-card-standard-v2/0.2.8/pc/0614b8f0a8fdde22942d.svg,< 2 Hari,Cicilan,https://deo.shopeemobile.com/shopee/modules-federation/live/0/shopee__item-card-standard-v2/0.2.8/pc/d7099d3fd1dfdaf705ab.svg,"Lenovo IdeaPad Slim 3i 14"" i3 8GB 512GB SSD FHD
Rp
7.598.000
-1%
Cicilan
4.9
209 Terjual
< 2 Hari
Bogor",https://shopee.co.id/Lenovo-IdeaPad-Slim-3i-14-i3-8GB-512GB-SSD-FHD-i.757795871.13790407344?extraParams=%7B%22display_model_id%22%3A440414165614%2C%22model_selection_logic%22%3A3%7D&sp_atk=b5a6cb7f-d4f5-435b-b59e-f32b1a7592d7&xptdk=b5a6cb7f-d4f5-435b-b59e-f32b1a7592d7
https://down-id.img.susercontent.com/file/id-11134207-7ra0u-mck2dh5ymmyg2a,https://down-id.img.susercontent.com/file/id-11134258-8224v-mkvw0cu9r7k1a5,LENOVO IDEAPAD SLIM 3i 14IRH10 BWID BYID INTEL CORE i5-13420H 8GB 512SSD WIN 11 HOME + OFFICE HOME 2024 + OFFICE 365 1 YEAR,https://deo.shopeemobile.com/shopee/modules-federation/live/0/shopee__item-card-standard-v2/0.2.8/pc/7c9110f78e069acbced7.png,Rp,10.436.000,,,5.0,https://deo.shopeemobile.com/shopee/modules-federation/live/0/shopee__item-card-standard-v2/0.2.8/pc/38e203dc86172a6c6560.svg,30 Terjual,https://deo.shopeemobile.com/shopee/modules-federation/live/0/shopee__item-card-standard-v2/0.2.8/pc/5dd7b4560d0e2d3190e8.svg,Malang,https://deo.shopeemobile.com/shopee/modules-federation/live/0/shopee__item-card-standard-v2/0.2.8/pc/0614b8f0a8fdde22942d.svg,< 2 Hari,,https://deo.shopeemobile.com/shopee/modules-federation/live/0/shopee__item-card-standard-v2/0.2.8/pc/d7099d3fd1dfdaf705ab.svg,"LENOVO IDEAPAD SLIM 3i 14IRH10 BWID BYID INTEL CORE i5-13420H 8GB 512SSD WIN 11 HOME + OFFICE HOME 2024 + OFFICE 365 1 YEAR
Rp
10.436.000
5.0
30 Terjual
< 2 Hari
Malang",https://shopee.co.id/LENOVO-IDEAPAD-SLIM-3i-14IRH10-BWID-BYID-INTEL-CORE-i5-13420H-8GB-512SSD-WIN-11-HOME-OFFICE-HOME-2024-OFFICE-365-1-YEAR-i.1410207831.42603938623?extraParams=%7B%22display_model_id%22%3A305831983783%2C%22model_selection_logic%22%3A3%7D&sp_atk=8bd32533-c5d9-4312-81bf-00f46e41823e&xptdk=8bd32533-c5d9-4312-81bf-00f46e41823e
https://down-id.img.susercontent.com/file/id-11134207-7rbk6-makn1mydyckk7c,https://down-id.img.susercontent.com/file/id-11134258-7r98w-lyezzaurybot13,LENOVO IDEAPAD SLIM 3 14 I3 1215 8GB 512GB W11+OHS 14.0FHD BLIT 2YR PREM,https://deo.shopeemobile.com/shopee/modules-federation/live/0/shopee__item-card-standard-v2/0.2.8/pc/7c9110f78e069acbced7.png,Rp,7.505.000,,,5.0,https://deo.shopeemobile.com/shopee/modules-federation/live/0/shopee__item-card-standard-v2/0.2.8/pc/76dff349290d20891fc1.svg,13 Terjual,https://deo.shopeemobile.com/shopee/modules-federation/live/0/shopee__item-card-standard-v2/0.2.8/pc/5dd7b4560d0e2d3190e8.svg,Pontianak,,,,https://deo.shopeemobile.com/shopee/modules-federation/live/0/shopee__item-card-standard-v2/0.2.8/pc/d7099d3fd1dfdaf705ab.svg,"LENOVO IDEAPAD SLIM 3 14 I3 1215 8GB 512GB W11+OHS 14.0FHD BLIT 2YR PREM
Rp
7.505.000
5.0
13 Terjual
3-8 Hari
Pontianak",https://shopee.co.id/LENOVO-IDEAPAD-SLIM-3-14-I3-1215-8GB-512GB-W11-OHS-14.0FHD-BLIT-2YR-PREM-i.1534026306.43753137308?extraParams=%7B%22display_model_id%22%3A275259605210%2C%22model_selection_logic%22%3A3%7D&sp_atk=9bac9a1a-4c14-4a16-b2cf-a7ff6cba1ebb&xptdk=9bac9a1a-4c14-4a16-b2cf-a7ff6cba1ebb
https://down-id.img.susercontent.com/file/id-11134207-8224v-mjmeyknbopvo62,https://down-id.img.susercontent.com/file/id-11134258-8224v-mkvw0cu9r7k1a5,"Lenovo Ideapad Slim 3 i3 1315U 16GB 512GB W11 14"" FHD 2Yr",https://deo.shopeemobile.com/shopee/modules-federation/live/0/shopee__item-card-standard-v2/0.2.8/pc/e4734dab67ee2f9ebd5a.png,Rp,7.598.000,-1%,https://deo.shopeemobile.com/shopee/modules-federation/live/0/shopee__item-card-standard-v2/0.2.8/pc/b4d1b8a78b3621dbdf4a.svg,5.0,https://deo.shopeemobile.com/shopee/modules-federation/live/0/shopee__item-card-standard-v2/0.2.8/pc/38e203dc86172a6c6560.svg,24 Terjual,https://deo.shopeemobile.com/shopee/modules-federation/live/0/shopee__item-card-standard-v2/0.2.8/pc/5dd7b4560d0e2d3190e8.svg,Jakarta Timur,https://deo.shopeemobile.com/shopee/modules-federation/live/0/shopee__item-card-standard-v2/0.2.8/pc/0614b8f0a8fdde22942d.svg,< 2 Hari,,https://deo.shopeemobile.com/shopee/modules-federation/live/0/shopee__item-card-standard-v2/0.2.8/pc/d7099d3fd1dfdaf705ab.svg,"Lenovo Ideapad Slim 3 i3 1315U 16GB 512GB W11 14"" FHD 2Yr
Rp
7.598.000
-1%
5.0
24 Terjual
< 2 Hari
Jakarta Timur",https://shopee.co.id/Lenovo-Ideapad-Slim-3-i3-1315U-16GB-512GB-W11-14-FHD-2Yr-i.1413962134.26989248479?extraParams=%7B%22display_model_id%22%3A380571549931%2C%22model_selection_logic%22%3A3%7D&sp_atk=72d092ef-3c55-494e-90f7-2cdbc940a073&xptdk=72d092ef-3c55-494e-90f7-2cdbc940a073
https://down-id.img.susercontent.com/file/id-11134207-8224x-ml4izbfigc9227,https://down-id.img.susercontent.com/file/id-11134258-822wr-mlx67rtd6r602f,"LENOVO V15 G5 IRL-8NID(Luna Grey) Intel Core™ i3-1315U  8GB 512GB SSD Integrated Intel® UHD Graphics 15.6"" FHD IPS Windows® 11 +Office Home 2024 2YEAR",https://deo.shopeemobile.com/shopee/modules-federation/live/0/shopee__item-card-standard-v2/0.2.8/pc/7c9110f78e069acbced7.png,Rp,9.199.000,,,5.0,https://deo.shopeemobile.com/shopee/modules-federation/live/0/shopee__item-card-standard-v2/0.2.8/pc/38e203dc86172a6c6560.svg,1 Terjual,https://deo.shopeemobile.com/shopee/modules-federation/live/0/shopee__item-card-standard-v2/0.2.8/pc/5dd7b4560d0e2d3190e8.svg,Makassar,https://deo.shopeemobile.com/shopee/modules-federation/live/0/shopee__item-card-standard-v2/0.2.8/pc/0614b8f0a8fdde22942d.svg,< 2 Hari,,https://deo.shopeemobile.com/shopee/modules-federation/live/0/shopee__item-card-standard-v2/0.2.8/pc/d7099d3fd1dfdaf705ab.svg,"LENOVO V15 G5 IRL-8NID(Luna Grey) Intel Core™ i3-1315U 8GB 512GB SSD Integrated Intel® UHD Graphics 15.6"" FHD IPS Windows® 11 +Office Home 2024 2YEAR
Rp
9.199.000
5.0
1 Terjual
< 2 Hari
Makassar",https://shopee.co.id/LENOVO-V15-G5-IRL-8NID(Luna-Grey)-Intel-Core%E2%84%A2-i3-1315U-8GB-512GB-SSD-Integrated-Intel%C2%AE-UHD-Graphics-15.6-FHD-IPS-Windows%C2%AE-11-Office-Home-2024-2YEAR-i.385043865.51106409258?extraParams=%7B%22display_model_id%22%3A139491727796%2C%22model_selection_logic%22%3A3%7D&sp_atk=1e9d5131-bde7-4db8-af0e-2c12d0c7001e&xptdk=1e9d5131-bde7-4db8-af0e-2c12d0c7001e
https://down-id.img.susercontent.com/file/id-11134207-822wk-mlizxknq0mip6b,https://down-id.img.susercontent.com/file/id-11134258-822wr-mlx5y0tebegw04,Lenovo Thinkpad T14s G3 Touchscreen I7 Gen 12 RAM 32GB SSD 51GB 14inch Display,https://deo.shopeemobile.com/shopee/modules-federation/live/0/shopee__item-card-standard-v2/0.2.8/pc/e4734dab67ee2f9ebd5a.png,Rp,9.490.000,,,,https://deo.shopeemobile.com/shopee/modules-federation/live/0/shopee__item-card-standard-v2/0.2.8/pc/38e203dc86172a6c6560.svg,Besok,https://deo.shopeemobile.com/shopee/modules-federation/live/0/shopee__item-card-standard-v2/0.2.8/pc/5dd7b4560d0e2d3190e8.svg,Surabaya,https://deo.shopeemobile.com/shopee/modules-federation/live/0/shopee__item-card-standard-v2/0.2.8/pc/0614b8f0a8fdde22942d.svg,Besok,,https://deo.shopeemobile.com/shopee/modules-federation/live/0/shopee__item-card-standard-v2/0.2.8/pc/0614b8f0a8fdde22942d.svg,"Lenovo Thinkpad T14s G3 Touchscreen I7 Gen 12 RAM 32GB SSD 51GB 14inch Display
Rp
9.490.000
Besok
Surabaya",https://shopee.co.id/Lenovo-Thinkpad-T14s-G3-Touchscreen-I7-Gen-12-RAM-32GB-SSD-51GB-14inch-Display-i.1135921590.51706902327?extraParams=%7B%22display_model_id%22%3A340616934309%2C%22model_selection_logic%22%3A3%7D&sp_atk=68016b20-29b2-4041-8596-3151ab76b2bd&xptdk=68016b20-29b2-4041-8596-3151ab76b2bd
https://down-id.img.susercontent.com/file/id-11134207-8224u-mftg9ho1105k9f,https://down-id.img.susercontent.com/file/id-11134258-8224v-mkvw0cu9r7k1a5,LAPTOP LENOVO IDEAPAD SLIM 3 14 I5 13420H - 8/16GB 512GB 14.0WUXGA IPS BLIT 2Y,https://deo.shopeemobile.com/shopee/modules-federation/live/0/shopee__item-card-standard-v2/0.2.8/pc/7c9110f78e069acbced7.png,Rp,9.989.000,-20%,https://deo.shopeemobile.com/shopee/modules-federation/live/0/shopee__item-card-standard-v2/0.2.8/pc/b4d1b8a78b3621dbdf4a.svg,5.0,https://deo.shopeemobile.com/shopee/modules-federation/live/0/shopee__item-card-standard-v2/0.2.8/pc/38e203dc86172a6c6560.svg,42 Terjual,https://deo.shopeemobile.com/shopee/modules-federation/live/0/shopee__item-card-standard-v2/0.2.8/pc/5dd7b4560d0e2d3190e8.svg,Surabaya,https://deo.shopeemobile.com/shopee/modules-federation/live/0/shopee__item-card-standard-v2/0.2.8/pc/0614b8f0a8fdde22942d.svg,Besok,,https://deo.shopeemobile.com/shopee/modules-federation/live/0/shopee__item-card-standard-v2/0.2.8/pc/d7099d3fd1dfdaf705ab.svg,"LAPTOP LENOVO IDEAPAD SLIM 3 14 I5 13420H - 8/16GB 512GB 14.0WUXGA IPS BLIT 2Y
Rp
9.989.000
-20%
5.0
42 Terjual
Besok
Surabaya",https://shopee.co.id/LAPTOP-LENOVO-IDEAPAD-SLIM-3-14-I5-13420H-8-16GB-512GB-14.0WUXGA-IPS-BLIT-2Y-i.1273997571.28036607899?extraParams=%7B%22display_model_id%22%3A275080414937%2C%22model_selection_logic%22%3A3%7D&sp_atk=229af60e-c45c-4a1a-bb47-74b5d31a4b05&xptdk=229af60e-c45c-4a1a-bb47-74b5d31a4b05
https://down-id.img.susercontent.com/file/id-11134207-7ra0l-mcvpz6c9al1zae,https://down-id.img.susercontent.com/file/id-11134258-8224v-mkvw0cu9r7k1a5,"Laptop Lenovo V14 G5 Core i3-1315U 16GB 512GB SSD W11 14"" FHD",https://deo.shopeemobile.com/shopee/modules-federation/live/0/shopee__item-card-standard-v2/0.2.8/pc/e4734dab67ee2f9ebd5a.png,Rp,7.764.000,-1%,https://deo.shopeemobile.com/shopee/modules-federation/live/0/shopee__item-card-standard-v2/0.2.8/pc/b4d1b8a78b3621dbdf4a.svg,4.9,https://deo.shopeemobile.com/shopee/modules-federation/live/0/shopee__item-card-standard-v2/0.2.8/pc/38e203dc86172a6c6560.svg,109 Terjual,https://deo.shopeemobile.com/shopee/modules-federation/live/0/shopee__item-card-standard-v2/0.2.8/pc/5dd7b4560d0e2d3190e8.svg,Jakarta Selatan,https://deo.shopeemobile.com/shopee/modules-federation/live/0/shopee__item-card-standard-v2/0.2.8/pc/0614b8f0a8fdde22942d.svg,< 2 Hari,,https://deo.shopeemobile.com/shopee/modules-federation/live/0/shopee__item-card-standard-v2/0.2.8/pc/d7099d3fd1dfdaf705ab.svg,"Laptop Lenovo V14 G5 Core i3-1315U 16GB 512GB SSD W11 14"" FHD
Rp
7.764.000
-1%
4.9
109 Terjual
< 2 Hari
Jakarta Selatan",https://shopee.co.id/Laptop-Lenovo-V14-G5-Core-i3-1315U-16GB-512GB-SSD-W11-14-FHD-i.30962556.23835267595?extraParams=%7B%22display_model_id%22%3A119071699222%2C%22model_selection_logic%22%3A3%7D&sp_atk=40a8e1f1-f796-4dbd-b7a7-6ef5dc021a52&xptdk=40a8e1f1-f796-4dbd-b7a7-6ef5dc021a52
https://down-id.img.susercontent.com/file/id-11134207-822wm-mn0y361d04jmed,https://down-id.img.susercontent.com/file/id-11134258-8224v-mkvw0cu9r7k1a5,"Lenovo Ideapad Slim 3i i3-1315U 512GB SSD 8GB FHD 15.6"" Win11+OHS",https://deo.shopeemobile.com/shopee/modules-federation/live/0/shopee__item-card-standard-v2/0.2.8/pc/7c9110f78e069acbced7.png,Rp,8.209.000,-37%,https://deo.shopeemobile.com/shopee/modules-federation/live/0/shopee__item-card-standard-v2/0.2.8/pc/b4d1b8a78b3621dbdf4a.svg,,https://deo.shopeemobile.com/shopee/modules-federation/live/0/shopee__item-card-standard-v2/0.2.8/pc/38e203dc86172a6c6560.svg,1 Terjual,https://deo.shopeemobile.com/shopee/modules-federation/live/0/shopee__item-card-standard-v2/0.2.8/pc/5dd7b4560d0e2d3190e8.svg,Tangerang,https://deo.shopeemobile.com/shopee/modules-federation/live/0/shopee__item-card-standard-v2/0.2.8/pc/0614b8f0a8fdde22942d.svg,< 2 Hari,,https://deo.shopeemobile.com/shopee/modules-federation/live/0/shopee__item-card-standard-v2/0.2.8/pc/0614b8f0a8fdde22942d.svg,"Lenovo Ideapad Slim 3i i3-1315U 512GB SSD 8GB FHD 15.6"" Win11+OHS
Rp
8.209.000
-37%
1 Terjual
< 2 Hari
Tangerang",https://shopee.co.id/Lenovo-Ideapad-Slim-3i-i3-1315U-512GB-SSD-8GB-FHD-15.6-Win11-OHS-i.1102135040.56058771818?extraParams=%7B%22display_model_id%22%3A340779448379%2C%22model_selection_logic%22%3A3%7D&sp_atk=c8a0bc5e-7d28-4bb1-96a9-fda933f81eed&xptdk=c8a0bc5e-7d28-4bb1-96a9-fda933f81eed
https://down-id.img.susercontent.com/file/id-11134207-8224v-mgyx2v3gj47d6f,https://down-id.img.susercontent.com/file/id-11134258-8224v-mkvw0cu9r7k1a5,"Lenovo Ideapad Slim 3 14"" FHD Ryzen 5 16GB 512GB SSD",https://deo.shopeemobile.com/shopee/modules-federation/live/0/shopee__item-card-standard-v2/0.2.8/pc/a425c915798471b33e5d.png,Rp,10.025.000,,,5.0,https://deo.shopeemobile.com/shopee/modules-federation/live/0/shopee__item-card-standard-v2/0.2.8/pc/76dff349290d20891fc1.svg,22 Terjual,https://deo.shopeemobile.com/shopee/modules-federation/live/0/shopee__item-card-standard-v2/0.2.8/pc/5dd7b4560d0e2d3190e8.svg,Malang,,,Cicilan,https://deo.shopeemobile.com/shopee/modules-federation/live/0/shopee__item-card-standard-v2/0.2.8/pc/d7099d3fd1dfdaf705ab.svg,"Lenovo Ideapad Slim 3 14"" FHD Ryzen 5 16GB 512GB SSD
Rp
10.025.000
Cicilan
5.0
22 Terjual
1-3 Hari
Malang",https://shopee.co.id/Lenovo-Ideapad-Slim-3-14-FHD-Ryzen-5-16GB-512GB-SSD-i.164898651.10215056361?extraParams=%7B%22display_model_id%22%3A233355974763%2C%22model_selection_logic%22%3A3%7D&sp_atk=ac35fb38-f395-469e-8c46-a662fe5de064&xptdk=ac35fb38-f395-469e-8c46-a662fe5de064
https://down-id.img.susercontent.com/file/id-11134207-82251-mjupfiw6172cc1,https://down-id.img.susercontent.com/file/id-11134258-8224v-mkvw0cu9r7k1a5,Lenovo V14 G4 AMN AMD Ryzen 3 7320 8GB 256GB SSD Windows 1114 Inch FHD 7320u 0XID,https://deo.shopeemobile.com/shopee/modules-federation/live/0/shopee__item-card-standard-v2/0.2.8/pc/7c9110f78e069acbced7.png,Rp,7.610.000,-37%,https://deo.shopeemobile.com/shopee/modules-federation/live/0/shopee__item-card-standard-v2/0.2.8/pc/b4d1b8a78b3621dbdf4a.svg,5.0,https://deo.shopeemobile.com/shopee/modules-federation/live/0/shopee__item-card-standard-v2/0.2.8/pc/38e203dc86172a6c6560.svg,159 Terjual,https://deo.shopeemobile.com/shopee/modules-federation/live/0/shopee__item-card-standard-v2/0.2.8/pc/5dd7b4560d0e2d3190e8.svg,Jakarta Utara,https://deo.shopeemobile.com/shopee/modules-federation/live/0/shopee__item-card-standard-v2/0.2.8/pc/0614b8f0a8fdde22942d.svg,< 2 Hari,,https://deo.shopeemobile.com/shopee/modules-federation/live/0/shopee__item-card-standard-v2/0.2.8/pc/d7099d3fd1dfdaf705ab.svg,"Lenovo V14 G4 AMN AMD Ryzen 3 7320 8GB 256GB SSD Windows 1114 Inch FHD 7320u 0XID
Rp
7.610.000
-37%
5.0
159 Terjual
< 2 Hari
Jakarta Utara",https://shopee.co.id/Lenovo-V14-G4-AMN-AMD-Ryzen-3-7320-8GB-256GB-SSD-Windows-1114-Inch-FHD-7320u-0XID-i.468999408.21983363674?extraParams=%7B%22display_model_id%22%3A335464736614%2C%22model_selection_logic%22%3A3%7D&sp_atk=88437922-467c-4760-92f2-f55feca22546&xptdk=88437922-467c-4760-92f2-f55feca22546