-image-yazkc-11,-image-yazkc-11_2,text-sm,inline-block,text-xs/sp14,font-medium,text-xs/sp14_2,pointer-events-none,w-auto,text-white,pointer-events-none_2,align-middle,text-shopee-primary,pointer-events-none_3,text-shopee-green,truncate,img_2,_container,_container_link
https://down-id.img.susercontent.com/file/id-11134207-8224s-mgn85zfo17gq8e,https://down-id.img.susercontent.com/file/id-11134258-822wr-mlx67rtd6r602f,Apple Macbook Air Retina 2020 13 inch M1 Core i3 i5 i7 M1,https://deo.shopeemobile.com/shopee/modules-federation/live/0/shopee__item-card-standard-v2/0.2.8/pc/e4734dab67ee2f9ebd5a.png,Rp,8.399.000,5.0,https://deo.shopeemobile.com/shopee/modules-federation/live/0/shopee__item-card-standard-v2/0.2.8/pc/38e203dc86172a6c6560.svg,https://deo.shopeemobile.com/shopee/modules-federation/live/0/shopee__item-card-standard-v2/0.2.8/pc/0614b8f0a8fdde22942d.svg,< 2 Hari,https://deo.shopeemobile.com/shopee/modules-federation/live/0/shopee__item-card-standard-v2/0.2.8/pc/5dd7b4560d0e2d3190e8.svg,Pekanbaru,,,3 Terjual,,https://deo.shopeemobile.com/shopee/modules-federation/live/0/shopee__item-card-standard-v2/0.2.8/pc/d7099d3fd1dfdaf705ab.svg,"Apple Macbook Air Retina 2020 13 inch M1 Core i3 i5 i7 M1
Rp
8.399.000
5.0
3 Terjual
< 2 Hari
Pekanbaru",https://shopee.co.id/Apple-Macbook-Air-Retina-2020-13-inch-M1-Core-i3-i5-i7-M1-i.8739465.22353897356?extraParams=%7B%22display_model_id%22%3A425738643068%2C%22model_selection_logic%22%3A3%7D&sp_atk=e5e9b322-6f20-4845-b20a-b8115a2d99c0&xptdk=e5e9b322-6f20-4845-b20a-b8115a2d99c0
https://down-id.img.susercontent.com/file/id-11134207-822wp-mn2vra62bz0j26,,Macbook Pro Touch Bar 13 15 16 2016 2017 2018 2019 2020,,Rp,8.132.000,5.0,https://deo.shopeemobile.com/shopee/modules-federation/live/0/shopee__item-card-standard-v2/0.2.8/pc/38e203dc86172a6c6560.svg,https://deo.shopeemobile.com/shopee/modules-federation/live/0/shopee__item-card-standard-v2/0.2.8/pc/0614b8f0a8fdde22942d.svg,< 2 Hari,https://deo.shopeemobile.com/shopee/modules-federation/live/0/shopee__item-card-standard-v2/0.2.8/pc/5dd7b4560d0e2d3190e8.svg,Surakarta (Solo),,,6 Terjual,,https://deo.shopeemobile.com/shopee/modules-federation/live/0/shopee__item-card-standard-v2/0.2.8/pc/d7099d3fd1dfdaf705ab.svg,"Macbook Pro Touch Bar 13 15 16 2016 2017 2018 2019 2020
Rp
8.132.000
5.0
6 Terjual
< 2 Hari
Surakarta (Solo)",https://shopee.co.id/Macbook-Pro-Touch-Bar-13-15-16-2016-2017-2018-2019-2020-i.1691758562.53858059613?extraParams=%7B%22display_model_id%22%3A262559814056%2C%22model_selection_logic%22%3A3%7D&sp_atk=7a7d521a-1eb1-4ca3-b303-b208aa5740ee&xptdk=7a7d521a-1eb1-4ca3-b303-b208aa5740ee
https://down-id.img.susercontent.com/file/id-11134207-822wi-mn7fiigdxon695,,Macbook Air Retina 2018 2019 2020 M1,,Rp,3.745.000,5.0,https://deo.shopeemobile.com/shopee/modules-federation/live/0/shopee__item-card-standard-v2/0.2.8/pc/38e203dc86172a6c6560.svg,https://deo.shopeemobile.com/shopee/modules-federation/live/0/shopee__item-card-standard-v2/0.2.8/pc/0614b8f0a8fdde22942d.svg,< 2 Hari,https://deo.shopeemobile.com/shopee/modules-federation/live/0/shopee__item-card-standard-v2/0.2.8/pc/5dd7b4560d0e2d3190e8.svg,Surakarta (Solo),,,12 Terjual,,https://deo.shopeemobile.com/shopee/modules-federation/live/0/shopee__item-card-standard-v2/0.2.8/pc/d7099d3fd1dfdaf705ab.svg,"Macbook Air Retina 2018 2019 2020 M1
Rp
3.745.000
5.0
12 Terjual
< 2 Hari
Surakarta (Solo)",https://shopee.co.id/Macbook-Air-Retina-2018-2019-2020-M1-i.1691758562.28444488574?extraParams=%7B%22display_model_id%22%3A390826576979%2C%22model_selection_logic%22%3A3%7D&sp_atk=a88800ff-019f-4dfd-90d7-28148692185f&xptdk=a88800ff-019f-4dfd-90d7-28148692185f
https://down-id.img.susercontent.com/file/id-11134207-7r98p-lnph0ceusora61,https://down-id.img.susercontent.com/file/id-11134258-8224v-mkvw0cu9r7k1a5,"Macbook Air 2018 13"" Dual Core i5 16/512GB Retina",https://deo.shopeemobile.com/shopee/modules-federation/live/0/shopee__item-card-standard-v2/0.2.8/pc/e4734dab67ee2f9ebd5a.png,Rp,4.979.000,5.0,https://deo.shopeemobile.com/shopee/modules-federation/live/0/shopee__item-card-standard-v2/0.2.8/pc/38e203dc86172a6c6560.svg,https://deo.shopeemobile.com/shopee/modules-federation/live/0/shopee__item-card-standard-v2/0.2.8/pc/0614b8f0a8fdde22942d.svg,< 2 Hari,https://deo.shopeemobile.com/shopee/modules-federation/live/0/shopee__item-card-standard-v2/0.2.8/pc/5dd7b4560d0e2d3190e8.svg,Jakarta Selatan,-48%,https://deo.shopeemobile.com/shopee/modules-federation/live/0/shopee__item-card-standard-v2/0.2.8/pc/b4d1b8a78b3621dbdf4a.svg,63 Terjual,,https://deo.shopeemobile.com/shopee/modules-federation/live/0/shopee__item-card-standard-v2/0.2.8/pc/d7099d3fd1dfdaf705ab.svg,"Macbook Air 2018 13"" Dual Core i5 16/512GB Retina
Rp
4.979.000
-48%
5.0
63 Terjual
< 2 Hari
Jakarta Selatan",https://shopee.co.id/Macbook-Air-2018-13-Dual-Core-i5-16-512GB-Retina-i.28367850.19361804890?extraParams=%7B%22display_model_id%22%3A213481714810%2C%22model_selection_logic%22%3A3%7D&sp_atk=8807dee3-030a-4318-a8f0-837a115e9ff8&xptdk=8807dee3-030a-4318-a8f0-837a115e9ff8
https://down-id.img.susercontent.com/file/id-11134207-822wg-mn48bj1z670g41,,Macbook Air M2 M3 M4 Neo,,Rp,13.696.000,5.0,https://deo.shopeemobile.com/shopee/modules-federation/live/0/shopee__item-card-standard-v2/0.2.8/pc/38e203dc86172a6c6560.svg,https://deo.shopeemobile.com/shopee/modules-federation/live/0/shopee__item-card-standard-v2/0.2.8/pc/0614b8f0a8fdde22942d.svg,< 2 Hari,https://deo.shopeemobile.com/shopee/modules-federation/live/0/shopee__item-card-standard-v2/0.2.8/pc/5dd7b4560d0e2d3190e8.svg,Surakarta (Solo),,,11 Terjual,,https://deo.shopeemobile.com/shopee/modules-federation/live/0/shopee__item-card-standard-v2/0.2.8/pc/d7099d3fd1dfdaf705ab.svg,"Macbook Air M2 M3 M4 Neo
Rp
13.696.000
5.0
11 Terjual
< 2 Hari
Surakarta (Solo)",https://shopee.co.id/Macbook-Air-M2-M3-M4-Neo-i.1691758562.44958074499?extraParams=%7B%22display_model_id%22%3A148009786803%2C%22model_selection_logic%22%3A3%7D&sp_atk=d8539709-c97b-4225-9eb6-a9711893982e&xptdk=d8539709-c97b-4225-9eb6-a9711893982e
https://down-id.img.susercontent.com/file/id-11134207-7rasd-m2m7eumqo54v6a,https://down-id.img.susercontent.com/file/id-11134258-8224v-mkvw0cu9r7k1a5,"MacBook Air 2020 13"" Intel Quad Core i7 16/512GB Retina",https://deo.shopeemobile.com/shopee/modules-federation/live/0/shopee__item-card-standard-v2/0.2.8/pc/e4734dab67ee2f9ebd5a.png,Rp,5.679.000,5.0,https://deo.shopeemobile.com/shopee/modules-federation/live/0/shopee__item-card-standard-v2/0.2.8/pc/38e203dc86172a6c6560.svg,https://deo.shopeemobile.com/shopee/modules-federation/live/0/shopee__item-card-standard-v2/0.2.8/pc/0614b8f0a8fdde22942d.svg,< 2 Hari,https://deo.shopeemobile.com/shopee/modules-federation/live/0/shopee__item-card-standard-v2/0.2.8/pc/5dd7b4560d0e2d3190e8.svg,Tangerang,-19%,https://deo.shopeemobile.com/shopee/modules-federation/live/0/shopee__item-card-standard-v2/0.2.8/pc/b4d1b8a78b3621dbdf4a.svg,60 Terjual,,https://deo.shopeemobile.com/shopee/modules-federation/live/0/shopee__item-card-standard-v2/0.2.8/pc/d7099d3fd1dfdaf705ab.svg,"MacBook Air 2020 13"" Intel Quad Core i7 16/512GB Retina
Rp
5.679.000
-19%
5.0
60 Terjual
< 2 Hari
Tangerang",https://shopee.co.id/MacBook-Air-2020-13-Intel-Quad-Core-i7-16-512GB-Retina-i.969760851.27567706421?extraParams=%7B%22display_model_id%22%3A296222809147%2C%22model_selection_logic%22%3A3%7D&sp_atk=9e2950da-49d2-4d3f-8d6b-800afafac47e&xptdk=9e2950da-49d2-4d3f-8d6b-800afafac47e
https://down-id.img.susercontent.com/file/id-11134207-7rasl-m31rg1tvp3pb32,https://down-id.img.susercontent.com/file/id-11134258-8224v-mkvw0cu9r7k1a5,Macbook Pro M1 2020 Touchbar 13 Inch Ram 8/256GB Termurah Original TERLENGKAP,https://deo.shopeemobile.com/shopee/modules-federation/live/0/shopee__item-card-standard-v2/0.2.8/pc/a425c915798471b33e5d.png,Rp,10.879.000,5.0,https://deo.shopeemobile.com/shopee/modules-federation/live/0/shopee__item-card-standard-v2/0.2.8/pc/38e203dc86172a6c6560.svg,https://deo.shopeemobile.com/shopee/modules-federation/live/0/shopee__item-card-standard-v2/0.2.8/pc/0614b8f0a8fdde22942d.svg,< 2 Hari,https://deo.shopeemobile.com/shopee/modules-federation/live/0/shopee__item-card-standard-v2/0.2.8/pc/5dd7b4560d0e2d3190e8.svg,Malang,-22%,https://deo.shopeemobile.com/shopee/modules-federation/live/0/shopee__item-card-standard-v2/0.2.8/pc/b4d1b8a78b3621dbdf4a.svg,21 Terjual,,https://deo.shopeemobile.com/shopee/modules-federation/live/0/shopee__item-card-standard-v2/0.2.8/pc/d7099d3fd1dfdaf705ab.svg,"Macbook Pro M1 2020 Touchbar 13 Inch Ram 8/256GB Termurah Original TERLENGKAP
Rp
10.879.000
-22%
5.0
21 Terjual
< 2 Hari
Malang",https://shopee.co.id/Macbook-Pro-M1-2020-Touchbar-13-Inch-Ram-8-256GB-Termurah-Original-TERLENGKAP-i.324462083.22621884396?extraParams=%7B%22display_model_id%22%3A260524710105%2C%22model_selection_logic%22%3A3%7D&sp_atk=134616ea-f589-4773-a0bc-a69b9498270d&xptdk=134616ea-f589-4773-a0bc-a69b9498270d
https://down-id.img.susercontent.com/file/id-11134207-7r98x-lvyk8kd2a2kt83,https://down-id.img.susercontent.com/file/id-11134258-8224v-mkvw0cu9r7k1a5,"Macbook Pro 2020 13"" Quad Core i7 32/1TB Touchbar",https://deo.shopeemobile.com/shopee/modules-federation/live/0/shopee__item-card-standard-v2/0.2.8/pc/e4734dab67ee2f9ebd5a.png,Rp,7.379.000,4.9,https://deo.shopeemobile.com/shopee/modules-federation/live/0/shopee__item-card-standard-v2/0.2.8/pc/38e203dc86172a6c6560.svg,https://deo.shopeemobile.com/shopee/modules-federation/live/0/shopee__item-card-standard-v2/0.2.8/pc/0614b8f0a8fdde22942d.svg,< 2 Hari,https://deo.shopeemobile.com/shopee/modules-federation/live/0/shopee__item-card-standard-v2/0.2.8/pc/5dd7b4560d0e2d3190e8.svg,Jakarta Selatan,-18%,https://deo.shopeemobile.com/shopee/modules-federation/live/0/shopee__item-card-standard-v2/0.2.8/pc/b4d1b8a78b3621dbdf4a.svg,222 Terjual,,https://deo.shopeemobile.com/shopee/modules-federation/live/0/shopee__item-card-standard-v2/0.2.8/pc/d7099d3fd1dfdaf705ab.svg,"Macbook Pro 2020 13"" Quad Core i7 32/1TB Touchbar
Rp
7.379.000
-18%
4.9
222 Terjual
< 2 Hari
Jakarta Selatan",https://shopee.co.id/Macbook-Pro-2020-13-Quad-Core-i7-32-1TB-Touchbar-i.28367850.26801472709?extraParams=%7B%22display_model_id%22%3A223575870527%2C%22model_selection_logic%22%3A3%7D&sp_atk=73305998-b9fe-4853-ad81-d03c738540a7&xptdk=73305998-b9fe-4853-ad81-d03c738540a7
https://down-id.img.susercontent.com/file/id-11134207-822wg-mmyafdpj94w4bf,https://down-id.img.susercontent.com/file/id-11134258-822wr-mlx67rtd6r602f,Macbook Air 13 M1 M2 2020 2022,https://deo.shopeemobile.com/shopee/modules-federation/live/0/shopee__item-card-standard-v2/0.2.8/pc/e4734dab67ee2f9ebd5a.png,Rp,8.132.000,5.0,https://deo.shopeemobile.com/shopee/modules-federation/live/0/shopee__item-card-standard-v2/0.2.8/pc/38e203dc86172a6c6560.svg,https://deo.shopeemobile.com/shopee/modules-federation/live/0/shopee__item-card-standard-v2/0.2.8/pc/0614b8f0a8fdde22942d.svg,< 2 Hari,https://deo.shopeemobile.com/shopee/modules-federation/live/0/shopee__item-card-standard-v2/0.2.8/pc/5dd7b4560d0e2d3190e8.svg,Semarang,,,84 Terjual,,https://deo.shopeemobile.com/shopee/modules-federation/live/0/shopee__item-card-standard-v2/0.2.8/pc/d7099d3fd1dfdaf705ab.svg,"Macbook Air 13 M1 M2 2020 2022
Rp
8.132.000
5.0
84 Terjual
< 2 Hari
Semarang",https://shopee.co.id/Macbook-Air-13-M1-M2-2020-2022-i.1198084770.29430792532?extraParams=%7B%22display_model_id%22%3A390806212538%2C%22model_selection_logic%22%3A3%7D&sp_atk=91768f96-99e2-4b65-a6fb-8f9815430270&xptdk=91768f96-99e2-4b65-a6fb-8f9815430270
https://down-id.img.susercontent.com/file/id-11134207-7rasb-m361dhm9tez5b0,https://down-id.img.susercontent.com/file/id-11134258-8224v-mkvw0cu9r7k1a5,"MacBook Pro 2020 13"" Quad Core i7 32/512GB TouchBar",https://deo.shopeemobile.com/shopee/modules-federation/live/0/shopee__item-card-standard-v2/0.2.8/pc/e4734dab67ee2f9ebd5a.png,Rp,7.379.000,4.9,https://deo.shopeemobile.com/shopee/modules-federation/live/0/shopee__item-card-standard-v2/0.2.8/pc/38e203dc86172a6c6560.svg,https://deo.shopeemobile.com/shopee/modules-federation/live/0/shopee__item-card-standard-v2/0.2.8/pc/0614b8f0a8fdde22942d.svg,< 2 Hari,https://deo.shopeemobile.com/shopee/modules-federation/live/0/shopee__item-card-standard-v2/0.2.8/pc/5dd7b4560d0e2d3190e8.svg,Tangerang,-22%,https://deo.shopeemobile.com/shopee/modules-federation/live/0/shopee__item-card-standard-v2/0.2.8/pc/b4d1b8a78b3621dbdf4a.svg,67 Terjual,,https://deo.shopeemobile.com/shopee/modules-federation/live/0/shopee__item-card-standard-v2/0.2.8/pc/d7099d3fd1dfdaf705ab.svg,"MacBook Pro 2020 13"" Quad Core i7 32/512GB TouchBar
Rp
7.379.000
-22%
4.9
67 Terjual
< 2 Hari
Tangerang",https://shopee.co.id/MacBook-Pro-2020-13-Quad-Core-i7-32-512GB-TouchBar-i.969760851.26869191256?extraParams=%7B%22display_model_id%22%3A237300867571%2C%22model_selection_logic%22%3A3%7D&sp_atk=91fd831a-f1f7-45e2-a096-5b6faa821dae&xptdk=91fd831a-f1f7-45e2-a096-5b6faa821dae
https://down-id.img.susercontent.com/file/id-11134207-822wt-mne2h4iqgbgl23,https://down-id.img.susercontent.com/file/id-11134258-822wr-mlx67rtd6r602f,Macbook Pro 13 M1,https://deo.shopeemobile.com/shopee/modules-federation/live/0/shopee__item-card-standard-v2/0.2.8/pc/e4734dab67ee2f9ebd5a.png,Rp,10.165.000,5.0,https://deo.shopeemobile.com/shopee/modules-federation/live/0/shopee__item-card-standard-v2/0.2.8/pc/38e203dc86172a6c6560.svg,https://deo.shopeemobile.com/shopee/modules-federation/live/0/shopee__item-card-standard-v2/0.2.8/pc/0614b8f0a8fdde22942d.svg,< 2 Hari,https://deo.shopeemobile.com/shopee/modules-federation/live/0/shopee__item-card-standard-v2/0.2.8/pc/5dd7b4560d0e2d3190e8.svg,Semarang,,,25 Terjual,,https://deo.shopeemobile.com/shopee/modules-federation/live/0/shopee__item-card-standard-v2/0.2.8/pc/d7099d3fd1dfdaf705ab.svg,"Macbook Pro 13 M1
Rp
10.165.000
5.0
25 Terjual
< 2 Hari
Semarang",https://shopee.co.id/Macbook-Pro-13-M1-i.1198084770.28935704239?extraParams=%7B%22display_model_id%22%3A365827841246%2C%22model_selection_logic%22%3A3%7D&sp_atk=75fc7101-b360-41fa-99df-d4f8aacc5596&xptdk=75fc7101-b360-41fa-99df-d4f8aacc5596
https://down-id.img.susercontent.com/file/id-11134207-7ras8-m34tbuek5dov9e,https://down-id.img.susercontent.com/file/id-11134258-8224v-mkvw0cu9r7k1a5,"MacBook Air 2020 13"" M1 16/512 - M1 8/256 SSD",https://deo.shopeemobile.com/shopee/modules-federation/live/0/shopee__item-card-standard-v2/0.2.8/pc/e4734dab67ee2f9ebd5a.png,Rp,7.979.000,5.0,https://deo.shopeemobile.com/shopee/modules-federation/live/0/shopee__item-card-standard-v2/0.2.8/pc/38e203dc86172a6c6560.svg,https://deo.shopeemobile.com/shopee/modules-federation/live/0/shopee__item-card-standard-v2/0.2.8/pc/0614b8f0a8fdde22942d.svg,< 2 Hari,https://deo.shopeemobile.com/shopee/modules-federation/live/0/shopee__item-card-standard-v2/0.2.8/pc/5dd7b4560d0e2d3190e8.svg,Tangerang,-20%,https://deo.shopeemobile.com/shopee/modules-federation/live/0/shopee__item-card-standard-v2/0.2.8/pc/b4d1b8a78b3621dbdf4a.svg,86 Terjual,,https://deo.shopeemobile.com/shopee/modules-federation/live/0/shopee__item-card-standard-v2/0.2.8/pc/d7099d3fd1dfdaf705ab.svg,"MacBook Air 2020 13"" M1 16/512 - M1 8/256 SSD
Rp
7.979.000
-20%
5.0
86 Terjual
< 2 Hari
Tangerang",https://shopee.co.id/MacBook-Air-2020-13-M1-16-512-M1-8-256-SSD-i.969760851.26169076304?extraParams=%7B%22display_model_id%22%3A228075310554%2C%22model_selection_logic%22%3A3%7D&sp_atk=d3587bf3-9388-4d4b-bc01-cf22ac5a05ef&xptdk=d3587bf3-9388-4d4b-bc01-cf22ac5a05ef
https://down-id.img.susercontent.com/file/id-11134207-7rbkd-m8vsumgybze5ee,https://down-id.img.susercontent.com/file/id-11134258-822wr-mlx67rtd6r602f,Macbook Pro Retina 2019 13inch Core i5 8/256GB Touchbar Original Bergaransi,https://deo.shopeemobile.com/shopee/modules-federation/live/0/shopee__item-card-standard-v2/0.2.8/pc/a425c915798471b33e5d.png,Rp,6.879.000,5.0,https://deo.shopeemobile.com/shopee/modules-federation/live/0/shopee__item-card-standard-v2/0.2.8/pc/76dff349290d20891fc1.svg,,,https://deo.shopeemobile.com/shopee/modules-federation/live/0/shopee__item-card-standard-v2/0.2.8/pc/5dd7b4560d0e2d3190e8.svg,Surabaya,-26%,https://deo.shopeemobile.com/shopee/modules-federation/live/0/shopee__item-card-standard-v2/0.2.8/pc/b4d1b8a78b3621dbdf4a.svg,9 Terjual,,https://deo.shopeemobile.com/shopee/modules-federation/live/0/shopee__item-card-standard-v2/0.2.8/pc/d7099d3fd1dfdaf705ab.svg,"Macbook Pro Retina 2019 13inch Core i5 8/256GB Touchbar Original Bergaransi
Rp
6.879.000
-26%
5.0
9 Terjual
2-3 Hari
Surabaya",https://shopee.co.id/Macbook-Pro-Retina-2019-13inch-Core-i5-8-256GB-Touchbar-Original-Bergaransi-i.1468366679.27329637383?extraParams=%7B%22display_model_id%22%3A295469924435%2C%22model_selection_logic%22%3A3%7D&sp_atk=92ea065f-23a1-4af9-811d-6e2cedd7e022&xptdk=92ea065f-23a1-4af9-811d-6e2cedd7e022
https://down-id.img.susercontent.com/file/id-11134207-822wg-mmibt9116wp4d5,https://down-id.img.susercontent.com/file/id-11134258-8224v-mkvw0cu9r7k1a5,"APPLE MACBOOK AIR 13 M4 8C GPU 10C CPU 16GB 256GB 13.6"" LIQUID RETINA IPS HDR10+ DOLBY VISION",https://deo.shopeemobile.com/shopee/modules-federation/live/0/shopee__item-card-standard-v2/0.2.8/pc/7c9110f78e069acbced7.png,Rp,16.746.000,5.0,https://deo.shopeemobile.com/shopee/modules-federation/live/0/shopee__item-card-standard-v2/0.2.8/pc/38e203dc86172a6c6560.svg,https://deo.shopeemobile.com/shopee/modules-federation/live/0/shopee__item-card-standard-v2/0.2.8/pc/0614b8f0a8fdde22942d.svg,< 2 Hari,https://deo.shopeemobile.com/shopee/modules-federation/live/0/shopee__item-card-standard-v2/0.2.8/pc/5dd7b4560d0e2d3190e8.svg,Bandung,,,11 Terjual,,https://deo.shopeemobile.com/shopee/modules-federation/live/0/shopee__item-card-standard-v2/0.2.8/pc/d7099d3fd1dfdaf705ab.svg,"APPLE MACBOOK AIR 13 M4 8C GPU 10C CPU 16GB 256GB 13.6"" LIQUID RETINA IPS HDR10+ DOLBY VISION
Rp
16.746.000
5.0
11 Terjual
< 2 Hari
Bandung",https://shopee.co.id/APPLE-MACBOOK-AIR-13-M4-8C-GPU-10C-CPU-16GB-256GB-13.6-LIQUID-RETINA-IPS-HDR10-DOLBY-VISION-i.1031896757.57557015536?extraParams=%7B%22display_model_id%22%3A440626099200%2C%22model_selection_logic%22%3A3%7D&sp_atk=91998a89-b8bf-4c66-afba-68992becaa9e&xptdk=91998a89-b8bf-4c66-afba-68992becaa9e
https://down-id.img.susercontent.com/file/id-11134207-7rasj-m1saka3n70hne0,https://down-id.img.susercontent.com/file/id-11134258-8224v-mkvw0cu9r7k1a5,"Macbook Air 2020 13"" Quad Core i7 16/512GB",https://deo.shopeemobile.com/shopee/modules-federation/live/0/shopee__item-card-standard-v2/0.2.8/pc/e4734dab67ee2f9ebd5a.png,Rp,5.679.000,4.9,https://deo.shopeemobile.com/shopee/modules-federation/live/0/shopee__item-card-standard-v2/0.2.8/pc/38e203dc86172a6c6560.svg,https://deo.shopeemobile.com/shopee/modules-federation/live/0/shopee__item-card-standard-v2/0.2.8/pc/0614b8f0a8fdde22942d.svg,< 2 Hari,https://deo.shopeemobile.com/shopee/modules-federation/live/0/shopee__item-card-standard-v2/0.2.8/pc/5dd7b4560d0e2d3190e8.svg,Jakarta Selatan,-19%,https://deo.shopeemobile.com/shopee/modules-federation/live/0/shopee__item-card-standard-v2/0.2.8/pc/b4d1b8a78b3621dbdf4a.svg,173 Terjual,,https://deo.shopeemobile.com/shopee/modules-federation/live/0/shopee__item-card-standard-v2/0.2.8/pc/d7099d3fd1dfdaf705ab.svg,"Macbook Air 2020 13"" Quad Core i7 16/512GB
Rp
5.679.000
-19%
4.9
173 Terjual
< 2 Hari
Jakarta Selatan",https://shopee.co.id/Macbook-Air-2020-13-Quad-Core-i7-16-512GB-i.28367850.23559381072?extraParams=%7B%22display_model_id%22%3A276194081048%2C%22model_selection_logic%22%3A3%7D&sp_atk=93f97da4-8a38-4298-bdc2-88b4b4175c17&xptdk=93f97da4-8a38-4298-bdc2-88b4b4175c17
https://down-id.img.susercontent.com/file/id-11134207-7rasb-m2m7eumqxz3zbe,https://down-id.img.susercontent.com/file/id-11134258-8224v-mkvw0cu9r7k1a5,"MacBook Pro 2019 13"" Intel Quad Core i7 16/1TB Touchbar",https://deo.shopeemobile.com/shopee/modules-federation/live/0/shopee__item-card-standard-v2/0.2.8/pc/e4734dab67ee2f9ebd5a.png,Rp,6.179.000,4.7,https://deo.shopeemobile.com/shopee/modules-federation/live/0/shopee__item-card-standard-v2/0.2.8/pc/38e203dc86172a6c6560.svg,https://deo.shopeemobile.com/shopee/modules-federation/live/0/shopee__item-card-standard-v2/0.2.8/pc/0614b8f0a8fdde22942d.svg,< 2 Hari,https://deo.shopeemobile.com/shopee/modules-federation/live/0/shopee__item-card-standard-v2/0.2.8/pc/5dd7b4560d0e2d3190e8.svg,Tangerang,-18%,https://deo.shopeemobile.com/shopee/modules-federation/live/0/shopee__item-card-standard-v2/0.2.8/pc/b4d1b8a78b3621dbdf4a.svg,69 Terjual,,https://deo.shopeemobile.com/shopee/modules-federation/live/0/shopee__item-card-standard-v2/0.2.8/pc/d7099d3fd1dfdaf705ab.svg,"MacBook Pro 2019 13"" Intel Quad Core i7 16/1TB Touchbar
Rp
6.179.000
-18%
4.7
69 Terjual
< 2 Hari
Tangerang",https://shopee.co.id/MacBook-Pro-2019-13-Intel-Quad-Core-i7-16-1TB-Touchbar-i.969760851.29417711555?extraParams=%7B%22display_model_id%22%3A281878675044%2C%22model_selection_logic%22%3A3%7D&sp_atk=ac5592d6-f58e-4d49-8908-d447d300dba2&xptdk=ac5592d6-f58e-4d49-8908-d447d300dba2
https://down-id.img.susercontent.com/file/id-11134207-822wk-mmlykqebzugy01,https://down-id.img.susercontent.com/file/id-11134258-822wr-mlx67rtd6r602f,"[PROMO] Macbook Pro/Air 13"" Retina 8GB SSD",https://deo.shopeemobile.com/shopee/modules-federation/live/0/shopee__item-card-standard-v2/0.2.8/pc/e4734dab67ee2f9ebd5a.png,Rp,2.295.000,5.0,https://deo.shopeemobile.com/shopee/modules-federation/live/0/shopee__item-card-standard-v2/0.2.8/pc/76dff349290d20891fc1.svg,,,https://deo.shopeemobile.com/shopee/modules-federation/live/0/shopee__item-card-standard-v2/0.2.8/pc/5dd7b4560d0e2d3190e8.svg,Jakarta Barat,-1%,https://deo.shopeemobile.com/shopee/modules-federation/live/0/shopee__item-card-standard-v2/0.2.8/pc/b4d1b8a78b3621dbdf4a.svg,24 Terjual,,https://deo.shopeemobile.com/shopee/modules-federation/live/0/shopee__item-card-standard-v2/0.2.8/pc/d7099d3fd1dfdaf705ab.svg,"[PROMO] Macbook Pro/Air 13"" Retina 8GB SSD
Rp
2.295.000
-1%
5.0
24 Terjual
3-4 Hari
Jakarta Barat",https://shopee.co.id/-PROMO-Macbook-Pro-Air-13-Retina-8GB-SSD-i.609911463.48702272112?extraParams=%7B%22display_model_id%22%3A385462545137%2C%22model_selection_logic%22%3A3%7D&sp_atk=79a807a4-c2ec-41e7-889a-78bc136e6f3f&xptdk=79a807a4-c2ec-41e7-889a-78bc136e6f3f
https://down-id.img.susercontent.com/file/id-11134207-7rasl-m2lyzfpvdryb19,https://down-id.img.susercontent.com/file/id-11134258-8224v-mkvw0cu9r7k1a5,"MacBook Air 2018 13"" Intel Dual Core i5 16/512GB Retina",https://deo.shopeemobile.com/shopee/modules-federation/live/0/shopee__item-card-standard-v2/0.2.8/pc/e4734dab67ee2f9ebd5a.png,Rp,4.979.000,5.0,https://deo.shopeemobile.com/shopee/modules-federation/live/0/shopee__item-card-standard-v2/0.2.8/pc/38e203dc86172a6c6560.svg,https://deo.shopeemobile.com/shopee/modules-federation/live/0/shopee__item-card-standard-v2/0.2.8/pc/0614b8f0a8fdde22942d.svg,< 2 Hari,https://deo.shopeemobile.com/shopee/modules-federation/live/0/shopee__item-card-standard-v2/0.2.8/pc/5dd7b4560d0e2d3190e8.svg,Tangerang,-34%,https://deo.shopeemobile.com/shopee/modules-federation/live/0/shopee__item-card-standard-v2/0.2.8/pc/b4d1b8a78b3621dbdf4a.svg,9 Terjual,,https://deo.shopeemobile.com/shopee/modules-federation/live/0/shopee__item-card-standard-v2/0.2.8/pc/d7099d3fd1dfdaf705ab.svg,"MacBook Air 2018 13"" Intel Dual Core i5 16/512GB Retina
Rp
4.979.000
-34%
5.0
9 Terjual
< 2 Hari
Tangerang",https://shopee.co.id/MacBook-Air-2018-13-Intel-Dual-Core-i5-16-512GB-Retina-i.969760851.26267685068?extraParams=%7B%22display_model_id%22%3A233911480417%2C%22model_selection_logic%22%3A3%7D&sp_atk=834f5764-0c21-428e-a43f-81b3576d8f88&xptdk=834f5764-0c21-428e-a43f-81b3576d8f88
https://down-id.img.susercontent.com/file/id-11134207-7r98o-lt3bsf3ygiv131,https://down-id.img.susercontent.com/file/id-11134258-8224v-mkvw0cu9r7k1a5,"Macbook Air 2020 Retina 13"" Core i3-i7 8GB-16GB SSD 256GB-512GB",,Rp,6.579.000,5.0,https://deo.shopeemobile.com/shopee/modules-federation/live/0/shopee__item-card-standard-v2/0.2.8/pc/38e203dc86172a6c6560.svg,https://deo.shopeemobile.com/shopee/modules-federation/live/0/shopee__item-card-standard-v2/0.2.8/pc/0614b8f0a8fdde22942d.svg,< 2 Hari,https://deo.shopeemobile.com/shopee/modules-federation/live/0/shopee__item-card-standard-v2/0.2.8/pc/5dd7b4560d0e2d3190e8.svg,Kab. Sleman,-25%,https://deo.shopeemobile.com/shopee/modules-federation/live/0/shopee__item-card-standard-v2/0.2.8/pc/b4d1b8a78b3621dbdf4a.svg,18 Terjual,Cicilan,https://deo.shopeemobile.com/shopee/modules-federation/live/0/shopee__item-card-standard-v2/0.2.8/pc/d7099d3fd1dfdaf705ab.svg,"Macbook Air 2020 Retina 13"" Core i3-i7 8GB-16GB SSD 256GB-512GB
Rp
6.579.000
-25%
Cicilan
5.0
18 Terjual
< 2 Hari
Kab. Sleman",https://shopee.co.id/Macbook-Air-2020-Retina-13-Core-i3-i7-8GB-16GB-SSD-256GB-512GB-i.27687459.7038957504?extraParams=%7B%22display_model_id%22%3A267109832559%2C%22model_selection_logic%22%3A3%7D&sp_atk=f2d3a523-a90c-4b6b-a8bf-8bca7098a390&xptdk=f2d3a523-a90c-4b6b-a8bf-8bca7098a390
https://down-id.img.susercontent.com/file/id-11134207-7r98v-lz0uer428fdn02,https://down-id.img.susercontent.com/file/id-11134258-8224v-mkvw0cu9r7k1a5,"Macbook Pro 2020 13"" M1 16/512GB Touchbar",https://deo.shopeemobile.com/shopee/modules-federation/live/0/shopee__item-card-standard-v2/0.2.8/pc/e4734dab67ee2f9ebd5a.png,Rp,9.979.000,4.9,https://deo.shopeemobile.com/shopee/modules-federation/live/0/shopee__item-card-standard-v2/0.2.8/pc/76dff349290d20891fc1.svg,,,https://deo.shopeemobile.com/shopee/modules-federation/live/0/shopee__item-card-standard-v2/0.2.8/pc/5dd7b4560d0e2d3190e8.svg,Jakarta Selatan,-26%,https://deo.shopeemobile.com/shopee/modules-federation/live/0/shopee__item-card-standard-v2/0.2.8/pc/b4d1b8a78b3621dbdf4a.svg,140 Terjual,,https://deo.shopeemobile.com/shopee/modules-federation/live/0/shopee__item-card-standard-v2/0.2.8/pc/d7099d3fd1dfdaf705ab.svg,"Macbook Pro 2020 13"" M1 16/512GB Touchbar
Rp
9.979.000
-26%
4.9
140 Terjual
3-4 Hari
Jakarta Selatan",https://shopee.co.id/Macbook-Pro-2020-13-M1-16-512GB-Touchbar-i.28367850.19690086989?extraParams=%7B%22display_model_id%22%3A231732458090%2C%22model_selection_logic%22%3A3%7D&sp_atk=05586f26-0c4b-431e-85b0-7e94cb052c44&xptdk=05586f26-0c4b-431e-85b0-7e94cb052c44
https://down-id.img.susercontent.com/file/id-11134207-822wq-mn5pfs1zfa4lca,https://down-id.img.susercontent.com/file/id-11134258-822wr-mlx67rtd6r602f,MacBook Pro / Air M3 13 14 15 16 Ram 8 16 24 SSD 256 512 1TB 2TB,https://deo.shopeemobile.com/shopee/modules-federation/live/0/shopee__item-card-standard-v2/0.2.8/pc/e4734dab67ee2f9ebd5a.png,Rp,39.483.000,5.0,https://deo.shopeemobile.com/shopee/modules-federation/live/0/shopee__item-card-standard-v2/0.2.8/pc/38e203dc86172a6c6560.svg,https://deo.shopeemobile.com/shopee/modules-federation/live/0/shopee__item-card-standard-v2/0.2.8/pc/0614b8f0a8fdde22942d.svg,< 2 Hari,https://deo.shopeemobile.com/shopee/modules-federation/live/0/shopee__item-card-standard-v2/0.2.8/pc/5dd7b4560d0e2d3190e8.svg,Semarang,,,12 Terjual,,https://deo.shopeemobile.com/shopee/modules-federation/live/0/shopee__item-card-standard-v2/0.2.8/pc/d7099d3fd1dfdaf705ab.svg,"MacBook Pro / Air M3 13 14 15 16 Ram 8 16 24 SSD 256 512 1TB 2TB
Rp
39.483.000
5.0
12 Terjual
< 2 Hari
Semarang",https://shopee.co.id/MacBook-Pro-Air-M3-13-14-15-16-Ram-8-16-24-SSD-256-512-1TB-2TB-i.1198084770.42620321297?extraParams=%7B%22display_model_id%22%3A320798845046%2C%22model_selection_logic%22%3A3%7D&sp_atk=2c21beec-a75a-4393-b732-53a82c474d9a&xptdk=2c21beec-a75a-4393-b732-53a82c474d9a
https://down-id.img.susercontent.com/file/id-11134207-822wi-mncfsoyurvur64,https://down-id.img.susercontent.com/file/id-11134258-822wr-mlx67rtd6r602f,MacBook 14 16 Pro M1 PRO M1 MAX,https://deo.shopeemobile.com/shopee/modules-federation/live/0/shopee__item-card-standard-v2/0.2.8/pc/e4734dab67ee2f9ebd5a.png,Rp,16.264.000,5.0,https://deo.shopeemobile.com/shopee/modules-federation/live/0/shopee__item-card-standard-v2/0.2.8/pc/38e203dc86172a6c6560.svg,https://deo.shopeemobile.com/shopee/modules-federation/live/0/shopee__item-card-standard-v2/0.2.8/pc/0614b8f0a8fdde22942d.svg,< 2 Hari,https://deo.shopeemobile.com/shopee/modules-federation/live/0/shopee__item-card-standard-v2/0.2.8/pc/5dd7b4560d0e2d3190e8.svg,Semarang,,,28 Terjual,,https://deo.shopeemobile.com/shopee/modules-federation/live/0/shopee__item-card-standard-v2/0.2.8/pc/d7099d3fd1dfdaf705ab.svg,"MacBook 14 16 Pro M1 PRO M1 MAX
Rp
16.264.000
5.0
28 Terjual
< 2 Hari
Semarang",https://shopee.co.id/MacBook-14-16-Pro-M1-PRO-M1-MAX-i.1198084770.24066523573?extraParams=%7B%22display_model_id%22%3A254213505575%2C%22model_selection_logic%22%3A3%7D&sp_atk=832cd14a-e4cd-4ffa-9579-9d14e62ab14e&xptdk=832cd14a-e4cd-4ffa-9579-9d14e62ab14e
https://down-id.img.susercontent.com/file/id-11134207-7rasl-m35y783bi4y768,https://down-id.img.susercontent.com/file/id-11134258-8224v-mkvw0cu9r7k1a5,"MacBook Pro 2020 13"" M1 16/1TB Touchbar",https://deo.shopeemobile.com/shopee/modules-federation/live/0/shopee__item-card-standard-v2/0.2.8/pc/e4734dab67ee2f9ebd5a.png,Rp,9.979.000,4.8,https://deo.shopeemobile.com/shopee/modules-federation/live/0/shopee__item-card-standard-v2/0.2.8/pc/38e203dc86172a6c6560.svg,https://deo.shopeemobile.com/shopee/modules-federation/live/0/shopee__item-card-standard-v2/0.2.8/pc/0614b8f0a8fdde22942d.svg,< 2 Hari,https://deo.shopeemobile.com/shopee/modules-federation/live/0/shopee__item-card-standard-v2/0.2.8/pc/5dd7b4560d0e2d3190e8.svg,Tangerang,-23%,https://deo.shopeemobile.com/shopee/modules-federation/live/0/shopee__item-card-standard-v2/0.2.8/pc/b4d1b8a78b3621dbdf4a.svg,55 Terjual,,https://deo.shopeemobile.com/shopee/modules-federation/live/0/shopee__item-card-standard-v2/0.2.8/pc/d7099d3fd1dfdaf705ab.svg,"MacBook Pro 2020 13"" M1 16/1TB Touchbar
Rp
9.979.000
-23%
4.8
55 Terjual
< 2 Hari
Tangerang",https://shopee.co.id/MacBook-Pro-2020-13-M1-16-1TB-Touchbar-i.969760851.28169170150?extraParams=%7B%22display_model_id%22%3A233527381504%2C%22model_selection_logic%22%3A3%7D&sp_atk=ee10b23f-70b7-48dc-9956-10b91b37c12a&xptdk=ee10b23f-70b7-48dc-9956-10b91b37c12a
https://down-id.img.susercontent.com/file/id-11134207-7rbk3-m9qrltn6zrku8a,https://down-id.img.susercontent.com/file/id-11134258-8224v-mkvw0cu9r7k1a5,"Macbook Air M3 13"" inch 2024 8/256 GB",,Rp,14.000.000,,https://deo.shopeemobile.com/shopee/modules-federation/live/0/shopee__item-card-standard-v2/0.2.8/pc/38e203dc86172a6c6560.svg,https://deo.shopeemobile.com/shopee/modules-federation/live/0/shopee__item-card-standard-v2/0.2.8/pc/0614b8f0a8fdde22942d.svg,< 2 Hari,https://deo.shopeemobile.com/shopee/modules-federation/live/0/shopee__item-card-standard-v2/0.2.8/pc/5dd7b4560d0e2d3190e8.svg,Jakarta Pusat,,,< 2 Hari,,https://deo.shopeemobile.com/shopee/modules-federation/live/0/shopee__item-card-standard-v2/0.2.8/pc/0614b8f0a8fdde22942d.svg,"Macbook Air M3 13"" inch 2024 8/256 GB
Rp
14.000.000
< 2 Hari
Jakarta Pusat",https://shopee.co.id/Macbook-Air-M3-13-inch-2024-8-256-GB-i.8863742.27686564051?extraParams=%7B%22display_model_id%22%3A206081769359%2C%22model_selection_logic%22%3A3%7D&sp_atk=d7585f5e-b8a0-4beb-a700-36ddea552251&xptdk=d7585f5e-b8a0-4beb-a700-36ddea552251
https://down-id.img.susercontent.com/file/id-11134207-7rbk9-m9qrltn73za620,https://down-id.img.susercontent.com/file/id-11134258-8224v-mkvw0cu9r7k1a5,"MacBook Pro 2021 14"" M1 PRO 16/512 SSD",,Rp,16.750.000,,https://deo.shopeemobile.com/shopee/modules-federation/live/0/shopee__item-card-standard-v2/0.2.8/pc/38e203dc86172a6c6560.svg,https://deo.shopeemobile.com/shopee/modules-federation/live/0/shopee__item-card-standard-v2/0.2.8/pc/0614b8f0a8fdde22942d.svg,< 2 Hari,https://deo.shopeemobile.com/shopee/modules-federation/live/0/shopee__item-card-standard-v2/0.2.8/pc/5dd7b4560d0e2d3190e8.svg,Jakarta Pusat,,,< 2 Hari,,https://deo.shopeemobile.com/shopee/modules-federation/live/0/shopee__item-card-standard-v2/0.2.8/pc/0614b8f0a8fdde22942d.svg,"MacBook Pro 2021 14"" M1 PRO 16/512 SSD
Rp
16.750.000
< 2 Hari
Jakarta Pusat",https://shopee.co.id/MacBook-Pro-2021-14-M1-PRO-16-512-SSD-i.8863742.29936564040?extraParams=%7B%22display_model_id%22%3A305064247667%2C%22model_selection_logic%22%3A3%7D&sp_atk=6d71e5cd-1ed1-47c5-a007-df302dfda8e0&xptdk=6d71e5cd-1ed1-47c5-a007-df302dfda8e0
https://down-id.img.susercontent.com/file/id-11134207-8224o-mjpbawa3mrk00c,https://down-id.img.susercontent.com/file/id-11134258-7r98w-lyezzaurybot13,"Macbook Air 13"" 2020 Retina i3/i5/i7 16GB/512GB SSD",,Rp,3.299.000,5.0,https://deo.shopeemobile.com/shopee/modules-federation/live/0/shopee__item-card-standard-v2/0.2.8/pc/76dff349290d20891fc1.svg,,,https://deo.shopeemobile.com/shopee/modules-federation/live/0/shopee__item-card-standard-v2/0.2.8/pc/5dd7b4560d0e2d3190e8.svg,Bandung,,,10 Terjual,,https://deo.shopeemobile.com/shopee/modules-federation/live/0/shopee__item-card-standard-v2/0.2.8/pc/d7099d3fd1dfdaf705ab.svg,"Macbook Air 13"" 2020 Retina i3/i5/i7 16GB/512GB SSD
Rp
3.299.000
5.0
10 Terjual
3-4 Hari
Bandung",https://shopee.co.id/Macbook-Air-13-2020-Retina-i3-i5-i7-16GB-512GB-SSD-i.1623633521.48352240203?extraParams=%7B%22display_model_id%22%3A307211994369%2C%22model_selection_logic%22%3A3%7D&sp_atk=9a842fc1-95d0-4b67-879d-87162f51df62&xptdk=9a842fc1-95d0-4b67-879d-87162f51df62
https://down-id.img.susercontent.com/file/id-11134207-822wi-mncgz3ll4s1x40,https://down-id.img.susercontent.com/file/id-11134258-822wr-mlx67rtd6r602f,MacBook Pro 13 14 16 M2,https://deo.shopeemobile.com/shopee/modules-federation/live/0/shopee__item-card-standard-v2/0.2.8/pc/e4734dab67ee2f9ebd5a.png,Rp,12.626.000,,https://deo.shopeemobile.com/shopee/modules-federation/live/0/shopee__item-card-standard-v2/0.2.8/pc/38e203dc86172a6c6560.svg,https://deo.shopeemobile.com/shopee/modules-federation/live/0/shopee__item-card-standard-v2/0.2.8/pc/0614b8f0a8fdde22942d.svg,< 2 Hari,https://deo.shopeemobile.com/shopee/modules-federation/live/0/shopee__item-card-standard-v2/0.2.8/pc/5dd7b4560d0e2d3190e8.svg,Semarang,,,2 Terjual,,https://deo.shopeemobile.com/shopee/modules-federation/live/0/shopee__item-card-standard-v2/0.2.8/pc/0614b8f0a8fdde22942d.svg,"MacBook Pro 13 14 16 M2
Rp
12.626.000
2 Terjual
< 2 Hari
Semarang",https://shopee.co.id/MacBook-Pro-13-14-16-M2-i.1198084770.25966526837?extraParams=%7B%22display_model_id%22%3A49953625011%2C%22model_selection_logic%22%3A3%7D&sp_atk=be6e33ca-4ab3-43d4-9ca2-e83d41ddf8c1&xptdk=be6e33ca-4ab3-43d4-9ca2-e83d41ddf8c1
https://down-id.img.susercontent.com/file/id-11134207-7rash-m3ohez9t4pg4cc,https://down-id.img.susercontent.com/file/id-11134258-8224v-mkvw0cu9r7k1a5,"MacBook Pro 2021 14"" M1 MAX 32/1TB SSD",https://deo.shopeemobile.com/shopee/modules-federation/live/0/shopee__item-card-standard-v2/0.2.8/pc/e4734dab67ee2f9ebd5a.png,Rp,16.379.000,4.7,https://deo.shopeemobile.com/shopee/modules-federation/live/0/shopee__item-card-standard-v2/0.2.8/pc/38e203dc86172a6c6560.svg,https://deo.shopeemobile.com/shopee/modules-federation/live/0/shopee__item-card-standard-v2/0.2.8/pc/0614b8f0a8fdde22942d.svg,< 2 Hari,https://deo.shopeemobile.com/shopee/modules-federation/live/0/shopee__item-card-standard-v2/0.2.8/pc/5dd7b4560d0e2d3190e8.svg,Tangerang,-18%,https://deo.shopeemobile.com/shopee/modules-federation/live/0/shopee__item-card-standard-v2/0.2.8/pc/b4d1b8a78b3621dbdf4a.svg,46 Terjual,,https://deo.shopeemobile.com/shopee/modules-federation/live/0/shopee__item-card-standard-v2/0.2.8/pc/d7099d3fd1dfdaf705ab.svg,"MacBook Pro 2021 14"" M1 MAX 32/1TB SSD
Rp
16.379.000
-18%
4.7
46 Terjual
< 2 Hari
Tangerang",https://shopee.co.id/MacBook-Pro-2021-14-M1-MAX-32-1TB-SSD-i.969760851.24489375442?extraParams=%7B%22display_model_id%22%3A252235598960%2C%22model_selection_logic%22%3A3%7D&sp_atk=6fca69d8-ec05-4f17-8b6b-a1e81f83efe5&xptdk=6fca69d8-ec05-4f17-8b6b-a1e81f83efe5
https://down-id.img.susercontent.com/file/id-11134207-8224x-miajmmouuqkk6d,https://down-id.img.susercontent.com/file/id-11134258-8224v-mkvw0cu9r7k1a5,iBox Apple Macbook Air 13 M4 10C GPU (24GB 512GB) 10C CPU | Garansi Resmi Indonesia,https://deo.shopeemobile.com/shopee/modules-federation/live/0/shopee__item-card-standard-v2/0.2.8/pc/7c9110f78e069acbced7.png,Rp,16.691.000,4.9,https://deo.shopeemobile.com/shopee/modules-federation/live/0/shopee__item-card-standard-v2/0.2.8/pc/38e203dc86172a6c6560.svg,https://deo.shopeemobile.com/shopee/modules-federation/live/0/shopee__item-card-standard-v2/0.2.8/pc/0614b8f0a8fdde22942d.svg,< 2 Hari,https://deo.shopeemobile.com/shopee/modules-federation/live/0/shopee__item-card-standard-v2/0.2.8/pc/5dd7b4560d0e2d3190e8.svg,Jakarta Utara,-68%,https://deo.shopeemobile.com/shopee/modules-federation/live/0/shopee__item-card-standard-v2/0.2.8/pc/b4d1b8a78b3621dbdf4a.svg,898 Terjual,,https://deo.shopeemobile.com/shopee/modules-federation/live/0/shopee__item-card-standard-v2/0.2.8/pc/d7099d3fd1dfdaf705ab.svg,"iBox Apple Macbook Air 13 M4 10C GPU (24GB 512GB) 10C CPU | Garansi Resmi Indonesia
Rp
16.691.000
-68%
4.9
898 Terjual
< 2 Hari
Jakarta Utara",https://shopee.co.id/iBox-Apple-Macbook-Air-13-M4-10C-GPU-(24GB-512GB)-10C-CPU-Garansi-Resmi-Indonesia-i.1105655476.28653993100?extraParams=%7B%22display_model_id%22%3A410758941926%2C%22model_selection_logic%22%3A3%7D&sp_atk=975991b9-9536-4560-acbb-589e16e0438c&xptdk=975991b9-9536-4560-acbb-589e16e0438c
https://down-id.img.susercontent.com/file/id-11134207-8224p-mil5czvn7r4294,https://down-id.img.susercontent.com/file/id-11134258-8224v-mkvw0cu9r7k1a5,"Apple MacBook Pro M5 14 inci (2025), 10 CPU, 10C GPU, 16GB RAM",https://deo.shopeemobile.com/shopee/modules-federation/live/0/shopee__item-card-standard-v2/0.2.8/pc/7c9110f78e069acbced7.png,Rp,27.099.000,4.9,https://deo.shopeemobile.com/shopee/modules-federation/live/0/shopee__item-card-standard-v2/0.2.8/pc/76dff349290d20891fc1.svg,,,https://deo.shopeemobile.com/shopee/modules-federation/live/0/shopee__item-card-standard-v2/0.2.8/pc/5dd7b4560d0e2d3190e8.svg,Jakarta Barat,-3%,https://deo.shopeemobile.com/shopee/modules-federation/live/0/shopee__item-card-standard-v2/0.2.8/pc/b4d1b8a78b3621dbdf4a.svg,147 Terjual,Produk Baru,https://deo.shopeemobile.com/shopee/modules-federation/live/0/shopee__item-card-standard-v2/0.2.8/pc/d7099d3fd1dfdaf705ab.svg,"Apple MacBook Pro M5 14 inci (2025), 10 CPU, 10C GPU, 16GB RAM
Rp
27.099.000
-3%
Produk Baru
4.9
147 Terjual
3-4 Hari
Jakarta Barat",https://shopee.co.id/Apple-MacBook-Pro-M5-14-inci-(2025)-10-CPU-10C-GPU-16GB-RAM-i.241308147.46953517697?extraParams=%7B%22display_model_id%22%3A445335558388%2C%22model_selection_logic%22%3A3%7D&sp_atk=ea047e6d-a253-4bd5-8c7e-5b8142739fa5&xptdk=ea047e6d-a253-4bd5-8c7e-5b8142739fa5
https://down-id.img.susercontent.com/file/id-11134207-8224w-mhmzvhddhte055,https://down-id.img.susercontent.com/file/id-11134258-8224v-mkvw0cu9r7k1a5,"Macbook air 13.6inci M4 16GB, 256GB 512GB  - MW0W3ID/A MW0Y3ID/A MW123ID/A 2025",https://deo.shopeemobile.com/shopee/modules-federation/live/0/shopee__item-card-standard-v2/0.2.8/pc/7c9110f78e069acbced7.png,Rp,17.109.000,4.9,https://deo.shopeemobile.com/shopee/modules-federation/live/0/shopee__item-card-standard-v2/0.2.8/pc/38e203dc86172a6c6560.svg,https://deo.shopeemobile.com/shopee/modules-federation/live/0/shopee__item-card-standard-v2/0.2.8/pc/0614b8f0a8fdde22942d.svg,Besok 11:00,https://deo.shopeemobile.com/shopee/modules-federation/live/0/shopee__item-card-standard-v2/0.2.8/pc/5dd7b4560d0e2d3190e8.svg,Surabaya,-5%,,39 Terjual,,https://deo.shopeemobile.com/shopee/modules-federation/live/0/shopee__item-card-standard-v2/0.2.8/pc/d7099d3fd1dfdaf705ab.svg,"Macbook air 13.6inci M4 16GB, 256GB 512GB - MW0W3ID/A MW0Y3ID/A MW123ID/A 2025
Rp
17.109.000
-5%
4.9
39 Terjual
Besok 11:00
Surabaya",https://shopee.co.id/Macbook-air-13.6inci-M4-16GB-256GB-512GB-MW0W3ID-A-MW0Y3ID-A-MW123ID-A-2025-i.26681244.43806397190?extraParams=%7B%22display_model_id%22%3A224320104603%2C%22model_selection_logic%22%3A3%7D&sp_atk=2c755b0a-370e-4c3c-89a7-98cd017330fd&xptdk=2c755b0a-370e-4c3c-89a7-98cd017330fd
https://down-id.img.susercontent.com/file/id-11134207-822wt-mn8ouhkt7kead8,https://down-id.img.susercontent.com/file/id-11134258-8224v-mkvw0cu9r7k1a5,MacBook Air M1 8/256gb Battery Health 87%,,Rp,8.450.000,,https://deo.shopeemobile.com/shopee/modules-federation/live/0/shopee__item-card-standard-v2/0.2.8/pc/38e203dc86172a6c6560.svg,https://deo.shopeemobile.com/shopee/modules-federation/live/0/shopee__item-card-standard-v2/0.2.8/pc/0614b8f0a8fdde22942d.svg,2 jam,https://deo.shopeemobile.com/shopee/modules-federation/live/0/shopee__item-card-standard-v2/0.2.8/pc/5dd7b4560d0e2d3190e8.svg,Kab. Sidoarjo,,,2 jam,,https://deo.shopeemobile.com/shopee/modules-federation/live/0/shopee__item-card-standard-v2/0.2.8/pc/0614b8f0a8fdde22942d.svg,"MacBook Air M1 8/256gb Battery Health 87%
Rp
8.450.000
2 jam
Kab. Sidoarjo",https://shopee.co.id/MacBook-Air-M1-8-256gb-Battery-Health-87--i.1213405619.46159131535?extraParams=%7B%22display_model_id%22%3A445807461608%2C%22model_selection_logic%22%3A3%7D&sp_atk=48aad9b1-288c-4dc9-9fdd-86e8a1e8d90c&xptdk=48aad9b1-288c-4dc9-9fdd-86e8a1e8d90c
https://down-id.img.susercontent.com/file/sg-11134201-81zwj-mmu4eqc6n3lwca,https://down-id.img.susercontent.com/file/id-11134258-8224v-mkvw0cu9r7k1a5,Macbook Air M4 13Inch 16/256GB 16/512GB [Garansi Resmi],https://deo.shopeemobile.com/shopee/modules-federation/live/0/shopee__item-card-standard-v2/0.2.8/pc/7c9110f78e069acbced7.png,Rp,17.999.000,,https://deo.shopeemobile.com/shopee/modules-federation/live/0/shopee__item-card-standard-v2/0.2.8/pc/38e203dc86172a6c6560.svg,https://deo.shopeemobile.com/shopee/modules-federation/live/0/shopee__item-card-standard-v2/0.2.8/pc/0614b8f0a8fdde22942d.svg,< 2 Hari,,,,,< 2 Hari,,https://deo.shopeemobile.com/shopee/modules-federation/live/0/shopee__item-card-standard-v2/0.2.8/pc/0614b8f0a8fdde22942d.svg,"Macbook Air M4 13Inch 16/256GB 16/512GB [Garansi Resmi]
Rp
17.999.000
< 2 Hari",https://shopee.co.id/Macbook-Air-M4-13Inch-16-256GB-16-512GB-Garansi-Resmi--i.136745204.40179900107?extraParams=%7B%22display_model_id%22%3A365752850600%2C%22model_selection_logic%22%3A3%7D&sp_atk=7e704875-a39f-4b8c-b6ec-13285716847e&xptdk=7e704875-a39f-4b8c-b6ec-13285716847e
https://down-id.img.susercontent.com/file/id-11134207-8224y-mjl2l2e1qq6d18,https://down-id.img.susercontent.com/file/id-11134258-8224v-mkvw0cu9r7k1a5,iBox Apple Macbook Air M2 13 8C GPU (16GB/256GB) 8C CPU Chip M2 13.6 Garansi Resmi Indonesia,https://deo.shopeemobile.com/shopee/modules-federation/live/0/shopee__item-card-standard-v2/0.2.8/pc/7c9110f78e069acbced7.png,Rp,14.508.000,4.9,https://deo.shopeemobile.com/shopee/modules-federation/live/0/shopee__item-card-standard-v2/0.2.8/pc/38e203dc86172a6c6560.svg,https://deo.shopeemobile.com/shopee/modules-federation/live/0/shopee__item-card-standard-v2/0.2.8/pc/0614b8f0a8fdde22942d.svg,< 2 Hari,https://deo.shopeemobile.com/shopee/modules-federation/live/0/shopee__item-card-standard-v2/0.2.8/pc/5dd7b4560d0e2d3190e8.svg,Jakarta Utara,-45%,https://deo.shopeemobile.com/shopee/modules-federation/live/0/shopee__item-card-standard-v2/0.2.8/pc/b4d1b8a78b3621dbdf4a.svg,465 Terjual,,https://deo.shopeemobile.com/shopee/modules-federation/live/0/shopee__item-card-standard-v2/0.2.8/pc/d7099d3fd1dfdaf705ab.svg,"iBox Apple Macbook Air M2 13 8C GPU (16GB/256GB) 8C CPU Chip M2 13.6 Garansi Resmi Indonesia
Rp
14.508.000
-45%
4.9
465 Terjual
< 2 Hari
Jakarta Utara",https://shopee.co.id/iBox-Apple-Macbook-Air-M2-13-8C-GPU-(16GB-256GB)-8C-CPU-Chip-M2-13.6-Garansi-Resmi-Indonesia-i.1105655476.28167770548?extraParams=%7B%22display_model_id%22%3A385446338031%2C%22model_selection_logic%22%3A3%7D&sp_atk=a8bacb4e-ec13-4b77-b711-9acab8e00637&xptdk=a8bacb4e-ec13-4b77-b711-9acab8e00637
https://down-id.img.susercontent.com/file/id-11134207-822wg-mn4k2lq6ozk868,https://down-id.img.susercontent.com/file/id-11134258-7r98w-lyezzaurybot13,MACBOOK AIR M5 2026 16GB 512GB SKY BLUE BNIB,,Rp,22.480.000,,https://deo.shopeemobile.com/shopee/modules-federation/live/0/shopee__item-card-standard-v2/0.2.8/pc/76dff349290d20891fc1.svg,,,https://deo.shopeemobile.com/shopee/modules-federation/live/0/shopee__item-card-standard-v2/0.2.8/pc/5dd7b4560d0e2d3190e8.svg,Jakarta Pusat,-1%,https://deo.shopeemobile.com/shopee/modules-federation/live/0/shopee__item-card-standard-v2/0.2.8/pc/b4d1b8a78b3621dbdf4a.svg,4-7 Hari,,,"MACBOOK AIR M5 2026 16GB 512GB SKY BLUE BNIB
Rp
22.480.000
-1%
4-7 Hari
Jakarta Pusat",https://shopee.co.id/MACBOOK-AIR-M5-2026-16GB-512GB-SKY-BLUE-BNIB-i.160636812.53558673614?extraParams=%7B%22display_model_id%22%3A350770432304%2C%22model_selection_logic%22%3A3%7D&sp_atk=5ae9ee0f-5060-4baa-a128-3d0025f84025&xptdk=5ae9ee0f-5060-4baa-a128-3d0025f84025
https://down-id.img.susercontent.com/file/sg-11134201-81zvo-mmvjxbbzgv0i4d,https://down-id.img.susercontent.com/file/id-11134258-822wr-mlx67rtd6r602f,"Apple Macbook Air 13 (16GB/256GB-512GB) Chip M4 13.6"" Retina",https://deo.shopeemobile.com/shopee/modules-federation/live/0/shopee__item-card-standard-v2/0.2.8/pc/a425c915798471b33e5d.png,Rp,20.381.000,5.0,https://deo.shopeemobile.com/shopee/modules-federation/live/0/shopee__item-card-standard-v2/0.2.8/pc/76dff349290d20891fc1.svg,,,https://deo.shopeemobile.com/shopee/modules-federation/live/0/shopee__item-card-standard-v2/0.2.8/pc/5dd7b4560d0e2d3190e8.svg,Surakarta (Solo),,,2 Terjual,,https://deo.shopeemobile.com/shopee/modules-federation/live/0/shopee__item-card-standard-v2/0.2.8/pc/d7099d3fd1dfdaf705ab.svg,"Apple Macbook Air 13 (16GB/256GB-512GB) Chip M4 13.6"" Retina
Rp
20.381.000
5.0
2 Terjual
2-3 Hari
Surakarta (Solo)",https://shopee.co.id/Apple-Macbook-Air-13-(16GB-256GB-512GB)-Chip-M4-13.6-Retina-i.484463974.54258548968?extraParams=%7B%22display_model_id%22%3A400758279865%2C%22model_selection_logic%22%3A3%7D&sp_atk=06782f05-37ee-4406-8683-7e7adde30115&xptdk=06782f05-37ee-4406-8683-7e7adde30115
https://down-id.img.susercontent.com/file/id-11134207-7ra0k-mdvkh0gsdyb658,https://down-id.img.susercontent.com/file/id-11134258-8224v-mkvw0cu9r7k1a5,Apple MacBook Air M4 13.6 inci (2025) 512GB,https://deo.shopeemobile.com/shopee/modules-federation/live/0/shopee__item-card-standard-v2/0.2.8/pc/7c9110f78e069acbced7.png,Rp,22.599.000,5.0,https://deo.shopeemobile.com/shopee/modules-federation/live/0/shopee__item-card-standard-v2/0.2.8/pc/76dff349290d20891fc1.svg,,,https://deo.shopeemobile.com/shopee/modules-federation/live/0/shopee__item-card-standard-v2/0.2.8/pc/5dd7b4560d0e2d3190e8.svg,Jakarta Barat,-10%,https://deo.shopeemobile.com/shopee/modules-federation/live/0/shopee__item-card-standard-v2/0.2.8/pc/b4d1b8a78b3621dbdf4a.svg,555 Terjual,,https://deo.shopeemobile.com/shopee/modules-federation/live/0/shopee__item-card-standard-v2/0.2.8/pc/d7099d3fd1dfdaf705ab.svg,"Apple MacBook Air M4 13.6 inci (2025) 512GB
Rp
22.599.000
-10%
5.0
555 Terjual
3-4 Hari
Jakarta Barat",https://shopee.co.id/Apple-MacBook-Air-M4-13.6-inci-(2025)-512GB-i.241308147.42401119115?extraParams=%7B%22display_model_id%22%3A275090353150%2C%22model_selection_logic%22%3A3%7D&sp_atk=acfc77b9-8ac8-4cbe-bf49-b267494b2c0b&xptdk=acfc77b9-8ac8-4cbe-bf49-b267494b2c0b
https://down-id.img.susercontent.com/file/id-11134207-822ws-mmvlq5kzu1vl41,https://down-id.img.susercontent.com/file/id-11134258-8224v-mkvw0cu9r7k1a5,Apple MacBook Neo A18 Pro Chip 13-Inch 512GB | 256GB SSD RAM 8GB 6 Core CPU 5 Core GPU,https://deo.shopeemobile.com/shopee/modules-federation/live/0/shopee__item-card-standard-v2/0.2.8/pc/7c9110f78e069acbced7.png,Rp,13.416.000,,https://deo.shopeemobile.com/shopee/modules-federation/live/0/shopee__item-card-standard-v2/0.2.8/pc/38e203dc86172a6c6560.svg,https://deo.shopeemobile.com/shopee/modules-federation/live/0/shopee__item-card-standard-v2/0.2.8/pc/0614b8f0a8fdde22942d.svg,< 2 Hari,https://deo.shopeemobile.com/shopee/modules-federation/live/0/shopee__item-card-standard-v2/0.2.8/pc/5dd7b4560d0e2d3190e8.svg,Jakarta Pusat,-21%,,2 Terjual,,https://deo.shopeemobile.com/shopee/modules-federation/live/0/shopee__item-card-standard-v2/0.2.8/pc/0614b8f0a8fdde22942d.svg,"Apple MacBook Neo A18 Pro Chip 13-Inch 512GB | 256GB SSD RAM 8GB 6 Core CPU 5 Core GPU
Rp
13.416.000
-21%
2 Terjual
< 2 Hari
Jakarta Pusat",https://shopee.co.id/Apple-MacBook-Neo-A18-Pro-Chip-13-Inch-512GB-256GB-SSD-RAM-8GB-6-Core-CPU-5-Core-GPU-i.1648296247.44858580879?extraParams=%7B%22display_model_id%22%3A330758701008%2C%22model_selection_logic%22%3A3%7D&sp_atk=909f6a05-0a83-4c6d-8773-77a043afa151&xptdk=909f6a05-0a83-4c6d-8773-77a043afa151
https://down-id.img.susercontent.com/file/id-11134207-8224t-mhcw2q8wosuj8c,https://down-id.img.susercontent.com/file/id-11134258-8224v-mkvw0cu9r7k1a5,IBOX APPLE MACBOOK AIR 13 M4 8C / 10C GPU 16GB / 24GB 256GB / 512GB 10C CPU GARANSI RESMI,https://deo.shopeemobile.com/shopee/modules-federation/live/0/shopee__item-card-standard-v2/0.2.8/pc/7c9110f78e069acbced7.png,Rp,16.691.000,4.9,https://deo.shopeemobile.com/shopee/modules-federation/live/0/shopee__item-card-standard-v2/0.2.8/pc/38e203dc86172a6c6560.svg,https://deo.shopeemobile.com/shopee/modules-federation/live/0/shopee__item-card-standard-v2/0.2.8/pc/0614b8f0a8fdde22942d.svg,< 2 Hari,https://deo.shopeemobile.com/shopee/modules-federation/live/0/shopee__item-card-standard-v2/0.2.8/pc/5dd7b4560d0e2d3190e8.svg,Jakarta Utara,-44%,https://deo.shopeemobile.com/shopee/modules-federation/live/0/shopee__item-card-standard-v2/0.2.8/pc/b4d1b8a78b3621dbdf4a.svg,243 Terjual,,https://deo.shopeemobile.com/shopee/modules-federation/live/0/shopee__item-card-standard-v2/0.2.8/pc/d7099d3fd1dfdaf705ab.svg,"IBOX APPLE MACBOOK AIR 13 M4 8C / 10C GPU 16GB / 24GB 256GB / 512GB 10C CPU GARANSI RESMI
Rp
16.691.000
-44%
4.9
243 Terjual
< 2 Hari
Jakarta Utara",https://shopee.co.id/IBOX-APPLE-MACBOOK-AIR-13-M4-8C-10C-GPU-16GB-24GB-256GB-512GB-10C-CPU-GARANSI-RESMI-i.383392952.28651379886?extraParams=%7B%22display_model_id%22%3A310156643296%2C%22model_selection_logic%22%3A3%7D&sp_atk=a417381b-840e-4954-8645-8c355c4b75e7&xptdk=a417381b-840e-4954-8645-8c355c4b75e7
https://down-id.img.susercontent.com/file/id-11134207-7qul2-ljwknjjxjva30f,https://down-id.img.susercontent.com/file/id-11134258-8224v-mkvw0cu9r7k1a5,"Macbook Air M1 13,3Inch 256GB",https://deo.shopeemobile.com/shopee/modules-federation/live/0/shopee__item-card-standard-v2/0.2.8/pc/7c9110f78e069acbced7.png,Rp,13.999.000,5.0,https://deo.shopeemobile.com/shopee/modules-federation/live/0/shopee__item-card-standard-v2/0.2.8/pc/38e203dc86172a6c6560.svg,https://deo.shopeemobile.com/shopee/modules-federation/live/0/shopee__item-card-standard-v2/0.2.8/pc/0614b8f0a8fdde22942d.svg,< 2 Hari,https://deo.shopeemobile.com/shopee/modules-federation/live/0/shopee__item-card-standard-v2/0.2.8/pc/5dd7b4560d0e2d3190e8.svg,Bogor,,,42 Terjual,,https://deo.shopeemobile.com/shopee/modules-federation/live/0/shopee__item-card-standard-v2/0.2.8/pc/d7099d3fd1dfdaf705ab.svg,"Macbook Air M1 13,3Inch 256GB
Rp
13.999.000
5.0
42 Terjual
< 2 Hari
Bogor",https://shopee.co.id/Macbook-Air-M1-13-3Inch-256GB-i.136745204.23750037426?extraParams=%7B%22display_model_id%22%3A235474935427%2C%22model_selection_logic%22%3A3%7D&sp_atk=315df0a2-f44b-4d6e-b5f7-597f17c72905&xptdk=315df0a2-f44b-4d6e-b5f7-597f17c72905
https://down-id.img.susercontent.com/file/id-11134207-7ra0p-mbc5aa11c3tr4b,https://down-id.img.susercontent.com/file/id-11134258-822wr-mlx67rtd6r602f,Macbook Pro 2020 i7 16/512GB Touchbar Original,https://deo.shopeemobile.com/shopee/modules-federation/live/0/shopee__item-card-standard-v2/0.2.8/pc/a425c915798471b33e5d.png,Rp,8.079.900,4.8,https://deo.shopeemobile.com/shopee/modules-federation/live/0/shopee__item-card-standard-v2/0.2.8/pc/38e203dc86172a6c6560.svg,https://deo.shopeemobile.com/shopee/modules-federation/live/0/shopee__item-card-standard-v2/0.2.8/pc/0614b8f0a8fdde22942d.svg,Besok,https://deo.shopeemobile.com/shopee/modules-federation/live/0/shopee__item-card-standard-v2/0.2.8/pc/5dd7b4560d0e2d3190e8.svg,Surabaya,-17%,https://deo.shopeemobile.com/shopee/modules-federation/live/0/shopee__item-card-standard-v2/0.2.8/pc/b4d1b8a78b3621dbdf4a.svg,22 Terjual,,https://deo.shopeemobile.com/shopee/modules-federation/live/0/shopee__item-card-standard-v2/0.2.8/pc/d7099d3fd1dfdaf705ab.svg,"Macbook Pro 2020 i7 16/512GB Touchbar Original
Rp
8.079.900
-17%
4.8
22 Terjual
Besok
Surabaya",https://shopee.co.id/Macbook-Pro-2020-i7-16-512GB-Touchbar-Original-i.1468366679.40855602176?extraParams=%7B%22display_model_id%22%3A270573250241%2C%22model_selection_logic%22%3A3%7D&sp_atk=86c52019-e02e-46ec-a314-26eaed0df0e6&xptdk=86c52019-e02e-46ec-a314-26eaed0df0e6
https://down-id.img.susercontent.com/file/id-11134207-822wu-mm0k4h2jnif7f6,https://down-id.img.susercontent.com/file/id-11134258-7r98w-lyezzaurybot13,Macbook Pro 13 inch 2016 -  Touch Bar,,Rp,3.600.000,,https://deo.shopeemobile.com/shopee/modules-federation/live/0/shopee__item-card-standard-v2/0.2.8/pc/38e203dc86172a6c6560.svg,https://deo.shopeemobile.com/shopee/modules-federation/live/0/shopee__item-card-standard-v2/0.2.8/pc/0614b8f0a8fdde22942d.svg,< 2 Hari,https://deo.shopeemobile.com/shopee/modules-federation/live/0/shopee__item-card-standard-v2/0.2.8/pc/5dd7b4560d0e2d3190e8.svg,Jakarta Barat,,,< 2 Hari,,https://deo.shopeemobile.com/shopee/modules-federation/live/0/shopee__item-card-standard-v2/0.2.8/pc/0614b8f0a8fdde22942d.svg,"Macbook Pro 13 inch 2016 - Touch Bar
Rp
3.600.000
< 2 Hari
Jakarta Barat",https://shopee.co.id/Macbook-Pro-13-inch-2016-Touch-Bar-i.1660567992.52907431095?extraParams=%7B%22display_model_id%22%3A79952170837%2C%22model_selection_logic%22%3A3%7D&sp_atk=54834685-b0fe-44a4-b4de-48b1466d1096&xptdk=54834685-b0fe-44a4-b4de-48b1466d1096
https://down-id.img.susercontent.com/file/id-11134207-822ws-mmvig3kecwzp2b,https://down-id.img.susercontent.com/file/id-11134258-8224v-mkvw0cu9r7k1a5,"Apple MacBook Pro (16 inci, M3 Max) 48 GB/1 TB",https://deo.shopeemobile.com/shopee/modules-federation/live/0/shopee__item-card-standard-v2/0.2.8/pc/7c9110f78e069acbced7.png,Rp,66.499.000,5.0,https://deo.shopeemobile.com/shopee/modules-federation/live/0/shopee__item-card-standard-v2/0.2.8/pc/38e203dc86172a6c6560.svg,https://deo.shopeemobile.com/shopee/modules-federation/live/0/shopee__item-card-standard-v2/0.2.8/pc/0614b8f0a8fdde22942d.svg,< 2 Hari,https://deo.shopeemobile.com/shopee/modules-federation/live/0/shopee__item-card-standard-v2/0.2.8/pc/5dd7b4560d0e2d3190e8.svg,Bekasi,-5%,,2 Terjual,,https://deo.shopeemobile.com/shopee/modules-federation/live/0/shopee__item-card-standard-v2/0.2.8/pc/d7099d3fd1dfdaf705ab.svg,"Apple MacBook Pro (16 inci, M3 Max) 48 GB/1 TB
Rp
66.499.000
-5%
5.0
2 Terjual
< 2 Hari
Bekasi",https://shopee.co.id/Apple-MacBook-Pro-(16-inci-M3-Max)-48-GB-1-TB-i.1269032741.26851579354?extraParams=%7B%22display_model_id%22%3A176542154441%2C%22model_selection_logic%22%3A3%7D&sp_atk=b937fec9-744a-405c-a8a1-19dd09e30a6e&xptdk=b937fec9-744a-405c-a8a1-19dd09e30a6e
https://down-id.img.susercontent.com/file/id-11134207-8224w-mfxwvh2rjk7f20,https://down-id.img.susercontent.com/file/id-11134258-8224v-mkvw0cu9r7k1a5,MACBOOK PRO 2020 13 INCH M1 RAM 16GB SSD 256 SILVER ORIGINAL PREMIUM,,Rp,10.626.000,4.8,https://deo.shopeemobile.com/shopee/modules-federation/live/0/shopee__item-card-standard-v2/0.2.8/pc/38e203dc86172a6c6560.svg,https://deo.shopeemobile.com/shopee/modules-federation/live/0/shopee__item-card-standard-v2/0.2.8/pc/0614b8f0a8fdde22942d.svg,< 2 Hari,https://deo.shopeemobile.com/shopee/modules-federation/live/0/shopee__item-card-standard-v2/0.2.8/pc/5dd7b4560d0e2d3190e8.svg,Kab. Sleman,,,6 Terjual,Cicilan,https://deo.shopeemobile.com/shopee/modules-federation/live/0/shopee__item-card-standard-v2/0.2.8/pc/d7099d3fd1dfdaf705ab.svg,"MACBOOK PRO 2020 13 INCH M1 RAM 16GB SSD 256 SILVER ORIGINAL PREMIUM
Rp
10.626.000
Cicilan
4.8
6 Terjual
< 2 Hari
Kab. Sleman",https://shopee.co.id/MACBOOK-PRO-2020-13-INCH-M1-RAM-16GB-SSD-256-SILVER-ORIGINAL-PREMIUM-i.428522384.10601536451?extraParams=%7B%22display_model_id%22%3A91776260975%2C%22model_selection_logic%22%3A3%7D&sp_atk=32e47562-8ed7-470c-93a4-80c81c87da73&xptdk=32e47562-8ed7-470c-93a4-80c81c87da73
https://down-id.img.susercontent.com/file/id-11134207-822wk-mmum694gwqva58,https://down-id.img.susercontent.com/file/id-11134258-7r98w-lyezzaurybot13,Macbook Air 2019 13inch 256gb,,Rp,5.150.000,,https://deo.shopeemobile.com/shopee/modules-federation/live/0/shopee__item-card-standard-v2/0.2.8/pc/76dff349290d20891fc1.svg,,,https://deo.shopeemobile.com/shopee/modules-federation/live/0/shopee__item-card-standard-v2/0.2.8/pc/5dd7b4560d0e2d3190e8.svg,Kab. Tangerang,,,5-8 Hari,,,"Macbook Air 2019 13inch 256gb
Rp
5.150.000
5-8 Hari
Kab. Tangerang",https://shopee.co.id/Macbook-Air-2019-13inch-256gb-i.1193896599.47408528354?extraParams=%7B%22display_model_id%22%3A282520696312%2C%22model_selection_logic%22%3A3%7D&sp_atk=245ebcd9-1b6c-42bf-9fa8-3286f54c863b&xptdk=245ebcd9-1b6c-42bf-9fa8-3286f54c863b
https://down-id.img.susercontent.com/file/id-11134207-822wt-mm8opdpdf3eo22,https://down-id.img.susercontent.com/file/id-11134258-7r98w-lyezzaurybot13,"Macbook Pro Retina 15 Inch 2014 BH 89% Core i7 Quad Core 2,2 GHz 16/256GB FCC 7579 CC 375 15"" Inc Mid 2,2GHz",,Rp,3.290.000,,https://deo.shopeemobile.com/shopee/modules-federation/live/0/shopee__item-card-standard-v2/0.2.8/pc/38e203dc86172a6c6560.svg,https://deo.shopeemobile.com/shopee/modules-federation/live/0/shopee__item-card-standard-v2/0.2.8/pc/0614b8f0a8fdde22942d.svg,< 2 Hari,https://deo.shopeemobile.com/shopee/modules-federation/live/0/shopee__item-card-standard-v2/0.2.8/pc/5dd7b4560d0e2d3190e8.svg,Kab. Gresik,,,< 2 Hari,,https://deo.shopeemobile.com/shopee/modules-federation/live/0/shopee__item-card-standard-v2/0.2.8/pc/0614b8f0a8fdde22942d.svg,"Macbook Pro Retina 15 Inch 2014 BH 89% Core i7 Quad Core 2,2 GHz 16/256GB FCC 7579 CC 375 15"" Inc Mid 2,2GHz
Rp
3.290.000
< 2 Hari
Kab. Gresik",https://shopee.co.id/Macbook-Pro-Retina-15-Inch-2014-BH-89-Core-i7-Quad-Core-2-2-GHz-16-256GB-FCC-7579-CC-375-15-Inc-Mid-2-2GHz-i.64361990.51457682366?extraParams=%7B%22display_model_id%22%3A254190498453%2C%22model_selection_logic%22%3A3%7D&sp_atk=acb1f716-8e7b-4fb4-ae32-a49c6a3ae031&xptdk=acb1f716-8e7b-4fb4-ae32-a49c6a3ae031
https://down-id.img.susercontent.com/file/id-11134207-822wm-mlvrwlxawo3m04,https://down-id.img.susercontent.com/file/id-11134258-8224v-mkvw0cu9r7k1a5,Apple MacBook Neo A18 Pro 13-Inch 512GB SSD,https://deo.shopeemobile.com/shopee/modules-federation/live/0/shopee__item-card-standard-v2/0.2.8/pc/7c9110f78e069acbced7.png,Rp,13.416.000,5.0,https://deo.shopeemobile.com/shopee/modules-federation/live/0/shopee__item-card-standard-v2/0.2.8/pc/38e203dc86172a6c6560.svg,https://deo.shopeemobile.com/shopee/modules-federation/live/0/shopee__item-card-standard-v2/0.2.8/pc/0614b8f0a8fdde22942d.svg,< 2 Hari,https://deo.shopeemobile.com/shopee/modules-federation/live/0/shopee__item-card-standard-v2/0.2.8/pc/5dd7b4560d0e2d3190e8.svg,Jakarta Pusat,-21%,,11 Terjual,,https://deo.shopeemobile.com/shopee/modules-federation/live/0/shopee__item-card-standard-v2/0.2.8/pc/d7099d3fd1dfdaf705ab.svg,"Apple MacBook Neo A18 Pro 13-Inch 512GB SSD
Rp
13.416.000
-21%
5.0
11 Terjual
< 2 Hari
Jakarta Pusat",https://shopee.co.id/Apple-MacBook-Neo-A18-Pro-13-Inch-512GB-SSD-i.1648296247.43879300640?extraParams=%7B%22display_model_id%22%3A330646950881%2C%22model_selection_logic%22%3A3%7D&sp_atk=7847ec3b-600d-4a41-9c5f-c767d310743c&xptdk=7847ec3b-600d-4a41-9c5f-c767d310743c
https://down-id.img.susercontent.com/file/id-11134207-81ztl-me580c7csef8f2,https://down-id.img.susercontent.com/file/id-11134258-8224v-mkvw0cu9r7k1a5,"MACBOOK PRO RETINA 13"" 2020 M1 CHIP APPLE M1",,Rp,10.920.250,5.0,https://deo.shopeemobile.com/shopee/modules-federation/live/0/shopee__item-card-standard-v2/0.2.8/pc/38e203dc86172a6c6560.svg,https://deo.shopeemobile.com/shopee/modules-federation/live/0/shopee__item-card-standard-v2/0.2.8/pc/0614b8f0a8fdde22942d.svg,< 2 Hari,https://deo.shopeemobile.com/shopee/modules-federation/live/0/shopee__item-card-standard-v2/0.2.8/pc/5dd7b4560d0e2d3190e8.svg,Kab. Sleman,,,3 Terjual,,https://deo.shopeemobile.com/shopee/modules-federation/live/0/shopee__item-card-standard-v2/0.2.8/pc/d7099d3fd1dfdaf705ab.svg,"MACBOOK PRO RETINA 13"" 2020 M1 CHIP APPLE M1
Rp
10.920.250
5.0
3 Terjual
< 2 Hari
Kab. Sleman",https://shopee.co.id/MACBOOK-PRO-RETINA-13-2020-M1-CHIP-APPLE-M1-i.315080842.28641006623?extraParams=%7B%22display_model_id%22%3A261408826632%2C%22model_selection_logic%22%3A3%7D&sp_atk=05695491-41c5-4ee2-88cb-4806e5c766b6&xptdk=05695491-41c5-4ee2-88cb-4806e5c766b6
https://down-id.img.susercontent.com/file/id-11134207-822wi-mn4dz12idgqo63,https://down-id.img.susercontent.com/file/id-11134258-8224v-mkvw0cu9r7k1a5,Apple MacBook Retina 12 Inch Ibox Gold SSD 512GB Super Tipis Ringan,https://deo.shopeemobile.com/shopee/modules-federation/live/0/shopee__item-card-standard-v2/0.2.8/pc/a425c915798471b33e5d.png,Rp,8.300.000,,https://deo.shopeemobile.com/shopee/modules-federation/live/0/shopee__item-card-standard-v2/0.2.8/pc/38e203dc86172a6c6560.svg,https://deo.shopeemobile.com/shopee/modules-federation/live/0/shopee__item-card-standard-v2/0.2.8/pc/0614b8f0a8fdde22942d.svg,Besok 12:00,https://deo.shopeemobile.com/shopee/modules-federation/live/0/shopee__item-card-standard-v2/0.2.8/pc/5dd7b4560d0e2d3190e8.svg,Surabaya,,,Besok 12:00,,https://deo.shopeemobile.com/shopee/modules-federation/live/0/shopee__item-card-standard-v2/0.2.8/pc/0614b8f0a8fdde22942d.svg,"Apple MacBook Retina 12 Inch Ibox Gold SSD 512GB Super Tipis Ringan
Rp
8.300.000
Besok 12:00
Surabaya",https://shopee.co.id/Apple-MacBook-Retina-12-Inch-Ibox-Gold-SSD-512GB-Super-Tipis-Ringan-i.63085569.56958956364?extraParams=%7B%22display_model_id%22%3A277543425081%2C%22model_selection_logic%22%3A3%7D&sp_atk=bd9dd614-5bb1-4a4d-8962-47391c81989b&xptdk=bd9dd614-5bb1-4a4d-8962-47391c81989b
https://down-id.img.susercontent.com/file/id-11134207-7ra0r-mcpssdxlrx940e,https://down-id.img.susercontent.com/file/id-11134258-7r98w-lyezzaurybot13,Macbook Air M2 2022 8GB/256,,Rp,11.000.000,,https://deo.shopeemobile.com/shopee/modules-federation/live/0/shopee__item-card-standard-v2/0.2.8/pc/76dff349290d20891fc1.svg,,,https://deo.shopeemobile.com/shopee/modules-federation/live/0/shopee__item-card-standard-v2/0.2.8/pc/5dd7b4560d0e2d3190e8.svg,Cimahi,,,4-7 Hari,,,"Macbook Air M2 2022 8GB/256
Rp
11.000.000
4-7 Hari
Cimahi",https://shopee.co.id/Macbook-Air-M2-2022-8GB-256-i.373368406.41210595422?extraParams=%7B%22display_model_id%22%3A196181983423%2C%22model_selection_logic%22%3A3%7D&sp_atk=5fa641d3-2d50-4b0b-b357-e24539e3c7ba&xptdk=5fa641d3-2d50-4b0b-b357-e24539e3c7ba
https://down-id.img.susercontent.com/file/id-11134207-822wh-mloefd293i801a,https://down-id.img.susercontent.com/file/id-11134258-822wr-mlx67rtd6r602f,Macbook Air M4 New 2025 Ram 16GB SSD 256GB Garansi Resmi GDN Original Apple,https://deo.shopeemobile.com/shopee/modules-federation/live/0/shopee__item-card-standard-v2/0.2.8/pc/a425c915798471b33e5d.png,Rp,17.879.000,5.0,https://deo.shopeemobile.com/shopee/modules-federation/live/0/shopee__item-card-standard-v2/0.2.8/pc/38e203dc86172a6c6560.svg,https://deo.shopeemobile.com/shopee/modules-federation/live/0/shopee__item-card-standard-v2/0.2.8/pc/0614b8f0a8fdde22942d.svg,Besok,https://deo.shopeemobile.com/shopee/modules-federation/live/0/shopee__item-card-standard-v2/0.2.8/pc/5dd7b4560d0e2d3190e8.svg,Surabaya,-11%,https://deo.shopeemobile.com/shopee/modules-federation/live/0/shopee__item-card-standard-v2/0.2.8/pc/b4d1b8a78b3621dbdf4a.svg,20 Terjual,,https://deo.shopeemobile.com/shopee/modules-federation/live/0/shopee__item-card-standard-v2/0.2.8/pc/d7099d3fd1dfdaf705ab.svg,"Macbook Air M4 New 2025 Ram 16GB SSD 256GB Garansi Resmi GDN Original Apple
Rp
17.879.000
-11%
5.0
20 Terjual
Besok
Surabaya",https://shopee.co.id/Macbook-Air-M4-New-2025-Ram-16GB-SSD-256GB-Garansi-Resmi-GDN-Original-Apple-i.1468366679.29186576472?extraParams=%7B%22display_model_id%22%3A430779703803%2C%22model_selection_logic%22%3A3%7D&sp_atk=abfa597a-a75f-496d-89d3-fe51cecb435e&xptdk=abfa597a-a75f-496d-89d3-fe51cecb435e
https://down-id.img.susercontent.com/file/id-11134207-82251-mkrs6bvj47wkbc,https://down-id.img.susercontent.com/file/id-11134258-8224v-mkvw0cu9r7k1a5,iBox Apple Macbook Air 13 M2 8C CPU (16GB/256GB) 8C GPU MacOs X 13.6 inch Midnight/Starlight,https://deo.shopeemobile.com/shopee/modules-federation/live/0/shopee__item-card-standard-v2/0.2.8/pc/7c9110f78e069acbced7.png,Rp,14.508.000,4.9,https://deo.shopeemobile.com/shopee/modules-federation/live/0/shopee__item-card-standard-v2/0.2.8/pc/38e203dc86172a6c6560.svg,https://deo.shopeemobile.com/shopee/modules-federation/live/0/shopee__item-card-standard-v2/0.2.8/pc/0614b8f0a8fdde22942d.svg,< 2 Hari,https://deo.shopeemobile.com/shopee/modules-federation/live/0/shopee__item-card-standard-v2/0.2.8/pc/5dd7b4560d0e2d3190e8.svg,Jakarta Utara,-46%,https://deo.shopeemobile.com/shopee/modules-federation/live/0/shopee__item-card-standard-v2/0.2.8/pc/b4d1b8a78b3621dbdf4a.svg,288 Terjual,,https://deo.shopeemobile.com/shopee/modules-federation/live/0/shopee__item-card-standard-v2/0.2.8/pc/d7099d3fd1dfdaf705ab.svg,"iBox Apple Macbook Air 13 M2 8C CPU (16GB/256GB) 8C GPU MacOs X 13.6 inch Midnight/Starlight
Rp
14.508.000
-46%
4.9
288 Terjual
< 2 Hari
Jakarta Utara",https://shopee.co.id/iBox-Apple-Macbook-Air-13-M2-8C-CPU-(16GB-256GB)-8C-GPU-MacOs-X-13.6-inch-Midnight-Starlight-i.1105655476.28551656749?extraParams=%7B%22display_model_id%22%3A206365901782%2C%22model_selection_logic%22%3A3%7D&sp_atk=f61b4d8b-5437-4d4c-b58e-9cd0661ee00d&xptdk=f61b4d8b-5437-4d4c-b58e-9cd0661ee00d
https://down-id.img.susercontent.com/file/sg-11134201-8261z-mlhgnlbxsbusc5,https://down-id.img.susercontent.com/file/id-11134258-7r98w-lyezzaurybot13,Ibox Apple Macbook Pro 14 M4 24GB 1TB XDR Display,https://deo.shopeemobile.com/shopee/modules-federation/live/0/shopee__item-card-standard-v2/0.2.8/pc/7c9110f78e069acbced7.png,Rp,40.229.000,,https://deo.shopeemobile.com/shopee/modules-federation/live/0/shopee__item-card-standard-v2/0.2.8/pc/76dff349290d20891fc1.svg,,,https://deo.shopeemobile.com/shopee/modules-federation/live/0/shopee__item-card-standard-v2/0.2.8/pc/5dd7b4560d0e2d3190e8.svg,Jakarta Utara,-50%,https://deo.shopeemobile.com/shopee/modules-federation/live/0/shopee__item-card-standard-v2/0.2.8/pc/b4d1b8a78b3621dbdf4a.svg,3-5 Hari,,,"Ibox Apple Macbook Pro 14 M4 24GB 1TB XDR Display
Rp
40.229.000
-50%
3-5 Hari
Jakarta Utara",https://shopee.co.id/Ibox-Apple-Macbook-Pro-14-M4-24GB-1TB-XDR-Display-i.1640101372.57606851769?extraParams=%7B%22display_model_id%22%3A415612949339%2C%22model_selection_logic%22%3A3%7D&sp_atk=3e607365-8548-4e66-af65-7b81811692e5&xptdk=3e607365-8548-4e66-af65-7b81811692e5
https://down-id.img.susercontent.com/file/id-11134207-822wg-mn3t9tfor28031,https://down-id.img.susercontent.com/file/id-11134258-8224v-mkvw0cu9r7k1a5,MacBook Pro M5 2025 14 Inch 10 GPU - Garansi resmi,,Rp,29.678.940,,https://deo.shopeemobile.com/shopee/modules-federation/live/0/shopee__item-card-standard-v2/0.2.8/pc/76dff349290d20891fc1.svg,,,https://deo.shopeemobile.com/shopee/modules-federation/live/0/shopee__item-card-standard-v2/0.2.8/pc/5dd7b4560d0e2d3190e8.svg,Surabaya,,,2-3 Hari,,,"MacBook Pro M5 2025 14 Inch 10 GPU - Garansi resmi
Rp
29.678.940
2-3 Hari
Surabaya",https://shopee.co.id/MacBook-Pro-M5-2025-14-Inch-10-GPU-Garansi-resmi-i.958839714.55308992561?extraParams=%7B%22display_model_id%22%3A390797586138%2C%22model_selection_logic%22%3A3%7D&sp_atk=912714f5-bc3b-454f-94c2-27432085b232&xptdk=912714f5-bc3b-454f-94c2-27432085b232
https://down-id.img.susercontent.com/file/id-11134207-7ra0p-md69mzhknpt06e,https://down-id.img.susercontent.com/file/id-11134258-8224v-mkvw0cu9r7k1a5,"MacBook Air M2 2022 13,6 inch 16Gb 256Gb Garansi iBox Unit Baru Segel BNIB",,Rp,14.449.000,5.0,https://deo.shopeemobile.com/shopee/modules-federation/live/0/shopee__item-card-standard-v2/0.2.8/pc/38e203dc86172a6c6560.svg,https://deo.shopeemobile.com/shopee/modules-federation/live/0/shopee__item-card-standard-v2/0.2.8/pc/0614b8f0a8fdde22942d.svg,< 2 Hari,https://deo.shopeemobile.com/shopee/modules-federation/live/0/shopee__item-card-standard-v2/0.2.8/pc/5dd7b4560d0e2d3190e8.svg,Semarang,,,13 Terjual,,https://deo.shopeemobile.com/shopee/modules-federation/live/0/shopee__item-card-standard-v2/0.2.8/pc/d7099d3fd1dfdaf705ab.svg,"MacBook Air M2 2022 13,6 inch 16Gb 256Gb Garansi iBox Unit Baru Segel BNIB
Rp
14.449.000
5.0
13 Terjual
< 2 Hari
Semarang",https://shopee.co.id/MacBook-Air-M2-2022-13-6-inch-16Gb-256Gb-Garansi-iBox-Unit-Baru-Segel-BNIB-i.79619263.42062025817?extraParams=%7B%22display_model_id%22%3A248719471836%2C%22model_selection_logic%22%3A3%7D&sp_atk=989907db-9cff-4a60-9d1d-be1a18f930a0&xptdk=989907db-9cff-4a60-9d1d-be1a18f930a0
https://down-id.img.susercontent.com/file/id-11134207-8224q-mhmzvhd7lpmq0a,https://down-id.img.susercontent.com/file/id-11134258-8224v-mkvw0cu9r7k1a5,"Macbook air 13.6inci M4 16GB, 256GB 512GB  - MW0W3ID/A MW0Y3ID/A MW123ID/A  - 256GB",https://deo.shopeemobile.com/shopee/modules-federation/live/0/shopee__item-card-standard-v2/0.2.8/pc/e4734dab67ee2f9ebd5a.png,Rp,20.089.000,4.9,https://deo.shopeemobile.com/shopee/modules-federation/live/0/shopee__item-card-standard-v2/0.2.8/pc/38e203dc86172a6c6560.svg,https://deo.shopeemobile.com/shopee/modules-federation/live/0/shopee__item-card-standard-v2/0.2.8/pc/0614b8f0a8fdde22942d.svg,< 2 Hari,https://deo.shopeemobile.com/shopee/modules-federation/live/0/shopee__item-card-standard-v2/0.2.8/pc/5dd7b4560d0e2d3190e8.svg,Malang,-3%,,32 Terjual,,https://deo.shopeemobile.com/shopee/modules-federation/live/0/shopee__item-card-standard-v2/0.2.8/pc/d7099d3fd1dfdaf705ab.svg,"Macbook air 13.6inci M4 16GB, 256GB 512GB - MW0W3ID/A MW0Y3ID/A MW123ID/A - 256GB
Rp
20.089.000
-3%
4.9
32 Terjual
< 2 Hari
Malang",https://shopee.co.id/Macbook-air-13.6inci-M4-16GB-256GB-512GB-MW0W3ID-A-MW0Y3ID-A-MW123ID-A-256GB-i.10625226.41256477854?extraParams=%7B%22display_model_id%22%3A286166838355%2C%22model_selection_logic%22%3A3%7D&sp_atk=325d2bb4-c6c4-4c2a-b1ec-d6d509bf508d&xptdk=325d2bb4-c6c4-4c2a-b1ec-d6d509bf508d
https://down-id.img.susercontent.com/file/id-11134207-8224y-mjxkn149i7lxd7,https://down-id.img.susercontent.com/file/id-11134258-8224v-mkvw0cu9r7k1a5,Macbook Air 2015 Core i5 8GB 128GB 256GB 11Inch & 13Inch Original,https://deo.shopeemobile.com/shopee/modules-federation/live/0/shopee__item-card-standard-v2/0.2.8/pc/a425c915798471b33e5d.png,Rp,2.195.000,5.0,https://deo.shopeemobile.com/shopee/modules-federation/live/0/shopee__item-card-standard-v2/0.2.8/pc/76dff349290d20891fc1.svg,,,https://deo.shopeemobile.com/shopee/modules-federation/live/0/shopee__item-card-standard-v2/0.2.8/pc/5dd7b4560d0e2d3190e8.svg,Jakarta Barat,-1%,https://deo.shopeemobile.com/shopee/modules-federation/live/0/shopee__item-card-standard-v2/0.2.8/pc/b4d1b8a78b3621dbdf4a.svg,9 Terjual,,https://deo.shopeemobile.com/shopee/modules-federation/live/0/shopee__item-card-standard-v2/0.2.8/pc/d7099d3fd1dfdaf705ab.svg,"Macbook Air 2015 Core i5 8GB 128GB 256GB 11Inch & 13Inch Original
Rp
2.195.000
-1%
5.0
9 Terjual
4-9 Hari
Jakarta Barat",https://shopee.co.id/Macbook-Air-2015-Core-i5-8GB-128GB-256GB-11Inch-13Inch-Original-i.828461663.46655317862?extraParams=%7B%22display_model_id%22%3A400484637457%2C%22model_selection_logic%22%3A3%7D&sp_atk=da0dd5bc-af62-4880-b965-ed347f50cf58&xptdk=da0dd5bc-af62-4880-b965-ed347f50cf58
https://down-id.img.susercontent.com/file/id-11134207-822wq-mmveh8zgxfd2b6,https://down-id.img.susercontent.com/file/id-11134258-8224v-mkvw0cu9r7k1a5,"Apple MacBook Air (13 inci,  M3, 16GB/512GB)",https://deo.shopeemobile.com/shopee/modules-federation/live/0/shopee__item-card-standard-v2/0.2.8/pc/7c9110f78e069acbced7.png,Rp,20.499.000,5.0,https://deo.shopeemobile.com/shopee/modules-federation/live/0/shopee__item-card-standard-v2/0.2.8/pc/38e203dc86172a6c6560.svg,https://deo.shopeemobile.com/shopee/modules-federation/live/0/shopee__item-card-standard-v2/0.2.8/pc/0614b8f0a8fdde22942d.svg,< 2 Hari,https://deo.shopeemobile.com/shopee/modules-federation/live/0/shopee__item-card-standard-v2/0.2.8/pc/5dd7b4560d0e2d3190e8.svg,Bekasi,-21%,,15 Terjual,,https://deo.shopeemobile.com/shopee/modules-federation/live/0/shopee__item-card-standard-v2/0.2.8/pc/d7099d3fd1dfdaf705ab.svg,"Apple MacBook Air (13 inci, M3, 16GB/512GB)
Rp
20.499.000
-21%
5.0
15 Terjual
< 2 Hari
Bekasi",https://shopee.co.id/Apple-MacBook-Air-(13-inci-M3-16GB-512GB)-i.1269032741.24481582790?extraParams=%7B%22display_model_id%22%3A232890516727%2C%22model_selection_logic%22%3A3%7D&sp_atk=18c1dd4c-9829-46a6-a480-91750ad3c8ec&xptdk=18c1dd4c-9829-46a6-a480-91750ad3c8ec
https://down-id.img.susercontent.com/file/id-11134207-7ras8-m1s8861okx9b8b,https://down-id.img.susercontent.com/file/id-11134258-8224v-mkvw0cu9r7k1a5,"Macbook Air Retina 2020 13"" i3/i5 8GB 256GB Original",https://deo.shopeemobile.com/shopee/modules-federation/live/0/shopee__item-card-standard-v2/0.2.8/pc/a425c915798471b33e5d.png,Rp,6.649.000,4.9,https://deo.shopeemobile.com/shopee/modules-federation/live/0/shopee__item-card-standard-v2/0.2.8/pc/38e203dc86172a6c6560.svg,https://deo.shopeemobile.com/shopee/modules-federation/live/0/shopee__item-card-standard-v2/0.2.8/pc/0614b8f0a8fdde22942d.svg,< 2 Hari,https://deo.shopeemobile.com/shopee/modules-federation/live/0/shopee__item-card-standard-v2/0.2.8/pc/5dd7b4560d0e2d3190e8.svg,Malang,-35%,https://deo.shopeemobile.com/shopee/modules-federation/live/0/shopee__item-card-standard-v2/0.2.8/pc/b4d1b8a78b3621dbdf4a.svg,18 Terjual,,https://deo.shopeemobile.com/shopee/modules-federation/live/0/shopee__item-card-standard-v2/0.2.8/pc/d7099d3fd1dfdaf705ab.svg,"Macbook Air Retina 2020 13"" i3/i5 8GB 256GB Original
Rp
6.649.000
-35%
4.9
18 Terjual
< 2 Hari
Malang",https://shopee.co.id/Macbook-Air-Retina-2020-13-i3-i5-8GB-256GB-Original-i.324462083.23616251723?extraParams=%7B%22display_model_id%22%3A385787490483%2C%22model_selection_logic%22%3A3%7D&sp_atk=ab599d84-3002-4428-b45b-6690e09b97df&xptdk=ab599d84-3002-4428-b45b-6690e09b97df
https://down-id.img.susercontent.com/file/sg-11134201-7rdw6-mchadp76i6a6cf,https://down-id.img.susercontent.com/file/id-11134258-8224v-mkvw0cu9r7k1a5,MacBook Air M4 13 inc chip with 10-core CPU and 8-core GPU / 16GB / 256GB SSD,https://deo.shopeemobile.com/shopee/modules-federation/live/0/shopee__item-card-standard-v2/0.2.8/pc/7c9110f78e069acbced7.png,Rp,16.499.000,5.0,https://deo.shopeemobile.com/shopee/modules-federation/live/0/shopee__item-card-standard-v2/0.2.8/pc/76dff349290d20891fc1.svg,,,https://deo.shopeemobile.com/shopee/modules-federation/live/0/shopee__item-card-standard-v2/0.2.8/pc/5dd7b4560d0e2d3190e8.svg,Medan,,,17 Terjual,,https://deo.shopeemobile.com/shopee/modules-federation/live/0/shopee__item-card-standard-v2/0.2.8/pc/d7099d3fd1dfdaf705ab.svg,"MacBook Air M4 13 inc chip with 10-core CPU and 8-core GPU / 16GB / 256GB SSD
Rp
16.499.000
5.0
17 Terjual
4-7 Hari
Medan",https://shopee.co.id/MacBook-Air-M4-13-inc-chip-with-10-core-CPU-and-8-core-GPU-16GB-256GB-SSD-i.239103282.42009385350?extraParams=%7B%22display_model_id%22%3A305784845530%2C%22model_selection_logic%22%3A3%7D&sp_atk=e86a7e13-01b5-488f-8c19-98c59b085323&xptdk=e86a7e13-01b5-488f-8c19-98c59b085323