-image-yazkc-11,-image-yazkc-11_2,text-sm,inline-block,text-xs/sp14,font-medium,text-shopee-primary,pointer-events-none,text-xs/sp14_2,pointer-events-none_2,text-shopee-green,pointer-events-none_3,align-middle,truncate,img_2,w-auto,text-white,_container,_container_link
https://down-id.img.susercontent.com/file/id-11134207-82250-mh07v26wfpqkb3,https://down-id.img.susercontent.com/file/id-11134258-8224v-mkvw0cu9r7k1a5,ZYREX ULTRA N100 8GB 128GB+256GB W11 14.0 2Y BLACK,https://deo.shopeemobile.com/shopee/modules-federation/live/0/shopee__item-card-standard-v2/0.2.8/pc/7c9110f78e069acbced7.png,Rp,3.959.000,-56%,https://deo.shopeemobile.com/shopee/modules-federation/live/0/shopee__item-card-standard-v2/0.2.8/pc/b4d1b8a78b3621dbdf4a.svg,4.9,https://deo.shopeemobile.com/shopee/modules-federation/live/0/shopee__item-card-standard-v2/0.2.8/pc/76dff349290d20891fc1.svg,985 Terjual,https://deo.shopeemobile.com/shopee/modules-federation/live/0/shopee__item-card-standard-v2/0.2.8/pc/5dd7b4560d0e2d3190e8.svg,Jakarta Utara,,https://deo.shopeemobile.com/shopee/modules-federation/live/0/shopee__item-card-standard-v2/0.2.8/pc/d7099d3fd1dfdaf705ab.svg,,,"ZYREX ULTRA N100 8GB 128GB+256GB W11 14.0 2Y BLACK
Rp
3.959.000
-56%
4.9
985 Terjual
3-4 Hari
Jakarta Utara",https://shopee.co.id/ZYREX-ULTRA-N100-8GB-128GB-256GB-W11-14.0-2Y-BLACK-i.27510377.28700601315?extraParams=%7B%22display_model_id%22%3A307556092690%2C%22model_selection_logic%22%3A3%7D&sp_atk=47edc0f6-e336-4edc-9e88-f41571c05818&xptdk=47edc0f6-e336-4edc-9e88-f41571c05818
https://down-id.img.susercontent.com/file/id-11134207-7ra0p-mb7olw8rueno75,https://down-id.img.susercontent.com/file/id-11134258-8224v-mkvw0cu9r7k1a5,"LAPTOP ZYREX L-BOOK INTEL CELERON  N4020 8GB 128GB Windows 11 14.0"" HD",https://deo.shopeemobile.com/shopee/modules-federation/live/0/shopee__item-card-standard-v2/0.2.8/pc/7c9110f78e069acbced7.png,Rp,3.959.000,-40%,https://deo.shopeemobile.com/shopee/modules-federation/live/0/shopee__item-card-standard-v2/0.2.8/pc/b4d1b8a78b3621dbdf4a.svg,4.8,https://deo.shopeemobile.com/shopee/modules-federation/live/0/shopee__item-card-standard-v2/0.2.8/pc/76dff349290d20891fc1.svg,936 Terjual,https://deo.shopeemobile.com/shopee/modules-federation/live/0/shopee__item-card-standard-v2/0.2.8/pc/5dd7b4560d0e2d3190e8.svg,Jakarta Utara,,https://deo.shopeemobile.com/shopee/modules-federation/live/0/shopee__item-card-standard-v2/0.2.8/pc/d7099d3fd1dfdaf705ab.svg,,,"LAPTOP ZYREX L-BOOK INTEL CELERON N4020 8GB 128GB Windows 11 14.0"" HD
Rp
3.959.000
-40%
4.8
936 Terjual
3-4 Hari
Jakarta Utara",https://shopee.co.id/LAPTOP-ZYREX-L-BOOK-INTEL-CELERON-N4020-8GB-128GB-Windows-11-14.0-HD-i.27510377.29337031947?extraParams=%7B%22display_model_id%22%3A186123089439%2C%22model_selection_logic%22%3A3%7D&sp_atk=77f9c686-0513-4c28-b4cb-3cc47e51bf2d&xptdk=77f9c686-0513-4c28-b4cb-3cc47e51bf2d
https://down-id.img.susercontent.com/file/id-11134207-8224w-mgeiha1tefpn33,https://down-id.img.susercontent.com/file/id-11134258-8224v-mkvw0cu9r7k1a5,LAPTOP ZYREX D- TECH AMD Ryzen 5 16GB 256GB W11 14.0 HD 2YR BLUE,https://deo.shopeemobile.com/shopee/modules-federation/live/0/shopee__item-card-standard-v2/0.2.8/pc/7c9110f78e069acbced7.png,Rp,6.392.000,-29%,https://deo.shopeemobile.com/shopee/modules-federation/live/0/shopee__item-card-standard-v2/0.2.8/pc/b4d1b8a78b3621dbdf4a.svg,4.9,https://deo.shopeemobile.com/shopee/modules-federation/live/0/shopee__item-card-standard-v2/0.2.8/pc/76dff349290d20891fc1.svg,1RB+ Terjual,https://deo.shopeemobile.com/shopee/modules-federation/live/0/shopee__item-card-standard-v2/0.2.8/pc/5dd7b4560d0e2d3190e8.svg,Jakarta Utara,,https://deo.shopeemobile.com/shopee/modules-federation/live/0/shopee__item-card-standard-v2/0.2.8/pc/d7099d3fd1dfdaf705ab.svg,,,"LAPTOP ZYREX D- TECH AMD Ryzen 5 16GB 256GB W11 14.0 HD 2YR BLUE
Rp
6.392.000
-29%
4.9
1RB+ Terjual
3-4 Hari
Jakarta Utara",https://shopee.co.id/LAPTOP-ZYREX-D-TECH-AMD-Ryzen-5-16GB-256GB-W11-14.0-HD-2YR-BLUE-i.27510377.29323453632?extraParams=%7B%22display_model_id%22%3A315563619299%2C%22model_selection_logic%22%3A3%7D&sp_atk=7ed6830a-d255-4b88-a5ef-ee92d1a6b28b&xptdk=7ed6830a-d255-4b88-a5ef-ee92d1a6b28b
https://down-id.img.susercontent.com/file/id-11134207-8224v-mh086blrvh8p72,https://down-id.img.susercontent.com/file/id-11134258-8224v-mkvw0cu9r7k1a5,LAPTOP ZYREX BLAZE I5 12450H 16GB 512GB W11 14.0 FHD IPS 2YR GREY,https://deo.shopeemobile.com/shopee/modules-federation/live/0/shopee__item-card-standard-v2/0.2.8/pc/7c9110f78e069acbced7.png,Rp,7.610.000,-13%,https://deo.shopeemobile.com/shopee/modules-federation/live/0/shopee__item-card-standard-v2/0.2.8/pc/b4d1b8a78b3621dbdf4a.svg,4.8,https://deo.shopeemobile.com/shopee/modules-federation/live/0/shopee__item-card-standard-v2/0.2.8/pc/76dff349290d20891fc1.svg,93 Terjual,https://deo.shopeemobile.com/shopee/modules-federation/live/0/shopee__item-card-standard-v2/0.2.8/pc/5dd7b4560d0e2d3190e8.svg,Jakarta Utara,,https://deo.shopeemobile.com/shopee/modules-federation/live/0/shopee__item-card-standard-v2/0.2.8/pc/d7099d3fd1dfdaf705ab.svg,,,"LAPTOP ZYREX BLAZE I5 12450H 16GB 512GB W11 14.0 FHD IPS 2YR GREY
Rp
7.610.000
-13%
4.8
93 Terjual
3-4 Hari
Jakarta Utara",https://shopee.co.id/LAPTOP-ZYREX-BLAZE-I5-12450H-16GB-512GB-W11-14.0-FHD-IPS-2YR-GREY-i.27510377.28012848360?extraParams=%7B%22display_model_id%22%3A241700055241%2C%22model_selection_logic%22%3A3%7D&sp_atk=27e5232d-aefa-4284-bd5a-26173189c0c8&xptdk=27e5232d-aefa-4284-bd5a-26173189c0c8
https://down-id.img.susercontent.com/file/id-11134207-8224r-mk7lizis4hz60c,https://down-id.img.susercontent.com/file/id-11134258-822wr-mlx67rtd6r602f,"Zyrex Sky 232 Mini 64 II 11.6"" FHD IPS 4GB RAM",,Rp,2.474.000,-12%,https://deo.shopeemobile.com/shopee/modules-federation/live/0/shopee__item-card-standard-v2/0.2.8/pc/b4d1b8a78b3621dbdf4a.svg,4.9,https://deo.shopeemobile.com/shopee/modules-federation/live/0/shopee__item-card-standard-v2/0.2.8/pc/38e203dc86172a6c6560.svg,27 Terjual,https://deo.shopeemobile.com/shopee/modules-federation/live/0/shopee__item-card-standard-v2/0.2.8/pc/5dd7b4560d0e2d3190e8.svg,Jakarta Barat,Hadiah Gratis,https://deo.shopeemobile.com/shopee/modules-federation/live/0/shopee__item-card-standard-v2/0.2.8/pc/d7099d3fd1dfdaf705ab.svg,https://deo.shopeemobile.com/shopee/modules-federation/live/0/shopee__item-card-standard-v2/0.2.8/pc/0614b8f0a8fdde22942d.svg,< 2 Hari,"Zyrex Sky 232 Mini 64 II 11.6"" FHD IPS 4GB RAM
Rp
2.474.000
-12%
Hadiah Gratis
4.9
27 Terjual
< 2 Hari
Jakarta Barat",https://shopee.co.id/Zyrex-Sky-232-Mini-64-II-11.6-FHD-IPS-4GB-RAM-i.1489958388.52755720519?extraParams=%7B%22display_model_id%22%3A360827188470%2C%22model_selection_logic%22%3A3%7D&sp_atk=081e9820-d73b-4be6-b14f-d2883aa3638a&xptdk=081e9820-d73b-4be6-b14f-d2883aa3638a
https://down-id.img.susercontent.com/file/id-11134207-8224x-mjpdvn7h3pc6cc,https://down-id.img.susercontent.com/file/id-11134258-8224v-mkvw0cu9r7k1a5,NEW LAUNCH LAPTOP ZYREX D-TECH PRO V2 RYZEN 5 6600H 16GB 512GB W11 14.0FHD IPS BLIT,https://deo.shopeemobile.com/shopee/modules-federation/live/0/shopee__item-card-standard-v2/0.2.8/pc/7c9110f78e069acbced7.png,Rp,7.306.000,-19%,https://deo.shopeemobile.com/shopee/modules-federation/live/0/shopee__item-card-standard-v2/0.2.8/pc/b4d1b8a78b3621dbdf4a.svg,4.9,https://deo.shopeemobile.com/shopee/modules-federation/live/0/shopee__item-card-standard-v2/0.2.8/pc/76dff349290d20891fc1.svg,567 Terjual,https://deo.shopeemobile.com/shopee/modules-federation/live/0/shopee__item-card-standard-v2/0.2.8/pc/5dd7b4560d0e2d3190e8.svg,Jakarta Utara,,https://deo.shopeemobile.com/shopee/modules-federation/live/0/shopee__item-card-standard-v2/0.2.8/pc/d7099d3fd1dfdaf705ab.svg,,,"NEW LAUNCH LAPTOP ZYREX D-TECH PRO V2 RYZEN 5 6600H 16GB 512GB W11 14.0FHD IPS BLIT
Rp
7.306.000
-19%
4.9
567 Terjual
3-4 Hari
Jakarta Utara",https://shopee.co.id/NEW-LAUNCH-LAPTOP-ZYREX-D-TECH-PRO-V2-RYZEN-5-6600H-16GB-512GB-W11-14.0FHD-IPS-BLIT-i.27510377.42807118882?extraParams=%7B%22display_model_id%22%3A390563055251%2C%22model_selection_logic%22%3A3%7D&sp_atk=6d618b79-9f4b-4cca-a81c-362f5e44c253&xptdk=6d618b79-9f4b-4cca-a81c-362f5e44c253
https://down-id.img.susercontent.com/file/id-11134207-822wg-mmh1b0lc0cn6e5,https://down-id.img.susercontent.com/file/id-11134258-8224v-mkvw0cu9r7k1a5,LAPTOP ZYREX SKY 232 PRIME I5 1035G7 RAM 8GB SSD 512GB W11 14.0FHD 2Y BLACK GARANSI RESMI,https://deo.shopeemobile.com/shopee/modules-federation/live/0/shopee__item-card-standard-v2/0.2.8/pc/7c9110f78e069acbced7.png,Rp,5.783.000,-42%,https://deo.shopeemobile.com/shopee/modules-federation/live/0/shopee__item-card-standard-v2/0.2.8/pc/b4d1b8a78b3621dbdf4a.svg,5.0,https://deo.shopeemobile.com/shopee/modules-federation/live/0/shopee__item-card-standard-v2/0.2.8/pc/76dff349290d20891fc1.svg,3 Terjual,https://deo.shopeemobile.com/shopee/modules-federation/live/0/shopee__item-card-standard-v2/0.2.8/pc/5dd7b4560d0e2d3190e8.svg,Jakarta Utara,,https://deo.shopeemobile.com/shopee/modules-federation/live/0/shopee__item-card-standard-v2/0.2.8/pc/d7099d3fd1dfdaf705ab.svg,,,"LAPTOP ZYREX SKY 232 PRIME I5 1035G7 RAM 8GB SSD 512GB W11 14.0FHD 2Y BLACK GARANSI RESMI
Rp
5.783.000
-42%
5.0
3 Terjual
3-4 Hari
Jakarta Utara",https://shopee.co.id/LAPTOP-ZYREX-SKY-232-PRIME-I5-1035G7-RAM-8GB-SSD-512GB-W11-14.0FHD-2Y-BLACK-GARANSI-RESMI-i.27510377.56107139388?extraParams=%7B%22display_model_id%22%3A390637634090%2C%22model_selection_logic%22%3A3%7D&sp_atk=a4d86e1d-ebb2-4139-8bf1-dddd976bb0ed&xptdk=a4d86e1d-ebb2-4139-8bf1-dddd976bb0ed
https://down-id.img.susercontent.com/file/id-11134207-8224x-mjpdvn7h3pc6cc,https://down-id.img.susercontent.com/file/id-11134258-8224v-mkvw0cu9r7k1a5,"Laptop Zyrex D-TECH PRO V2 RYZEN 5 6600H 16GB 512GB Windows 11 Home 14"" FHD Garansi Resmi Indonesia",https://deo.shopeemobile.com/shopee/modules-federation/live/0/shopee__item-card-standard-v2/0.2.8/pc/7c9110f78e069acbced7.png,Rp,7.306.000,-19%,https://deo.shopeemobile.com/shopee/modules-federation/live/0/shopee__item-card-standard-v2/0.2.8/pc/b4d1b8a78b3621dbdf4a.svg,4.9,https://deo.shopeemobile.com/shopee/modules-federation/live/0/shopee__item-card-standard-v2/0.2.8/pc/76dff349290d20891fc1.svg,325 Terjual,https://deo.shopeemobile.com/shopee/modules-federation/live/0/shopee__item-card-standard-v2/0.2.8/pc/5dd7b4560d0e2d3190e8.svg,Jakarta Utara,,https://deo.shopeemobile.com/shopee/modules-federation/live/0/shopee__item-card-standard-v2/0.2.8/pc/d7099d3fd1dfdaf705ab.svg,,,"Laptop Zyrex D-TECH PRO V2 RYZEN 5 6600H 16GB 512GB Windows 11 Home 14"" FHD Garansi Resmi Indonesia
Rp
7.306.000
-19%
4.9
325 Terjual
3-4 Hari
Jakarta Utara",https://shopee.co.id/Laptop-Zyrex-D-TECH-PRO-V2-RYZEN-5-6600H-16GB-512GB-Windows-11-Home-14-FHD-Garansi-Resmi-Indonesia-i.27510377.20740994059?extraParams=%7B%22display_model_id%22%3A380563043580%2C%22model_selection_logic%22%3A3%7D&sp_atk=75cc3e70-a334-4ed7-a2ed-366619832f15&xptdk=75cc3e70-a334-4ed7-a2ed-366619832f15
https://down-id.img.susercontent.com/file/id-11134207-822wo-mmvg80j2hnnqc7,https://down-id.img.susercontent.com/file/id-11134258-822wr-mlx67rtd6r602f,"Zyrex Bunaken 14"" HD Laptop 4GB RAM Windows 10",,Rp,3.449.000,-18%,https://deo.shopeemobile.com/shopee/modules-federation/live/0/shopee__item-card-standard-v2/0.2.8/pc/b4d1b8a78b3621dbdf4a.svg,5.0,https://deo.shopeemobile.com/shopee/modules-federation/live/0/shopee__item-card-standard-v2/0.2.8/pc/38e203dc86172a6c6560.svg,12 Terjual,https://deo.shopeemobile.com/shopee/modules-federation/live/0/shopee__item-card-standard-v2/0.2.8/pc/5dd7b4560d0e2d3190e8.svg,Jakarta Barat,Hadiah Gratis,https://deo.shopeemobile.com/shopee/modules-federation/live/0/shopee__item-card-standard-v2/0.2.8/pc/d7099d3fd1dfdaf705ab.svg,https://deo.shopeemobile.com/shopee/modules-federation/live/0/shopee__item-card-standard-v2/0.2.8/pc/0614b8f0a8fdde22942d.svg,< 2 Hari,"Zyrex Bunaken 14"" HD Laptop 4GB RAM Windows 10
Rp
3.449.000
-18%
Hadiah Gratis
5.0
12 Terjual
< 2 Hari
Jakarta Barat",https://shopee.co.id/Zyrex-Bunaken-14-HD-Laptop-4GB-RAM-Windows-10-i.1489958388.50605708586?extraParams=%7B%22display_model_id%22%3A355516781292%2C%22model_selection_logic%22%3A3%7D&sp_atk=988cf48a-94ac-4e23-9016-8e8e953299be&xptdk=988cf48a-94ac-4e23-9016-8e8e953299be
https://down-id.img.susercontent.com/file/id-11134207-822wk-mlg2f5ju5h543f,https://down-id.img.susercontent.com/file/id-11134258-8224v-mkvw0cu9r7k1a5,ZYREX D-TECH RYZEN 5 3500 16GB 256GB 14.0 Windows 11,https://deo.shopeemobile.com/shopee/modules-federation/live/0/shopee__item-card-standard-v2/0.2.8/pc/7c9110f78e069acbced7.png,Rp,7.561.000,,,5.0,https://deo.shopeemobile.com/shopee/modules-federation/live/0/shopee__item-card-standard-v2/0.2.8/pc/38e203dc86172a6c6560.svg,39 Terjual,https://deo.shopeemobile.com/shopee/modules-federation/live/0/shopee__item-card-standard-v2/0.2.8/pc/5dd7b4560d0e2d3190e8.svg,Surabaya,,https://deo.shopeemobile.com/shopee/modules-federation/live/0/shopee__item-card-standard-v2/0.2.8/pc/d7099d3fd1dfdaf705ab.svg,https://deo.shopeemobile.com/shopee/modules-federation/live/0/shopee__item-card-standard-v2/0.2.8/pc/0614b8f0a8fdde22942d.svg,Besok 12:00,"ZYREX D-TECH RYZEN 5 3500 16GB 256GB 14.0 Windows 11
Rp
7.561.000
5.0
39 Terjual
Besok 12:00
Surabaya",https://shopee.co.id/ZYREX-D-TECH-RYZEN-5-3500-16GB-256GB-14.0-Windows-11-i.1039970542.26524129086?extraParams=%7B%22display_model_id%22%3A242516603761%2C%22model_selection_logic%22%3A3%7D&sp_atk=023d352f-b60a-45af-9536-9586c86cf829&xptdk=023d352f-b60a-45af-9536-9586c86cf829
https://down-id.img.susercontent.com/file/sg-11134201-8262o-ml324ol6k3d3e9,https://down-id.img.susercontent.com/file/id-11134258-8224v-mkvw0cu9r7k1a5,"Zyrex Lifebook N4020 8GB 128GB 14"" HD Windows 11 Pro",https://deo.shopeemobile.com/shopee/modules-federation/live/0/shopee__item-card-standard-v2/0.2.8/pc/7c9110f78e069acbced7.png,Rp,3.710.000,,,5.0,https://deo.shopeemobile.com/shopee/modules-federation/live/0/shopee__item-card-standard-v2/0.2.8/pc/38e203dc86172a6c6560.svg,6 Terjual,https://deo.shopeemobile.com/shopee/modules-federation/live/0/shopee__item-card-standard-v2/0.2.8/pc/5dd7b4560d0e2d3190e8.svg,Jakarta Timur,,https://deo.shopeemobile.com/shopee/modules-federation/live/0/shopee__item-card-standard-v2/0.2.8/pc/d7099d3fd1dfdaf705ab.svg,https://deo.shopeemobile.com/shopee/modules-federation/live/0/shopee__item-card-standard-v2/0.2.8/pc/0614b8f0a8fdde22942d.svg,< 2 Hari,"Zyrex Lifebook N4020 8GB 128GB 14"" HD Windows 11 Pro
Rp
3.710.000
5.0
6 Terjual
< 2 Hari
Jakarta Timur",https://shopee.co.id/Zyrex-Lifebook-N4020-8GB-128GB-14-HD-Windows-11-Pro-i.28377910.42078848706?extraParams=%7B%22display_model_id%22%3A224654376514%2C%22model_selection_logic%22%3A3%7D&sp_atk=c7239564-6936-4003-9147-d70115d4a786&xptdk=c7239564-6936-4003-9147-d70115d4a786
https://down-id.img.susercontent.com/file/id-11134207-822wu-mmvggifjwr2854,https://down-id.img.susercontent.com/file/id-11134258-822wp-mlyjp115kz5tc6,"Zyrex D-Tech Pro V2 Ryzen 5 16GB 512GB SSD 14""",,Rp,8.249.000,-4%,https://deo.shopeemobile.com/shopee/modules-federation/live/0/shopee__item-card-standard-v2/0.2.8/pc/b4d1b8a78b3621dbdf4a.svg,4.9,https://deo.shopeemobile.com/shopee/modules-federation/live/0/shopee__item-card-standard-v2/0.2.8/pc/38e203dc86172a6c6560.svg,74 Terjual,https://deo.shopeemobile.com/shopee/modules-federation/live/0/shopee__item-card-standard-v2/0.2.8/pc/5dd7b4560d0e2d3190e8.svg,Jakarta Barat,,https://deo.shopeemobile.com/shopee/modules-federation/live/0/shopee__item-card-standard-v2/0.2.8/pc/d7099d3fd1dfdaf705ab.svg,https://deo.shopeemobile.com/shopee/modules-federation/live/0/shopee__item-card-standard-v2/0.2.8/pc/0614b8f0a8fdde22942d.svg,< 2 Hari,"Zyrex D-Tech Pro V2 Ryzen 5 16GB 512GB SSD 14""
Rp
8.249.000
-4%
4.9
74 Terjual
< 2 Hari
Jakarta Barat",https://shopee.co.id/Zyrex-D-Tech-Pro-V2-Ryzen-5-16GB-512GB-SSD-14--i.1489958388.26939061243?extraParams=%7B%22display_model_id%22%3A280831544189%2C%22model_selection_logic%22%3A3%7D&sp_atk=4da5bd57-b16e-4beb-83d4-e7bbd9a34aa5&xptdk=4da5bd57-b16e-4beb-83d4-e7bbd9a34aa5
https://down-id.img.susercontent.com/file/id-11134207-822wr-mmvg80j2n9xi5e,https://down-id.img.susercontent.com/file/id-11134258-822wp-mlyjp115kz5tc6,"ZYREX L-BOOK Intel N4020 8GB 128GB SSD 14"" HD",,Rp,4.424.000,-26%,https://deo.shopeemobile.com/shopee/modules-federation/live/0/shopee__item-card-standard-v2/0.2.8/pc/b4d1b8a78b3621dbdf4a.svg,5.0,https://deo.shopeemobile.com/shopee/modules-federation/live/0/shopee__item-card-standard-v2/0.2.8/pc/38e203dc86172a6c6560.svg,13 Terjual,https://deo.shopeemobile.com/shopee/modules-federation/live/0/shopee__item-card-standard-v2/0.2.8/pc/5dd7b4560d0e2d3190e8.svg,Jakarta Barat,,https://deo.shopeemobile.com/shopee/modules-federation/live/0/shopee__item-card-standard-v2/0.2.8/pc/d7099d3fd1dfdaf705ab.svg,https://deo.shopeemobile.com/shopee/modules-federation/live/0/shopee__item-card-standard-v2/0.2.8/pc/0614b8f0a8fdde22942d.svg,< 2 Hari,"ZYREX L-BOOK Intel N4020 8GB 128GB SSD 14"" HD
Rp
4.424.000
-26%
5.0
13 Terjual
< 2 Hari
Jakarta Barat",https://shopee.co.id/ZYREX-L-BOOK-Intel-N4020-8GB-128GB-SSD-14-HD-i.1489958388.24546054499?extraParams=%7B%22display_model_id%22%3A435181489988%2C%22model_selection_logic%22%3A3%7D&sp_atk=f5145866-58e4-490d-9084-443f2c9e80e6&xptdk=f5145866-58e4-490d-9084-443f2c9e80e6
https://down-id.img.susercontent.com/file/id-11134207-822wm-mnayjo8snwg539,https://down-id.img.susercontent.com/file/id-11134258-8224v-mkvw0cu9r7k1a5,"ZYREX L-BOOK LAPTOP INTEL CELERON N4020 RAM 8GB 128GB EMMC 14"" HD",https://deo.shopeemobile.com/shopee/modules-federation/live/0/shopee__item-card-standard-v2/0.2.8/pc/7c9110f78e069acbced7.png,Rp,3.959.000,-21%,https://deo.shopeemobile.com/shopee/modules-federation/live/0/shopee__item-card-standard-v2/0.2.8/pc/b4d1b8a78b3621dbdf4a.svg,4.8,https://deo.shopeemobile.com/shopee/modules-federation/live/0/shopee__item-card-standard-v2/0.2.8/pc/76dff349290d20891fc1.svg,437 Terjual,https://deo.shopeemobile.com/shopee/modules-federation/live/0/shopee__item-card-standard-v2/0.2.8/pc/5dd7b4560d0e2d3190e8.svg,Jakarta Utara,,https://deo.shopeemobile.com/shopee/modules-federation/live/0/shopee__item-card-standard-v2/0.2.8/pc/d7099d3fd1dfdaf705ab.svg,,,"ZYREX L-BOOK LAPTOP INTEL CELERON N4020 RAM 8GB 128GB EMMC 14"" HD
Rp
3.959.000
-21%
4.8
437 Terjual
3-4 Hari
Jakarta Utara",https://shopee.co.id/ZYREX-L-BOOK-LAPTOP-INTEL-CELERON-N4020-RAM-8GB-128GB-EMMC-14-HD-i.27510377.19308072019?extraParams=%7B%22display_model_id%22%3A276774875389%2C%22model_selection_logic%22%3A3%7D&sp_atk=70556e4d-31fa-48ca-ad1b-cd6919b37203&xptdk=70556e4d-31fa-48ca-ad1b-cd6919b37203
https://down-id.img.susercontent.com/file/id-11134207-7rbke-m95klrgl9bzv9b,https://down-id.img.susercontent.com/file/id-11134258-8224v-mkvw0cu9r7k1a5,ZYREX D-TECH RYZEN 5 16GB 256GB W11 14.0 2Y BLU,https://deo.shopeemobile.com/shopee/modules-federation/live/0/shopee__item-card-standard-v2/0.2.8/pc/7c9110f78e069acbced7.png,Rp,6.368.000,-1%,https://deo.shopeemobile.com/shopee/modules-federation/live/0/shopee__item-card-standard-v2/0.2.8/pc/b4d1b8a78b3621dbdf4a.svg,5.0,https://deo.shopeemobile.com/shopee/modules-federation/live/0/shopee__item-card-standard-v2/0.2.8/pc/38e203dc86172a6c6560.svg,25 Terjual,https://deo.shopeemobile.com/shopee/modules-federation/live/0/shopee__item-card-standard-v2/0.2.8/pc/5dd7b4560d0e2d3190e8.svg,Surabaya,,https://deo.shopeemobile.com/shopee/modules-federation/live/0/shopee__item-card-standard-v2/0.2.8/pc/d7099d3fd1dfdaf705ab.svg,https://deo.shopeemobile.com/shopee/modules-federation/live/0/shopee__item-card-standard-v2/0.2.8/pc/0614b8f0a8fdde22942d.svg,Besok,"ZYREX D-TECH RYZEN 5 16GB 256GB W11 14.0 2Y BLU
Rp
6.368.000
-1%
5.0
25 Terjual
Besok
Surabaya",https://shopee.co.id/ZYREX-D-TECH-RYZEN-5-16GB-256GB-W11-14.0-2Y-BLU-i.1471949508.27135254661?extraParams=%7B%22display_model_id%22%3A198814156066%2C%22model_selection_logic%22%3A3%7D&sp_atk=b359963d-22c4-44b1-a380-2eae0ee9c36c&xptdk=b359963d-22c4-44b1-a380-2eae0ee9c36c
https://down-id.img.susercontent.com/file/id-11134207-7ra0k-mbhol5et602maa,https://down-id.img.susercontent.com/file/id-11134258-8224v-mkvw0cu9r7k1a5,LAPTOP ZYREX D-TECH PRO V2 RYZEN 5 6600H - 16GB 512GB 14.0FHD IPS,https://deo.shopeemobile.com/shopee/modules-federation/live/0/shopee__item-card-standard-v2/0.2.8/pc/7c9110f78e069acbced7.png,Rp,7.097.000,-24%,https://deo.shopeemobile.com/shopee/modules-federation/live/0/shopee__item-card-standard-v2/0.2.8/pc/b4d1b8a78b3621dbdf4a.svg,5.0,https://deo.shopeemobile.com/shopee/modules-federation/live/0/shopee__item-card-standard-v2/0.2.8/pc/38e203dc86172a6c6560.svg,40 Terjual,https://deo.shopeemobile.com/shopee/modules-federation/live/0/shopee__item-card-standard-v2/0.2.8/pc/5dd7b4560d0e2d3190e8.svg,Surabaya,,https://deo.shopeemobile.com/shopee/modules-federation/live/0/shopee__item-card-standard-v2/0.2.8/pc/d7099d3fd1dfdaf705ab.svg,https://deo.shopeemobile.com/shopee/modules-federation/live/0/shopee__item-card-standard-v2/0.2.8/pc/0614b8f0a8fdde22942d.svg,Besok,"LAPTOP ZYREX D-TECH PRO V2 RYZEN 5 6600H - 16GB 512GB 14.0FHD IPS
Rp
7.097.000
-24%
5.0
40 Terjual
Besok
Surabaya",https://shopee.co.id/LAPTOP-ZYREX-D-TECH-PRO-V2-RYZEN-5-6600H-16GB-512GB-14.0FHD-IPS-i.1273997571.41356361751?extraParams=%7B%22display_model_id%22%3A420593489929%2C%22model_selection_logic%22%3A3%7D&sp_atk=3049bc95-9341-45cf-bb7c-0347137aaca0&xptdk=3049bc95-9341-45cf-bb7c-0347137aaca0
https://down-id.img.susercontent.com/file/id-11134207-8224w-mgeiha1tefpn33,https://down-id.img.susercontent.com/file/id-11134258-822wr-mlx67rtd6r602f,Zyrex D-Tech Ryzen 5 16GB 256GB SSD Backlit,,Rp,7.469.000,-25%,https://deo.shopeemobile.com/shopee/modules-federation/live/0/shopee__item-card-standard-v2/0.2.8/pc/b4d1b8a78b3621dbdf4a.svg,4.5,https://deo.shopeemobile.com/shopee/modules-federation/live/0/shopee__item-card-standard-v2/0.2.8/pc/38e203dc86172a6c6560.svg,20 Terjual,https://deo.shopeemobile.com/shopee/modules-federation/live/0/shopee__item-card-standard-v2/0.2.8/pc/5dd7b4560d0e2d3190e8.svg,Jakarta Barat,,https://deo.shopeemobile.com/shopee/modules-federation/live/0/shopee__item-card-standard-v2/0.2.8/pc/d7099d3fd1dfdaf705ab.svg,https://deo.shopeemobile.com/shopee/modules-federation/live/0/shopee__item-card-standard-v2/0.2.8/pc/0614b8f0a8fdde22942d.svg,< 2 Hari,"Zyrex D-Tech Ryzen 5 16GB 256GB SSD Backlit
Rp
7.469.000
-25%
4.5
20 Terjual
< 2 Hari
Jakarta Barat",https://shopee.co.id/Zyrex-D-Tech-Ryzen-5-16GB-256GB-SSD-Backlit-i.1489958388.26089105476?extraParams=%7B%22display_model_id%22%3A275832255702%2C%22model_selection_logic%22%3A3%7D&sp_atk=76b001df-998c-4612-a543-6c3ff8ff2ae3&xptdk=76b001df-998c-4612-a543-6c3ff8ff2ae3
https://down-id.img.susercontent.com/file/id-11134207-822wr-mlg4gh098tfk58,https://down-id.img.susercontent.com/file/id-11134258-8224v-mkvw0cu9r7k1a5,ZYREX BLAZE I5 12450H 16GB 512GB 14.0FHD BLIT METAL Windows 11,https://deo.shopeemobile.com/shopee/modules-federation/live/0/shopee__item-card-standard-v2/0.2.8/pc/7c9110f78e069acbced7.png,Rp,7.611.000,,,5.0,https://deo.shopeemobile.com/shopee/modules-federation/live/0/shopee__item-card-standard-v2/0.2.8/pc/38e203dc86172a6c6560.svg,2 Terjual,https://deo.shopeemobile.com/shopee/modules-federation/live/0/shopee__item-card-standard-v2/0.2.8/pc/5dd7b4560d0e2d3190e8.svg,Surabaya,,https://deo.shopeemobile.com/shopee/modules-federation/live/0/shopee__item-card-standard-v2/0.2.8/pc/d7099d3fd1dfdaf705ab.svg,https://deo.shopeemobile.com/shopee/modules-federation/live/0/shopee__item-card-standard-v2/0.2.8/pc/0614b8f0a8fdde22942d.svg,Besok 12:00,"ZYREX BLAZE I5 12450H 16GB 512GB 14.0FHD BLIT METAL Windows 11
Rp
7.611.000
5.0
2 Terjual
Besok 12:00
Surabaya",https://shopee.co.id/ZYREX-BLAZE-I5-12450H-16GB-512GB-14.0FHD-BLIT-METAL-Windows-11-i.1039970542.26080378742?extraParams=%7B%22display_model_id%22%3A223973384333%2C%22model_selection_logic%22%3A3%7D&sp_atk=c1ec4d90-1a6d-4be3-ae17-c66725dffbf0&xptdk=c1ec4d90-1a6d-4be3-ae17-c66725dffbf0
https://down-id.img.susercontent.com/file/id-11134207-822wu-mlg022iakg0f4c,https://down-id.img.susercontent.com/file/id-11134258-8224v-mkvw0cu9r7k1a5,ZYREX L-BOOK N4020 8GB 128GB 14.0 Windows 11,https://deo.shopeemobile.com/shopee/modules-federation/live/0/shopee__item-card-standard-v2/0.2.8/pc/7c9110f78e069acbced7.png,Rp,4.160.000,,,4.5,https://deo.shopeemobile.com/shopee/modules-federation/live/0/shopee__item-card-standard-v2/0.2.8/pc/38e203dc86172a6c6560.svg,28 Terjual,https://deo.shopeemobile.com/shopee/modules-federation/live/0/shopee__item-card-standard-v2/0.2.8/pc/5dd7b4560d0e2d3190e8.svg,Surabaya,,https://deo.shopeemobile.com/shopee/modules-federation/live/0/shopee__item-card-standard-v2/0.2.8/pc/d7099d3fd1dfdaf705ab.svg,https://deo.shopeemobile.com/shopee/modules-federation/live/0/shopee__item-card-standard-v2/0.2.8/pc/0614b8f0a8fdde22942d.svg,Besok 12:00,"ZYREX L-BOOK N4020 8GB 128GB 14.0 Windows 11
Rp
4.160.000
4.5
28 Terjual
Besok 12:00
Surabaya",https://shopee.co.id/ZYREX-L-BOOK-N4020-8GB-128GB-14.0-Windows-11-i.1039970542.42720046661?extraParams=%7B%22display_model_id%22%3A306638141710%2C%22model_selection_logic%22%3A3%7D&sp_atk=53f421ab-bb2e-46b8-b273-5f535f7ae89b&xptdk=53f421ab-bb2e-46b8-b273-5f535f7ae89b
https://down-id.img.susercontent.com/file/id-11134207-81ztm-mfkqrs64l9n0cc,https://down-id.img.susercontent.com/file/id-11134258-8224v-mkvw0cu9r7k1a5,LAPTOP ZYREX D-TECH RYZEN 5 3500 16GB 256GB W11 14.0,https://deo.shopeemobile.com/shopee/modules-federation/live/0/shopee__item-card-standard-v2/0.2.8/pc/7c9110f78e069acbced7.png,Rp,7.551.000,-18%,https://deo.shopeemobile.com/shopee/modules-federation/live/0/shopee__item-card-standard-v2/0.2.8/pc/b4d1b8a78b3621dbdf4a.svg,5.0,https://deo.shopeemobile.com/shopee/modules-federation/live/0/shopee__item-card-standard-v2/0.2.8/pc/38e203dc86172a6c6560.svg,26 Terjual,https://deo.shopeemobile.com/shopee/modules-federation/live/0/shopee__item-card-standard-v2/0.2.8/pc/5dd7b4560d0e2d3190e8.svg,Surabaya,,https://deo.shopeemobile.com/shopee/modules-federation/live/0/shopee__item-card-standard-v2/0.2.8/pc/d7099d3fd1dfdaf705ab.svg,https://deo.shopeemobile.com/shopee/modules-federation/live/0/shopee__item-card-standard-v2/0.2.8/pc/0614b8f0a8fdde22942d.svg,Besok,"LAPTOP ZYREX D-TECH RYZEN 5 3500 16GB 256GB W11 14.0
Rp
7.551.000
-18%
5.0
26 Terjual
Besok
Surabaya",https://shopee.co.id/LAPTOP-ZYREX-D-TECH-RYZEN-5-3500-16GB-256GB-W11-14.0-i.1273997571.29579724544?extraParams=%7B%22display_model_id%22%3A257899475103%2C%22model_selection_logic%22%3A3%7D&sp_atk=4bba7f84-0695-4fd3-b7d4-ac476e9cc4a4&xptdk=4bba7f84-0695-4fd3-b7d4-ac476e9cc4a4
https://down-id.img.susercontent.com/file/id-11134207-7ra0k-mcubt614y2wn34,https://down-id.img.susercontent.com/file/id-11134258-7r98w-lyezzaurybot13,ZYREX D-TECH RYZEN 5 3500U 16GB 256GB W11 14.0 2Y BLU LAPTOP ZYREX D-TECH,https://deo.shopeemobile.com/shopee/modules-federation/live/0/shopee__item-card-standard-v2/0.2.8/pc/7c9110f78e069acbced7.png,Rp,6.507.500,,,4.7,https://deo.shopeemobile.com/shopee/modules-federation/live/0/shopee__item-card-standard-v2/0.2.8/pc/76dff349290d20891fc1.svg,12 Terjual,https://deo.shopeemobile.com/shopee/modules-federation/live/0/shopee__item-card-standard-v2/0.2.8/pc/5dd7b4560d0e2d3190e8.svg,Pontianak,,https://deo.shopeemobile.com/shopee/modules-federation/live/0/shopee__item-card-standard-v2/0.2.8/pc/d7099d3fd1dfdaf705ab.svg,,,"ZYREX D-TECH RYZEN 5 3500U 16GB 256GB W11 14.0 2Y BLU LAPTOP ZYREX D-TECH
Rp
6.507.500
4.7
12 Terjual
3-8 Hari
Pontianak",https://shopee.co.id/ZYREX-D-TECH-RYZEN-5-3500U-16GB-256GB-W11-14.0-2Y-BLU-LAPTOP-ZYREX-D-TECH-i.1534026306.27139363742?extraParams=%7B%22display_model_id%22%3A290927133936%2C%22model_selection_logic%22%3A3%7D&sp_atk=f0d8ff49-a86c-4aa8-b2f7-830dbdac3ece&xptdk=f0d8ff49-a86c-4aa8-b2f7-830dbdac3ece
https://down-id.img.susercontent.com/file/id-11134207-7ra0q-mb55o8tz6x1y29,https://down-id.img.susercontent.com/file/id-11134258-8224v-mkvw0cu9r7k1a5,ZYREX LIFEBOOK INTEL N4020 RAM 8GB 256GB WINDOWS 11PRO HD,https://deo.shopeemobile.com/shopee/modules-federation/live/0/shopee__item-card-standard-v2/0.2.8/pc/7c9110f78e069acbced7.png,Rp,3.960.000,-5%,https://deo.shopeemobile.com/shopee/modules-federation/live/0/shopee__item-card-standard-v2/0.2.8/pc/b4d1b8a78b3621dbdf4a.svg,4.9,https://deo.shopeemobile.com/shopee/modules-federation/live/0/shopee__item-card-standard-v2/0.2.8/pc/38e203dc86172a6c6560.svg,131 Terjual,https://deo.shopeemobile.com/shopee/modules-federation/live/0/shopee__item-card-standard-v2/0.2.8/pc/5dd7b4560d0e2d3190e8.svg,Depok,,https://deo.shopeemobile.com/shopee/modules-federation/live/0/shopee__item-card-standard-v2/0.2.8/pc/d7099d3fd1dfdaf705ab.svg,https://deo.shopeemobile.com/shopee/modules-federation/live/0/shopee__item-card-standard-v2/0.2.8/pc/0614b8f0a8fdde22942d.svg,< 2 Hari,"ZYREX LIFEBOOK INTEL N4020 RAM 8GB 256GB WINDOWS 11PRO HD
Rp
3.960.000
-5%
4.9
131 Terjual
< 2 Hari
Depok",https://shopee.co.id/ZYREX-LIFEBOOK-INTEL-N4020-RAM-8GB-256GB-WINDOWS-11PRO-HD-i.1367937206.43105014508?extraParams=%7B%22display_model_id%22%3A295425549493%2C%22model_selection_logic%22%3A3%7D&sp_atk=ff895dc2-f9b1-4695-af44-e0da99b6345b&xptdk=ff895dc2-f9b1-4695-af44-e0da99b6345b
https://down-id.img.susercontent.com/file/id-11134207-822wk-mmvg80j2oohy91,https://down-id.img.susercontent.com/file/id-11134258-822wp-mlyjp115kz5tc6,Zyrex Blaze i5 16GB 512GB SSD Backlit Keyboard,,Rp,8.399.000,-13%,https://deo.shopeemobile.com/shopee/modules-federation/live/0/shopee__item-card-standard-v2/0.2.8/pc/b4d1b8a78b3621dbdf4a.svg,4.5,https://deo.shopeemobile.com/shopee/modules-federation/live/0/shopee__item-card-standard-v2/0.2.8/pc/38e203dc86172a6c6560.svg,3 Terjual,https://deo.shopeemobile.com/shopee/modules-federation/live/0/shopee__item-card-standard-v2/0.2.8/pc/5dd7b4560d0e2d3190e8.svg,Jakarta Barat,,https://deo.shopeemobile.com/shopee/modules-federation/live/0/shopee__item-card-standard-v2/0.2.8/pc/d7099d3fd1dfdaf705ab.svg,https://deo.shopeemobile.com/shopee/modules-federation/live/0/shopee__item-card-standard-v2/0.2.8/pc/0614b8f0a8fdde22942d.svg,< 2 Hari,"Zyrex Blaze i5 16GB 512GB SSD Backlit Keyboard
Rp
8.399.000
-13%
4.5
3 Terjual
< 2 Hari
Jakarta Barat",https://shopee.co.id/Zyrex-Blaze-i5-16GB-512GB-SSD-Backlit-Keyboard-i.1489958388.41359282746?extraParams=%7B%22display_model_id%22%3A258646028201%2C%22model_selection_logic%22%3A3%7D&sp_atk=2d7d1167-a1cc-4411-8ceb-62fa41466229&xptdk=2d7d1167-a1cc-4411-8ceb-62fa41466229
https://down-id.img.susercontent.com/file/id-11134207-81ztp-me83zk3f54asdc,https://down-id.img.susercontent.com/file/id-11134258-8224v-mkvw0cu9r7k1a5,"Zyrex L-Book N4020 8GB 128GB Windows 11 14""",https://deo.shopeemobile.com/shopee/modules-federation/live/0/shopee__item-card-standard-v2/0.2.8/pc/e4734dab67ee2f9ebd5a.png,Rp,3.849.000,,,5.0,https://deo.shopeemobile.com/shopee/modules-federation/live/0/shopee__item-card-standard-v2/0.2.8/pc/38e203dc86172a6c6560.svg,54 Terjual,https://deo.shopeemobile.com/shopee/modules-federation/live/0/shopee__item-card-standard-v2/0.2.8/pc/5dd7b4560d0e2d3190e8.svg,Medan,,https://deo.shopeemobile.com/shopee/modules-federation/live/0/shopee__item-card-standard-v2/0.2.8/pc/d7099d3fd1dfdaf705ab.svg,https://deo.shopeemobile.com/shopee/modules-federation/live/0/shopee__item-card-standard-v2/0.2.8/pc/0614b8f0a8fdde22942d.svg,< 2 Hari,"Zyrex L-Book N4020 8GB 128GB Windows 11 14""
Rp
3.849.000
5.0
54 Terjual
< 2 Hari
Medan",https://shopee.co.id/Zyrex-L-Book-N4020-8GB-128GB-Windows-11-14--i.35441254.29591101439?extraParams=%7B%22display_model_id%22%3A271436325130%2C%22model_selection_logic%22%3A3%7D&sp_atk=297976e9-54ca-43ec-94c8-4f7f298b1c8e&xptdk=297976e9-54ca-43ec-94c8-4f7f298b1c8e
https://down-id.img.susercontent.com/file/id-11134207-8224o-ml56iei2jfnx7a,https://down-id.img.susercontent.com/file/id-11134258-8224v-mkvw0cu9r7k1a5,LAPTOP SEKOLAH ZYREX D-TECH PRO V2 RYZEN 5 6600H 16GB 512GB W11+OFFICE 14.0FHD IPS,https://deo.shopeemobile.com/shopee/modules-federation/live/0/shopee__item-card-standard-v2/0.2.8/pc/7c9110f78e069acbced7.png,Rp,6.392.000,-57%,https://deo.shopeemobile.com/shopee/modules-federation/live/0/shopee__item-card-standard-v2/0.2.8/pc/b4d1b8a78b3621dbdf4a.svg,4.9,https://deo.shopeemobile.com/shopee/modules-federation/live/0/shopee__item-card-standard-v2/0.2.8/pc/38e203dc86172a6c6560.svg,145 Terjual,https://deo.shopeemobile.com/shopee/modules-federation/live/0/shopee__item-card-standard-v2/0.2.8/pc/5dd7b4560d0e2d3190e8.svg,Jakarta Utara,,https://deo.shopeemobile.com/shopee/modules-federation/live/0/shopee__item-card-standard-v2/0.2.8/pc/d7099d3fd1dfdaf705ab.svg,https://deo.shopeemobile.com/shopee/modules-federation/live/0/shopee__item-card-standard-v2/0.2.8/pc/0614b8f0a8fdde22942d.svg,< 2 Hari,"LAPTOP SEKOLAH ZYREX D-TECH PRO V2 RYZEN 5 6600H 16GB 512GB W11+OFFICE 14.0FHD IPS
Rp
6.392.000
-57%
4.9
145 Terjual
< 2 Hari
Jakarta Utara",https://shopee.co.id/LAPTOP-SEKOLAH-ZYREX-D-TECH-PRO-V2-RYZEN-5-6600H-16GB-512GB-W11-OFFICE-14.0FHD-IPS-i.78730497.14841674159?extraParams=%7B%22display_model_id%22%3A297419651989%2C%22model_selection_logic%22%3A3%7D&sp_atk=81f0be91-aae2-49ba-b4c5-ac84a25ab2cc&xptdk=81f0be91-aae2-49ba-b4c5-ac84a25ab2cc
https://down-id.img.susercontent.com/file/id-11134207-7rbk4-majtg3h4eo10b7,https://down-id.img.susercontent.com/file/id-11134258-7r98w-lyezzaurybot13,ZYREX LIFEBOOK N4020 8GB 128GB W11PRO 14.0 GRY,https://deo.shopeemobile.com/shopee/modules-federation/live/0/shopee__item-card-standard-v2/0.2.8/pc/7c9110f78e069acbced7.png,Rp,3.777.500,,,4.9,https://deo.shopeemobile.com/shopee/modules-federation/live/0/shopee__item-card-standard-v2/0.2.8/pc/76dff349290d20891fc1.svg,27 Terjual,https://deo.shopeemobile.com/shopee/modules-federation/live/0/shopee__item-card-standard-v2/0.2.8/pc/5dd7b4560d0e2d3190e8.svg,Pontianak,,https://deo.shopeemobile.com/shopee/modules-federation/live/0/shopee__item-card-standard-v2/0.2.8/pc/d7099d3fd1dfdaf705ab.svg,,,"ZYREX LIFEBOOK N4020 8GB 128GB W11PRO 14.0 GRY
Rp
3.777.500
4.9
27 Terjual
3-8 Hari
Pontianak",https://shopee.co.id/ZYREX-LIFEBOOK-N4020-8GB-128GB-W11PRO-14.0-GRY-i.1534026306.40903095759?extraParams=%7B%22display_model_id%22%3A410593347040%2C%22model_selection_logic%22%3A3%7D&sp_atk=46d1940b-7f54-4785-b50e-216e39ce1ee0&xptdk=46d1940b-7f54-4785-b50e-216e39ce1ee0
https://down-id.img.susercontent.com/file/id-11134207-81ztm-mfmmbz4vjpqh53,https://down-id.img.susercontent.com/file/id-11134258-8224v-mkvw0cu9r7k1a5,ZYREX D-TECH PRO V1 RYZEN 5 6600H 16GB 512GB W11 14.0FHD IPS BLIT LAN 1Y,https://deo.shopeemobile.com/shopee/modules-federation/live/0/shopee__item-card-standard-v2/0.2.8/pc/7c9110f78e069acbced7.png,Rp,8.122.000,-2%,https://deo.shopeemobile.com/shopee/modules-federation/live/0/shopee__item-card-standard-v2/0.2.8/pc/b4d1b8a78b3621dbdf4a.svg,5.0,https://deo.shopeemobile.com/shopee/modules-federation/live/0/shopee__item-card-standard-v2/0.2.8/pc/38e203dc86172a6c6560.svg,18 Terjual,https://deo.shopeemobile.com/shopee/modules-federation/live/0/shopee__item-card-standard-v2/0.2.8/pc/5dd7b4560d0e2d3190e8.svg,Surabaya,,https://deo.shopeemobile.com/shopee/modules-federation/live/0/shopee__item-card-standard-v2/0.2.8/pc/d7099d3fd1dfdaf705ab.svg,https://deo.shopeemobile.com/shopee/modules-federation/live/0/shopee__item-card-standard-v2/0.2.8/pc/0614b8f0a8fdde22942d.svg,Besok,"ZYREX D-TECH PRO V1 RYZEN 5 6600H 16GB 512GB W11 14.0FHD IPS BLIT LAN 1Y
Rp
8.122.000
-2%
5.0
18 Terjual
Besok
Surabaya",https://shopee.co.id/ZYREX-D-TECH-PRO-V1-RYZEN-5-6600H-16GB-512GB-W11-14.0FHD-IPS-BLIT-LAN-1Y-i.1471949508.41957368962?extraParams=%7B%22display_model_id%22%3A285624639195%2C%22model_selection_logic%22%3A3%7D&sp_atk=40fc5575-3df9-402e-b5e9-d7c24d545728&xptdk=40fc5575-3df9-402e-b5e9-d7c24d545728
https://down-id.img.susercontent.com/file/id-11134207-81ztd-mfrudxsabvv115,https://down-id.img.susercontent.com/file/id-11134258-8224v-mkvw0cu9r7k1a5,LAPTOP ZYREX LIFEBOOK N4020 8GB 128/256GB W11PRO 14.0,https://deo.shopeemobile.com/shopee/modules-federation/live/0/shopee__item-card-standard-v2/0.2.8/pc/7c9110f78e069acbced7.png,Rp,3.950.000,-49%,https://deo.shopeemobile.com/shopee/modules-federation/live/0/shopee__item-card-standard-v2/0.2.8/pc/b4d1b8a78b3621dbdf4a.svg,4.4,https://deo.shopeemobile.com/shopee/modules-federation/live/0/shopee__item-card-standard-v2/0.2.8/pc/38e203dc86172a6c6560.svg,19 Terjual,https://deo.shopeemobile.com/shopee/modules-federation/live/0/shopee__item-card-standard-v2/0.2.8/pc/5dd7b4560d0e2d3190e8.svg,Surabaya,,https://deo.shopeemobile.com/shopee/modules-federation/live/0/shopee__item-card-standard-v2/0.2.8/pc/d7099d3fd1dfdaf705ab.svg,https://deo.shopeemobile.com/shopee/modules-federation/live/0/shopee__item-card-standard-v2/0.2.8/pc/0614b8f0a8fdde22942d.svg,Besok,"LAPTOP ZYREX LIFEBOOK N4020 8GB 128/256GB W11PRO 14.0
Rp
3.950.000
-49%
4.4
19 Terjual
Besok
Surabaya",https://shopee.co.id/LAPTOP-ZYREX-LIFEBOOK-N4020-8GB-128-256GB-W11PRO-14.0-i.1273997571.42802274131?extraParams=%7B%22display_model_id%22%3A295187694080%2C%22model_selection_logic%22%3A3%7D&sp_atk=eb9587ba-140d-44be-8515-8e45a1cfefb3&xptdk=eb9587ba-140d-44be-8515-8e45a1cfefb3
https://down-id.img.susercontent.com/file/id-11134207-822wm-mlg022ialukv5b,https://down-id.img.susercontent.com/file/id-11134258-8224v-mkvw0cu9r7k1a5,ZYREX D-TECH PRO V1 RYZEN 5 6600H 16GB 512GB 14.0FHD IPS BLIT LAN Windows 11,https://deo.shopeemobile.com/shopee/modules-federation/live/0/shopee__item-card-standard-v2/0.2.8/pc/7c9110f78e069acbced7.png,Rp,8.122.000,-2%,https://deo.shopeemobile.com/shopee/modules-federation/live/0/shopee__item-card-standard-v2/0.2.8/pc/b4d1b8a78b3621dbdf4a.svg,5.0,https://deo.shopeemobile.com/shopee/modules-federation/live/0/shopee__item-card-standard-v2/0.2.8/pc/38e203dc86172a6c6560.svg,12 Terjual,https://deo.shopeemobile.com/shopee/modules-federation/live/0/shopee__item-card-standard-v2/0.2.8/pc/5dd7b4560d0e2d3190e8.svg,Surabaya,,https://deo.shopeemobile.com/shopee/modules-federation/live/0/shopee__item-card-standard-v2/0.2.8/pc/d7099d3fd1dfdaf705ab.svg,https://deo.shopeemobile.com/shopee/modules-federation/live/0/shopee__item-card-standard-v2/0.2.8/pc/0614b8f0a8fdde22942d.svg,Besok 12:00,"ZYREX D-TECH PRO V1 RYZEN 5 6600H 16GB 512GB 14.0FHD IPS BLIT LAN Windows 11
Rp
8.122.000
-2%
5.0
12 Terjual
Besok 12:00
Surabaya",https://shopee.co.id/ZYREX-D-TECH-PRO-V1-RYZEN-5-6600H-16GB-512GB-14.0FHD-IPS-BLIT-LAN-Windows-11-i.1039970542.40707598438?extraParams=%7B%22display_model_id%22%3A260646316453%2C%22model_selection_logic%22%3A3%7D&sp_atk=9b47b6bc-e807-45aa-a9ac-7cc60efd6d6d&xptdk=9b47b6bc-e807-45aa-a9ac-7cc60efd6d6d
https://down-id.img.susercontent.com/file/id-11134207-7rbk2-maqu50plomfm90,https://down-id.img.susercontent.com/file/id-11134258-8224v-mkvw0cu9r7k1a5,Laptop Zyrex D-Tech Ryzen 5 16GB 1TB SSD Windows 11,https://deo.shopeemobile.com/shopee/modules-federation/live/0/shopee__item-card-standard-v2/0.2.8/pc/e4734dab67ee2f9ebd5a.png,Rp,6.343.000,-1%,https://deo.shopeemobile.com/shopee/modules-federation/live/0/shopee__item-card-standard-v2/0.2.8/pc/b4d1b8a78b3621dbdf4a.svg,5.0,https://deo.shopeemobile.com/shopee/modules-federation/live/0/shopee__item-card-standard-v2/0.2.8/pc/38e203dc86172a6c6560.svg,84 Terjual,https://deo.shopeemobile.com/shopee/modules-federation/live/0/shopee__item-card-standard-v2/0.2.8/pc/5dd7b4560d0e2d3190e8.svg,Jakarta Selatan,,https://deo.shopeemobile.com/shopee/modules-federation/live/0/shopee__item-card-standard-v2/0.2.8/pc/d7099d3fd1dfdaf705ab.svg,https://deo.shopeemobile.com/shopee/modules-federation/live/0/shopee__item-card-standard-v2/0.2.8/pc/0614b8f0a8fdde22942d.svg,< 2 Hari,"Laptop Zyrex D-Tech Ryzen 5 16GB 1TB SSD Windows 11
Rp
6.343.000
-1%
5.0
84 Terjual
< 2 Hari
Jakarta Selatan",https://shopee.co.id/Laptop-Zyrex-D-Tech-Ryzen-5-16GB-1TB-SSD-Windows-11-i.256652736.27774215640?extraParams=%7B%22display_model_id%22%3A430365450778%2C%22model_selection_logic%22%3A3%7D&sp_atk=ce240ae9-2fcf-41e1-9c8a-04880b58e0d9&xptdk=ce240ae9-2fcf-41e1-9c8a-04880b58e0d9
https://down-id.img.susercontent.com/file/id-11134207-7ra0p-mbnkxzj2igrbc4,https://down-id.img.susercontent.com/file/id-11134258-8224v-mkvw0cu9r7k1a5,TERLARIS - LAPTOP ZYREX D-TECH PRO V2 RYZEN 5 6600H 16GB 512GB W11 14.0FHD IPS BLIT LAN,https://deo.shopeemobile.com/shopee/modules-federation/live/0/shopee__item-card-standard-v2/0.2.8/pc/7c9110f78e069acbced7.png,Rp,7.106.000,-53%,https://deo.shopeemobile.com/shopee/modules-federation/live/0/shopee__item-card-standard-v2/0.2.8/pc/b4d1b8a78b3621dbdf4a.svg,4.9,https://deo.shopeemobile.com/shopee/modules-federation/live/0/shopee__item-card-standard-v2/0.2.8/pc/76dff349290d20891fc1.svg,449 Terjual,https://deo.shopeemobile.com/shopee/modules-federation/live/0/shopee__item-card-standard-v2/0.2.8/pc/5dd7b4560d0e2d3190e8.svg,Jakarta Utara,Cicilan,https://deo.shopeemobile.com/shopee/modules-federation/live/0/shopee__item-card-standard-v2/0.2.8/pc/d7099d3fd1dfdaf705ab.svg,,,"TERLARIS - LAPTOP ZYREX D-TECH PRO V2 RYZEN 5 6600H 16GB 512GB W11 14.0FHD IPS BLIT LAN
Rp
7.106.000
-53%
Cicilan
4.9
449 Terjual
3-4 Hari
Jakarta Utara",https://shopee.co.id/TERLARIS-LAPTOP-ZYREX-D-TECH-PRO-V2-RYZEN-5-6600H-16GB-512GB-W11-14.0FHD-IPS-BLIT-LAN-i.78730497.7384950636?extraParams=%7B%22display_model_id%22%3A277413004544%2C%22model_selection_logic%22%3A3%7D&sp_atk=79dd5262-2479-451d-b6b3-d5376f358c87&xptdk=79dd5262-2479-451d-b6b3-d5376f358c87
https://down-id.img.susercontent.com/file/id-11134207-7ra0j-mcn27dj7p41k8d,https://down-id.img.susercontent.com/file/id-11134258-822wr-mlx5y0tebegw04,"Laptop Termurah ZYREX LIFEBOOK N4020 16GB 640GB Windows 11 PRO 14.0"" INCH",https://deo.shopeemobile.com/shopee/modules-federation/live/0/shopee__item-card-standard-v2/0.2.8/pc/e4734dab67ee2f9ebd5a.png,Rp,3.960.000,-5%,https://deo.shopeemobile.com/shopee/modules-federation/live/0/shopee__item-card-standard-v2/0.2.8/pc/b4d1b8a78b3621dbdf4a.svg,4.9,https://deo.shopeemobile.com/shopee/modules-federation/live/0/shopee__item-card-standard-v2/0.2.8/pc/38e203dc86172a6c6560.svg,39 Terjual,https://deo.shopeemobile.com/shopee/modules-federation/live/0/shopee__item-card-standard-v2/0.2.8/pc/5dd7b4560d0e2d3190e8.svg,Jakarta Selatan,,https://deo.shopeemobile.com/shopee/modules-federation/live/0/shopee__item-card-standard-v2/0.2.8/pc/d7099d3fd1dfdaf705ab.svg,https://deo.shopeemobile.com/shopee/modules-federation/live/0/shopee__item-card-standard-v2/0.2.8/pc/0614b8f0a8fdde22942d.svg,< 2 Hari,"Laptop Termurah ZYREX LIFEBOOK N4020 16GB 640GB Windows 11 PRO 14.0"" INCH
Rp
3.960.000
-5%
4.9
39 Terjual
< 2 Hari
Jakarta Selatan",https://shopee.co.id/Laptop-Termurah-ZYREX-LIFEBOOK-N4020-16GB-640GB-Windows-11-PRO-14.0-INCH-i.256652736.23687023877?extraParams=%7B%22display_model_id%22%3A157236562794%2C%22model_selection_logic%22%3A3%7D&sp_atk=5988c3b0-e0bc-41cd-b91a-4c2586994088&xptdk=5988c3b0-e0bc-41cd-b91a-4c2586994088
https://down-id.img.susercontent.com/file/id-11134207-82252-mkoyhfxiptl16b,https://down-id.img.susercontent.com/file/id-11134258-8224v-mkvw0cu9r7k1a5,ZYREX Laptop Ultra N100 Baru 8GB RAM 128GB eMMC 256GB SSD 14 Inch Full HD,https://deo.shopeemobile.com/shopee/modules-federation/live/0/shopee__item-card-standard-v2/0.2.8/pc/a425c915798471b33e5d.png,Rp,4.788.000,,,,https://deo.shopeemobile.com/shopee/modules-federation/live/0/shopee__item-card-standard-v2/0.2.8/pc/38e203dc86172a6c6560.svg,Besok 12:00,https://deo.shopeemobile.com/shopee/modules-federation/live/0/shopee__item-card-standard-v2/0.2.8/pc/5dd7b4560d0e2d3190e8.svg,Surabaya,,https://deo.shopeemobile.com/shopee/modules-federation/live/0/shopee__item-card-standard-v2/0.2.8/pc/0614b8f0a8fdde22942d.svg,https://deo.shopeemobile.com/shopee/modules-federation/live/0/shopee__item-card-standard-v2/0.2.8/pc/0614b8f0a8fdde22942d.svg,Besok 12:00,"ZYREX Laptop Ultra N100 Baru 8GB RAM 128GB eMMC 256GB SSD 14 Inch Full HD
Rp
4.788.000
Besok 12:00
Surabaya",https://shopee.co.id/ZYREX-Laptop-Ultra-N100-Baru-8GB-RAM-128GB-eMMC-256GB-SSD-14-Inch-Full-HD-i.1699994016.48406222656?extraParams=%7B%22display_model_id%22%3A405563241373%2C%22model_selection_logic%22%3A3%7D&sp_atk=8959a07f-f9bb-4372-ac6f-79603698aabf&xptdk=8959a07f-f9bb-4372-ac6f-79603698aabf
https://down-id.img.susercontent.com/file/id-11134207-8224x-mjz4clht6g3o2a,https://down-id.img.susercontent.com/file/id-11134258-8224v-mkvw0cu9r7k1a5,ZYREX D-TECH AMD RYZEN 5 3500 - RAM 16GB 512GB WINDOWS 11 14.0 INCH,https://deo.shopeemobile.com/shopee/modules-federation/live/0/shopee__item-card-standard-v2/0.2.8/pc/7c9110f78e069acbced7.png,Rp,6.392.000,-47%,https://deo.shopeemobile.com/shopee/modules-federation/live/0/shopee__item-card-standard-v2/0.2.8/pc/b4d1b8a78b3621dbdf4a.svg,4.9,https://deo.shopeemobile.com/shopee/modules-federation/live/0/shopee__item-card-standard-v2/0.2.8/pc/38e203dc86172a6c6560.svg,895 Terjual,https://deo.shopeemobile.com/shopee/modules-federation/live/0/shopee__item-card-standard-v2/0.2.8/pc/5dd7b4560d0e2d3190e8.svg,Jakarta Utara,Produk Baru,https://deo.shopeemobile.com/shopee/modules-federation/live/0/shopee__item-card-standard-v2/0.2.8/pc/d7099d3fd1dfdaf705ab.svg,https://deo.shopeemobile.com/shopee/modules-federation/live/0/shopee__item-card-standard-v2/0.2.8/pc/0614b8f0a8fdde22942d.svg,< 2 Hari,"ZYREX D-TECH AMD RYZEN 5 3500 - RAM 16GB 512GB WINDOWS 11 14.0 INCH
Rp
6.392.000
-47%
Produk Baru
Hadiah Gratis
4.9
895 Terjual
< 2 Hari
Jakarta Utara",https://shopee.co.id/ZYREX-D-TECH-AMD-RYZEN-5-3500-RAM-16GB-512GB-WINDOWS-11-14.0-INCH-i.250649369.49004043551?extraParams=%7B%22display_model_id%22%3A440466476477%2C%22model_selection_logic%22%3A3%7D&sp_atk=4ddcaabd-b038-4e78-9d23-3fdc25db925b&xptdk=4ddcaabd-b038-4e78-9d23-3fdc25db925b
https://down-id.img.susercontent.com/file/id-11134207-8224q-mjml06td5frb17,https://down-id.img.susercontent.com/file/id-11134258-8224v-mkvw0cu9r7k1a5,ZYREX BLAZE I5 12450H 16GB 512GB W11 14.0FHD BLIT METAL 2Y GRY,https://deo.shopeemobile.com/shopee/modules-federation/live/0/shopee__item-card-standard-v2/0.2.8/pc/7c9110f78e069acbced7.png,Rp,7.586.000,-1%,https://deo.shopeemobile.com/shopee/modules-federation/live/0/shopee__item-card-standard-v2/0.2.8/pc/b4d1b8a78b3621dbdf4a.svg,,https://deo.shopeemobile.com/shopee/modules-federation/live/0/shopee__item-card-standard-v2/0.2.8/pc/38e203dc86172a6c6560.svg,Besok,https://deo.shopeemobile.com/shopee/modules-federation/live/0/shopee__item-card-standard-v2/0.2.8/pc/5dd7b4560d0e2d3190e8.svg,Surabaya,,https://deo.shopeemobile.com/shopee/modules-federation/live/0/shopee__item-card-standard-v2/0.2.8/pc/0614b8f0a8fdde22942d.svg,https://deo.shopeemobile.com/shopee/modules-federation/live/0/shopee__item-card-standard-v2/0.2.8/pc/0614b8f0a8fdde22942d.svg,Besok,"ZYREX BLAZE I5 12450H 16GB 512GB W11 14.0FHD BLIT METAL 2Y GRY
Rp
7.586.000
-1%
Besok
Surabaya",https://shopee.co.id/ZYREX-BLAZE-I5-12450H-16GB-512GB-W11-14.0FHD-BLIT-METAL-2Y-GRY-i.1471949508.50704727011?extraParams=%7B%22display_model_id%22%3A405438370461%2C%22model_selection_logic%22%3A3%7D&sp_atk=494f4fb8-fe46-43a1-9f1a-e4b57b46fb71&xptdk=494f4fb8-fe46-43a1-9f1a-e4b57b46fb71
https://down-id.img.susercontent.com/file/id-11134207-7rbke-m6s1cp1cv9recb,,LAPTOP ZYREX D-TECH RYZEN 5 3500 16GB 256GB W11 14.0,,Rp,4.039.000,,,,https://deo.shopeemobile.com/shopee/modules-federation/live/0/shopee__item-card-standard-v2/0.2.8/pc/38e203dc86172a6c6560.svg,< 2 Hari,https://deo.shopeemobile.com/shopee/modules-federation/live/0/shopee__item-card-standard-v2/0.2.8/pc/5dd7b4560d0e2d3190e8.svg,Kab. Tangerang,,https://deo.shopeemobile.com/shopee/modules-federation/live/0/shopee__item-card-standard-v2/0.2.8/pc/0614b8f0a8fdde22942d.svg,https://deo.shopeemobile.com/shopee/modules-federation/live/0/shopee__item-card-standard-v2/0.2.8/pc/0614b8f0a8fdde22942d.svg,< 2 Hari,"LAPTOP ZYREX D-TECH RYZEN 5 3500 16GB 256GB W11 14.0
Rp
4.039.000
< 2 Hari
Kab. Tangerang",https://shopee.co.id/LAPTOP-ZYREX-D-TECH-RYZEN-5-3500-16GB-256GB-W11-14.0-i.1471354300.26777887455?extraParams=%7B%22display_model_id%22%3A185831442605%2C%22model_selection_logic%22%3A3%7D&sp_atk=97ca4d46-2e03-441e-9d95-5c1f641866ea&xptdk=97ca4d46-2e03-441e-9d95-5c1f641866ea
https://down-id.img.susercontent.com/file/id-11134207-8224s-mikdqrqhhjwke8,https://down-id.img.susercontent.com/file/id-11134258-8224v-mkvw0cu9r7k1a5,"LAPTOP ZYREX L-BOOK INTEL CELERON N4020 8GB 128GB Windows 11 14.0"" HD",https://deo.shopeemobile.com/shopee/modules-federation/live/0/shopee__item-card-standard-v2/0.2.8/pc/a425c915798471b33e5d.png,Rp,4.225.000,,,5.0,https://deo.shopeemobile.com/shopee/modules-federation/live/0/shopee__item-card-standard-v2/0.2.8/pc/38e203dc86172a6c6560.svg,2 Terjual,https://deo.shopeemobile.com/shopee/modules-federation/live/0/shopee__item-card-standard-v2/0.2.8/pc/5dd7b4560d0e2d3190e8.svg,Surabaya,Produk Baru,https://deo.shopeemobile.com/shopee/modules-federation/live/0/shopee__item-card-standard-v2/0.2.8/pc/d7099d3fd1dfdaf705ab.svg,https://deo.shopeemobile.com/shopee/modules-federation/live/0/shopee__item-card-standard-v2/0.2.8/pc/0614b8f0a8fdde22942d.svg,Besok 12:00,"LAPTOP ZYREX L-BOOK INTEL CELERON N4020 8GB 128GB Windows 11 14.0"" HD
Rp
4.225.000
Produk Baru
5.0
2 Terjual
Besok 12:00
Surabaya",https://shopee.co.id/LAPTOP-ZYREX-L-BOOK-INTEL-CELERON-N4020-8GB-128GB-Windows-11-14.0-HD-i.1699994016.54853476051?extraParams=%7B%22display_model_id%22%3A400333512836%2C%22model_selection_logic%22%3A3%7D&sp_atk=881e0cf7-0c4b-46b5-bad2-afef40bc5aad&xptdk=881e0cf7-0c4b-46b5-bad2-afef40bc5aad
https://down-id.img.susercontent.com/file/id-11134207-7rasa-m52jlorqewo8a9,https://down-id.img.susercontent.com/file/id-11134258-8224v-mkvw0cu9r7k1a5,"Zyrex D-TECH Ryzen 5 16GB 256GB SSD 14"" Backlit",https://deo.shopeemobile.com/shopee/modules-federation/live/0/shopee__item-card-standard-v2/0.2.8/pc/e4734dab67ee2f9ebd5a.png,Rp,6.199.000,,,4.9,https://deo.shopeemobile.com/shopee/modules-federation/live/0/shopee__item-card-standard-v2/0.2.8/pc/38e203dc86172a6c6560.svg,40 Terjual,https://deo.shopeemobile.com/shopee/modules-federation/live/0/shopee__item-card-standard-v2/0.2.8/pc/5dd7b4560d0e2d3190e8.svg,Medan,,https://deo.shopeemobile.com/shopee/modules-federation/live/0/shopee__item-card-standard-v2/0.2.8/pc/d7099d3fd1dfdaf705ab.svg,https://deo.shopeemobile.com/shopee/modules-federation/live/0/shopee__item-card-standard-v2/0.2.8/pc/0614b8f0a8fdde22942d.svg,< 2 Hari,"Zyrex D-TECH Ryzen 5 16GB 256GB SSD 14"" Backlit
Rp
6.199.000
4.9
40 Terjual
< 2 Hari
Medan",https://shopee.co.id/Zyrex-D-TECH-Ryzen-5-16GB-256GB-SSD-14-Backlit-i.35441254.29523674448?extraParams=%7B%22display_model_id%22%3A69510868649%2C%22model_selection_logic%22%3A3%7D&sp_atk=b93b897e-bc06-43ed-93b9-376baade12d9&xptdk=b93b897e-bc06-43ed-93b9-376baade12d9
https://down-id.img.susercontent.com/file/id-11134207-7ra0k-mdlozpyalzm4b3,https://down-id.img.susercontent.com/file/id-11134258-8224v-mkvw0cu9r7k1a5,"Zyrex Lifebook N4020 8GB 384GB W11PRO 14"" Office Lifetime",https://deo.shopeemobile.com/shopee/modules-federation/live/0/shopee__item-card-standard-v2/0.2.8/pc/7c9110f78e069acbced7.png,Rp,3.959.000,-66%,https://deo.shopeemobile.com/shopee/modules-federation/live/0/shopee__item-card-standard-v2/0.2.8/pc/b4d1b8a78b3621dbdf4a.svg,4.9,https://deo.shopeemobile.com/shopee/modules-federation/live/0/shopee__item-card-standard-v2/0.2.8/pc/38e203dc86172a6c6560.svg,152 Terjual,https://deo.shopeemobile.com/shopee/modules-federation/live/0/shopee__item-card-standard-v2/0.2.8/pc/5dd7b4560d0e2d3190e8.svg,Jakarta Utara,Hadiah Gratis,https://deo.shopeemobile.com/shopee/modules-federation/live/0/shopee__item-card-standard-v2/0.2.8/pc/d7099d3fd1dfdaf705ab.svg,https://deo.shopeemobile.com/shopee/modules-federation/live/0/shopee__item-card-standard-v2/0.2.8/pc/0614b8f0a8fdde22942d.svg,< 2 Hari,"Zyrex Lifebook N4020 8GB 384GB W11PRO 14"" Office Lifetime
Rp
3.959.000
-66%
Hadiah Gratis
4.9
152 Terjual
< 2 Hari
Jakarta Utara",https://shopee.co.id/Zyrex-Lifebook-N4020-8GB-384GB-W11PRO-14-Office-Lifetime-i.250649369.27823922479?extraParams=%7B%22display_model_id%22%3A355752744791%2C%22model_selection_logic%22%3A3%7D&sp_atk=f20c1846-c4dd-408b-a17c-222dfc1d8164&xptdk=f20c1846-c4dd-408b-a17c-222dfc1d8164
https://down-id.img.susercontent.com/file/id-11134207-822wl-mllp32wnzdvk17,https://down-id.img.susercontent.com/file/id-11134258-8224v-mkvw0cu9r7k1a5,ZYREX D-TECH PRO V2 RYZEN 5 6600H 8GB 512GB Windows11 14.0FHD IPS BLIT 1Y GRY,https://deo.shopeemobile.com/shopee/modules-federation/live/0/shopee__item-card-standard-v2/0.2.8/pc/7c9110f78e069acbced7.png,Rp,7.107.000,-3%,https://deo.shopeemobile.com/shopee/modules-federation/live/0/shopee__item-card-standard-v2/0.2.8/pc/b4d1b8a78b3621dbdf4a.svg,5.0,https://deo.shopeemobile.com/shopee/modules-federation/live/0/shopee__item-card-standard-v2/0.2.8/pc/38e203dc86172a6c6560.svg,1 Terjual,https://deo.shopeemobile.com/shopee/modules-federation/live/0/shopee__item-card-standard-v2/0.2.8/pc/5dd7b4560d0e2d3190e8.svg,Surabaya,,https://deo.shopeemobile.com/shopee/modules-federation/live/0/shopee__item-card-standard-v2/0.2.8/pc/d7099d3fd1dfdaf705ab.svg,https://deo.shopeemobile.com/shopee/modules-federation/live/0/shopee__item-card-standard-v2/0.2.8/pc/0614b8f0a8fdde22942d.svg,Besok,"ZYREX D-TECH PRO V2 RYZEN 5 6600H 8GB 512GB Windows11 14.0FHD IPS BLIT 1Y GRY
Rp
7.107.000
-3%
5.0
1 Terjual
Besok
Surabaya",https://shopee.co.id/ZYREX-D-TECH-PRO-V2-RYZEN-5-6600H-8GB-512GB-Windows11-14.0FHD-IPS-BLIT-1Y-GRY-i.1471949508.49856352122?extraParams=%7B%22display_model_id%22%3A259169955424%2C%22model_selection_logic%22%3A3%7D&sp_atk=177c3e69-fb71-45ee-a66f-00643f9e3aad&xptdk=177c3e69-fb71-45ee-a66f-00643f9e3aad
https://down-id.img.susercontent.com/file/id-11134207-82252-mg6e63kkrzey7a,,ZYREX D-TECH RYZEN 5 3500U 16GB 256SSD W11,,Rp,7.400.000,,,5.0,https://deo.shopeemobile.com/shopee/modules-federation/live/0/shopee__item-card-standard-v2/0.2.8/pc/38e203dc86172a6c6560.svg,2 Terjual,https://deo.shopeemobile.com/shopee/modules-federation/live/0/shopee__item-card-standard-v2/0.2.8/pc/5dd7b4560d0e2d3190e8.svg,Surabaya,,https://deo.shopeemobile.com/shopee/modules-federation/live/0/shopee__item-card-standard-v2/0.2.8/pc/d7099d3fd1dfdaf705ab.svg,https://deo.shopeemobile.com/shopee/modules-federation/live/0/shopee__item-card-standard-v2/0.2.8/pc/0614b8f0a8fdde22942d.svg,< 2 Hari,"ZYREX D-TECH RYZEN 5 3500U 16GB 256SSD W11
Rp
7.400.000
5.0
2 Terjual
< 2 Hari
Surabaya",https://shopee.co.id/ZYREX-D-TECH-RYZEN-5-3500U-16GB-256SSD-W11-i.1058807.41025749045?extraParams=%7B%22display_model_id%22%3A345003433896%2C%22model_selection_logic%22%3A3%7D&sp_atk=8dc1dfe0-df48-4667-9699-fdef1e895b20&xptdk=8dc1dfe0-df48-4667-9699-fdef1e895b20
https://down-id.img.susercontent.com/file/id-11134207-8224o-mg6e63kknrpmdf,,ZYREX L-BOOK INTEL N4020 8GB 384SSD W11,,Rp,4.085.000,,,5.0,https://deo.shopeemobile.com/shopee/modules-federation/live/0/shopee__item-card-standard-v2/0.2.8/pc/38e203dc86172a6c6560.svg,3 Terjual,https://deo.shopeemobile.com/shopee/modules-federation/live/0/shopee__item-card-standard-v2/0.2.8/pc/5dd7b4560d0e2d3190e8.svg,Surabaya,,https://deo.shopeemobile.com/shopee/modules-federation/live/0/shopee__item-card-standard-v2/0.2.8/pc/d7099d3fd1dfdaf705ab.svg,https://deo.shopeemobile.com/shopee/modules-federation/live/0/shopee__item-card-standard-v2/0.2.8/pc/0614b8f0a8fdde22942d.svg,< 2 Hari,"ZYREX L-BOOK INTEL N4020 8GB 384SSD W11
Rp
4.085.000
5.0
3 Terjual
< 2 Hari
Surabaya",https://shopee.co.id/ZYREX-L-BOOK-INTEL-N4020-8GB-384SSD-W11-i.1058807.50200042437?extraParams=%7B%22display_model_id%22%3A315003749932%2C%22model_selection_logic%22%3A3%7D&sp_atk=938c1718-135f-440c-a02b-6073f09a63c8&xptdk=938c1718-135f-440c-a02b-6073f09a63c8
https://down-id.img.susercontent.com/file/id-11134207-8224z-mk7nformeyh0a4,https://down-id.img.susercontent.com/file/id-11134258-8224v-mkvw0cu9r7k1a5,Zyrex D-Tech RYZEN 5 3500 RAM 16GB SSD 256GB Windows 11 14.0 Garansi 2 Tahun,https://deo.shopeemobile.com/shopee/modules-federation/live/0/shopee__item-card-standard-v2/0.2.8/pc/a425c915798471b33e5d.png,Rp,6.999.000,,,,https://deo.shopeemobile.com/shopee/modules-federation/live/0/shopee__item-card-standard-v2/0.2.8/pc/38e203dc86172a6c6560.svg,1 Terjual,https://deo.shopeemobile.com/shopee/modules-federation/live/0/shopee__item-card-standard-v2/0.2.8/pc/5dd7b4560d0e2d3190e8.svg,Surabaya,Produk Baru,https://deo.shopeemobile.com/shopee/modules-federation/live/0/shopee__item-card-standard-v2/0.2.8/pc/0614b8f0a8fdde22942d.svg,https://deo.shopeemobile.com/shopee/modules-federation/live/0/shopee__item-card-standard-v2/0.2.8/pc/0614b8f0a8fdde22942d.svg,Besok 12:00,"Zyrex D-Tech RYZEN 5 3500 RAM 16GB SSD 256GB Windows 11 14.0 Garansi 2 Tahun
Rp
6.999.000
Produk Baru
1 Terjual
Besok 12:00
Surabaya",https://shopee.co.id/Zyrex-D-Tech-RYZEN-5-3500-RAM-16GB-SSD-256GB-Windows-11-14.0-Garansi-2-Tahun-i.1699994016.53753288079?extraParams=%7B%22display_model_id%22%3A335316657272%2C%22model_selection_logic%22%3A3%7D&sp_atk=fa53076d-c525-4a05-aec3-0d7c5d6e845b&xptdk=fa53076d-c525-4a05-aec3-0d7c5d6e845b
https://down-id.img.susercontent.com/file/id-11134207-8224o-mhlnjkd0q87432,https://down-id.img.susercontent.com/file/id-11134258-8224v-mkvw0cu9r7k1a5,ZYREX L-BOOK 8GB 128GB 256GB W11,https://deo.shopeemobile.com/shopee/modules-federation/live/0/shopee__item-card-standard-v2/0.2.8/pc/7c9110f78e069acbced7.png,Rp,4.150.000,-1%,https://deo.shopeemobile.com/shopee/modules-federation/live/0/shopee__item-card-standard-v2/0.2.8/pc/b4d1b8a78b3621dbdf4a.svg,5.0,https://deo.shopeemobile.com/shopee/modules-federation/live/0/shopee__item-card-standard-v2/0.2.8/pc/76dff349290d20891fc1.svg,46 Terjual,https://deo.shopeemobile.com/shopee/modules-federation/live/0/shopee__item-card-standard-v2/0.2.8/pc/5dd7b4560d0e2d3190e8.svg,Bogor,,https://deo.shopeemobile.com/shopee/modules-federation/live/0/shopee__item-card-standard-v2/0.2.8/pc/d7099d3fd1dfdaf705ab.svg,,,"ZYREX L-BOOK 8GB 128GB 256GB W11
Rp
4.150.000
-1%
5.0
46 Terjual
3-4 Hari
Bogor",https://shopee.co.id/ZYREX-L-BOOK-8GB-128GB-256GB-W11-i.1275013122.25195653496?extraParams=%7B%22display_model_id%22%3A280457643801%2C%22model_selection_logic%22%3A3%7D&sp_atk=2edf674c-097a-4536-91cc-4b7ee564753d&xptdk=2edf674c-097a-4536-91cc-4b7ee564753d
https://down-id.img.susercontent.com/file/id-11134207-82252-mj86qpus8kxw20,https://down-id.img.susercontent.com/file/id-11134258-8224v-mkvw0cu9r7k1a5,NEW 2026 - ZYREX BLAZE I5 12450H - RAM 16GB 512GB WINDOWS 11 14.0FHD IPS,https://deo.shopeemobile.com/shopee/modules-federation/live/0/shopee__item-card-standard-v2/0.2.8/pc/7c9110f78e069acbced7.png,Rp,7.610.000,-46%,https://deo.shopeemobile.com/shopee/modules-federation/live/0/shopee__item-card-standard-v2/0.2.8/pc/b4d1b8a78b3621dbdf4a.svg,4.8,https://deo.shopeemobile.com/shopee/modules-federation/live/0/shopee__item-card-standard-v2/0.2.8/pc/38e203dc86172a6c6560.svg,159 Terjual,https://deo.shopeemobile.com/shopee/modules-federation/live/0/shopee__item-card-standard-v2/0.2.8/pc/5dd7b4560d0e2d3190e8.svg,Jakarta Utara,Cicilan,https://deo.shopeemobile.com/shopee/modules-federation/live/0/shopee__item-card-standard-v2/0.2.8/pc/d7099d3fd1dfdaf705ab.svg,https://deo.shopeemobile.com/shopee/modules-federation/live/0/shopee__item-card-standard-v2/0.2.8/pc/0614b8f0a8fdde22942d.svg,< 2 Hari,"NEW 2026 - ZYREX BLAZE I5 12450H - RAM 16GB 512GB WINDOWS 11 14.0FHD IPS
Rp
7.610.000
-46%
Cicilan
Hadiah Gratis
4.8
159 Terjual
< 2 Hari
Jakarta Utara",https://shopee.co.id/NEW-2026-ZYREX-BLAZE-I5-12450H-RAM-16GB-512GB-WINDOWS-11-14.0FHD-IPS-i.250649369.6844518575?extraParams=%7B%22display_model_id%22%3A330382732136%2C%22model_selection_logic%22%3A3%7D&sp_atk=4920eee6-de67-4954-8ed8-e1b02f6e7d03&xptdk=4920eee6-de67-4954-8ed8-e1b02f6e7d03
https://down-id.img.susercontent.com/file/id-11134207-7ra0q-mc03swi9cfdu75,https://down-id.img.susercontent.com/file/id-11134258-7r98w-lyezzaurybot13,Zyrex Lifebook | N4020 8GB 128GB 14.0 HD W11,https://deo.shopeemobile.com/shopee/modules-federation/live/0/shopee__item-card-standard-v2/0.2.8/pc/7c9110f78e069acbced7.png,Rp,4.450.000,,,5.0,https://deo.shopeemobile.com/shopee/modules-federation/live/0/shopee__item-card-standard-v2/0.2.8/pc/76dff349290d20891fc1.svg,6 Terjual,https://deo.shopeemobile.com/shopee/modules-federation/live/0/shopee__item-card-standard-v2/0.2.8/pc/5dd7b4560d0e2d3190e8.svg,Yogyakarta,,https://deo.shopeemobile.com/shopee/modules-federation/live/0/shopee__item-card-standard-v2/0.2.8/pc/d7099d3fd1dfdaf705ab.svg,,,"Zyrex Lifebook | N4020 8GB 128GB 14.0 HD W11
Rp
4.450.000
5.0
6 Terjual
2-4 Hari
Yogyakarta",https://shopee.co.id/Zyrex-Lifebook-N4020-8GB-128GB-14.0-HD-W11-i.1543389959.29138512822?extraParams=%7B%22display_model_id%22%3A168984738844%2C%22model_selection_logic%22%3A3%7D&sp_atk=72726fa3-7282-4f4e-a738-501457ed63c7&xptdk=72726fa3-7282-4f4e-a738-501457ed63c7
https://down-id.img.susercontent.com/file/id-11134207-7rbk0-m6xgoa8d4by434,https://down-id.img.susercontent.com/file/id-11134258-8224v-mkvw0cu9r7k1a5,ZYREX D-TECH RYZEN 5 3500 RAM 16GB 256GB W11 14.0 BLUE,https://deo.shopeemobile.com/shopee/modules-federation/live/0/shopee__item-card-standard-v2/0.2.8/pc/7c9110f78e069acbced7.png,Rp,6.392.000,-57%,https://deo.shopeemobile.com/shopee/modules-federation/live/0/shopee__item-card-standard-v2/0.2.8/pc/b4d1b8a78b3621dbdf4a.svg,4.9,https://deo.shopeemobile.com/shopee/modules-federation/live/0/shopee__item-card-standard-v2/0.2.8/pc/38e203dc86172a6c6560.svg,58 Terjual,https://deo.shopeemobile.com/shopee/modules-federation/live/0/shopee__item-card-standard-v2/0.2.8/pc/5dd7b4560d0e2d3190e8.svg,Jakarta Utara,,https://deo.shopeemobile.com/shopee/modules-federation/live/0/shopee__item-card-standard-v2/0.2.8/pc/d7099d3fd1dfdaf705ab.svg,https://deo.shopeemobile.com/shopee/modules-federation/live/0/shopee__item-card-standard-v2/0.2.8/pc/0614b8f0a8fdde22942d.svg,< 2 Hari,"ZYREX D-TECH RYZEN 5 3500 RAM 16GB 256GB W11 14.0 BLUE
Rp
6.392.000
-57%
4.9
58 Terjual
< 2 Hari
Jakarta Utara",https://shopee.co.id/ZYREX-D-TECH-RYZEN-5-3500-RAM-16GB-256GB-W11-14.0-BLUE-i.78730497.15337187897?extraParams=%7B%22display_model_id%22%3A440649825781%2C%22model_selection_logic%22%3A3%7D&sp_atk=a98db770-1b38-46e9-b20c-09ad963f94f8&xptdk=a98db770-1b38-46e9-b20c-09ad963f94f8
https://down-id.img.susercontent.com/file/id-11134207-7ra0t-mdlozpyakl1o3a,https://down-id.img.susercontent.com/file/id-11134258-8224v-mkvw0cu9r7k1a5,ZYREX LIFEBOOK N4020 8GB 384GB W11PRO 14.0 GRY,https://deo.shopeemobile.com/shopee/modules-federation/live/0/shopee__item-card-standard-v2/0.2.8/pc/7c9110f78e069acbced7.png,Rp,3.959.000,-21%,https://deo.shopeemobile.com/shopee/modules-federation/live/0/shopee__item-card-standard-v2/0.2.8/pc/b4d1b8a78b3621dbdf4a.svg,5.0,https://deo.shopeemobile.com/shopee/modules-federation/live/0/shopee__item-card-standard-v2/0.2.8/pc/38e203dc86172a6c6560.svg,34 Terjual,https://deo.shopeemobile.com/shopee/modules-federation/live/0/shopee__item-card-standard-v2/0.2.8/pc/5dd7b4560d0e2d3190e8.svg,Jakarta Utara,Cicilan,https://deo.shopeemobile.com/shopee/modules-federation/live/0/shopee__item-card-standard-v2/0.2.8/pc/d7099d3fd1dfdaf705ab.svg,https://deo.shopeemobile.com/shopee/modules-federation/live/0/shopee__item-card-standard-v2/0.2.8/pc/0614b8f0a8fdde22942d.svg,< 2 Hari,"ZYREX LIFEBOOK N4020 8GB 384GB W11PRO 14.0 GRY
Rp
3.959.000
-21%
Cicilan
Hadiah Gratis
5.0
34 Terjual
< 2 Hari
Jakarta Utara",https://shopee.co.id/ZYREX-LIFEBOOK-N4020-8GB-384GB-W11PRO-14.0-GRY-i.250649369.15107325108?extraParams=%7B%22display_model_id%22%3A234248856562%2C%22model_selection_logic%22%3A3%7D&sp_atk=6c881946-fd53-41d3-bec8-4f6e87b9cced&xptdk=6c881946-fd53-41d3-bec8-4f6e87b9cced
https://down-id.img.susercontent.com/file/id-11134207-81zto-me5hx7nb7zt230,https://down-id.img.susercontent.com/file/id-11134258-7r98w-lyezzaurybot13,Zyrex D-Tech | Ryzen 5 3500 16GB 256GB 14.0 W11,https://deo.shopeemobile.com/shopee/modules-federation/live/0/shopee__item-card-standard-v2/0.2.8/pc/7c9110f78e069acbced7.png,Rp,7.699.000,,,5.0,https://deo.shopeemobile.com/shopee/modules-federation/live/0/shopee__item-card-standard-v2/0.2.8/pc/76dff349290d20891fc1.svg,28 Terjual,https://deo.shopeemobile.com/shopee/modules-federation/live/0/shopee__item-card-standard-v2/0.2.8/pc/5dd7b4560d0e2d3190e8.svg,Yogyakarta,,https://deo.shopeemobile.com/shopee/modules-federation/live/0/shopee__item-card-standard-v2/0.2.8/pc/d7099d3fd1dfdaf705ab.svg,,,"Zyrex D-Tech | Ryzen 5 3500 16GB 256GB 14.0 W11
Rp
7.699.000
5.0
28 Terjual
2-4 Hari
Yogyakarta",https://shopee.co.id/Zyrex-D-Tech-Ryzen-5-3500-16GB-256GB-14.0-W11-i.1543389959.44366807989?extraParams=%7B%22display_model_id%22%3A271387230684%2C%22model_selection_logic%22%3A3%7D&sp_atk=d0c43e5d-7f0d-48e6-928b-8408f7d407c9&xptdk=d0c43e5d-7f0d-48e6-928b-8408f7d407c9
https://down-id.img.susercontent.com/file/id-11134207-8224r-mjml06td416vcc,https://down-id.img.susercontent.com/file/id-11134258-8224v-mkvw0cu9r7k1a5,ZYREX L-BOOK N4020 8GB 128GB W11PRO 14.0 SILVER,https://deo.shopeemobile.com/shopee/modules-federation/live/0/shopee__item-card-standard-v2/0.2.8/pc/7c9110f78e069acbced7.png,Rp,3.960.000,-5%,https://deo.shopeemobile.com/shopee/modules-federation/live/0/shopee__item-card-standard-v2/0.2.8/pc/b4d1b8a78b3621dbdf4a.svg,4.7,https://deo.shopeemobile.com/shopee/modules-federation/live/0/shopee__item-card-standard-v2/0.2.8/pc/38e203dc86172a6c6560.svg,4 Terjual,https://deo.shopeemobile.com/shopee/modules-federation/live/0/shopee__item-card-standard-v2/0.2.8/pc/5dd7b4560d0e2d3190e8.svg,Surabaya,,https://deo.shopeemobile.com/shopee/modules-federation/live/0/shopee__item-card-standard-v2/0.2.8/pc/d7099d3fd1dfdaf705ab.svg,https://deo.shopeemobile.com/shopee/modules-federation/live/0/shopee__item-card-standard-v2/0.2.8/pc/0614b8f0a8fdde22942d.svg,Besok,"ZYREX L-BOOK N4020 8GB 128GB W11PRO 14.0 SILVER
Rp
3.960.000
-5%
4.7
4 Terjual
Besok
Surabaya",https://shopee.co.id/ZYREX-L-BOOK-N4020-8GB-128GB-W11PRO-14.0-SILVER-i.1471949508.43704533804?extraParams=%7B%22display_model_id%22%3A330644428511%2C%22model_selection_logic%22%3A3%7D&sp_atk=aba6a926-f54f-4d7f-8f85-73df0a0fe922&xptdk=aba6a926-f54f-4d7f-8f85-73df0a0fe922
https://down-id.img.susercontent.com/file/id-11134207-8224r-mhvgrdpi2y9wa1,https://down-id.img.susercontent.com/file/id-11134258-8224v-mkvw0cu9r7k1a5,"LAPTOP ZYREX L-BOOK INTEL CELERON N4020 8GB 128GB Windows 11 14.0"" HD",https://deo.shopeemobile.com/shopee/modules-federation/live/0/shopee__item-card-standard-v2/0.2.8/pc/7c9110f78e069acbced7.png,Rp,3.999.000,-1%,,5.0,https://deo.shopeemobile.com/shopee/modules-federation/live/0/shopee__item-card-standard-v2/0.2.8/pc/38e203dc86172a6c6560.svg,11 Terjual,https://deo.shopeemobile.com/shopee/modules-federation/live/0/shopee__item-card-standard-v2/0.2.8/pc/5dd7b4560d0e2d3190e8.svg,Medan,,https://deo.shopeemobile.com/shopee/modules-federation/live/0/shopee__item-card-standard-v2/0.2.8/pc/d7099d3fd1dfdaf705ab.svg,https://deo.shopeemobile.com/shopee/modules-federation/live/0/shopee__item-card-standard-v2/0.2.8/pc/0614b8f0a8fdde22942d.svg,< 2 Hari,"LAPTOP ZYREX L-BOOK INTEL CELERON N4020 8GB 128GB Windows 11 14.0"" HD
Rp
3.999.000
-1%
5.0
11 Terjual
< 2 Hari
Medan",https://shopee.co.id/LAPTOP-ZYREX-L-BOOK-INTEL-CELERON-N4020-8GB-128GB-Windows-11-14.0-HD-i.982425970.51002622684?extraParams=%7B%22display_model_id%22%3A179123403875%2C%22model_selection_logic%22%3A3%7D&sp_atk=f59fdfe8-fb1d-487f-ba4f-b0e0b3b21b60&xptdk=f59fdfe8-fb1d-487f-ba4f-b0e0b3b21b60
https://down-id.img.susercontent.com/file/id-11134207-8224z-mhok3abep0cob2,https://down-id.img.susercontent.com/file/id-11134258-8224v-mkvw0cu9r7k1a5,Zyrex D-Tech Pro V1 Amd Ryzen 5 6600H 16GB 512GB Win 11 14 Inch Full Hd Coding/Office,https://deo.shopeemobile.com/shopee/modules-federation/live/0/shopee__item-card-standard-v2/0.2.8/pc/7c9110f78e069acbced7.png,Rp,8.122.000,-2%,https://deo.shopeemobile.com/shopee/modules-federation/live/0/shopee__item-card-standard-v2/0.2.8/pc/b4d1b8a78b3621dbdf4a.svg,5.0,https://deo.shopeemobile.com/shopee/modules-federation/live/0/shopee__item-card-standard-v2/0.2.8/pc/76dff349290d20891fc1.svg,11 Terjual,https://deo.shopeemobile.com/shopee/modules-federation/live/0/shopee__item-card-standard-v2/0.2.8/pc/5dd7b4560d0e2d3190e8.svg,Kab. Karawang,,https://deo.shopeemobile.com/shopee/modules-federation/live/0/shopee__item-card-standard-v2/0.2.8/pc/d7099d3fd1dfdaf705ab.svg,,,"Zyrex D-Tech Pro V1 Amd Ryzen 5 6600H 16GB 512GB Win 11 14 Inch Full Hd Coding/Office
Rp
8.122.000
-2%
5.0
11 Terjual
3-5 Hari
Kab. Karawang",https://shopee.co.id/Zyrex-D-Tech-Pro-V1-Amd-Ryzen-5-6600H-16GB-512GB-Win-11-14-Inch-Full-Hd-Coding-Office-i.1306576837.40318902681?extraParams=%7B%22display_model_id%22%3A291550801115%2C%22model_selection_logic%22%3A3%7D&sp_atk=d8fc6d11-5b2b-44ec-a4bb-37e62a0902ec&xptdk=d8fc6d11-5b2b-44ec-a4bb-37e62a0902ec
https://down-id.img.susercontent.com/file/sg-11134201-82268-mhu9vdh7fnk0d8,https://down-id.img.susercontent.com/file/id-11134258-8224v-mkvw0cu9r7k1a5,"LAPTOP ZYREX L-BOOK INTEL CELERON  N4020 8GB 128GB Windows 11 14.0"" HD",,Rp,2.957.000,,,,https://deo.shopeemobile.com/shopee/modules-federation/live/0/shopee__item-card-standard-v2/0.2.8/pc/76dff349290d20891fc1.svg,4-8 Hari,https://deo.shopeemobile.com/shopee/modules-federation/live/0/shopee__item-card-standard-v2/0.2.8/pc/5dd7b4560d0e2d3190e8.svg,Jakarta Utara,,,,,"LAPTOP ZYREX L-BOOK INTEL CELERON N4020 8GB 128GB Windows 11 14.0"" HD
Rp
2.957.000
4-8 Hari
Jakarta Utara",https://shopee.co.id/LAPTOP-ZYREX-L-BOOK-INTEL-CELERON-N4020-8GB-128GB-Windows-11-14.0-HD-i.1273099956.51602306176?extraParams=%7B%22display_model_id%22%3A302212116242%2C%22model_selection_logic%22%3A3%7D&sp_atk=1bfd600a-3315-4296-aaf2-c5ffe296967f&xptdk=1bfd600a-3315-4296-aaf2-c5ffe296967f
https://down-id.img.susercontent.com/file/id-11134207-7ra0u-mbhxwko8of6m07,https://down-id.img.susercontent.com/file/id-11134258-8224v-mkvw0cu9r7k1a5,"Zyrex L-Book Intel Celeron 8GB 384GB Win 11 14"" HD",https://deo.shopeemobile.com/shopee/modules-federation/live/0/shopee__item-card-standard-v2/0.2.8/pc/e4734dab67ee2f9ebd5a.png,Rp,4.160.000,,,4.9,https://deo.shopeemobile.com/shopee/modules-federation/live/0/shopee__item-card-standard-v2/0.2.8/pc/38e203dc86172a6c6560.svg,14 Terjual,https://deo.shopeemobile.com/shopee/modules-federation/live/0/shopee__item-card-standard-v2/0.2.8/pc/5dd7b4560d0e2d3190e8.svg,Jakarta Pusat,,https://deo.shopeemobile.com/shopee/modules-federation/live/0/shopee__item-card-standard-v2/0.2.8/pc/d7099d3fd1dfdaf705ab.svg,https://deo.shopeemobile.com/shopee/modules-federation/live/0/shopee__item-card-standard-v2/0.2.8/pc/0614b8f0a8fdde22942d.svg,< 2 Hari,"Zyrex L-Book Intel Celeron 8GB 384GB Win 11 14"" HD
Rp
4.160.000
4.9
14 Terjual
< 2 Hari
Jakarta Pusat",https://shopee.co.id/Zyrex-L-Book-Intel-Celeron-8GB-384GB-Win-11-14-HD-i.1316244009.43756402718?extraParams=%7B%22display_model_id%22%3A305536773496%2C%22model_selection_logic%22%3A3%7D&sp_atk=796d4067-bd36-42e2-800f-bf8d993f42d3&xptdk=796d4067-bd36-42e2-800f-bf8d993f42d3
https://down-id.img.susercontent.com/file/id-11134207-7ra0k-mcpyiydrfk87e6,https://down-id.img.susercontent.com/file/id-11134258-8224v-mkvw0cu9r7k1a5,ZYREX D-TECH PRO V1 AMD RYZEN 5 6600H 16GB 512GB W11 14.0FHD IPS BLIT LAN 1Y,https://deo.shopeemobile.com/shopee/modules-federation/live/0/shopee__item-card-standard-v2/0.2.8/pc/a425c915798471b33e5d.png,Rp,7.999.000,,,5.0,https://deo.shopeemobile.com/shopee/modules-federation/live/0/shopee__item-card-standard-v2/0.2.8/pc/38e203dc86172a6c6560.svg,21 Terjual,https://deo.shopeemobile.com/shopee/modules-federation/live/0/shopee__item-card-standard-v2/0.2.8/pc/5dd7b4560d0e2d3190e8.svg,Yogyakarta,,https://deo.shopeemobile.com/shopee/modules-federation/live/0/shopee__item-card-standard-v2/0.2.8/pc/d7099d3fd1dfdaf705ab.svg,https://deo.shopeemobile.com/shopee/modules-federation/live/0/shopee__item-card-standard-v2/0.2.8/pc/0614b8f0a8fdde22942d.svg,< 2 Hari,"ZYREX D-TECH PRO V1 AMD RYZEN 5 6600H 16GB 512GB W11 14.0FHD IPS BLIT LAN 1Y
Rp
7.999.000
5.0
21 Terjual
< 2 Hari
Yogyakarta",https://shopee.co.id/ZYREX-D-TECH-PRO-V1-AMD-RYZEN-5-6600H-16GB-512GB-W11-14.0FHD-IPS-BLIT-LAN-1Y-i.259775845.28989244032?extraParams=%7B%22display_model_id%22%3A227970381943%2C%22model_selection_logic%22%3A3%7D&sp_atk=917f446e-9f0d-4c50-9104-260a67421a5d&xptdk=917f446e-9f0d-4c50-9104-260a67421a5d
https://down-id.img.susercontent.com/file/id-11134207-8224y-mjyztxy01ber64,https://down-id.img.susercontent.com/file/id-11134258-822wr-mlx5y0tebegw04,Laptop Zyrex Blaze Core i5 12450H 16GB SSD 512GB Win11 FHD IPS,https://deo.shopeemobile.com/shopee/modules-federation/live/0/shopee__item-card-standard-v2/0.2.8/pc/a425c915798471b33e5d.png,Rp,8.230.000,,,5.0,https://deo.shopeemobile.com/shopee/modules-federation/live/0/shopee__item-card-standard-v2/0.2.8/pc/38e203dc86172a6c6560.svg,2 Terjual,https://deo.shopeemobile.com/shopee/modules-federation/live/0/shopee__item-card-standard-v2/0.2.8/pc/5dd7b4560d0e2d3190e8.svg,Palembang,Cicilan,https://deo.shopeemobile.com/shopee/modules-federation/live/0/shopee__item-card-standard-v2/0.2.8/pc/d7099d3fd1dfdaf705ab.svg,https://deo.shopeemobile.com/shopee/modules-federation/live/0/shopee__item-card-standard-v2/0.2.8/pc/0614b8f0a8fdde22942d.svg,< 2 Hari,"Laptop Zyrex Blaze Core i5 12450H 16GB SSD 512GB Win11 FHD IPS
Rp
8.230.000
Cicilan
5.0
2 Terjual
< 2 Hari
Palembang",https://shopee.co.id/Laptop-Zyrex-Blaze-Core-i5-12450H-16GB-SSD-512GB-Win11-FHD-IPS-i.148017040.9218248396?extraParams=%7B%22display_model_id%22%3A90939906837%2C%22model_selection_logic%22%3A3%7D&sp_atk=9d005909-c3af-42a5-8483-3d6523124f4d&xptdk=9d005909-c3af-42a5-8483-3d6523124f4d
https://down-id.img.susercontent.com/file/id-11134207-822wi-mlsv0i6lktmq9e,https://down-id.img.susercontent.com/file/id-11134258-822wr-mlx5y0tebegw04,"Laptop Zyrex L-Book Intel N4020 8GB 128GB Win 11 14"" Garansi Resmi",https://deo.shopeemobile.com/shopee/modules-federation/live/0/shopee__item-card-standard-v2/0.2.8/pc/e4734dab67ee2f9ebd5a.png,Rp,3.749.000,-17%,,5.0,https://deo.shopeemobile.com/shopee/modules-federation/live/0/shopee__item-card-standard-v2/0.2.8/pc/38e203dc86172a6c6560.svg,1 Terjual,https://deo.shopeemobile.com/shopee/modules-federation/live/0/shopee__item-card-standard-v2/0.2.8/pc/5dd7b4560d0e2d3190e8.svg,Yogyakarta,,https://deo.shopeemobile.com/shopee/modules-federation/live/0/shopee__item-card-standard-v2/0.2.8/pc/d7099d3fd1dfdaf705ab.svg,https://deo.shopeemobile.com/shopee/modules-federation/live/0/shopee__item-card-standard-v2/0.2.8/pc/0614b8f0a8fdde22942d.svg,< 2 Hari,"Laptop Zyrex L-Book Intel N4020 8GB 128GB Win 11 14"" Garansi Resmi
Rp
3.749.000
-17%
5.0
1 Terjual
< 2 Hari
Yogyakarta",https://shopee.co.id/Laptop-Zyrex-L-Book-Intel-N4020-8GB-128GB-Win-11-14-Garansi-Resmi-i.33211656.13111609999?extraParams=%7B%22display_model_id%22%3A102515916256%2C%22model_selection_logic%22%3A3%7D&sp_atk=ab6332a8-b958-42a2-a45e-08952883fb67&xptdk=ab6332a8-b958-42a2-a45e-08952883fb67
https://down-id.img.susercontent.com/file/id-11134207-82252-milb63a2562sf3,https://down-id.img.susercontent.com/file/id-11134258-8224v-mkvw0cu9r7k1a5,NEW DEALS - ZYREX D-TECH PRO RYZEN 5 6600H 16GB 512GB W11 14.0FHD IPS BLIT,https://deo.shopeemobile.com/shopee/modules-federation/live/0/shopee__item-card-standard-v2/0.2.8/pc/7c9110f78e069acbced7.png,Rp,8.121.000,-36%,https://deo.shopeemobile.com/shopee/modules-federation/live/0/shopee__item-card-standard-v2/0.2.8/pc/b4d1b8a78b3621dbdf4a.svg,4.8,https://deo.shopeemobile.com/shopee/modules-federation/live/0/shopee__item-card-standard-v2/0.2.8/pc/38e203dc86172a6c6560.svg,147 Terjual,https://deo.shopeemobile.com/shopee/modules-federation/live/0/shopee__item-card-standard-v2/0.2.8/pc/5dd7b4560d0e2d3190e8.svg,Jakarta Utara,Cicilan,https://deo.shopeemobile.com/shopee/modules-federation/live/0/shopee__item-card-standard-v2/0.2.8/pc/d7099d3fd1dfdaf705ab.svg,https://deo.shopeemobile.com/shopee/modules-federation/live/0/shopee__item-card-standard-v2/0.2.8/pc/0614b8f0a8fdde22942d.svg,< 2 Hari,"NEW DEALS - ZYREX D-TECH PRO RYZEN 5 6600H 16GB 512GB W11 14.0FHD IPS BLIT
Rp
8.121.000
-36%
Cicilan
Hadiah Gratis
4.8
147 Terjual
< 2 Hari
Jakarta Utara",https://shopee.co.id/NEW-DEALS-ZYREX-D-TECH-PRO-RYZEN-5-6600H-16GB-512GB-W11-14.0FHD-IPS-BLIT-i.250649369.4589161433?extraParams=%7B%22display_model_id%22%3A305894900203%2C%22model_selection_logic%22%3A3%7D&sp_atk=b2d0e7d3-f297-4892-8832-28ca2820ef7a&xptdk=b2d0e7d3-f297-4892-8832-28ca2820ef7a
https://down-id.img.susercontent.com/file/id-11134207-7ra0o-mclonrpou5ib67,https://down-id.img.susercontent.com/file/id-11134258-822wr-mlx5y0tebegw04,"Zyrex Lbook N4020 8GB/128GB SSD Win 10 14"" inch",,Rp,2.800.000,,,5.0,https://deo.shopeemobile.com/shopee/modules-federation/live/0/shopee__item-card-standard-v2/0.2.8/pc/76dff349290d20891fc1.svg,2 Terjual,https://deo.shopeemobile.com/shopee/modules-federation/live/0/shopee__item-card-standard-v2/0.2.8/pc/5dd7b4560d0e2d3190e8.svg,Serang,,https://deo.shopeemobile.com/shopee/modules-federation/live/0/shopee__item-card-standard-v2/0.2.8/pc/d7099d3fd1dfdaf705ab.svg,,,"Zyrex Lbook N4020 8GB/128GB SSD Win 10 14"" inch
Rp
2.800.000
5.0
2 Terjual
5-8 Hari
Serang",https://shopee.co.id/Zyrex-Lbook-N4020-8GB-128GB-SSD-Win-10-14-inch-i.490718530.41660259476?extraParams=%7B%22display_model_id%22%3A290862592122%2C%22model_selection_logic%22%3A3%7D&sp_atk=db73f419-b0e7-40f9-8b6f-927b9ba849fc&xptdk=db73f419-b0e7-40f9-8b6f-927b9ba849fc
https://down-id.img.susercontent.com/file/id-11134207-8224w-mhon21hq7apu95,https://down-id.img.susercontent.com/file/id-11134258-8224v-mkvw0cu9r7k1a5,Zyrex Lifebook Intel N4020 Ram 8GB Ssd 128GB W11 PRO 14.0 Grey - Garansi Resmi,https://deo.shopeemobile.com/shopee/modules-federation/live/0/shopee__item-card-standard-v2/0.2.8/pc/7c9110f78e069acbced7.png,Rp,3.960.000,-5%,https://deo.shopeemobile.com/shopee/modules-federation/live/0/shopee__item-card-standard-v2/0.2.8/pc/b4d1b8a78b3621dbdf4a.svg,5.0,https://deo.shopeemobile.com/shopee/modules-federation/live/0/shopee__item-card-standard-v2/0.2.8/pc/76dff349290d20891fc1.svg,7 Terjual,https://deo.shopeemobile.com/shopee/modules-federation/live/0/shopee__item-card-standard-v2/0.2.8/pc/5dd7b4560d0e2d3190e8.svg,Kab. Karawang,,https://deo.shopeemobile.com/shopee/modules-federation/live/0/shopee__item-card-standard-v2/0.2.8/pc/d7099d3fd1dfdaf705ab.svg,,,"Zyrex Lifebook Intel N4020 Ram 8GB Ssd 128GB W11 PRO 14.0 Grey - Garansi Resmi
Rp
3.960.000
-5%
5.0
7 Terjual
3-5 Hari
Kab. Karawang",https://shopee.co.id/Zyrex-Lifebook-Intel-N4020-Ram-8GB-Ssd-128GB-W11-PRO-14.0-Grey-Garansi-Resmi-i.1306576837.43751398671?extraParams=%7B%22display_model_id%22%3A59918394492%2C%22model_selection_logic%22%3A3%7D&sp_atk=5371bb72-e51c-445d-8472-2c5c87b1b32f&xptdk=5371bb72-e51c-445d-8472-2c5c87b1b32f