-image-yazkc-11,-image-yazkc-11_2,text-sm,inline-block,text-xs/sp14,font-medium,text-shopee-primary,text-xs/sp14_2,pointer-events-none,w-auto,text-white,pointer-events-none_2,align-middle,pointer-events-none_3,text-shopee-green,truncate,img_2,_container,_container_link
https://down-id.img.susercontent.com/file/id-11134207-7ra0m-mdlds5228nf3bf,https://down-id.img.susercontent.com/file/id-11134258-822wr-mlx5y0tebegw04,"[PROMO] Axioo Mybook Hype 10 Intel Celeron 14"" HD Windows 11",https://deo.shopeemobile.com/shopee/modules-federation/live/0/shopee__item-card-standard-v2/0.2.8/pc/e4734dab67ee2f9ebd5a.png,Rp,3.909.000,-9%,4.9,https://deo.shopeemobile.com/shopee/modules-federation/live/0/shopee__item-card-standard-v2/0.2.8/pc/38e203dc86172a6c6560.svg,https://deo.shopeemobile.com/shopee/modules-federation/live/0/shopee__item-card-standard-v2/0.2.8/pc/0614b8f0a8fdde22942d.svg,< 2 Hari,https://deo.shopeemobile.com/shopee/modules-federation/live/0/shopee__item-card-standard-v2/0.2.8/pc/5dd7b4560d0e2d3190e8.svg,Jakarta Pusat,,161 Terjual,,https://deo.shopeemobile.com/shopee/modules-federation/live/0/shopee__item-card-standard-v2/0.2.8/pc/d7099d3fd1dfdaf705ab.svg,"[PROMO] Axioo Mybook Hype 10 Intel Celeron 14"" HD Windows 11
Rp
3.909.000
-9%
4.9
161 Terjual
< 2 Hari
Jakarta Pusat",https://shopee.co.id/-PROMO-Axioo-Mybook-Hype-10-Intel-Celeron-14-HD-Windows-11-i.148846460.27923428552?extraParams=%7B%22display_model_id%22%3A325042159606%2C%22model_selection_logic%22%3A3%7D&sp_atk=9a1f4be7-9c1f-4496-b831-eb57017b1f98&xptdk=9a1f4be7-9c1f-4496-b831-eb57017b1f98
https://down-id.img.susercontent.com/file/id-11134207-82250-mjo0al3gbke931,https://down-id.img.susercontent.com/file/id-11134258-8224v-mkvw0cu9r7k1a5,Laptop Pelajar Zyrex L-Book | Intel N4020 | Ram 8GB \ 128GB | Windows 11 Pro | 14.0Inch,https://deo.shopeemobile.com/shopee/modules-federation/live/0/shopee__item-card-standard-v2/0.2.8/pc/a425c915798471b33e5d.png,Rp,4.160.000,,,https://deo.shopeemobile.com/shopee/modules-federation/live/0/shopee__item-card-standard-v2/0.2.8/pc/38e203dc86172a6c6560.svg,https://deo.shopeemobile.com/shopee/modules-federation/live/0/shopee__item-card-standard-v2/0.2.8/pc/0614b8f0a8fdde22942d.svg,< 2 Hari,https://deo.shopeemobile.com/shopee/modules-federation/live/0/shopee__item-card-standard-v2/0.2.8/pc/5dd7b4560d0e2d3190e8.svg,Jakarta Pusat,,< 2 Hari,,https://deo.shopeemobile.com/shopee/modules-federation/live/0/shopee__item-card-standard-v2/0.2.8/pc/0614b8f0a8fdde22942d.svg,"Laptop Pelajar Zyrex L-Book | Intel N4020 | Ram 8GB \ 128GB | Windows 11 Pro | 14.0Inch
Rp
4.160.000
< 2 Hari
Jakarta Pusat",https://shopee.co.id/Laptop-Pelajar-Zyrex-L-Book-Intel-N4020-Ram-8GB-128GB-Windows-11-Pro-14.0Inch-i.1491513665.42606797128?extraParams=%7B%22display_model_id%22%3A248580966084%2C%22model_selection_logic%22%3A3%7D&sp_atk=bf44ca33-2e4d-42a1-b75f-86ed344152b3&xptdk=bf44ca33-2e4d-42a1-b75f-86ed344152b3
https://down-id.img.susercontent.com/file/id-11134207-7rbk2-may0bgtl7qm034,https://down-id.img.susercontent.com/file/id-11134258-8224v-mkvw0cu9r7k1a5,Zyrex L-Book N4020 8GB 128GB W11PRO 14.0 Inches Silver,https://deo.shopeemobile.com/shopee/modules-federation/live/0/shopee__item-card-standard-v2/0.2.8/pc/e4734dab67ee2f9ebd5a.png,Rp,4.150.000,-1%,5.0,https://deo.shopeemobile.com/shopee/modules-federation/live/0/shopee__item-card-standard-v2/0.2.8/pc/76dff349290d20891fc1.svg,,,https://deo.shopeemobile.com/shopee/modules-federation/live/0/shopee__item-card-standard-v2/0.2.8/pc/5dd7b4560d0e2d3190e8.svg,Bekasi,https://deo.shopeemobile.com/shopee/modules-federation/live/0/shopee__item-card-standard-v2/0.2.8/pc/b4d1b8a78b3621dbdf4a.svg,3 Terjual,,https://deo.shopeemobile.com/shopee/modules-federation/live/0/shopee__item-card-standard-v2/0.2.8/pc/d7099d3fd1dfdaf705ab.svg,"Zyrex L-Book N4020 8GB 128GB W11PRO 14.0 Inches Silver
Rp
4.150.000
-1%
5.0
3 Terjual
3-4 Hari
Bekasi",https://shopee.co.id/Zyrex-L-Book-N4020-8GB-128GB-W11PRO-14.0-Inches-Silver-i.319647164.26187553301?extraParams=%7B%22display_model_id%22%3A300373413230%2C%22model_selection_logic%22%3A3%7D&sp_atk=c9d488f2-ce6c-434c-94f1-29fbe9592bc2&xptdk=c9d488f2-ce6c-434c-94f1-29fbe9592bc2
https://down-id.img.susercontent.com/file/id-11134207-822wh-mlq1rjlkl5og8d,https://down-id.img.susercontent.com/file/id-11134258-8224v-mkvw0cu9r7k1a5,"LAPTOP ZYREX L-BOOK N4020 8GB 128GB 14""HD Win11 - 128GB",https://deo.shopeemobile.com/shopee/modules-federation/live/0/shopee__item-card-standard-v2/0.2.8/pc/a425c915798471b33e5d.png,Rp,3.960.000,-5%,,https://deo.shopeemobile.com/shopee/modules-federation/live/0/shopee__item-card-standard-v2/0.2.8/pc/76dff349290d20891fc1.svg,,,https://deo.shopeemobile.com/shopee/modules-federation/live/0/shopee__item-card-standard-v2/0.2.8/pc/5dd7b4560d0e2d3190e8.svg,Jakarta Pusat,https://deo.shopeemobile.com/shopee/modules-federation/live/0/shopee__item-card-standard-v2/0.2.8/pc/b4d1b8a78b3621dbdf4a.svg,3-4 Hari,,,"LAPTOP ZYREX L-BOOK N4020 8GB 128GB 14""HD Win11 - 128GB
Rp
3.960.000
-5%
3-4 Hari
Jakarta Pusat",https://shopee.co.id/LAPTOP-ZYREX-L-BOOK-N4020-8GB-128GB-14-HD-Win11-128GB-i.1470383756.56707103069?extraParams=%7B%22display_model_id%22%3A320633776470%2C%22model_selection_logic%22%3A3%7D&sp_atk=00a86589-f0d8-4c68-b2b8-c6cb65fa1373&xptdk=00a86589-f0d8-4c68-b2b8-c6cb65fa1373
https://down-id.img.susercontent.com/file/id-11134207-81ztm-meqmw1xaztvn60,https://down-id.img.susercontent.com/file/id-11134258-822wr-mlx5y0tebegw04,Zyrex L-Book N4020 8GB 128GB Win11 14.0,https://deo.shopeemobile.com/shopee/modules-federation/live/0/shopee__item-card-standard-v2/0.2.8/pc/e4734dab67ee2f9ebd5a.png,Rp,3.960.000,-5%,,https://deo.shopeemobile.com/shopee/modules-federation/live/0/shopee__item-card-standard-v2/0.2.8/pc/38e203dc86172a6c6560.svg,https://deo.shopeemobile.com/shopee/modules-federation/live/0/shopee__item-card-standard-v2/0.2.8/pc/0614b8f0a8fdde22942d.svg,< 2 Hari,https://deo.shopeemobile.com/shopee/modules-federation/live/0/shopee__item-card-standard-v2/0.2.8/pc/5dd7b4560d0e2d3190e8.svg,Jakarta Selatan,https://deo.shopeemobile.com/shopee/modules-federation/live/0/shopee__item-card-standard-v2/0.2.8/pc/b4d1b8a78b3621dbdf4a.svg,< 2 Hari,,https://deo.shopeemobile.com/shopee/modules-federation/live/0/shopee__item-card-standard-v2/0.2.8/pc/0614b8f0a8fdde22942d.svg,"Zyrex L-Book N4020 8GB 128GB Win11 14.0
Rp
3.960.000
-5%
< 2 Hari
Jakarta Selatan",https://shopee.co.id/Zyrex-L-Book-N4020-8GB-128GB-Win11-14.0-i.30962556.40469338353?extraParams=%7B%22display_model_id%22%3A266585141683%2C%22model_selection_logic%22%3A3%7D&sp_atk=aad27bcd-44ea-4279-9e65-41f98b58718e&xptdk=aad27bcd-44ea-4279-9e65-41f98b58718e
https://down-id.img.susercontent.com/file/id-11134207-81zth-metmtsldr7k048,https://down-id.img.susercontent.com/file/id-11134258-822wr-mlx67rtd6r602f,"Zyrex LBOOK LAPTOP ZYREX L-BOOK INTEL N4020 8GB 128GB eMMC Windows 11 14""HD GREY",https://deo.shopeemobile.com/shopee/modules-federation/live/0/shopee__item-card-standard-v2/0.2.8/pc/a425c915798471b33e5d.png,Rp,4.099.000,,5.0,https://deo.shopeemobile.com/shopee/modules-federation/live/0/shopee__item-card-standard-v2/0.2.8/pc/38e203dc86172a6c6560.svg,https://deo.shopeemobile.com/shopee/modules-federation/live/0/shopee__item-card-standard-v2/0.2.8/pc/0614b8f0a8fdde22942d.svg,< 2 Hari,https://deo.shopeemobile.com/shopee/modules-federation/live/0/shopee__item-card-standard-v2/0.2.8/pc/5dd7b4560d0e2d3190e8.svg,Jakarta Pusat,,1 Terjual,,https://deo.shopeemobile.com/shopee/modules-federation/live/0/shopee__item-card-standard-v2/0.2.8/pc/d7099d3fd1dfdaf705ab.svg,"Zyrex LBOOK LAPTOP ZYREX L-BOOK INTEL N4020 8GB 128GB eMMC Windows 11 14""HD GREY
Rp
4.099.000
5.0
1 Terjual
< 2 Hari
Jakarta Pusat",https://shopee.co.id/Zyrex-LBOOK-LAPTOP-ZYREX-L-BOOK-INTEL-N4020-8GB-128GB-eMMC-Windows-11-14-HD-GREY-i.120453187.41454586077?extraParams=%7B%22display_model_id%22%3A301630770401%2C%22model_selection_logic%22%3A3%7D&sp_atk=f6ce091a-f275-4aae-8ed7-1257c96a63d2&xptdk=f6ce091a-f275-4aae-8ed7-1257c96a63d2
https://down-id.img.susercontent.com/file/id-11134207-7rasm-m5pgobya8togcc,https://down-id.img.susercontent.com/file/id-11134258-8224v-mkvw0cu9r7k1a5,"Zyrex D-TECH Ryzen 5 16GB 256GB 14"" Laptop",https://deo.shopeemobile.com/shopee/modules-federation/live/0/shopee__item-card-standard-v2/0.2.8/pc/e4734dab67ee2f9ebd5a.png,Rp,7.499.000,-17%,5.0,https://deo.shopeemobile.com/shopee/modules-federation/live/0/shopee__item-card-standard-v2/0.2.8/pc/38e203dc86172a6c6560.svg,https://deo.shopeemobile.com/shopee/modules-federation/live/0/shopee__item-card-standard-v2/0.2.8/pc/0614b8f0a8fdde22942d.svg,< 2 Hari,https://deo.shopeemobile.com/shopee/modules-federation/live/0/shopee__item-card-standard-v2/0.2.8/pc/5dd7b4560d0e2d3190e8.svg,Semarang,,1 Terjual,,https://deo.shopeemobile.com/shopee/modules-federation/live/0/shopee__item-card-standard-v2/0.2.8/pc/d7099d3fd1dfdaf705ab.svg,"Zyrex D-TECH Ryzen 5 16GB 256GB 14"" Laptop
Rp
7.499.000
-17%
5.0
1 Terjual
< 2 Hari
Semarang",https://shopee.co.id/Zyrex-D-TECH-Ryzen-5-16GB-256GB-14-Laptop-i.1084083096.27724898507?extraParams=%7B%22display_model_id%22%3A340105052760%2C%22model_selection_logic%22%3A3%7D&sp_atk=49271deb-be2b-4848-98e6-42e788d17fce&xptdk=49271deb-be2b-4848-98e6-42e788d17fce
https://down-id.img.susercontent.com/file/id-11134207-8224x-mj5exu34rax335,https://down-id.img.susercontent.com/file/id-11134258-7r98w-lyezzaurybot13,"Laptop Zyrex L-Book Zyrex Lifebook Intel N4020 8GB 128GB WIN 11 Home 14""HD",,Rp,3.346.920,,,https://deo.shopeemobile.com/shopee/modules-federation/live/0/shopee__item-card-standard-v2/0.2.8/pc/38e203dc86172a6c6560.svg,https://deo.shopeemobile.com/shopee/modules-federation/live/0/shopee__item-card-standard-v2/0.2.8/pc/0614b8f0a8fdde22942d.svg,< 2 Hari,https://deo.shopeemobile.com/shopee/modules-federation/live/0/shopee__item-card-standard-v2/0.2.8/pc/5dd7b4560d0e2d3190e8.svg,Tegal,,< 2 Hari,Produk Baru,https://deo.shopeemobile.com/shopee/modules-federation/live/0/shopee__item-card-standard-v2/0.2.8/pc/0614b8f0a8fdde22942d.svg,"Laptop Zyrex L-Book Zyrex Lifebook Intel N4020 8GB 128GB WIN 11 Home 14""HD
Rp
3.346.920
Produk Baru
< 2 Hari
Tegal",https://shopee.co.id/Laptop-Zyrex-L-Book-Zyrex-Lifebook-Intel-N4020-8GB-128GB-WIN-11-Home-14-HD-i.14655764.41177773861?extraParams=%7B%22display_model_id%22%3A330397879636%2C%22model_selection_logic%22%3A3%7D&sp_atk=241a1c94-08cd-408e-8ed1-949f8f6dbc7b&xptdk=241a1c94-08cd-408e-8ed1-949f8f6dbc7b
https://down-id.img.susercontent.com/file/id-11134207-7ra0h-mb4zf6c64syh7c,https://down-id.img.susercontent.com/file/id-11134258-8224v-mkvw0cu9r7k1a5,"ZYREX L-BOOK INTEL CELERON N4020 8GB 128GB 14"" HD TN",https://deo.shopeemobile.com/shopee/modules-federation/live/0/shopee__item-card-standard-v2/0.2.8/pc/7c9110f78e069acbced7.png,Rp,4.160.000,,5.0,https://deo.shopeemobile.com/shopee/modules-federation/live/0/shopee__item-card-standard-v2/0.2.8/pc/38e203dc86172a6c6560.svg,https://deo.shopeemobile.com/shopee/modules-federation/live/0/shopee__item-card-standard-v2/0.2.8/pc/0614b8f0a8fdde22942d.svg,< 2 Hari,https://deo.shopeemobile.com/shopee/modules-federation/live/0/shopee__item-card-standard-v2/0.2.8/pc/5dd7b4560d0e2d3190e8.svg,Bandung,,10 Terjual,,https://deo.shopeemobile.com/shopee/modules-federation/live/0/shopee__item-card-standard-v2/0.2.8/pc/d7099d3fd1dfdaf705ab.svg,"ZYREX L-BOOK INTEL CELERON N4020 8GB 128GB 14"" HD TN
Rp
4.160.000
5.0
10 Terjual
< 2 Hari
Bandung",https://shopee.co.id/ZYREX-L-BOOK-INTEL-CELERON-N4020-8GB-128GB-14-HD-TN-i.1031894725.42854990899?extraParams=%7B%22display_model_id%22%3A300422777063%2C%22model_selection_logic%22%3A3%7D&sp_atk=2f175148-4b70-4a26-997d-76180a69d77b&xptdk=2f175148-4b70-4a26-997d-76180a69d77b
https://down-id.img.susercontent.com/file/id-11134207-7rash-m2rqh0pvcza8f0,https://down-id.img.susercontent.com/file/id-11134258-8224v-mkvw0cu9r7k1a5,Laptop Zyrex Sky 232 Intel Celeron N3350 Ram 4Gb eMMC 64Gb SCU19132,,Rp,1.350.000,,,https://deo.shopeemobile.com/shopee/modules-federation/live/0/shopee__item-card-standard-v2/0.2.8/pc/38e203dc86172a6c6560.svg,https://deo.shopeemobile.com/shopee/modules-federation/live/0/shopee__item-card-standard-v2/0.2.8/pc/0614b8f0a8fdde22942d.svg,< 2 Hari,https://deo.shopeemobile.com/shopee/modules-federation/live/0/shopee__item-card-standard-v2/0.2.8/pc/5dd7b4560d0e2d3190e8.svg,Malang,,1 Terjual,,https://deo.shopeemobile.com/shopee/modules-federation/live/0/shopee__item-card-standard-v2/0.2.8/pc/0614b8f0a8fdde22942d.svg,"Laptop Zyrex Sky 232 Intel Celeron N3350 Ram 4Gb eMMC 64Gb SCU19132
Rp
1.350.000
1 Terjual
< 2 Hari
Malang",https://shopee.co.id/Laptop-Zyrex-Sky-232-Intel-Celeron-N3350-Ram-4Gb-eMMC-64Gb-SCU19132-i.44435356.28718050983?extraParams=%7B%22display_model_id%22%3A187988020674%2C%22model_selection_logic%22%3A3%7D&sp_atk=a9e8711b-70b4-46a3-95a6-a3fdf39f78d4&xptdk=a9e8711b-70b4-46a3-95a6-a3fdf39f78d4
https://down-id.img.susercontent.com/file/id-11134207-822wi-mndszahyy7eo32,https://down-id.img.susercontent.com/file/id-11134258-8224v-mkvw0cu9r7k1a5,Laptop Lenovo Thinkpad L13 Yoga Core i5 Gen 10 Ram 8GB SSD 512GB Touchscreen Mulus,https://deo.shopeemobile.com/shopee/modules-federation/live/0/shopee__item-card-standard-v2/0.2.8/pc/a425c915798471b33e5d.png,Rp,4.699.000,,4.7,https://deo.shopeemobile.com/shopee/modules-federation/live/0/shopee__item-card-standard-v2/0.2.8/pc/38e203dc86172a6c6560.svg,https://deo.shopeemobile.com/shopee/modules-federation/live/0/shopee__item-card-standard-v2/0.2.8/pc/0614b8f0a8fdde22942d.svg,< 2 Hari,https://deo.shopeemobile.com/shopee/modules-federation/live/0/shopee__item-card-standard-v2/0.2.8/pc/5dd7b4560d0e2d3190e8.svg,Bandung,,70 Terjual,,https://deo.shopeemobile.com/shopee/modules-federation/live/0/shopee__item-card-standard-v2/0.2.8/pc/d7099d3fd1dfdaf705ab.svg,"Laptop Lenovo Thinkpad L13 Yoga Core i5 Gen 10 Ram 8GB SSD 512GB Touchscreen Mulus
Rp
4.699.000
4.7
70 Terjual
< 2 Hari
Bandung",https://shopee.co.id/Laptop-Lenovo-Thinkpad-L13-Yoga-Core-i5-Gen-10-Ram-8GB-SSD-512GB-Touchscreen-Mulus-i.595179602.18785081270?extraParams=%7B%22display_model_id%22%3A410639943651%2C%22model_selection_logic%22%3A3%7D&sp_atk=bc4af18d-cc0a-40f2-a6d7-39a4bfb6c75a&xptdk=bc4af18d-cc0a-40f2-a6d7-39a4bfb6c75a
https://down-id.img.susercontent.com/file/id-11134207-7ra0n-mb4ubepzk5o46d,https://down-id.img.susercontent.com/file/id-11134258-822wr-mlx5y0tebegw04,LAPTOP SEKOLAH Zyrex L-BOOK Intel N4020 [8GB 128GB/256GB] Windows 11 PRO 14.0 HD,https://deo.shopeemobile.com/shopee/modules-federation/live/0/shopee__item-card-standard-v2/0.2.8/pc/e4734dab67ee2f9ebd5a.png,Rp,4.150.000,,5.0,https://deo.shopeemobile.com/shopee/modules-federation/live/0/shopee__item-card-standard-v2/0.2.8/pc/38e203dc86172a6c6560.svg,https://deo.shopeemobile.com/shopee/modules-federation/live/0/shopee__item-card-standard-v2/0.2.8/pc/0614b8f0a8fdde22942d.svg,< 2 Hari,https://deo.shopeemobile.com/shopee/modules-federation/live/0/shopee__item-card-standard-v2/0.2.8/pc/5dd7b4560d0e2d3190e8.svg,Jakarta Timur,,3 Terjual,Kombo Hemat,https://deo.shopeemobile.com/shopee/modules-federation/live/0/shopee__item-card-standard-v2/0.2.8/pc/d7099d3fd1dfdaf705ab.svg,"LAPTOP SEKOLAH Zyrex L-BOOK Intel N4020 [8GB 128GB/256GB] Windows 11 PRO 14.0 HD
Rp
4.150.000
Kombo Hemat
5.0
3 Terjual
< 2 Hari
Jakarta Timur",https://shopee.co.id/LAPTOP-SEKOLAH-Zyrex-L-BOOK-Intel-N4020-8GB-128GB-256GB-Windows-11-PRO-14.0-HD-i.457194221.40604979000?extraParams=%7B%22display_model_id%22%3A275422319397%2C%22model_selection_logic%22%3A3%7D&sp_atk=a9c778ac-2174-42ac-9c49-9a6300e718bd&xptdk=a9c778ac-2174-42ac-9c49-9a6300e718bd
https://down-id.img.susercontent.com/file/id-11134207-81zth-mf3p8mgo1sst61,https://down-id.img.susercontent.com/file/id-11134258-822wr-mlx67rtd6r602f,Zyrex D-TECH PRO Ryzen 5 6600H 16GB 512GB IPS,https://deo.shopeemobile.com/shopee/modules-federation/live/0/shopee__item-card-standard-v2/0.2.8/pc/a425c915798471b33e5d.png,Rp,8.099.000,,5.0,https://deo.shopeemobile.com/shopee/modules-federation/live/0/shopee__item-card-standard-v2/0.2.8/pc/38e203dc86172a6c6560.svg,https://deo.shopeemobile.com/shopee/modules-federation/live/0/shopee__item-card-standard-v2/0.2.8/pc/0614b8f0a8fdde22942d.svg,< 2 Hari,https://deo.shopeemobile.com/shopee/modules-federation/live/0/shopee__item-card-standard-v2/0.2.8/pc/5dd7b4560d0e2d3190e8.svg,Jakarta Pusat,,9 Terjual,,https://deo.shopeemobile.com/shopee/modules-federation/live/0/shopee__item-card-standard-v2/0.2.8/pc/d7099d3fd1dfdaf705ab.svg,"Zyrex D-TECH PRO Ryzen 5 6600H 16GB 512GB IPS
Rp
8.099.000
5.0
9 Terjual
< 2 Hari
Jakarta Pusat",https://shopee.co.id/Zyrex-D-TECH-PRO-Ryzen-5-6600H-16GB-512GB-IPS-i.120453187.43224339969?extraParams=%7B%22display_model_id%22%3A281975743105%2C%22model_selection_logic%22%3A3%7D&sp_atk=c4a35def-a4a3-46f8-839b-b72dcf7a01a5&xptdk=c4a35def-a4a3-46f8-839b-b72dcf7a01a5
https://down-id.img.susercontent.com/file/id-11134207-822wp-mmmrl4iyvrpk78,https://down-id.img.susercontent.com/file/id-11134258-8224v-mkvw0cu9r7k1a5,Zyrex L-Book N4020/8GB/128GB/W11,https://deo.shopeemobile.com/shopee/modules-federation/live/0/shopee__item-card-standard-v2/0.2.8/pc/a425c915798471b33e5d.png,Rp,4.835.000,,,,,,https://deo.shopeemobile.com/shopee/modules-federation/live/0/shopee__item-card-standard-v2/0.2.8/pc/5dd7b4560d0e2d3190e8.svg,Padang,,,,,"Zyrex L-Book N4020/8GB/128GB/W11
Rp
4.835.000
Padang",https://shopee.co.id/Zyrex-L-Book-N4020-8GB-128GB-W11-i.73822794.49258232435?extraParams=%7B%22display_model_id%22%3A345729998282%2C%22model_selection_logic%22%3A3%7D&sp_atk=82372b41-34aa-4c3a-ab6e-7bdf7c3ed9b7&xptdk=82372b41-34aa-4c3a-ab6e-7bdf7c3ed9b7
https://down-id.img.susercontent.com/file/id-11134207-7rbkd-m8r3auk2voyl56,https://down-id.img.susercontent.com/file/id-11134258-8224v-mkvw0cu9r7k1a5,Laptop Zyrex Sky 232 Intel Celeron N4020 Ram 4Gb eMMC 64Gb,,Rp,1.522.500,,,https://deo.shopeemobile.com/shopee/modules-federation/live/0/shopee__item-card-standard-v2/0.2.8/pc/38e203dc86172a6c6560.svg,https://deo.shopeemobile.com/shopee/modules-federation/live/0/shopee__item-card-standard-v2/0.2.8/pc/0614b8f0a8fdde22942d.svg,< 2 Hari,https://deo.shopeemobile.com/shopee/modules-federation/live/0/shopee__item-card-standard-v2/0.2.8/pc/5dd7b4560d0e2d3190e8.svg,Malang,,< 2 Hari,,https://deo.shopeemobile.com/shopee/modules-federation/live/0/shopee__item-card-standard-v2/0.2.8/pc/0614b8f0a8fdde22942d.svg,"Laptop Zyrex Sky 232 Intel Celeron N4020 Ram 4Gb eMMC 64Gb
Rp
1.522.500
< 2 Hari
Malang",https://shopee.co.id/Laptop-Zyrex-Sky-232-Intel-Celeron-N4020-Ram-4Gb-eMMC-64Gb-i.44435356.27084026635?extraParams=%7B%22display_model_id%22%3A227708100756%2C%22model_selection_logic%22%3A3%7D&sp_atk=b1752f9c-55b9-4fb1-8ccd-bb8887c390e1&xptdk=b1752f9c-55b9-4fb1-8ccd-bb8887c390e1
https://down-id.img.susercontent.com/file/sg-11134201-7rash-mb7lqd661ii121,https://down-id.img.susercontent.com/file/id-11134258-8224v-mkvw0cu9r7k1a5,Axioo MyBook Hype 3 i3 16GB 512GB SSD FHD IPS,https://deo.shopeemobile.com/shopee/modules-federation/live/0/shopee__item-card-standard-v2/0.2.8/pc/e4734dab67ee2f9ebd5a.png,Rp,5.994.000,-1%,5.0,https://deo.shopeemobile.com/shopee/modules-federation/live/0/shopee__item-card-standard-v2/0.2.8/pc/38e203dc86172a6c6560.svg,https://deo.shopeemobile.com/shopee/modules-federation/live/0/shopee__item-card-standard-v2/0.2.8/pc/0614b8f0a8fdde22942d.svg,< 2 Hari,https://deo.shopeemobile.com/shopee/modules-federation/live/0/shopee__item-card-standard-v2/0.2.8/pc/5dd7b4560d0e2d3190e8.svg,Bekasi,https://deo.shopeemobile.com/shopee/modules-federation/live/0/shopee__item-card-standard-v2/0.2.8/pc/b4d1b8a78b3621dbdf4a.svg,17 Terjual,,https://deo.shopeemobile.com/shopee/modules-federation/live/0/shopee__item-card-standard-v2/0.2.8/pc/d7099d3fd1dfdaf705ab.svg,"Axioo MyBook Hype 3 i3 16GB 512GB SSD FHD IPS
Rp
5.994.000
-1%
5.0
17 Terjual
< 2 Hari
Bekasi",https://shopee.co.id/Axioo-MyBook-Hype-3-i3-16GB-512GB-SSD-FHD-IPS-i.1563161820.42405256524?extraParams=%7B%22display_model_id%22%3A275443139682%2C%22model_selection_logic%22%3A3%7D&sp_atk=be795473-3f6f-40cb-81b4-e493d7e2ee4f&xptdk=be795473-3f6f-40cb-81b4-e493d7e2ee4f
https://down-id.img.susercontent.com/file/id-11134207-7ra0m-mb4t2fv2ai5n8a,https://down-id.img.susercontent.com/file/id-11134258-8224q-mkvvibsp8oowa6,ZYREX L-BOOK | Intel Celeron N4020 | Intel UHD Graphics | 8GB 128GB | Windows 11PRO | 14.0 TN |,,Rp,4.160.000,-16%,,https://deo.shopeemobile.com/shopee/modules-federation/live/0/shopee__item-card-standard-v2/0.2.8/pc/38e203dc86172a6c6560.svg,https://deo.shopeemobile.com/shopee/modules-federation/live/0/shopee__item-card-standard-v2/0.2.8/pc/0614b8f0a8fdde22942d.svg,< 2 Hari,https://deo.shopeemobile.com/shopee/modules-federation/live/0/shopee__item-card-standard-v2/0.2.8/pc/5dd7b4560d0e2d3190e8.svg,Depok,,2 Terjual,Pilih Lokal,https://deo.shopeemobile.com/shopee/modules-federation/live/0/shopee__item-card-standard-v2/0.2.8/pc/0614b8f0a8fdde22942d.svg,"ZYREX L-BOOK | Intel Celeron N4020 | Intel UHD Graphics | 8GB 128GB | Windows 11PRO | 14.0 TN |
Rp
4.160.000
-16%
Pilih Lokal
2 Terjual
< 2 Hari
Depok",https://shopee.co.id/ZYREX-L-BOOK-Intel-Celeron-N4020-Intel-UHD-Graphics-8GB-128GB-Windows-11PRO-14.0-TN--i.1127429539.43904985194?extraParams=%7B%22display_model_id%22%3A355398380111%2C%22model_selection_logic%22%3A3%7D&sp_atk=83111599-90dd-47dd-a688-ddf673d9ce73&xptdk=83111599-90dd-47dd-a688-ddf673d9ce73
https://down-id.img.susercontent.com/file/id-11134207-822wt-mnb9td079820a7,https://down-id.img.susercontent.com/file/id-11134258-8224v-mkvw0cu9r7k1a5,ZYREX L-BOOK N4020 8GB 128GB W11PRO 14.0 GRY,https://deo.shopeemobile.com/shopee/modules-federation/live/0/shopee__item-card-standard-v2/0.2.8/pc/a425c915798471b33e5d.png,Rp,3.960.000,-5%,,https://deo.shopeemobile.com/shopee/modules-federation/live/0/shopee__item-card-standard-v2/0.2.8/pc/38e203dc86172a6c6560.svg,https://deo.shopeemobile.com/shopee/modules-federation/live/0/shopee__item-card-standard-v2/0.2.8/pc/0614b8f0a8fdde22942d.svg,< 2 Hari,https://deo.shopeemobile.com/shopee/modules-federation/live/0/shopee__item-card-standard-v2/0.2.8/pc/5dd7b4560d0e2d3190e8.svg,Bogor,https://deo.shopeemobile.com/shopee/modules-federation/live/0/shopee__item-card-standard-v2/0.2.8/pc/b4d1b8a78b3621dbdf4a.svg,< 2 Hari,,https://deo.shopeemobile.com/shopee/modules-federation/live/0/shopee__item-card-standard-v2/0.2.8/pc/0614b8f0a8fdde22942d.svg,"ZYREX L-BOOK N4020 8GB 128GB W11PRO 14.0 GRY
Rp
3.960.000
-5%
< 2 Hari
Bogor",https://shopee.co.id/ZYREX-L-BOOK-N4020-8GB-128GB-W11PRO-14.0-GRY-i.1560133839.24997056319?extraParams=%7B%22display_model_id%22%3A291631343065%2C%22model_selection_logic%22%3A3%7D&sp_atk=8e364a0e-7a67-4dd4-9f62-783e308e7013&xptdk=8e364a0e-7a67-4dd4-9f62-783e308e7013
https://down-id.img.susercontent.com/file/id-11134207-7ra0r-mcabhemkilol2e,https://down-id.img.susercontent.com/file/id-11134258-8224v-mkvw0cu9r7k1a5,Toshiba Dynabook Series Intel Core i5 RAM 8GB 256GB SSD BERGARANSII,https://deo.shopeemobile.com/shopee/modules-federation/live/0/shopee__item-card-standard-v2/0.2.8/pc/a425c915798471b33e5d.png,Rp,2.300.000,,5.0,https://deo.shopeemobile.com/shopee/modules-federation/live/0/shopee__item-card-standard-v2/0.2.8/pc/38e203dc86172a6c6560.svg,https://deo.shopeemobile.com/shopee/modules-federation/live/0/shopee__item-card-standard-v2/0.2.8/pc/0614b8f0a8fdde22942d.svg,< 2 Hari,https://deo.shopeemobile.com/shopee/modules-federation/live/0/shopee__item-card-standard-v2/0.2.8/pc/5dd7b4560d0e2d3190e8.svg,Cimahi,,20 Terjual,,https://deo.shopeemobile.com/shopee/modules-federation/live/0/shopee__item-card-standard-v2/0.2.8/pc/d7099d3fd1dfdaf705ab.svg,"Toshiba Dynabook Series Intel Core i5 RAM 8GB 256GB SSD BERGARANSII
Rp
2.300.000
5.0
20 Terjual
< 2 Hari
Cimahi",https://shopee.co.id/Toshiba-Dynabook-Series-Intel-Core-i5-RAM-8GB-256GB-SSD-BERGARANSII-i.1566081970.27488758531?extraParams=%7B%22display_model_id%22%3A280760174591%2C%22model_selection_logic%22%3A3%7D&sp_atk=55d35e14-9071-4e69-afc0-bedf0d49b84a&xptdk=55d35e14-9071-4e69-afc0-bedf0d49b84a
https://down-id.img.susercontent.com/file/id-11134207-7ra0j-mbp5r9w5e4lid7,https://down-id.img.susercontent.com/file/id-11134258-8224v-mkvw0cu9r7k1a5,Laptop Zyrex D-Tech Pro Ryzen 5 16GB 1TB SSD,https://deo.shopeemobile.com/shopee/modules-federation/live/0/shopee__item-card-standard-v2/0.2.8/pc/e4734dab67ee2f9ebd5a.png,Rp,7.107.000,-3%,4.9,https://deo.shopeemobile.com/shopee/modules-federation/live/0/shopee__item-card-standard-v2/0.2.8/pc/38e203dc86172a6c6560.svg,https://deo.shopeemobile.com/shopee/modules-federation/live/0/shopee__item-card-standard-v2/0.2.8/pc/0614b8f0a8fdde22942d.svg,< 2 Hari,https://deo.shopeemobile.com/shopee/modules-federation/live/0/shopee__item-card-standard-v2/0.2.8/pc/5dd7b4560d0e2d3190e8.svg,Jakarta Selatan,https://deo.shopeemobile.com/shopee/modules-federation/live/0/shopee__item-card-standard-v2/0.2.8/pc/b4d1b8a78b3621dbdf4a.svg,25 Terjual,,https://deo.shopeemobile.com/shopee/modules-federation/live/0/shopee__item-card-standard-v2/0.2.8/pc/d7099d3fd1dfdaf705ab.svg,"Laptop Zyrex D-Tech Pro Ryzen 5 16GB 1TB SSD
Rp
7.107.000
-3%
4.9
25 Terjual
< 2 Hari
Jakarta Selatan",https://shopee.co.id/Laptop-Zyrex-D-Tech-Pro-Ryzen-5-16GB-1TB-SSD-i.256652736.29888270331?extraParams=%7B%22display_model_id%22%3A435614364667%2C%22model_selection_logic%22%3A3%7D&sp_atk=08829195-4828-4132-9aaf-81c49687e5fd&xptdk=08829195-4828-4132-9aaf-81c49687e5fd
https://down-id.img.susercontent.com/file/id-11134207-7r98w-lxuuh88cyjnh24,https://down-id.img.susercontent.com/file/id-11134258-8224v-mkvw0cu9r7k1a5,Amoli Laptop 16GB 512GB SSD Intel N5095 Win11,,Rp,5.988.000,,4.9,https://deo.shopeemobile.com/shopee/modules-federation/live/0/shopee__item-card-standard-v2/0.2.8/pc/76dff349290d20891fc1.svg,,,https://deo.shopeemobile.com/shopee/modules-federation/live/0/shopee__item-card-standard-v2/0.2.8/pc/5dd7b4560d0e2d3190e8.svg,Jakarta Utara,,757 Terjual,,https://deo.shopeemobile.com/shopee/modules-federation/live/0/shopee__item-card-standard-v2/0.2.8/pc/d7099d3fd1dfdaf705ab.svg,"Amoli Laptop 16GB 512GB SSD Intel N5095 Win11
Rp
5.988.000
4.9
757 Terjual
3-5 Hari
Jakarta Utara",https://shopee.co.id/Amoli-Laptop-16GB-512GB-SSD-Intel-N5095-Win11-i.1171321530.25964646876?extraParams=%7B%22display_model_id%22%3A168073717911%2C%22model_selection_logic%22%3A3%7D&sp_atk=6e8b6b68-fc8f-4f71-b425-16e402bdf6da&xptdk=6e8b6b68-fc8f-4f71-b425-16e402bdf6da
https://down-id.img.susercontent.com/file/id-11134207-82250-mj5cvmoqfnr83b,https://down-id.img.susercontent.com/file/id-11134258-8224q-mkvvibsp8oowa6,Axioo Hype 5 Ryzen 5 16GB 1TB SSD Backlit,https://deo.shopeemobile.com/shopee/modules-federation/live/0/shopee__item-card-standard-v2/0.2.8/pc/e4734dab67ee2f9ebd5a.png,Rp,6.293.000,-2%,5.0,https://deo.shopeemobile.com/shopee/modules-federation/live/0/shopee__item-card-standard-v2/0.2.8/pc/38e203dc86172a6c6560.svg,https://deo.shopeemobile.com/shopee/modules-federation/live/0/shopee__item-card-standard-v2/0.2.8/pc/0614b8f0a8fdde22942d.svg,< 2 Hari,https://deo.shopeemobile.com/shopee/modules-federation/live/0/shopee__item-card-standard-v2/0.2.8/pc/5dd7b4560d0e2d3190e8.svg,Jakarta Selatan,https://deo.shopeemobile.com/shopee/modules-federation/live/0/shopee__item-card-standard-v2/0.2.8/pc/b4d1b8a78b3621dbdf4a.svg,231 Terjual,Pilih Lokal,https://deo.shopeemobile.com/shopee/modules-federation/live/0/shopee__item-card-standard-v2/0.2.8/pc/d7099d3fd1dfdaf705ab.svg,"Axioo Hype 5 Ryzen 5 16GB 1TB SSD Backlit
Rp
6.293.000
-2%
Pilih Lokal
Cicilan
5.0
231 Terjual
< 2 Hari
Jakarta Selatan",https://shopee.co.id/Axioo-Hype-5-Ryzen-5-16GB-1TB-SSD-Backlit-i.257997524.8865303021?extraParams=%7B%22display_model_id%22%3A161838012467%2C%22model_selection_logic%22%3A3%7D&sp_atk=bb42da65-98cf-4653-a855-5465ca645680&xptdk=bb42da65-98cf-4653-a855-5465ca645680
https://down-id.img.susercontent.com/file/id-11134207-822wg-mlpavkt1rsw3b5,https://down-id.img.susercontent.com/file/id-11134258-8224v-mkvw0cu9r7k1a5,Asus Vivobook Go 14 E410KA 4GB 512GB SSD FHD,https://deo.shopeemobile.com/shopee/modules-federation/live/0/shopee__item-card-standard-v2/0.2.8/pc/e4734dab67ee2f9ebd5a.png,Rp,4.598.000,-1%,5.0,https://deo.shopeemobile.com/shopee/modules-federation/live/0/shopee__item-card-standard-v2/0.2.8/pc/38e203dc86172a6c6560.svg,https://deo.shopeemobile.com/shopee/modules-federation/live/0/shopee__item-card-standard-v2/0.2.8/pc/0614b8f0a8fdde22942d.svg,< 2 Hari,https://deo.shopeemobile.com/shopee/modules-federation/live/0/shopee__item-card-standard-v2/0.2.8/pc/5dd7b4560d0e2d3190e8.svg,Bekasi,https://deo.shopeemobile.com/shopee/modules-federation/live/0/shopee__item-card-standard-v2/0.2.8/pc/b4d1b8a78b3621dbdf4a.svg,34 Terjual,Cicilan,https://deo.shopeemobile.com/shopee/modules-federation/live/0/shopee__item-card-standard-v2/0.2.8/pc/d7099d3fd1dfdaf705ab.svg,"Asus Vivobook Go 14 E410KA 4GB 512GB SSD FHD
Rp
4.598.000
-1%
Cicilan
5.0
34 Terjual
< 2 Hari
Bekasi",https://shopee.co.id/Asus-Vivobook-Go-14-E410KA-4GB-512GB-SSD-FHD-i.121972254.8631673782?extraParams=%7B%22display_model_id%22%3A360738032801%2C%22model_selection_logic%22%3A3%7D&sp_atk=f031a2f2-199f-4ba2-bcd0-2e16680ecbd6&xptdk=f031a2f2-199f-4ba2-bcd0-2e16680ecbd6
https://down-id.img.susercontent.com/file/id-11134207-7r98t-lvksh4letuk298,https://down-id.img.susercontent.com/file/id-11134258-8224v-mkvw0cu9r7k1a5,Nb Zyrex Chromebook M432-2 Like New Slim Black,,Rp,1.200.000,,4.8,https://deo.shopeemobile.com/shopee/modules-federation/live/0/shopee__item-card-standard-v2/0.2.8/pc/38e203dc86172a6c6560.svg,https://deo.shopeemobile.com/shopee/modules-federation/live/0/shopee__item-card-standard-v2/0.2.8/pc/0614b8f0a8fdde22942d.svg,< 2 Hari,https://deo.shopeemobile.com/shopee/modules-federation/live/0/shopee__item-card-standard-v2/0.2.8/pc/5dd7b4560d0e2d3190e8.svg,Jakarta Barat,,8 Terjual,,https://deo.shopeemobile.com/shopee/modules-federation/live/0/shopee__item-card-standard-v2/0.2.8/pc/d7099d3fd1dfdaf705ab.svg,"Nb Zyrex Chromebook M432-2 Like New Slim Black
Rp
1.200.000
4.8
8 Terjual
< 2 Hari
Jakarta Barat",https://shopee.co.id/Nb-Zyrex-Chromebook-M432-2-Like-New-Slim-Black-i.811915272.26850580008?extraParams=%7B%22display_model_id%22%3A250868975547%2C%22model_selection_logic%22%3A3%7D&sp_atk=36f232bd-c68f-44eb-92e8-29897638d23f&xptdk=36f232bd-c68f-44eb-92e8-29897638d23f
https://down-id.img.susercontent.com/file/id-11134207-81zth-mdydl4zzs6pvcb,https://down-id.img.susercontent.com/file/id-11134258-7r98w-lyezzaurybot13,ZYREX D-TECH RYZEN 5 3500 16GB 256GB W11 14.0 2Y BLUE,,Rp,4.039.000,,,https://deo.shopeemobile.com/shopee/modules-federation/live/0/shopee__item-card-standard-v2/0.2.8/pc/76dff349290d20891fc1.svg,,,https://deo.shopeemobile.com/shopee/modules-federation/live/0/shopee__item-card-standard-v2/0.2.8/pc/5dd7b4560d0e2d3190e8.svg,Jakarta Pusat,,4-7 Hari,,,"ZYREX D-TECH RYZEN 5 3500 16GB 256GB W11 14.0 2Y BLUE
Rp
4.039.000
4-7 Hari
Jakarta Pusat",https://shopee.co.id/ZYREX-D-TECH-RYZEN-5-3500-16GB-256GB-W11-14.0-2Y-BLUE-i.1472029061.43665458080?extraParams=%7B%22display_model_id%22%3A266275405039%2C%22model_selection_logic%22%3A3%7D&sp_atk=6e768a84-b263-46a5-9322-51ddeb4b3642&xptdk=6e768a84-b263-46a5-9322-51ddeb4b3642
https://down-id.img.susercontent.com/file/id-11134207-8224s-mhlrcs8jv6ysae,https://down-id.img.susercontent.com/file/id-11134258-8224v-mkvw0cu9r7k1a5,Axioo Mybook HYPE 1 8GB 640GB SSD Windows 11,https://deo.shopeemobile.com/shopee/modules-federation/live/0/shopee__item-card-standard-v2/0.2.8/pc/e4734dab67ee2f9ebd5a.png,Rp,4.198.000,-1%,5.0,https://deo.shopeemobile.com/shopee/modules-federation/live/0/shopee__item-card-standard-v2/0.2.8/pc/38e203dc86172a6c6560.svg,https://deo.shopeemobile.com/shopee/modules-federation/live/0/shopee__item-card-standard-v2/0.2.8/pc/0614b8f0a8fdde22942d.svg,< 2 Hari,https://deo.shopeemobile.com/shopee/modules-federation/live/0/shopee__item-card-standard-v2/0.2.8/pc/5dd7b4560d0e2d3190e8.svg,Tangerang Selatan,https://deo.shopeemobile.com/shopee/modules-federation/live/0/shopee__item-card-standard-v2/0.2.8/pc/b4d1b8a78b3621dbdf4a.svg,58 Terjual,,https://deo.shopeemobile.com/shopee/modules-federation/live/0/shopee__item-card-standard-v2/0.2.8/pc/d7099d3fd1dfdaf705ab.svg,"Axioo Mybook HYPE 1 8GB 640GB SSD Windows 11
Rp
4.198.000
-1%
5.0
58 Terjual
< 2 Hari
Tangerang Selatan",https://shopee.co.id/Axioo-Mybook-HYPE-1-8GB-640GB-SSD-Windows-11-i.1407296337.24638560593?extraParams=%7B%22display_model_id%22%3A233485506095%2C%22model_selection_logic%22%3A3%7D&sp_atk=428f735a-ccbf-45ce-a5fe-92aa24971983&xptdk=428f735a-ccbf-45ce-a5fe-92aa24971983
https://down-id.img.susercontent.com/file/id-11134207-822wj-mndt8fqtihvmb8,https://down-id.img.susercontent.com/file/id-11134258-8224q-mkvvibsp8oowa6,"LAPTOP AXIOO HYPE 1 CELERON N4020 4GB/8GB 128GB SSD Win11 14"" HD - BLUE / GREY",https://deo.shopeemobile.com/shopee/modules-federation/live/0/shopee__item-card-standard-v2/0.2.8/pc/7c9110f78e069acbced7.png,Rp,3.757.000,-37%,4.9,https://deo.shopeemobile.com/shopee/modules-federation/live/0/shopee__item-card-standard-v2/0.2.8/pc/38e203dc86172a6c6560.svg,https://deo.shopeemobile.com/shopee/modules-federation/live/0/shopee__item-card-standard-v2/0.2.8/pc/0614b8f0a8fdde22942d.svg,< 2 Hari,https://deo.shopeemobile.com/shopee/modules-federation/live/0/shopee__item-card-standard-v2/0.2.8/pc/5dd7b4560d0e2d3190e8.svg,Jakarta Utara,,881 Terjual,Pilih Lokal,https://deo.shopeemobile.com/shopee/modules-federation/live/0/shopee__item-card-standard-v2/0.2.8/pc/d7099d3fd1dfdaf705ab.svg,"LAPTOP AXIOO HYPE 1 CELERON N4020 4GB/8GB 128GB SSD Win11 14"" HD - BLUE / GREY
Rp
3.757.000
-37%
Pilih Lokal
Cicilan
4.9
881 Terjual
< 2 Hari
Jakarta Utara",https://shopee.co.id/LAPTOP-AXIOO-HYPE-1-CELERON-N4020-4GB-8GB-128GB-SSD-Win11-14-HD-BLUE-GREY-i.383392952.13743729542?extraParams=%7B%22display_model_id%22%3A245902056365%2C%22model_selection_logic%22%3A3%7D&sp_atk=d1429af9-dff8-475b-8550-0a8eed12cc2f&xptdk=d1429af9-dff8-475b-8550-0a8eed12cc2f
https://down-id.img.susercontent.com/file/id-11134207-7ra0m-mc1sru2elhgh0c,https://down-id.img.susercontent.com/file/id-11134258-8224v-mkvw0cu9r7k1a5,Axioo Slimbook Hype 10 Intel N4020 8GB 256 14 Inch Garansi Resmi Win 11 Original,https://deo.shopeemobile.com/shopee/modules-federation/live/0/shopee__item-card-standard-v2/0.2.8/pc/7c9110f78e069acbced7.png,Rp,5.296.000,-1%,5.0,https://deo.shopeemobile.com/shopee/modules-federation/live/0/shopee__item-card-standard-v2/0.2.8/pc/76dff349290d20891fc1.svg,,,https://deo.shopeemobile.com/shopee/modules-federation/live/0/shopee__item-card-standard-v2/0.2.8/pc/5dd7b4560d0e2d3190e8.svg,Tegal,https://deo.shopeemobile.com/shopee/modules-federation/live/0/shopee__item-card-standard-v2/0.2.8/pc/b4d1b8a78b3621dbdf4a.svg,39 Terjual,,https://deo.shopeemobile.com/shopee/modules-federation/live/0/shopee__item-card-standard-v2/0.2.8/pc/d7099d3fd1dfdaf705ab.svg,"Axioo Slimbook Hype 10 Intel N4020 8GB 256 14 Inch Garansi Resmi Win 11 Original
Rp
5.296.000
-1%
5.0
39 Terjual
3-4 Hari
Tegal",https://shopee.co.id/Axioo-Slimbook-Hype-10-Intel-N4020-8GB-256-14-Inch-Garansi-Resmi-Win-11-Original-i.318218543.26910283773?extraParams=%7B%22display_model_id%22%3A251533599177%2C%22model_selection_logic%22%3A3%7D&sp_atk=9dcbb6bc-6a1e-4699-95bf-6f9d54251deb&xptdk=9dcbb6bc-6a1e-4699-95bf-6f9d54251deb
https://down-id.img.susercontent.com/file/id-11134207-7rasi-m57v9etzoc3k62,https://down-id.img.susercontent.com/file/id-11134258-8224v-mkvw0cu9r7k1a5,Laptop Zyrex Sky 232 Mini 4Gb Intel Celeron,,Rp,1.475.000,,,https://deo.shopeemobile.com/shopee/modules-federation/live/0/shopee__item-card-standard-v2/0.2.8/pc/38e203dc86172a6c6560.svg,https://deo.shopeemobile.com/shopee/modules-federation/live/0/shopee__item-card-standard-v2/0.2.8/pc/0614b8f0a8fdde22942d.svg,< 2 Hari,https://deo.shopeemobile.com/shopee/modules-federation/live/0/shopee__item-card-standard-v2/0.2.8/pc/5dd7b4560d0e2d3190e8.svg,Malang,,1 Terjual,,https://deo.shopeemobile.com/shopee/modules-federation/live/0/shopee__item-card-standard-v2/0.2.8/pc/0614b8f0a8fdde22942d.svg,"Laptop Zyrex Sky 232 Mini 4Gb Intel Celeron
Rp
1.475.000
1 Terjual
< 2 Hari
Malang",https://shopee.co.id/Laptop-Zyrex-Sky-232-Mini-4Gb-Intel-Celeron-i.44435356.26555445879?extraParams=%7B%22display_model_id%22%3A257501776323%2C%22model_selection_logic%22%3A3%7D&sp_atk=6a95c32e-0635-4e12-b3ff-ce392b8f223c&xptdk=6a95c32e-0635-4e12-b3ff-ce392b8f223c
https://down-id.img.susercontent.com/file/sg-11134201-82629-mkdmnrds2br6bb,https://down-id.img.susercontent.com/file/id-11134258-822wr-mlx67rtd6r602f,LAPTOP ZYREX L-BOOK N4020/8/128/W11/D.GREY,https://deo.shopeemobile.com/shopee/modules-federation/live/0/shopee__item-card-standard-v2/0.2.8/pc/a425c915798471b33e5d.png,Rp,4.000.000,,,https://deo.shopeemobile.com/shopee/modules-federation/live/0/shopee__item-card-standard-v2/0.2.8/pc/76dff349290d20891fc1.svg,,,https://deo.shopeemobile.com/shopee/modules-federation/live/0/shopee__item-card-standard-v2/0.2.8/pc/5dd7b4560d0e2d3190e8.svg,Kab. Cianjur,,3-4 Hari,,,"LAPTOP ZYREX L-BOOK N4020/8/128/W11/D.GREY
Rp
4.000.000
3-4 Hari
Kab. Cianjur",https://shopee.co.id/LAPTOP-ZYREX-L-BOOK-N4020-8-128-W11-D.GREY-i.44412577.43028627390?extraParams=%7B%22display_model_id%22%3A307391853083%2C%22model_selection_logic%22%3A3%7D&sp_atk=0c28f546-beb4-4929-9514-fb9b80f217cd&xptdk=0c28f546-beb4-4929-9514-fb9b80f217cd
https://down-id.img.susercontent.com/file/id-11134207-82250-mgvppi09uwb166,https://down-id.img.susercontent.com/file/id-11134258-8224v-mkvw0cu9r7k1a5,ZYREX L-BOOK N4020 8GB 128GB W11PRO 14.0 GRY,https://deo.shopeemobile.com/shopee/modules-federation/live/0/shopee__item-card-standard-v2/0.2.8/pc/e4734dab67ee2f9ebd5a.png,Rp,4.160.000,,,https://deo.shopeemobile.com/shopee/modules-federation/live/0/shopee__item-card-standard-v2/0.2.8/pc/38e203dc86172a6c6560.svg,https://deo.shopeemobile.com/shopee/modules-federation/live/0/shopee__item-card-standard-v2/0.2.8/pc/0614b8f0a8fdde22942d.svg,< 2 Hari,https://deo.shopeemobile.com/shopee/modules-federation/live/0/shopee__item-card-standard-v2/0.2.8/pc/5dd7b4560d0e2d3190e8.svg,Bandung,,1 Terjual,,https://deo.shopeemobile.com/shopee/modules-federation/live/0/shopee__item-card-standard-v2/0.2.8/pc/0614b8f0a8fdde22942d.svg,"ZYREX L-BOOK N4020 8GB 128GB W11PRO 14.0 GRY
Rp
4.160.000
1 Terjual
< 2 Hari
Bandung",https://shopee.co.id/ZYREX-L-BOOK-N4020-8GB-128GB-W11PRO-14.0-GRY-i.1453790246.50851074611?extraParams=%7B%22display_model_id%22%3A315099224657%2C%22model_selection_logic%22%3A3%7D&sp_atk=603b6fb0-6c0d-4c24-85dc-a5241f8f1c93&xptdk=603b6fb0-6c0d-4c24-85dc-a5241f8f1c93
https://down-id.img.susercontent.com/file/id-11134207-7rbka-mb2430r61nyx8a,https://down-id.img.susercontent.com/file/id-11134258-822wr-mlx5y0tebegw04,"ZYREX L-BOOK N4020 8GB 256GB SSD Windows 11 14.0"" inch",https://deo.shopeemobile.com/shopee/modules-federation/live/0/shopee__item-card-standard-v2/0.2.8/pc/e4734dab67ee2f9ebd5a.png,Rp,4.160.000,,5.0,https://deo.shopeemobile.com/shopee/modules-federation/live/0/shopee__item-card-standard-v2/0.2.8/pc/38e203dc86172a6c6560.svg,https://deo.shopeemobile.com/shopee/modules-federation/live/0/shopee__item-card-standard-v2/0.2.8/pc/0614b8f0a8fdde22942d.svg,< 2 Hari,https://deo.shopeemobile.com/shopee/modules-federation/live/0/shopee__item-card-standard-v2/0.2.8/pc/5dd7b4560d0e2d3190e8.svg,Jakarta Selatan,,3 Terjual,,https://deo.shopeemobile.com/shopee/modules-federation/live/0/shopee__item-card-standard-v2/0.2.8/pc/d7099d3fd1dfdaf705ab.svg,"ZYREX L-BOOK N4020 8GB 256GB SSD Windows 11 14.0"" inch
Rp
4.160.000
5.0
3 Terjual
< 2 Hari
Jakarta Selatan",https://shopee.co.id/ZYREX-L-BOOK-N4020-8GB-256GB-SSD-Windows-11-14.0-inch-i.217781231.42404667022?extraParams=%7B%22display_model_id%22%3A265396710831%2C%22model_selection_logic%22%3A3%7D&sp_atk=577a965d-a1e9-41af-ac7d-dae28ec121a2&xptdk=577a965d-a1e9-41af-ac7d-dae28ec121a2
https://down-id.img.susercontent.com/file/id-11134207-822wi-mmttycyzwah005,https://down-id.img.susercontent.com/file/id-11134258-7ra0q-mbesqwmkb0gu9c,Axioo MyBook Hype 1 Intel Celeron N4020 4GB 8GB 128GB 256GB HD WIN 11,,Rp,4.234.000,-1%,3.7,https://deo.shopeemobile.com/shopee/modules-federation/live/0/shopee__item-card-standard-v2/0.2.8/pc/38e203dc86172a6c6560.svg,https://deo.shopeemobile.com/shopee/modules-federation/live/0/shopee__item-card-standard-v2/0.2.8/pc/0614b8f0a8fdde22942d.svg,Besok 11:00,https://deo.shopeemobile.com/shopee/modules-federation/live/0/shopee__item-card-standard-v2/0.2.8/pc/5dd7b4560d0e2d3190e8.svg,Surabaya,https://deo.shopeemobile.com/shopee/modules-federation/live/0/shopee__item-card-standard-v2/0.2.8/pc/b4d1b8a78b3621dbdf4a.svg,6 Terjual,,https://deo.shopeemobile.com/shopee/modules-federation/live/0/shopee__item-card-standard-v2/0.2.8/pc/d7099d3fd1dfdaf705ab.svg,"Axioo MyBook Hype 1 Intel Celeron N4020 4GB 8GB 128GB 256GB HD WIN 11
Rp
4.234.000
-1%
3.7
6 Terjual
Besok 11:00
Surabaya",https://shopee.co.id/Axioo-MyBook-Hype-1-Intel-Celeron-N4020-4GB-8GB-128GB-256GB-HD-WIN-11-i.1446411701.27027409230?extraParams=%7B%22display_model_id%22%3A118599270970%2C%22model_selection_logic%22%3A3%7D&sp_atk=e768a24d-20b7-481c-8c42-d004d640f541&xptdk=e768a24d-20b7-481c-8c42-d004d640f541
https://down-id.img.susercontent.com/file/id-11134207-8224s-mgj6ac56qdce75,https://down-id.img.susercontent.com/file/id-11134258-8224q-mkvvibsp8oowa6,"Zyrex D-Tech Pro V2 Ryzen 5 16GB 512GB 14"" Win 11",https://deo.shopeemobile.com/shopee/modules-federation/live/0/shopee__item-card-standard-v2/0.2.8/pc/e4734dab67ee2f9ebd5a.png,Rp,8.575.000,-25%,5.0,https://deo.shopeemobile.com/shopee/modules-federation/live/0/shopee__item-card-standard-v2/0.2.8/pc/38e203dc86172a6c6560.svg,https://deo.shopeemobile.com/shopee/modules-federation/live/0/shopee__item-card-standard-v2/0.2.8/pc/0614b8f0a8fdde22942d.svg,< 2 Hari,https://deo.shopeemobile.com/shopee/modules-federation/live/0/shopee__item-card-standard-v2/0.2.8/pc/5dd7b4560d0e2d3190e8.svg,Semarang,,4 Terjual,Pilih Lokal,https://deo.shopeemobile.com/shopee/modules-federation/live/0/shopee__item-card-standard-v2/0.2.8/pc/d7099d3fd1dfdaf705ab.svg,"Zyrex D-Tech Pro V2 Ryzen 5 16GB 512GB 14"" Win 11
Rp
8.575.000
-25%
Pilih Lokal
5.0
4 Terjual
< 2 Hari
Semarang",https://shopee.co.id/Zyrex-D-Tech-Pro-V2-Ryzen-5-16GB-512GB-14-Win-11-i.1084083096.24496576214?extraParams=%7B%22display_model_id%22%3A286235148548%2C%22model_selection_logic%22%3A3%7D&sp_atk=f3fcdd82-8694-49dd-a1f9-a28ea87fb589&xptdk=f3fcdd82-8694-49dd-a1f9-a28ea87fb589
https://down-id.img.susercontent.com/file/id-11134207-8224w-mjf1bi2cwrnqdf,https://down-id.img.susercontent.com/file/id-11134258-8224v-mkvw0cu9r7k1a5,ZYREX L-BOOK N4020 8GB 128GB W11PRO 14.0 GRY,https://deo.shopeemobile.com/shopee/modules-federation/live/0/shopee__item-card-standard-v2/0.2.8/pc/a425c915798471b33e5d.png,Rp,3.950.000,-51%,5.0,https://deo.shopeemobile.com/shopee/modules-federation/live/0/shopee__item-card-standard-v2/0.2.8/pc/76dff349290d20891fc1.svg,,,https://deo.shopeemobile.com/shopee/modules-federation/live/0/shopee__item-card-standard-v2/0.2.8/pc/5dd7b4560d0e2d3190e8.svg,Cirebon,https://deo.shopeemobile.com/shopee/modules-federation/live/0/shopee__item-card-standard-v2/0.2.8/pc/b4d1b8a78b3621dbdf4a.svg,1 Terjual,,https://deo.shopeemobile.com/shopee/modules-federation/live/0/shopee__item-card-standard-v2/0.2.8/pc/d7099d3fd1dfdaf705ab.svg,"ZYREX L-BOOK N4020 8GB 128GB W11PRO 14.0 GRY
Rp
3.950.000
-51%
5.0
1 Terjual
2-3 Hari
Cirebon",https://shopee.co.id/ZYREX-L-BOOK-N4020-8GB-128GB-W11PRO-14.0-GRY-i.1648462693.41576056088?extraParams=%7B%22display_model_id%22%3A315057022516%2C%22model_selection_logic%22%3A3%7D&sp_atk=b789f5ce-174e-4184-a45d-64a2c57ccd8a&xptdk=b789f5ce-174e-4184-a45d-64a2c57ccd8a
https://down-id.img.susercontent.com/file/id-11134207-82250-mkbtcj1c6jgg5d,https://down-id.img.susercontent.com/file/id-11134258-8224q-mkvvibsp8oowa6,"ADVAN Laptop Workplus Heritage Ryzen 5 7535HS | 16GB/1TB | Desain Eksklusif Batik Megamendung |  14"" IPS Full HD Plus WUXGA 1920x1200 Display 16:10 | 1.55 KG Weigth | Windows 11 | Garansi Resmi 2 Tahun",https://deo.shopeemobile.com/shopee/modules-federation/live/0/shopee__item-card-standard-v2/0.2.8/pc/7c9110f78e069acbced7.png,Rp,7.699.000,-30%,4.9,https://deo.shopeemobile.com/shopee/modules-federation/live/0/shopee__item-card-standard-v2/0.2.8/pc/76dff349290d20891fc1.svg,,,https://deo.shopeemobile.com/shopee/modules-federation/live/0/shopee__item-card-standard-v2/0.2.8/pc/5dd7b4560d0e2d3190e8.svg,Semarang,,99 Terjual,Pilih Lokal,https://deo.shopeemobile.com/shopee/modules-federation/live/0/shopee__item-card-standard-v2/0.2.8/pc/d7099d3fd1dfdaf705ab.svg,"ADVAN Laptop Workplus Heritage Ryzen 5 7535HS | 16GB/1TB | Desain Eksklusif Batik Megamendung | 14"" IPS Full HD Plus WUXGA 1920x1200 Display 16:10 | 1.55 KG Weigth | Windows 11 | Garansi Resmi 2 Tahun
Rp
7.699.000
-30%
Pilih Lokal
4.9
99 Terjual
3-4 Hari
Semarang",https://shopee.co.id/ADVAN-Laptop-Workplus-Heritage-Ryzen-5-7535HS-16GB-1TB-Desain-Eksklusif-Batik-Megamendung-14-IPS-Full-HD-Plus-WUXGA-1920x1200-Display-16-10-1.55-KG-Weigth-Windows-11-Garansi-Resmi-2-Tahun-i.284666524.41659054877?extraParams=%7B%22display_model_id%22%3A177239175021%2C%22model_selection_logic%22%3A3%7D&sp_atk=7e76f14f-1d7a-4e02-9147-6d2ace6ab1c0&xptdk=7e76f14f-1d7a-4e02-9147-6d2ace6ab1c0
https://down-id.img.susercontent.com/file/sg-11134201-821fk-mh30vtecxn9r36,https://down-id.img.susercontent.com/file/id-11134258-8224v-mkvw0cu9r7k1a5,Laptop ZYREX L-BOOK - N4020 8GB 128GB eMMC 14HD WINDOWS 11 DARK GREY,https://deo.shopeemobile.com/shopee/modules-federation/live/0/shopee__item-card-standard-v2/0.2.8/pc/7c9110f78e069acbced7.png,Rp,4.099.000,,,https://deo.shopeemobile.com/shopee/modules-federation/live/0/shopee__item-card-standard-v2/0.2.8/pc/38e203dc86172a6c6560.svg,https://deo.shopeemobile.com/shopee/modules-federation/live/0/shopee__item-card-standard-v2/0.2.8/pc/0614b8f0a8fdde22942d.svg,< 2 Hari,https://deo.shopeemobile.com/shopee/modules-federation/live/0/shopee__item-card-standard-v2/0.2.8/pc/5dd7b4560d0e2d3190e8.svg,Jakarta Pusat,,< 2 Hari,,https://deo.shopeemobile.com/shopee/modules-federation/live/0/shopee__item-card-standard-v2/0.2.8/pc/0614b8f0a8fdde22942d.svg,"Laptop ZYREX L-BOOK - N4020 8GB 128GB eMMC 14HD WINDOWS 11 DARK GREY
Rp
4.099.000
< 2 Hari
Jakarta Pusat",https://shopee.co.id/Laptop-ZYREX-L-BOOK-N4020-8GB-128GB-eMMC-14HD-WINDOWS-11-DARK-GREY-i.56983549.48101468981?extraParams=%7B%22display_model_id%22%3A350132593198%2C%22model_selection_logic%22%3A3%7D&sp_atk=b0465eea-eca2-421a-b9fa-67b7d6bcc0af&xptdk=b0465eea-eca2-421a-b9fa-67b7d6bcc0af
https://down-id.img.susercontent.com/file/id-11134207-7ra0o-mcl1s1iqgybcea,https://down-id.img.susercontent.com/file/id-11134258-8224v-mkvw0cu9r7k1a5,Zyrex L-Book N4020 8GB 256GB SSD Windows 11 Pro,https://deo.shopeemobile.com/shopee/modules-federation/live/0/shopee__item-card-standard-v2/0.2.8/pc/a425c915798471b33e5d.png,Rp,3.960.000,-5%,5.0,https://deo.shopeemobile.com/shopee/modules-federation/live/0/shopee__item-card-standard-v2/0.2.8/pc/76dff349290d20891fc1.svg,,,https://deo.shopeemobile.com/shopee/modules-federation/live/0/shopee__item-card-standard-v2/0.2.8/pc/5dd7b4560d0e2d3190e8.svg,Jakarta Utara,https://deo.shopeemobile.com/shopee/modules-federation/live/0/shopee__item-card-standard-v2/0.2.8/pc/b4d1b8a78b3621dbdf4a.svg,2 Terjual,,https://deo.shopeemobile.com/shopee/modules-federation/live/0/shopee__item-card-standard-v2/0.2.8/pc/d7099d3fd1dfdaf705ab.svg,"Zyrex L-Book N4020 8GB 256GB SSD Windows 11 Pro
Rp
3.960.000
-5%
5.0
2 Terjual
3-4 Hari
Jakarta Utara",https://shopee.co.id/Zyrex-L-Book-N4020-8GB-256GB-SSD-Windows-11-Pro-i.364038165.40410178362?extraParams=%7B%22display_model_id%22%3A275856039988%2C%22model_selection_logic%22%3A3%7D&sp_atk=60196cb2-92eb-4824-900b-a142301b9dda&xptdk=60196cb2-92eb-4824-900b-a142301b9dda
https://down-id.img.susercontent.com/file/id-11134207-8224u-mipj0b9ywkxs84,https://down-id.img.susercontent.com/file/id-11134258-7r98w-lyezzaurybot13,ZYREX D-TECH PRO V1 RYZEN 5 6600H 16GB 512GB W11 14.0FHD IPS BLIT LAN 1Y GRY,https://deo.shopeemobile.com/shopee/modules-federation/live/0/shopee__item-card-standard-v2/0.2.8/pc/7c9110f78e069acbced7.png,Rp,8.082.500,,,https://deo.shopeemobile.com/shopee/modules-federation/live/0/shopee__item-card-standard-v2/0.2.8/pc/76dff349290d20891fc1.svg,,,https://deo.shopeemobile.com/shopee/modules-federation/live/0/shopee__item-card-standard-v2/0.2.8/pc/5dd7b4560d0e2d3190e8.svg,Pontianak,,1 Terjual,Produk Baru,,"ZYREX D-TECH PRO V1 RYZEN 5 6600H 16GB 512GB W11 14.0FHD IPS BLIT LAN 1Y GRY
Rp
8.082.500
Produk Baru
1 Terjual
3-8 Hari
Pontianak",https://shopee.co.id/ZYREX-D-TECH-PRO-V1-RYZEN-5-6600H-16GB-512GB-W11-14.0FHD-IPS-BLIT-LAN-1Y-GRY-i.1534026306.56903776272?extraParams=%7B%22display_model_id%22%3A425358165299%2C%22model_selection_logic%22%3A3%7D&sp_atk=602458a0-f1e0-4f44-936d-dbbcafe6368b&xptdk=602458a0-f1e0-4f44-936d-dbbcafe6368b
https://down-id.img.susercontent.com/file/id-11134207-81ztq-metexctfjoxued,https://down-id.img.susercontent.com/file/id-11134258-7r98w-lyezzaurybot13,"LAPTOP ZYREX L-BOOK INTEL CELERON  N4020 8GB 128GB Windows 11 14.0"" HD GREY",https://deo.shopeemobile.com/shopee/modules-federation/live/0/shopee__item-card-standard-v2/0.2.8/pc/a425c915798471b33e5d.png,Rp,4.212.000,,,https://deo.shopeemobile.com/shopee/modules-federation/live/0/shopee__item-card-standard-v2/0.2.8/pc/38e203dc86172a6c6560.svg,https://deo.shopeemobile.com/shopee/modules-federation/live/0/shopee__item-card-standard-v2/0.2.8/pc/0614b8f0a8fdde22942d.svg,< 2 Hari,https://deo.shopeemobile.com/shopee/modules-federation/live/0/shopee__item-card-standard-v2/0.2.8/pc/5dd7b4560d0e2d3190e8.svg,Kab. Sleman,,< 2 Hari,,https://deo.shopeemobile.com/shopee/modules-federation/live/0/shopee__item-card-standard-v2/0.2.8/pc/0614b8f0a8fdde22942d.svg,"LAPTOP ZYREX L-BOOK INTEL CELERON N4020 8GB 128GB Windows 11 14.0"" HD GREY
Rp
4.212.000
< 2 Hari
Kab. Sleman",https://shopee.co.id/LAPTOP-ZYREX-L-BOOK-INTEL-CELERON-N4020-8GB-128GB-Windows-11-14.0-HD-GREY-i.225428636.42469934024?extraParams=%7B%22display_model_id%22%3A147949195859%2C%22model_selection_logic%22%3A3%7D&sp_atk=1acaeb96-5bef-4519-aa7c-5ed09ee464a4&xptdk=1acaeb96-5bef-4519-aa7c-5ed09ee464a4
https://down-id.img.susercontent.com/file/id-11134207-822ws-mmcpp9jnonic13,https://down-id.img.susercontent.com/file/id-11134258-8224v-mkvw0cu9r7k1a5,Axioo Mybook Hype 1 Laptop 8GB 512GB SSD Promo,https://deo.shopeemobile.com/shopee/modules-federation/live/0/shopee__item-card-standard-v2/0.2.8/pc/a425c915798471b33e5d.png,Rp,4.197.000,-1%,5.0,https://deo.shopeemobile.com/shopee/modules-federation/live/0/shopee__item-card-standard-v2/0.2.8/pc/38e203dc86172a6c6560.svg,https://deo.shopeemobile.com/shopee/modules-federation/live/0/shopee__item-card-standard-v2/0.2.8/pc/0614b8f0a8fdde22942d.svg,< 2 Hari,https://deo.shopeemobile.com/shopee/modules-federation/live/0/shopee__item-card-standard-v2/0.2.8/pc/5dd7b4560d0e2d3190e8.svg,Jakarta Pusat,https://deo.shopeemobile.com/shopee/modules-federation/live/0/shopee__item-card-standard-v2/0.2.8/pc/b4d1b8a78b3621dbdf4a.svg,81 Terjual,Hadiah Gratis,https://deo.shopeemobile.com/shopee/modules-federation/live/0/shopee__item-card-standard-v2/0.2.8/pc/d7099d3fd1dfdaf705ab.svg,"Axioo Mybook Hype 1 Laptop 8GB 512GB SSD Promo
Rp
4.197.000
-1%
Hadiah Gratis
5.0
81 Terjual
< 2 Hari
Jakarta Pusat",https://shopee.co.id/Axioo-Mybook-Hype-1-Laptop-8GB-512GB-SSD-Promo-i.1087598919.26655799931?extraParams=%7B%22display_model_id%22%3A405611048680%2C%22model_selection_logic%22%3A3%7D&sp_atk=7e66eb55-b3a6-4c0e-b678-d176d6387943&xptdk=7e66eb55-b3a6-4c0e-b678-d176d6387943
https://down-id.img.susercontent.com/file/id-11134207-7ras9-m2ruaj8cos4y98,https://down-id.img.susercontent.com/file/id-11134258-8224v-mkvw0cu9r7k1a5,Laptop Zyrex Sky 232 Intel Celeron N3350 Ram 4Gb Ssd 256Gb+ eMMC 64Gb SCU19132,,Rp,1.375.000,,,https://deo.shopeemobile.com/shopee/modules-federation/live/0/shopee__item-card-standard-v2/0.2.8/pc/38e203dc86172a6c6560.svg,https://deo.shopeemobile.com/shopee/modules-federation/live/0/shopee__item-card-standard-v2/0.2.8/pc/0614b8f0a8fdde22942d.svg,< 2 Hari,https://deo.shopeemobile.com/shopee/modules-federation/live/0/shopee__item-card-standard-v2/0.2.8/pc/5dd7b4560d0e2d3190e8.svg,Malang,,< 2 Hari,,https://deo.shopeemobile.com/shopee/modules-federation/live/0/shopee__item-card-standard-v2/0.2.8/pc/0614b8f0a8fdde22942d.svg,"Laptop Zyrex Sky 232 Intel Celeron N3350 Ram 4Gb Ssd 256Gb+ eMMC 64Gb SCU19132
Rp
1.375.000
< 2 Hari
Malang",https://shopee.co.id/Laptop-Zyrex-Sky-232-Intel-Celeron-N3350-Ram-4Gb-Ssd-256Gb-eMMC-64Gb-SCU19132-i.44435356.24438494512?extraParams=%7B%22display_model_id%22%3A148891849971%2C%22model_selection_logic%22%3A3%7D&sp_atk=c801cba8-19f6-4411-b29b-334d03e29bad&xptdk=c801cba8-19f6-4411-b29b-334d03e29bad
https://down-id.img.susercontent.com/file/id-11134207-822wq-mmfto289wh6w29,https://down-id.img.susercontent.com/file/id-11134258-8224v-mkvw0cu9r7k1a5,Zyrex Sky 232 Prime Intel Core i5 1035G7 8GB 512GB W11 14.0 inch FHD,https://deo.shopeemobile.com/shopee/modules-federation/live/0/shopee__item-card-standard-v2/0.2.8/pc/a425c915798471b33e5d.png,Rp,5.749.000,-1%,,https://deo.shopeemobile.com/shopee/modules-federation/live/0/shopee__item-card-standard-v2/0.2.8/pc/38e203dc86172a6c6560.svg,https://deo.shopeemobile.com/shopee/modules-federation/live/0/shopee__item-card-standard-v2/0.2.8/pc/0614b8f0a8fdde22942d.svg,< 2 Hari,https://deo.shopeemobile.com/shopee/modules-federation/live/0/shopee__item-card-standard-v2/0.2.8/pc/5dd7b4560d0e2d3190e8.svg,Tangerang,https://deo.shopeemobile.com/shopee/modules-federation/live/0/shopee__item-card-standard-v2/0.2.8/pc/b4d1b8a78b3621dbdf4a.svg,< 2 Hari,,https://deo.shopeemobile.com/shopee/modules-federation/live/0/shopee__item-card-standard-v2/0.2.8/pc/0614b8f0a8fdde22942d.svg,"Zyrex Sky 232 Prime Intel Core i5 1035G7 8GB 512GB W11 14.0 inch FHD
Rp
5.749.000
-1%
< 2 Hari
Tangerang",https://shopee.co.id/Zyrex-Sky-232-Prime-Intel-Core-i5-1035G7-8GB-512GB-W11-14.0-inch-FHD-i.654830944.55057949125?extraParams=%7B%22display_model_id%22%3A370706324615%2C%22model_selection_logic%22%3A3%7D&sp_atk=b7faff95-c09a-4be1-bb32-4db960e33d38&xptdk=b7faff95-c09a-4be1-bb32-4db960e33d38
https://down-id.img.susercontent.com/file/id-11134207-8224y-mhok3abenls89a,https://down-id.img.susercontent.com/file/id-11134258-8224v-mkvw0cu9r7k1a5,"Zyrex D-Tech Ryzen 5 3500 Ram 16GB Ssd 256GB Win 11 14"" Backlit",https://deo.shopeemobile.com/shopee/modules-federation/live/0/shopee__item-card-standard-v2/0.2.8/pc/7c9110f78e069acbced7.png,Rp,7.551.000,-1%,5.0,https://deo.shopeemobile.com/shopee/modules-federation/live/0/shopee__item-card-standard-v2/0.2.8/pc/76dff349290d20891fc1.svg,,,https://deo.shopeemobile.com/shopee/modules-federation/live/0/shopee__item-card-standard-v2/0.2.8/pc/5dd7b4560d0e2d3190e8.svg,Kab. Karawang,https://deo.shopeemobile.com/shopee/modules-federation/live/0/shopee__item-card-standard-v2/0.2.8/pc/b4d1b8a78b3621dbdf4a.svg,10 Terjual,,https://deo.shopeemobile.com/shopee/modules-federation/live/0/shopee__item-card-standard-v2/0.2.8/pc/d7099d3fd1dfdaf705ab.svg,"Zyrex D-Tech Ryzen 5 3500 Ram 16GB Ssd 256GB Win 11 14"" Backlit
Rp
7.551.000
-1%
5.0
10 Terjual
3-5 Hari
Kab. Karawang",https://shopee.co.id/Zyrex-D-Tech-Ryzen-5-3500-Ram-16GB-Ssd-256GB-Win-11-14-Backlit-i.1306576837.27280937386?extraParams=%7B%22display_model_id%22%3A280444272429%2C%22model_selection_logic%22%3A3%7D&sp_atk=b4b6d9a7-ef67-4097-9f74-32207fc9b9e7&xptdk=b4b6d9a7-ef67-4097-9f74-32207fc9b9e7
https://down-id.img.susercontent.com/file/id-11134207-7rasg-m1xw53ypid3j20,https://down-id.img.susercontent.com/file/id-11134258-822wp-mlyjp115kz5tc6,Best Price Thinkpad T14 i7 16GB 512GB SSD Free Mouse/Tas,https://deo.shopeemobile.com/shopee/modules-federation/live/0/shopee__item-card-standard-v2/0.2.8/pc/e4734dab67ee2f9ebd5a.png,Rp,4.580.000,-18%,5.0,https://deo.shopeemobile.com/shopee/modules-federation/live/0/shopee__item-card-standard-v2/0.2.8/pc/38e203dc86172a6c6560.svg,https://deo.shopeemobile.com/shopee/modules-federation/live/0/shopee__item-card-standard-v2/0.2.8/pc/0614b8f0a8fdde22942d.svg,< 2 Hari,https://deo.shopeemobile.com/shopee/modules-federation/live/0/shopee__item-card-standard-v2/0.2.8/pc/5dd7b4560d0e2d3190e8.svg,Jakarta Barat,https://deo.shopeemobile.com/shopee/modules-federation/live/0/shopee__item-card-standard-v2/0.2.8/pc/b4d1b8a78b3621dbdf4a.svg,23 Terjual,,https://deo.shopeemobile.com/shopee/modules-federation/live/0/shopee__item-card-standard-v2/0.2.8/pc/d7099d3fd1dfdaf705ab.svg,"Best Price Thinkpad T14 i7 16GB 512GB SSD Free Mouse/Tas
Rp
4.580.000
-18%
5.0
23 Terjual
< 2 Hari
Jakarta Barat",https://shopee.co.id/Best-Price-Thinkpad-T14-i7-16GB-512GB-SSD-Free-Mouse-Tas-i.1025974014.27865866392?extraParams=%7B%22display_model_id%22%3A270420914506%2C%22model_selection_logic%22%3A3%7D&sp_atk=595bd527-34b2-4482-b427-9f9f6c43f1d4&xptdk=595bd527-34b2-4482-b427-9f9f6c43f1d4
https://down-id.img.susercontent.com/file/id-11134207-822wm-ml8t01rwn8qp24,https://down-id.img.susercontent.com/file/id-11134258-8224v-mkvw0cu9r7k1a5,ZYREX L-BOOK N4020 8GB 128GB WINDOWS 11 PRO 14.0'' INCH FHD,https://deo.shopeemobile.com/shopee/modules-federation/live/0/shopee__item-card-standard-v2/0.2.8/pc/a425c915798471b33e5d.png,Rp,3.960.000,-5%,,https://deo.shopeemobile.com/shopee/modules-federation/live/0/shopee__item-card-standard-v2/0.2.8/pc/38e203dc86172a6c6560.svg,https://deo.shopeemobile.com/shopee/modules-federation/live/0/shopee__item-card-standard-v2/0.2.8/pc/0614b8f0a8fdde22942d.svg,< 2 Hari,https://deo.shopeemobile.com/shopee/modules-federation/live/0/shopee__item-card-standard-v2/0.2.8/pc/5dd7b4560d0e2d3190e8.svg,Bogor,https://deo.shopeemobile.com/shopee/modules-federation/live/0/shopee__item-card-standard-v2/0.2.8/pc/b4d1b8a78b3621dbdf4a.svg,< 2 Hari,,https://deo.shopeemobile.com/shopee/modules-federation/live/0/shopee__item-card-standard-v2/0.2.8/pc/0614b8f0a8fdde22942d.svg,"ZYREX L-BOOK N4020 8GB 128GB WINDOWS 11 PRO 14.0'' INCH FHD
Rp
3.960.000
-5%
< 2 Hari
Bogor",https://shopee.co.id/ZYREX-L-BOOK-N4020-8GB-128GB-WINDOWS-11-PRO-14.0''-INCH-FHD-i.269495271.49806587356?extraParams=%7B%22display_model_id%22%3A430589936545%2C%22model_selection_logic%22%3A3%7D&sp_atk=e05a49fb-073e-4fbf-96de-616037f4748c&xptdk=e05a49fb-073e-4fbf-96de-616037f4748c
https://down-id.img.susercontent.com/file/id-11134207-822wo-mlhjy9qy9oucd2,https://down-id.img.susercontent.com/file/id-11134258-822wr-mlx5y0tebegw04,"Laptop ZYREX L-BOOK Intel N4020 8GB 128GB eMMC 14"" Windows 11 Garansi Resmi",,Rp,3.749.000,-17%,,https://deo.shopeemobile.com/shopee/modules-federation/live/0/shopee__item-card-standard-v2/0.2.8/pc/38e203dc86172a6c6560.svg,https://deo.shopeemobile.com/shopee/modules-federation/live/0/shopee__item-card-standard-v2/0.2.8/pc/0614b8f0a8fdde22942d.svg,< 2 Hari,https://deo.shopeemobile.com/shopee/modules-federation/live/0/shopee__item-card-standard-v2/0.2.8/pc/5dd7b4560d0e2d3190e8.svg,Yogyakarta,,< 2 Hari,,https://deo.shopeemobile.com/shopee/modules-federation/live/0/shopee__item-card-standard-v2/0.2.8/pc/0614b8f0a8fdde22942d.svg,"Laptop ZYREX L-BOOK Intel N4020 8GB 128GB eMMC 14"" Windows 11 Garansi Resmi
Rp
3.749.000
-17%
< 2 Hari
Yogyakarta",https://shopee.co.id/Laptop-ZYREX-L-BOOK-Intel-N4020-8GB-128GB-eMMC-14-Windows-11-Garansi-Resmi-i.83393368.48456885116?extraParams=%7B%22display_model_id%22%3A325613431502%2C%22model_selection_logic%22%3A3%7D&sp_atk=69fa94fd-d444-4bec-8ab3-10e1a4437d03&xptdk=69fa94fd-d444-4bec-8ab3-10e1a4437d03
https://down-id.img.susercontent.com/file/id-11134207-7ra0s-mb3gtv8lzumxdd,https://down-id.img.susercontent.com/file/id-11134258-8224v-mkvw0cu9r7k1a5,ZYREX L-Book Intel Celeron N4020 / 8gb+256ssd / windows 11 pro/ 14inch HD/ Garansi resmi / laptop,https://deo.shopeemobile.com/shopee/modules-federation/live/0/shopee__item-card-standard-v2/0.2.8/pc/7c9110f78e069acbced7.png,Rp,4.160.000,,5.0,https://deo.shopeemobile.com/shopee/modules-federation/live/0/shopee__item-card-standard-v2/0.2.8/pc/76dff349290d20891fc1.svg,,,https://deo.shopeemobile.com/shopee/modules-federation/live/0/shopee__item-card-standard-v2/0.2.8/pc/5dd7b4560d0e2d3190e8.svg,Bekasi,,5 Terjual,,https://deo.shopeemobile.com/shopee/modules-federation/live/0/shopee__item-card-standard-v2/0.2.8/pc/d7099d3fd1dfdaf705ab.svg,"ZYREX L-Book Intel Celeron N4020 / 8gb+256ssd / windows 11 pro/ 14inch HD/ Garansi resmi / laptop
Rp
4.160.000
5.0
5 Terjual
3-4 Hari
Bekasi",https://shopee.co.id/ZYREX-L-Book-Intel-Celeron-N4020-8gb-256ssd-windows-11-pro-14inch-HD-Garansi-resmi-laptop-i.1273812769.43204785634?extraParams=%7B%22display_model_id%22%3A305405105291%2C%22model_selection_logic%22%3A3%7D&sp_atk=a7c0db58-077e-4891-b4fe-7007fabd0753&xptdk=a7c0db58-077e-4891-b4fe-7007fabd0753
https://down-id.img.susercontent.com/file/id-11134207-81ztg-mfi7sp8wpjplff,https://down-id.img.susercontent.com/file/id-11134258-7r98w-lyezzaurybot13,Zyrex L-Book N4020 8GB 128GB Windows 11 Ramping,,Rp,4.000.000,,,https://deo.shopeemobile.com/shopee/modules-federation/live/0/shopee__item-card-standard-v2/0.2.8/pc/76dff349290d20891fc1.svg,,,https://deo.shopeemobile.com/shopee/modules-federation/live/0/shopee__item-card-standard-v2/0.2.8/pc/5dd7b4560d0e2d3190e8.svg,Tanjung Pinang,,5-9 Hari,,,"Zyrex L-Book N4020 8GB 128GB Windows 11 Ramping
Rp
4.000.000
5-9 Hari
Tanjung Pinang",https://shopee.co.id/Zyrex-L-Book-N4020-8GB-128GB-Windows-11-Ramping-i.1602791607.27592627511?extraParams=%7B%22display_model_id%22%3A291870301577%2C%22model_selection_logic%22%3A3%7D&sp_atk=663792aa-c3b8-4f91-a689-f88b93ce8e35&xptdk=663792aa-c3b8-4f91-a689-f88b93ce8e35
https://down-id.img.susercontent.com/file/id-11134207-8224q-mio7t2k1tr7ke3,https://down-id.img.susercontent.com/file/id-11134258-8224v-mkvw0cu9r7k1a5,"Axioo MyBook HYPE 1 Celeron N4020 [ RAM 4GB 8GB - SSD 128GB 384GB - 14"" HD - Windows ]",https://deo.shopeemobile.com/shopee/modules-federation/live/0/shopee__item-card-standard-v2/0.2.8/pc/a425c915798471b33e5d.png,Rp,6.999.000,,5.0,https://deo.shopeemobile.com/shopee/modules-federation/live/0/shopee__item-card-standard-v2/0.2.8/pc/38e203dc86172a6c6560.svg,https://deo.shopeemobile.com/shopee/modules-federation/live/0/shopee__item-card-standard-v2/0.2.8/pc/0614b8f0a8fdde22942d.svg,< 2 Hari,https://deo.shopeemobile.com/shopee/modules-federation/live/0/shopee__item-card-standard-v2/0.2.8/pc/5dd7b4560d0e2d3190e8.svg,Jakarta Pusat,,234 Terjual,,https://deo.shopeemobile.com/shopee/modules-federation/live/0/shopee__item-card-standard-v2/0.2.8/pc/d7099d3fd1dfdaf705ab.svg,"Axioo MyBook HYPE 1 Celeron N4020 [ RAM 4GB 8GB - SSD 128GB 384GB - 14"" HD - Windows ]
Rp
6.999.000
5.0
234 Terjual
< 2 Hari
Jakarta Pusat",https://shopee.co.id/Axioo-MyBook-HYPE-1-Celeron-N4020-RAM-4GB-8GB-SSD-128GB-384GB-14-HD-Windows--i.780264230.24063217024?extraParams=%7B%22display_model_id%22%3A197314289641%2C%22model_selection_logic%22%3A3%7D&sp_atk=727a44e2-a292-4431-aeed-7b776636bd5c&xptdk=727a44e2-a292-4431-aeed-7b776636bd5c
https://down-id.img.susercontent.com/file/sg-11134201-7rep6-m8ira1lyylo60a,https://down-id.img.susercontent.com/file/id-11134258-8224v-mkvw0cu9r7k1a5,Leptop Zyrex Sky 232 Intel Celeron N3350 Ram 4Gb eMMC 64Gb SCU19132,,Rp,1.150.000,,,https://deo.shopeemobile.com/shopee/modules-federation/live/0/shopee__item-card-standard-v2/0.2.8/pc/76dff349290d20891fc1.svg,,,https://deo.shopeemobile.com/shopee/modules-federation/live/0/shopee__item-card-standard-v2/0.2.8/pc/5dd7b4560d0e2d3190e8.svg,Malang,,2-3 Hari,,,"Leptop Zyrex Sky 232 Intel Celeron N3350 Ram 4Gb eMMC 64Gb SCU19132
Rp
1.150.000
2-3 Hari
Malang",https://shopee.co.id/Leptop-Zyrex-Sky-232-Intel-Celeron-N3350-Ram-4Gb-eMMC-64Gb-SCU19132-i.141725604.27783204611?extraParams=%7B%22display_model_id%22%3A258164882401%2C%22model_selection_logic%22%3A3%7D&sp_atk=b21ea93a-064a-4411-9f8a-b055195936e9&xptdk=b21ea93a-064a-4411-9f8a-b055195936e9
https://down-id.img.susercontent.com/file/id-11134207-7ra0q-mb52nnrvmk7t16,https://down-id.img.susercontent.com/file/id-11134258-822wr-mlx5y0tebegw04,"Laptop ZYREX L Book Intel Celeron 8GB 128GB 14""",https://deo.shopeemobile.com/shopee/modules-federation/live/0/shopee__item-card-standard-v2/0.2.8/pc/e4734dab67ee2f9ebd5a.png,Rp,3.960.000,-5%,5.0,https://deo.shopeemobile.com/shopee/modules-federation/live/0/shopee__item-card-standard-v2/0.2.8/pc/76dff349290d20891fc1.svg,,,https://deo.shopeemobile.com/shopee/modules-federation/live/0/shopee__item-card-standard-v2/0.2.8/pc/5dd7b4560d0e2d3190e8.svg,Jakarta Timur,https://deo.shopeemobile.com/shopee/modules-federation/live/0/shopee__item-card-standard-v2/0.2.8/pc/b4d1b8a78b3621dbdf4a.svg,10 Terjual,Cicilan,https://deo.shopeemobile.com/shopee/modules-federation/live/0/shopee__item-card-standard-v2/0.2.8/pc/d7099d3fd1dfdaf705ab.svg,"Laptop ZYREX L Book Intel Celeron 8GB 128GB 14""
Rp
3.960.000
-5%
Cicilan
5.0
10 Terjual
3-5 Hari
Jakarta Timur",https://shopee.co.id/Laptop-ZYREX-L-Book-Intel-Celeron-8GB-128GB-14--i.291375862.6879845753?extraParams=%7B%22display_model_id%22%3A217950679316%2C%22model_selection_logic%22%3A3%7D&sp_atk=1221cfb6-fbbe-4ca4-a37f-10ba28a3be2b&xptdk=1221cfb6-fbbe-4ca4-a37f-10ba28a3be2b
https://down-id.img.susercontent.com/file/id-11134207-7rase-m2th090mlx2847,https://down-id.img.susercontent.com/file/id-11134258-8224v-mkvw0cu9r7k1a5,Laptop Zyrex Sky 232 Intel Celeron N3350 Ram 4Gb Ssd 256 Gb eMMC 64Gb SCU19099,,Rp,1.417.500,,,https://deo.shopeemobile.com/shopee/modules-federation/live/0/shopee__item-card-standard-v2/0.2.8/pc/38e203dc86172a6c6560.svg,https://deo.shopeemobile.com/shopee/modules-federation/live/0/shopee__item-card-standard-v2/0.2.8/pc/0614b8f0a8fdde22942d.svg,< 2 Hari,https://deo.shopeemobile.com/shopee/modules-federation/live/0/shopee__item-card-standard-v2/0.2.8/pc/5dd7b4560d0e2d3190e8.svg,Malang,,< 2 Hari,,https://deo.shopeemobile.com/shopee/modules-federation/live/0/shopee__item-card-standard-v2/0.2.8/pc/0614b8f0a8fdde22942d.svg,"Laptop Zyrex Sky 232 Intel Celeron N3350 Ram 4Gb Ssd 256 Gb eMMC 64Gb SCU19099
Rp
1.417.500
< 2 Hari
Malang",https://shopee.co.id/Laptop-Zyrex-Sky-232-Intel-Celeron-N3350-Ram-4Gb-Ssd-256-Gb-eMMC-64Gb-SCU19099-i.44435356.28718169115?extraParams=%7B%22display_model_id%22%3A197991929559%2C%22model_selection_logic%22%3A3%7D&sp_atk=b3f9568d-3b11-47f2-bf40-b95d937d613f&xptdk=b3f9568d-3b11-47f2-bf40-b95d937d613f
https://down-id.img.susercontent.com/file/id-11134207-7rasb-m478yyi4y8ih80,https://down-id.img.susercontent.com/file/id-11134258-8224v-mkvw0cu9r7k1a5,Laptop Zyrex Sky 232 Mini Intel Celeron N3350 Ram 4Gb Ssd 256Gb Full HD SCU17644,,Rp,1.450.000,,,https://deo.shopeemobile.com/shopee/modules-federation/live/0/shopee__item-card-standard-v2/0.2.8/pc/38e203dc86172a6c6560.svg,https://deo.shopeemobile.com/shopee/modules-federation/live/0/shopee__item-card-standard-v2/0.2.8/pc/0614b8f0a8fdde22942d.svg,< 2 Hari,https://deo.shopeemobile.com/shopee/modules-federation/live/0/shopee__item-card-standard-v2/0.2.8/pc/5dd7b4560d0e2d3190e8.svg,Malang,,1 Terjual,,https://deo.shopeemobile.com/shopee/modules-federation/live/0/shopee__item-card-standard-v2/0.2.8/pc/0614b8f0a8fdde22942d.svg,"Laptop Zyrex Sky 232 Mini Intel Celeron N3350 Ram 4Gb Ssd 256Gb Full HD SCU17644
Rp
1.450.000
1 Terjual
< 2 Hari
Malang",https://shopee.co.id/Laptop-Zyrex-Sky-232-Mini-Intel-Celeron-N3350-Ram-4Gb-Ssd-256Gb-Full-HD-SCU17644-i.44435356.28771716772?extraParams=%7B%22display_model_id%22%3A223634930232%2C%22model_selection_logic%22%3A3%7D&sp_atk=20598284-21f8-4984-b1b8-ffe6351dfc09&xptdk=20598284-21f8-4984-b1b8-ffe6351dfc09
https://down-id.img.susercontent.com/file/id-11134207-7r98z-lzy6fr4gnsv290,https://down-id.img.susercontent.com/file/id-11134258-8224v-mkvw0cu9r7k1a5,VASP Laptop Intel Celeron N4100 8GB RAM 256GB SSD Windows 11 OHS 14 Inch FHD Laptop,https://deo.shopeemobile.com/shopee/modules-federation/live/0/shopee__item-card-standard-v2/0.2.8/pc/a425c915798471b33e5d.png,Rp,6.195.000,-1%,4.9,https://deo.shopeemobile.com/shopee/modules-federation/live/0/shopee__item-card-standard-v2/0.2.8/pc/76dff349290d20891fc1.svg,,,https://deo.shopeemobile.com/shopee/modules-federation/live/0/shopee__item-card-standard-v2/0.2.8/pc/5dd7b4560d0e2d3190e8.svg,Tangerang,https://deo.shopeemobile.com/shopee/modules-federation/live/0/shopee__item-card-standard-v2/0.2.8/pc/b4d1b8a78b3621dbdf4a.svg,2RB+ Terjual,,https://deo.shopeemobile.com/shopee/modules-federation/live/0/shopee__item-card-standard-v2/0.2.8/pc/d7099d3fd1dfdaf705ab.svg,"VASP Laptop Intel Celeron N4100 8GB RAM 256GB SSD Windows 11 OHS 14 Inch FHD Laptop
Rp
6.195.000
-1%
4.9
2RB+ Terjual
4-5 Hari
Tangerang",https://shopee.co.id/VASP-Laptop-Intel-Celeron-N4100-8GB-RAM-256GB-SSD-Windows-11-OHS-14-Inch-FHD-Laptop-i.737535635.25903288567?extraParams=%7B%22display_model_id%22%3A217787382130%2C%22model_selection_logic%22%3A3%7D&sp_atk=7d9bd843-2db9-4a9d-a33f-abc8f95e6c71&xptdk=7d9bd843-2db9-4a9d-a33f-abc8f95e6c71
https://down-id.img.susercontent.com/file/id-11134207-8224y-mibfmfw2uo77a0,https://down-id.img.susercontent.com/file/id-11134258-8224v-mkvw0cu9r7k1a5,ZYREX L-BOOK N4020 8GB 128GB W11PRO 14.0 GRY,https://deo.shopeemobile.com/shopee/modules-federation/live/0/shopee__item-card-standard-v2/0.2.8/pc/a425c915798471b33e5d.png,Rp,4.160.000,,,https://deo.shopeemobile.com/shopee/modules-federation/live/0/shopee__item-card-standard-v2/0.2.8/pc/76dff349290d20891fc1.svg,,,https://deo.shopeemobile.com/shopee/modules-federation/live/0/shopee__item-card-standard-v2/0.2.8/pc/5dd7b4560d0e2d3190e8.svg,Bandung,,3-4 Hari,Produk Baru,,"ZYREX L-BOOK N4020 8GB 128GB W11PRO 14.0 GRY
Rp
4.160.000
Produk Baru
3-4 Hari
Bandung",https://shopee.co.id/ZYREX-L-BOOK-N4020-8GB-128GB-W11PRO-14.0-GRY-i.1477936025.40877282633?extraParams=%7B%22display_model_id%22%3A350305219427%2C%22model_selection_logic%22%3A3%7D&sp_atk=eb09fa7f-8ecd-420e-9d3f-d8a859796211&xptdk=eb09fa7f-8ecd-420e-9d3f-d8a859796211
https://down-id.img.susercontent.com/file/id-11134207-8224p-mk3g4g5drk7cb9,https://down-id.img.susercontent.com/file/id-11134258-8224v-mkvw0cu9r7k1a5,"ZYREX D-TECH Ryzen 5-3500 16Gb 256Gb Windows 11 14"" Inch",https://deo.shopeemobile.com/shopee/modules-federation/live/0/shopee__item-card-standard-v2/0.2.8/pc/e4734dab67ee2f9ebd5a.png,Rp,6.393.000,,,https://deo.shopeemobile.com/shopee/modules-federation/live/0/shopee__item-card-standard-v2/0.2.8/pc/38e203dc86172a6c6560.svg,https://deo.shopeemobile.com/shopee/modules-federation/live/0/shopee__item-card-standard-v2/0.2.8/pc/0614b8f0a8fdde22942d.svg,< 2 Hari,https://deo.shopeemobile.com/shopee/modules-federation/live/0/shopee__item-card-standard-v2/0.2.8/pc/5dd7b4560d0e2d3190e8.svg,Depok,,< 2 Hari,,https://deo.shopeemobile.com/shopee/modules-federation/live/0/shopee__item-card-standard-v2/0.2.8/pc/0614b8f0a8fdde22942d.svg,"ZYREX D-TECH Ryzen 5-3500 16Gb 256Gb Windows 11 14"" Inch
Rp
6.393.000
< 2 Hari
Depok",https://shopee.co.id/ZYREX-D-TECH-Ryzen-5-3500-16Gb-256Gb-Windows-11-14-Inch-i.261978781.46455640774?extraParams=%7B%22display_model_id%22%3A310566093169%2C%22model_selection_logic%22%3A3%7D&sp_atk=f7de7aab-49ba-4f17-8115-ac48d0d40f9a&xptdk=f7de7aab-49ba-4f17-8115-ac48d0d40f9a
https://down-id.img.susercontent.com/file/id-11134207-8224q-mgn3qhkfsemh5c,https://down-id.img.susercontent.com/file/id-11134258-822wr-mlx5y0tebegw04,Axioo MyBook Hype 10/1 Intel Celeron 8GB 256GB Windows 11,https://deo.shopeemobile.com/shopee/modules-federation/live/0/shopee__item-card-standard-v2/0.2.8/pc/e4734dab67ee2f9ebd5a.png,Rp,3.850.000,-4%,5.0,https://deo.shopeemobile.com/shopee/modules-federation/live/0/shopee__item-card-standard-v2/0.2.8/pc/38e203dc86172a6c6560.svg,https://deo.shopeemobile.com/shopee/modules-federation/live/0/shopee__item-card-standard-v2/0.2.8/pc/0614b8f0a8fdde22942d.svg,< 2 Hari,https://deo.shopeemobile.com/shopee/modules-federation/live/0/shopee__item-card-standard-v2/0.2.8/pc/5dd7b4560d0e2d3190e8.svg,Jakarta Pusat,,136 Terjual,,https://deo.shopeemobile.com/shopee/modules-federation/live/0/shopee__item-card-standard-v2/0.2.8/pc/d7099d3fd1dfdaf705ab.svg,"Axioo MyBook Hype 10/1 Intel Celeron 8GB 256GB Windows 11
Rp
3.850.000
-4%
5.0
136 Terjual
< 2 Hari
Jakarta Pusat",https://shopee.co.id/Axioo-MyBook-Hype-10-1-Intel-Celeron-8GB-256GB-Windows-11-i.148846460.18133849974?extraParams=%7B%22display_model_id%22%3A211739409647%2C%22model_selection_logic%22%3A3%7D&sp_atk=5beac2b7-a5b1-4ecb-872c-9f1c88d82a92&xptdk=5beac2b7-a5b1-4ecb-872c-9f1c88d82a92
https://down-id.img.susercontent.com/file/id-11134207-7rbk5-m70cg63so14715,https://down-id.img.susercontent.com/file/id-11134258-7r98w-lyezzaurybot13,LAPTOP ZYREX BUNAKEN N4020 4GB 256SSD+64GB W10 14.0,,Rp,2.699.000,,,https://deo.shopeemobile.com/shopee/modules-federation/live/0/shopee__item-card-standard-v2/0.2.8/pc/38e203dc86172a6c6560.svg,https://deo.shopeemobile.com/shopee/modules-federation/live/0/shopee__item-card-standard-v2/0.2.8/pc/0614b8f0a8fdde22942d.svg,< 2 Hari,https://deo.shopeemobile.com/shopee/modules-federation/live/0/shopee__item-card-standard-v2/0.2.8/pc/5dd7b4560d0e2d3190e8.svg,Tegal,,< 2 Hari,,https://deo.shopeemobile.com/shopee/modules-federation/live/0/shopee__item-card-standard-v2/0.2.8/pc/0614b8f0a8fdde22942d.svg,"LAPTOP ZYREX BUNAKEN N4020 4GB 256SSD+64GB W10 14.0
Rp
2.699.000
< 2 Hari
Tegal",https://shopee.co.id/LAPTOP-ZYREX-BUNAKEN-N4020-4GB-256SSD-64GB-W10-14.0-i.14655764.24091646824?extraParams=%7B%22display_model_id%22%3A227395171564%2C%22model_selection_logic%22%3A3%7D&sp_atk=01f5c7a6-7c79-475b-b953-ec7fff167545&xptdk=01f5c7a6-7c79-475b-b953-ec7fff167545
https://down-id.img.susercontent.com/file/id-11134207-7r98s-lm08r3mnu80v4b,https://down-id.img.susercontent.com/file/id-11134258-822wr-mlx67rtd6r602f,Notebook Zyrex Sky 232 Celeron 4GB 256GB SSD,https://deo.shopeemobile.com/shopee/modules-federation/live/0/shopee__item-card-standard-v2/0.2.8/pc/a425c915798471b33e5d.png,Rp,1.500.000,,4.0,https://deo.shopeemobile.com/shopee/modules-federation/live/0/shopee__item-card-standard-v2/0.2.8/pc/38e203dc86172a6c6560.svg,https://deo.shopeemobile.com/shopee/modules-federation/live/0/shopee__item-card-standard-v2/0.2.8/pc/0614b8f0a8fdde22942d.svg,< 2 Hari,https://deo.shopeemobile.com/shopee/modules-federation/live/0/shopee__item-card-standard-v2/0.2.8/pc/5dd7b4560d0e2d3190e8.svg,Jakarta Barat,,32 Terjual,,https://deo.shopeemobile.com/shopee/modules-federation/live/0/shopee__item-card-standard-v2/0.2.8/pc/d7099d3fd1dfdaf705ab.svg,"Notebook Zyrex Sky 232 Celeron 4GB 256GB SSD
Rp
1.500.000
4.0
32 Terjual
< 2 Hari
Jakarta Barat",https://shopee.co.id/Notebook-Zyrex-Sky-232-Celeron-4GB-256GB-SSD-i.346011270.22981257541?extraParams=%7B%22display_model_id%22%3A158376996797%2C%22model_selection_logic%22%3A3%7D&sp_atk=5003ad1f-78eb-4217-93c5-8ffe4d5fa9c7&xptdk=5003ad1f-78eb-4217-93c5-8ffe4d5fa9c7