-image-yazkc-11,-image-yazkc-11_2,text-sm,inline-block,text-xs/sp14,font-medium,text-shopee-primary,pointer-events-none,text-xs/sp14_2,pointer-events-none_2,w-auto,text-white,pointer-events-none_3,align-middle,text-shopee-green,truncate,img_2,_container,_container_link
https://down-id.img.susercontent.com/file/id-11134207-8224v-mg679sa9qlfy8b,https://down-id.img.susercontent.com/file/id-11134258-8224v-mkvw0cu9r7k1a5,LAPTOP AXIOO HYPE 5 G12 I5 1235 - 8/16GB 256/512GB 14.0FHD IPS,https://deo.shopeemobile.com/shopee/modules-federation/live/0/shopee__item-card-standard-v2/0.2.8/pc/7c9110f78e069acbced7.png,Rp,7.403.000,-35%,https://deo.shopeemobile.com/shopee/modules-federation/live/0/shopee__item-card-standard-v2/0.2.8/pc/b4d1b8a78b3621dbdf4a.svg,5.0,https://deo.shopeemobile.com/shopee/modules-federation/live/0/shopee__item-card-standard-v2/0.2.8/pc/38e203dc86172a6c6560.svg,https://deo.shopeemobile.com/shopee/modules-federation/live/0/shopee__item-card-standard-v2/0.2.8/pc/0614b8f0a8fdde22942d.svg,Besok,https://deo.shopeemobile.com/shopee/modules-federation/live/0/shopee__item-card-standard-v2/0.2.8/pc/5dd7b4560d0e2d3190e8.svg,Surabaya,25 Terjual,,https://deo.shopeemobile.com/shopee/modules-federation/live/0/shopee__item-card-standard-v2/0.2.8/pc/d7099d3fd1dfdaf705ab.svg,"LAPTOP AXIOO HYPE 5 G12 I5 1235 - 8/16GB 256/512GB 14.0FHD IPS
Rp
7.403.000
-35%
5.0
25 Terjual
Besok
Surabaya",https://shopee.co.id/LAPTOP-AXIOO-HYPE-5-G12-I5-1235-8-16GB-256-512GB-14.0FHD-IPS-i.1273997571.27669909703?extraParams=%7B%22display_model_id%22%3A168586790168%2C%22model_selection_logic%22%3A3%7D&sp_atk=4afd0cf4-922e-4771-bb01-7101632f4fc9&xptdk=4afd0cf4-922e-4771-bb01-7101632f4fc9
https://down-id.img.susercontent.com/file/id-11134207-7r98u-lw5634o4csy5ab,https://down-id.img.susercontent.com/file/id-11134258-8224v-mkvw0cu9r7k1a5,"Axioo Mybook Hype 1 4GB 128GB SSD Win11 14.1"" HD",https://deo.shopeemobile.com/shopee/modules-federation/live/0/shopee__item-card-standard-v2/0.2.8/pc/e4734dab67ee2f9ebd5a.png,Rp,4.495.000,-10%,,4.9,https://deo.shopeemobile.com/shopee/modules-federation/live/0/shopee__item-card-standard-v2/0.2.8/pc/76dff349290d20891fc1.svg,,,https://deo.shopeemobile.com/shopee/modules-federation/live/0/shopee__item-card-standard-v2/0.2.8/pc/5dd7b4560d0e2d3190e8.svg,Kab. Kediri,157 Terjual,,https://deo.shopeemobile.com/shopee/modules-federation/live/0/shopee__item-card-standard-v2/0.2.8/pc/d7099d3fd1dfdaf705ab.svg,"Axioo Mybook Hype 1 4GB 128GB SSD Win11 14.1"" HD
Rp
4.495.000
-10%
4.9
157 Terjual
2-3 Hari
Kab. Kediri",https://shopee.co.id/Axioo-Mybook-Hype-1-4GB-128GB-SSD-Win11-14.1-HD-i.12084313.26951789049?extraParams=%7B%22display_model_id%22%3A297129796651%2C%22model_selection_logic%22%3A3%7D&sp_atk=416355e9-39a6-497d-b47a-c464f8d81a61&xptdk=416355e9-39a6-497d-b47a-c464f8d81a61
https://down-id.img.susercontent.com/file/id-11134207-8224v-mkdgy41lrapz3b,https://down-id.img.susercontent.com/file/id-11134258-8224v-mkvw0cu9r7k1a5,Axioo Hype 5 Ryzen 5 16GB 512SSD Windows 11,https://deo.shopeemobile.com/shopee/modules-federation/live/0/shopee__item-card-standard-v2/0.2.8/pc/e4734dab67ee2f9ebd5a.png,Rp,7.108.000,-4%,https://deo.shopeemobile.com/shopee/modules-federation/live/0/shopee__item-card-standard-v2/0.2.8/pc/b4d1b8a78b3621dbdf4a.svg,5.0,https://deo.shopeemobile.com/shopee/modules-federation/live/0/shopee__item-card-standard-v2/0.2.8/pc/38e203dc86172a6c6560.svg,https://deo.shopeemobile.com/shopee/modules-federation/live/0/shopee__item-card-standard-v2/0.2.8/pc/0614b8f0a8fdde22942d.svg,< 2 Hari,https://deo.shopeemobile.com/shopee/modules-federation/live/0/shopee__item-card-standard-v2/0.2.8/pc/5dd7b4560d0e2d3190e8.svg,Jakarta Selatan,975 Terjual,Hadiah Gratis,https://deo.shopeemobile.com/shopee/modules-federation/live/0/shopee__item-card-standard-v2/0.2.8/pc/d7099d3fd1dfdaf705ab.svg,"Axioo Hype 5 Ryzen 5 16GB 512SSD Windows 11
Rp
7.108.000
-4%
Hadiah Gratis
5.0
975 Terjual
< 2 Hari
Jakarta Selatan",https://shopee.co.id/Axioo-Hype-5-Ryzen-5-16GB-512SSD-Windows-11-i.217781231.18791062408?extraParams=%7B%22display_model_id%22%3A236573608166%2C%22model_selection_logic%22%3A3%7D&sp_atk=e3bb920d-60d8-4eba-8e28-936cdabb0b1c&xptdk=e3bb920d-60d8-4eba-8e28-936cdabb0b1c
https://down-id.img.susercontent.com/file/sg-11134201-7rd6s-m7g68y9faud129,https://down-id.img.susercontent.com/file/id-11134258-8224v-mkvw0cu9r7k1a5,"Axioo Hype 7 AMD X7-2 Ryzen 7 5825U RAM 8Gb/16Gb 512GB 14"" FHD IPS ORI RESMI",https://deo.shopeemobile.com/shopee/modules-federation/live/0/shopee__item-card-standard-v2/0.2.8/pc/7c9110f78e069acbced7.png,Rp,7.294.000,-1%,https://deo.shopeemobile.com/shopee/modules-federation/live/0/shopee__item-card-standard-v2/0.2.8/pc/b4d1b8a78b3621dbdf4a.svg,4.9,https://deo.shopeemobile.com/shopee/modules-federation/live/0/shopee__item-card-standard-v2/0.2.8/pc/38e203dc86172a6c6560.svg,https://deo.shopeemobile.com/shopee/modules-federation/live/0/shopee__item-card-standard-v2/0.2.8/pc/0614b8f0a8fdde22942d.svg,< 2 Hari,https://deo.shopeemobile.com/shopee/modules-federation/live/0/shopee__item-card-standard-v2/0.2.8/pc/5dd7b4560d0e2d3190e8.svg,Bandung,188 Terjual,,https://deo.shopeemobile.com/shopee/modules-federation/live/0/shopee__item-card-standard-v2/0.2.8/pc/d7099d3fd1dfdaf705ab.svg,"Axioo Hype 7 AMD X7-2 Ryzen 7 5825U RAM 8Gb/16Gb 512GB 14"" FHD IPS ORI RESMI
Rp
7.294.000
-1%
4.9
188 Terjual
< 2 Hari
Bandung",https://shopee.co.id/Axioo-Hype-7-AMD-X7-2-Ryzen-7-5825U-RAM-8Gb-16Gb-512GB-14-FHD-IPS-ORI-RESMI-i.677356281.27729881473?extraParams=%7B%22display_model_id%22%3A185890032681%2C%22model_selection_logic%22%3A3%7D&sp_atk=0f2aa078-55f6-4ead-9f0e-7bcd554560bb&xptdk=0f2aa078-55f6-4ead-9f0e-7bcd554560bb
https://down-id.img.susercontent.com/file/id-11134207-7rasa-m3fsjwkgbtgue3,https://down-id.img.susercontent.com/file/id-11134258-8224v-mkvw0cu9r7k1a5,"Axioo Hype 7 Ryzen 7 16GB 512GB IPS 14"" FHD",https://deo.shopeemobile.com/shopee/modules-federation/live/0/shopee__item-card-standard-v2/0.2.8/pc/e4734dab67ee2f9ebd5a.png,Rp,7.450.000,,,4.9,https://deo.shopeemobile.com/shopee/modules-federation/live/0/shopee__item-card-standard-v2/0.2.8/pc/38e203dc86172a6c6560.svg,https://deo.shopeemobile.com/shopee/modules-federation/live/0/shopee__item-card-standard-v2/0.2.8/pc/0614b8f0a8fdde22942d.svg,< 2 Hari,https://deo.shopeemobile.com/shopee/modules-federation/live/0/shopee__item-card-standard-v2/0.2.8/pc/5dd7b4560d0e2d3190e8.svg,Medan,34 Terjual,,https://deo.shopeemobile.com/shopee/modules-federation/live/0/shopee__item-card-standard-v2/0.2.8/pc/d7099d3fd1dfdaf705ab.svg,"Axioo Hype 7 Ryzen 7 16GB 512GB IPS 14"" FHD
Rp
7.450.000
4.9
34 Terjual
< 2 Hari
Medan",https://shopee.co.id/Axioo-Hype-7-Ryzen-7-16GB-512GB-IPS-14-FHD-i.35441254.25062344477?extraParams=%7B%22display_model_id%22%3A158517464697%2C%22model_selection_logic%22%3A3%7D&sp_atk=0e86bf51-6f81-4773-ada7-906537b69fb1&xptdk=0e86bf51-6f81-4773-ada7-906537b69fb1
https://down-id.img.susercontent.com/file/id-11134207-822wt-mlyn54afasxsc7,https://down-id.img.susercontent.com/file/id-11134258-8224q-mkvvibsp8oowa6,Axioo Hype 3 G12 Intel i3-1215U 8GB 256GB SSD 14” FHD IPS | Laptop Murah Kencang W11 Grey,https://deo.shopeemobile.com/shopee/modules-federation/live/0/shopee__item-card-standard-v2/0.2.8/pc/7c9110f78e069acbced7.png,Rp,6.088.000,-53%,https://deo.shopeemobile.com/shopee/modules-federation/live/0/shopee__item-card-standard-v2/0.2.8/pc/b4d1b8a78b3621dbdf4a.svg,5.0,https://deo.shopeemobile.com/shopee/modules-federation/live/0/shopee__item-card-standard-v2/0.2.8/pc/38e203dc86172a6c6560.svg,https://deo.shopeemobile.com/shopee/modules-federation/live/0/shopee__item-card-standard-v2/0.2.8/pc/0614b8f0a8fdde22942d.svg,< 2 Hari,https://deo.shopeemobile.com/shopee/modules-federation/live/0/shopee__item-card-standard-v2/0.2.8/pc/5dd7b4560d0e2d3190e8.svg,Jakarta Utara,133 Terjual,Pilih Lokal,https://deo.shopeemobile.com/shopee/modules-federation/live/0/shopee__item-card-standard-v2/0.2.8/pc/d7099d3fd1dfdaf705ab.svg,"Axioo Hype 3 G12 Intel i3-1215U 8GB 256GB SSD 14” FHD IPS | Laptop Murah Kencang W11 Grey
Rp
6.088.000
-53%
Pilih Lokal
Kombo Hemat
5.0
133 Terjual
< 2 Hari
Jakarta Utara",https://shopee.co.id/Axioo-Hype-3-G12-Intel-i3-1215U-8GB-256GB-SSD-14%E2%80%9D-FHD-IPS-Laptop-Murah-Kencang-W11-Grey-i.608012662.26904572172?extraParams=%7B%22display_model_id%22%3A400721830374%2C%22model_selection_logic%22%3A3%7D&sp_atk=4ed7baf8-a700-445c-81c9-1c6aaf72f6fd&xptdk=4ed7baf8-a700-445c-81c9-1c6aaf72f6fd
https://down-id.img.susercontent.com/file/id-11134207-7ra0o-mciqogzrc36ff5,https://down-id.img.susercontent.com/file/id-11134258-8224q-mkvvibsp8oowa6,Axioo Laptop Hype 5 AMD X5-2 Ryzen 5-7430U/8GB/256GB/FHD IPS -  Windows 11,https://deo.shopeemobile.com/shopee/modules-federation/live/0/shopee__item-card-standard-v2/0.2.8/pc/7c9110f78e069acbced7.png,Rp,7.459.000,-25%,,4.9,https://deo.shopeemobile.com/shopee/modules-federation/live/0/shopee__item-card-standard-v2/0.2.8/pc/38e203dc86172a6c6560.svg,https://deo.shopeemobile.com/shopee/modules-federation/live/0/shopee__item-card-standard-v2/0.2.8/pc/0614b8f0a8fdde22942d.svg,< 2 Hari,https://deo.shopeemobile.com/shopee/modules-federation/live/0/shopee__item-card-standard-v2/0.2.8/pc/5dd7b4560d0e2d3190e8.svg,Jakarta Timur,314 Terjual,Pilih Lokal,https://deo.shopeemobile.com/shopee/modules-federation/live/0/shopee__item-card-standard-v2/0.2.8/pc/d7099d3fd1dfdaf705ab.svg,"Axioo Laptop Hype 5 AMD X5-2 Ryzen 5-7430U/8GB/256GB/FHD IPS - Windows 11
Rp
7.459.000
-25%
Pilih Lokal
4.9
314 Terjual
< 2 Hari
Jakarta Timur",https://shopee.co.id/Axioo-Laptop-Hype-5-AMD-X5-2-Ryzen-5-7430U-8GB-256GB-FHD-IPS-Windows-11-i.14454427.25633350497?extraParams=%7B%22display_model_id%22%3A272505627642%2C%22model_selection_logic%22%3A3%7D&sp_atk=5d2dfc8b-b085-4c6a-bc1c-aaf174f7d7b9&xptdk=5d2dfc8b-b085-4c6a-bc1c-aaf174f7d7b9
https://down-id.img.susercontent.com/file/id-11134207-8224p-mhepf1kf46bxc1,https://down-id.img.susercontent.com/file/id-11134258-8224v-mkvw0cu9r7k1a5,AXIOO HYPE 5 AMD X5-2 RYZEN 5 7430 8GB 256GB DOS 14.0FHD IPS BLIT HDMI GRY,https://deo.shopeemobile.com/shopee/modules-federation/live/0/shopee__item-card-standard-v2/0.2.8/pc/7c9110f78e069acbced7.png,Rp,7.108.000,-4%,https://deo.shopeemobile.com/shopee/modules-federation/live/0/shopee__item-card-standard-v2/0.2.8/pc/b4d1b8a78b3621dbdf4a.svg,5.0,https://deo.shopeemobile.com/shopee/modules-federation/live/0/shopee__item-card-standard-v2/0.2.8/pc/38e203dc86172a6c6560.svg,https://deo.shopeemobile.com/shopee/modules-federation/live/0/shopee__item-card-standard-v2/0.2.8/pc/0614b8f0a8fdde22942d.svg,Besok,https://deo.shopeemobile.com/shopee/modules-federation/live/0/shopee__item-card-standard-v2/0.2.8/pc/5dd7b4560d0e2d3190e8.svg,Surabaya,8 Terjual,,https://deo.shopeemobile.com/shopee/modules-federation/live/0/shopee__item-card-standard-v2/0.2.8/pc/d7099d3fd1dfdaf705ab.svg,"AXIOO HYPE 5 AMD X5-2 RYZEN 5 7430 8GB 256GB DOS 14.0FHD IPS BLIT HDMI GRY
Rp
7.108.000
-4%
5.0
8 Terjual
Besok
Surabaya",https://shopee.co.id/AXIOO-HYPE-5-AMD-X5-2-RYZEN-5-7430-8GB-256GB-DOS-14.0FHD-IPS-BLIT-HDMI-GRY-i.1471949508.41752176986?extraParams=%7B%22display_model_id%22%3A275179427122%2C%22model_selection_logic%22%3A3%7D&sp_atk=45abf696-20c4-47a9-8f08-c07a6c651455&xptdk=45abf696-20c4-47a9-8f08-c07a6c651455
https://down-id.img.susercontent.com/file/id-11134207-7rasd-m4r92z6h9kwg97,https://down-id.img.susercontent.com/file/id-11134258-8224q-mkvvibsp8oowa6,LAPTOP AXIOO MYBOOK HYPE 3 | i3 1005G1 8GB 256GB Windows 11,https://deo.shopeemobile.com/shopee/modules-federation/live/0/shopee__item-card-standard-v2/0.2.8/pc/7c9110f78e069acbced7.png,Rp,6.088.000,-59%,https://deo.shopeemobile.com/shopee/modules-federation/live/0/shopee__item-card-standard-v2/0.2.8/pc/b4d1b8a78b3621dbdf4a.svg,4.9,https://deo.shopeemobile.com/shopee/modules-federation/live/0/shopee__item-card-standard-v2/0.2.8/pc/38e203dc86172a6c6560.svg,https://deo.shopeemobile.com/shopee/modules-federation/live/0/shopee__item-card-standard-v2/0.2.8/pc/0614b8f0a8fdde22942d.svg,< 2 Hari,https://deo.shopeemobile.com/shopee/modules-federation/live/0/shopee__item-card-standard-v2/0.2.8/pc/5dd7b4560d0e2d3190e8.svg,Jakarta Utara,774 Terjual,Pilih Lokal,https://deo.shopeemobile.com/shopee/modules-federation/live/0/shopee__item-card-standard-v2/0.2.8/pc/d7099d3fd1dfdaf705ab.svg,"LAPTOP AXIOO MYBOOK HYPE 3 | i3 1005G1 8GB 256GB Windows 11
Rp
6.088.000
-59%
Pilih Lokal
Kombo Hemat
4.9
774 Terjual
< 2 Hari
Jakarta Utara",https://shopee.co.id/LAPTOP-AXIOO-MYBOOK-HYPE-3-i3-1005G1-8GB-256GB-Windows-11-i.608012662.23950678253?extraParams=%7B%22display_model_id%22%3A400775231358%2C%22model_selection_logic%22%3A3%7D&sp_atk=5b0a729d-d8e3-4c73-96e0-c581c4046aa5&xptdk=5b0a729d-d8e3-4c73-96e0-c581c4046aa5
https://down-id.img.susercontent.com/file/id-11134207-7ra0j-mbix84hhbj387e,https://down-id.img.susercontent.com/file/id-11134258-8224v-mkvw0cu9r7k1a5,Axioo MyBook Hype 5 G12 i5 16GB 512GB SSD Win11,https://deo.shopeemobile.com/shopee/modules-federation/live/0/shopee__item-card-standard-v2/0.2.8/pc/e4734dab67ee2f9ebd5a.png,Rp,4.198.000,-1%,https://deo.shopeemobile.com/shopee/modules-federation/live/0/shopee__item-card-standard-v2/0.2.8/pc/b4d1b8a78b3621dbdf4a.svg,5.0,https://deo.shopeemobile.com/shopee/modules-federation/live/0/shopee__item-card-standard-v2/0.2.8/pc/38e203dc86172a6c6560.svg,https://deo.shopeemobile.com/shopee/modules-federation/live/0/shopee__item-card-standard-v2/0.2.8/pc/0614b8f0a8fdde22942d.svg,< 2 Hari,https://deo.shopeemobile.com/shopee/modules-federation/live/0/shopee__item-card-standard-v2/0.2.8/pc/5dd7b4560d0e2d3190e8.svg,Kab. Tangerang,46 Terjual,Kombo Hemat,https://deo.shopeemobile.com/shopee/modules-federation/live/0/shopee__item-card-standard-v2/0.2.8/pc/d7099d3fd1dfdaf705ab.svg,"Axioo MyBook Hype 5 G12 i5 16GB 512GB SSD Win11
Rp
4.198.000
-1%
Kombo Hemat
5.0
46 Terjual
< 2 Hari
Kab. Tangerang",https://shopee.co.id/Axioo-MyBook-Hype-5-G12-i5-16GB-512GB-SSD-Win11-i.1306602594.29915623860?extraParams=%7B%22display_model_id%22%3A195500626644%2C%22model_selection_logic%22%3A3%7D&sp_atk=c8906736-7051-47eb-a2b9-441ad8c4e6a7&xptdk=c8906736-7051-47eb-a2b9-441ad8c4e6a7
https://down-id.img.susercontent.com/file/id-11134207-822wo-mldy1omo75lbd3,https://down-id.img.susercontent.com/file/id-11134258-8224v-mkvw0cu9r7k1a5,AXIOO Mybook Hype 5 G12 V2 Intel Core i5 1235U RAM32GB SSD1TB 14'' Fhd Ips Windows 11 Pro,https://deo.shopeemobile.com/shopee/modules-federation/live/0/shopee__item-card-standard-v2/0.2.8/pc/7c9110f78e069acbced7.png,Rp,7.049.000,,,5.0,https://deo.shopeemobile.com/shopee/modules-federation/live/0/shopee__item-card-standard-v2/0.2.8/pc/38e203dc86172a6c6560.svg,https://deo.shopeemobile.com/shopee/modules-federation/live/0/shopee__item-card-standard-v2/0.2.8/pc/0614b8f0a8fdde22942d.svg,< 2 Hari,https://deo.shopeemobile.com/shopee/modules-federation/live/0/shopee__item-card-standard-v2/0.2.8/pc/5dd7b4560d0e2d3190e8.svg,Jakarta Pusat,518 Terjual,,https://deo.shopeemobile.com/shopee/modules-federation/live/0/shopee__item-card-standard-v2/0.2.8/pc/d7099d3fd1dfdaf705ab.svg,"AXIOO Mybook Hype 5 G12 V2 Intel Core i5 1235U RAM32GB SSD1TB 14'' Fhd Ips Windows 11 Pro
Rp
7.049.000
5.0
518 Terjual
< 2 Hari
Jakarta Pusat",https://shopee.co.id/AXIOO-Mybook-Hype-5-G12-V2-Intel-Core-i5-1235U-RAM32GB-SSD1TB-14''-Fhd-Ips-Windows-11-Pro-i.186855095.24892155245?extraParams=%7B%22display_model_id%22%3A300879552278%2C%22model_selection_logic%22%3A3%7D&sp_atk=b64e5dc6-8e7e-4402-bf6a-54dc2a0721c2&xptdk=b64e5dc6-8e7e-4402-bf6a-54dc2a0721c2
https://down-id.img.susercontent.com/file/id-11134207-7rask-m5zssllyw5g831,https://down-id.img.susercontent.com/file/id-11134258-8224v-mkvw0cu9r7k1a5,Axioo Hype 5 AMD X5-2 AMD Ryzen 5 7430U RAM 8GB SSD 256GB Windows 11 Pro 14.0 Full HD IPS,https://deo.shopeemobile.com/shopee/modules-federation/live/0/shopee__item-card-standard-v2/0.2.8/pc/7c9110f78e069acbced7.png,Rp,8.661.000,,,5.0,https://deo.shopeemobile.com/shopee/modules-federation/live/0/shopee__item-card-standard-v2/0.2.8/pc/38e203dc86172a6c6560.svg,https://deo.shopeemobile.com/shopee/modules-federation/live/0/shopee__item-card-standard-v2/0.2.8/pc/0614b8f0a8fdde22942d.svg,Besok 11:00,https://deo.shopeemobile.com/shopee/modules-federation/live/0/shopee__item-card-standard-v2/0.2.8/pc/5dd7b4560d0e2d3190e8.svg,Surabaya,36 Terjual,,https://deo.shopeemobile.com/shopee/modules-federation/live/0/shopee__item-card-standard-v2/0.2.8/pc/d7099d3fd1dfdaf705ab.svg,"Axioo Hype 5 AMD X5-2 AMD Ryzen 5 7430U RAM 8GB SSD 256GB Windows 11 Pro 14.0 Full HD IPS
Rp
8.661.000
5.0
36 Terjual
Besok 11:00
Surabaya",https://shopee.co.id/Axioo-Hype-5-AMD-X5-2-AMD-Ryzen-5-7430U-RAM-8GB-SSD-256GB-Windows-11-Pro-14.0-Full-HD-IPS-i.26681244.26225527346?extraParams=%7B%22display_model_id%22%3A237660068290%2C%22model_selection_logic%22%3A3%7D&sp_atk=2904d67c-26ce-450a-b193-d4e200859cf8&xptdk=2904d67c-26ce-450a-b193-d4e200859cf8
https://down-id.img.susercontent.com/file/id-11134207-7rbk7-m7m0mhfl6jwk70,https://down-id.img.susercontent.com/file/id-11134258-8224v-mkvw0cu9r7k1a5,AXIOO HYPE 5 Ryzen 5,,Rp,7.300.000,,,5.0,https://deo.shopeemobile.com/shopee/modules-federation/live/0/shopee__item-card-standard-v2/0.2.8/pc/38e203dc86172a6c6560.svg,https://deo.shopeemobile.com/shopee/modules-federation/live/0/shopee__item-card-standard-v2/0.2.8/pc/0614b8f0a8fdde22942d.svg,< 2 Hari,https://deo.shopeemobile.com/shopee/modules-federation/live/0/shopee__item-card-standard-v2/0.2.8/pc/5dd7b4560d0e2d3190e8.svg,Bandar Lampung,21 Terjual,,https://deo.shopeemobile.com/shopee/modules-federation/live/0/shopee__item-card-standard-v2/0.2.8/pc/d7099d3fd1dfdaf705ab.svg,"AXIOO HYPE 5 Ryzen 5
Rp
7.300.000
5.0
21 Terjual
< 2 Hari
Bandar Lampung",https://shopee.co.id/AXIOO-HYPE-5-Ryzen-5-i.41442889.29013213961?extraParams=%7B%22display_model_id%22%3A39830820102%2C%22model_selection_logic%22%3A3%7D&sp_atk=ef13d75c-c543-41e2-a14d-f4ede0864e5a&xptdk=ef13d75c-c543-41e2-a14d-f4ede0864e5a
https://down-id.img.susercontent.com/file/id-11134207-7rbk2-macpepgnseqa0b,https://down-id.img.susercontent.com/file/id-11134258-8224v-mkvw0cu9r7k1a5,"AXIOO HYPE 5 AMD X5-2 Ryzen 5 7430U/16GB/256GB 14"" FHD IPS Windows 11 / Grey",,Rp,5.750.000,,,,https://deo.shopeemobile.com/shopee/modules-federation/live/0/shopee__item-card-standard-v2/0.2.8/pc/76dff349290d20891fc1.svg,,,https://deo.shopeemobile.com/shopee/modules-federation/live/0/shopee__item-card-standard-v2/0.2.8/pc/5dd7b4560d0e2d3190e8.svg,Jakarta Pusat,4-7 Hari,,,"AXIOO HYPE 5 AMD X5-2 Ryzen 5 7430U/16GB/256GB 14"" FHD IPS Windows 11 / Grey
Rp
5.750.000
4-7 Hari
Jakarta Pusat",https://shopee.co.id/AXIOO-HYPE-5-AMD-X5-2-Ryzen-5-7430U-16GB-256GB-14-FHD-IPS-Windows-11-Grey-i.1212632553.42752575889?extraParams=%7B%22display_model_id%22%3A280212068554%2C%22model_selection_logic%22%3A3%7D&sp_atk=e99c55d5-00fd-48ce-9165-187672de0b86&xptdk=e99c55d5-00fd-48ce-9165-187672de0b86
https://down-id.img.susercontent.com/file/id-11134207-82251-mh1mw49mfpcc9e,https://down-id.img.susercontent.com/file/id-11134258-8224v-mkvw0cu9r7k1a5,Axioo Mybook Hype R5 R3 OLED I5 I3 24GB 512GB SSD,https://deo.shopeemobile.com/shopee/modules-federation/live/0/shopee__item-card-standard-v2/0.2.8/pc/e4734dab67ee2f9ebd5a.png,Rp,6.739.000,-39%,,5.0,https://deo.shopeemobile.com/shopee/modules-federation/live/0/shopee__item-card-standard-v2/0.2.8/pc/38e203dc86172a6c6560.svg,https://deo.shopeemobile.com/shopee/modules-federation/live/0/shopee__item-card-standard-v2/0.2.8/pc/0614b8f0a8fdde22942d.svg,< 2 Hari,https://deo.shopeemobile.com/shopee/modules-federation/live/0/shopee__item-card-standard-v2/0.2.8/pc/5dd7b4560d0e2d3190e8.svg,Jakarta Pusat,64 Terjual,Cicilan,https://deo.shopeemobile.com/shopee/modules-federation/live/0/shopee__item-card-standard-v2/0.2.8/pc/d7099d3fd1dfdaf705ab.svg,"Axioo Mybook Hype R5 R3 OLED I5 I3 24GB 512GB SSD
Rp
6.739.000
-39%
Cicilan
5.0
64 Terjual
< 2 Hari
Jakarta Pusat",https://shopee.co.id/Axioo-Mybook-Hype-R5-R3-OLED-I5-I3-24GB-512GB-SSD-i.148846460.6139938503?extraParams=%7B%22display_model_id%22%3A88731469171%2C%22model_selection_logic%22%3A3%7D&sp_atk=ea082963-c6f2-4301-8e41-6e35a43c0f19&xptdk=ea082963-c6f2-4301-8e41-6e35a43c0f19
https://down-id.img.susercontent.com/file/id-11134207-8224t-ml2znysj7eh27d,https://down-id.img.susercontent.com/file/id-11134258-8224v-mkvw0cu9r7k1a5,LAPTOP AXIOO HYPE 7 AMD X8-1 RYZEN 7 6800H - 16GB 512GB 14.0FHD IPS,https://deo.shopeemobile.com/shopee/modules-federation/live/0/shopee__item-card-standard-v2/0.2.8/pc/7c9110f78e069acbced7.png,Rp,9.890.000,-34%,https://deo.shopeemobile.com/shopee/modules-federation/live/0/shopee__item-card-standard-v2/0.2.8/pc/b4d1b8a78b3621dbdf4a.svg,5.0,https://deo.shopeemobile.com/shopee/modules-federation/live/0/shopee__item-card-standard-v2/0.2.8/pc/38e203dc86172a6c6560.svg,https://deo.shopeemobile.com/shopee/modules-federation/live/0/shopee__item-card-standard-v2/0.2.8/pc/0614b8f0a8fdde22942d.svg,Besok,https://deo.shopeemobile.com/shopee/modules-federation/live/0/shopee__item-card-standard-v2/0.2.8/pc/5dd7b4560d0e2d3190e8.svg,Surabaya,47 Terjual,,https://deo.shopeemobile.com/shopee/modules-federation/live/0/shopee__item-card-standard-v2/0.2.8/pc/d7099d3fd1dfdaf705ab.svg,"LAPTOP AXIOO HYPE 7 AMD X8-1 RYZEN 7 6800H - 16GB 512GB 14.0FHD IPS
Rp
9.890.000
-34%
5.0
47 Terjual
Besok
Surabaya",https://shopee.co.id/LAPTOP-AXIOO-HYPE-7-AMD-X8-1-RYZEN-7-6800H-16GB-512GB-14.0FHD-IPS-i.1273997571.28076753567?extraParams=%7B%22display_model_id%22%3A218229304622%2C%22model_selection_logic%22%3A3%7D&sp_atk=313f942c-48ac-499a-b3d7-946dbb4dbd69&xptdk=313f942c-48ac-499a-b3d7-946dbb4dbd69
https://down-id.img.susercontent.com/file/id-11134207-82252-mkg9wus7gjya3b,https://down-id.img.susercontent.com/file/id-11134258-8224v-mkvw0cu9r7k1a5,Axioo MyBook Hype 5 Ryzen 5 8GB 256GB FHD IPS,,Rp,6.125.000,,,5.0,https://deo.shopeemobile.com/shopee/modules-federation/live/0/shopee__item-card-standard-v2/0.2.8/pc/38e203dc86172a6c6560.svg,https://deo.shopeemobile.com/shopee/modules-federation/live/0/shopee__item-card-standard-v2/0.2.8/pc/0614b8f0a8fdde22942d.svg,< 2 Hari,https://deo.shopeemobile.com/shopee/modules-federation/live/0/shopee__item-card-standard-v2/0.2.8/pc/5dd7b4560d0e2d3190e8.svg,Kab. Sleman,2 Terjual,,https://deo.shopeemobile.com/shopee/modules-federation/live/0/shopee__item-card-standard-v2/0.2.8/pc/d7099d3fd1dfdaf705ab.svg,"Axioo MyBook Hype 5 Ryzen 5 8GB 256GB FHD IPS
Rp
6.125.000
5.0
2 Terjual
< 2 Hari
Kab. Sleman",https://shopee.co.id/Axioo-MyBook-Hype-5-Ryzen-5-8GB-256GB-FHD-IPS-i.1033618326.27369474891?extraParams=%7B%22display_model_id%22%3A302395381968%2C%22model_selection_logic%22%3A3%7D&sp_atk=2f5f20a6-d847-43a7-9d77-a3a0505631e4&xptdk=2f5f20a6-d847-43a7-9d77-a3a0505631e4
https://down-id.img.susercontent.com/file/id-11134207-82250-mkdt3uwm1gjk44,https://down-id.img.susercontent.com/file/id-11134258-8224v-mkvw0cu9r7k1a5,AXIOO HYPE 3 G11 I3 1125G4 8GB 512GB DOS/WINDOWS 11 14.0FHD IPS HDMI GRY,https://deo.shopeemobile.com/shopee/modules-federation/live/0/shopee__item-card-standard-v2/0.2.8/pc/7c9110f78e069acbced7.png,Rp,7.358.000,,,5.0,https://deo.shopeemobile.com/shopee/modules-federation/live/0/shopee__item-card-standard-v2/0.2.8/pc/38e203dc86172a6c6560.svg,https://deo.shopeemobile.com/shopee/modules-federation/live/0/shopee__item-card-standard-v2/0.2.8/pc/0614b8f0a8fdde22942d.svg,Besok 12:00,https://deo.shopeemobile.com/shopee/modules-federation/live/0/shopee__item-card-standard-v2/0.2.8/pc/5dd7b4560d0e2d3190e8.svg,Surabaya,2 Terjual,,https://deo.shopeemobile.com/shopee/modules-federation/live/0/shopee__item-card-standard-v2/0.2.8/pc/d7099d3fd1dfdaf705ab.svg,"AXIOO HYPE 3 G11 I3 1125G4 8GB 512GB DOS/WINDOWS 11 14.0FHD IPS HDMI GRY
Rp
7.358.000
5.0
2 Terjual
Besok 12:00
Surabaya",https://shopee.co.id/AXIOO-HYPE-3-G11-I3-1125G4-8GB-512GB-DOS-WINDOWS-11-14.0FHD-IPS-HDMI-GRY-i.1039970542.52605893992?extraParams=%7B%22display_model_id%22%3A335533713968%2C%22model_selection_logic%22%3A3%7D&sp_atk=38b22880-5c00-4ed7-b35e-a7cbc182c73f&xptdk=38b22880-5c00-4ed7-b35e-a7cbc182c73f
https://down-id.img.susercontent.com/file/id-11134207-822wt-mmn2o2rp883qa7,https://down-id.img.susercontent.com/file/id-11134258-7r98w-lyezzaurybot13,Promo Laptop Murah Axioo MyBook pro H5 Core i5 Gen8 SSD 512GB windows 11,,Rp,2.899.000,,,,https://deo.shopeemobile.com/shopee/modules-federation/live/0/shopee__item-card-standard-v2/0.2.8/pc/38e203dc86172a6c6560.svg,https://deo.shopeemobile.com/shopee/modules-federation/live/0/shopee__item-card-standard-v2/0.2.8/pc/0614b8f0a8fdde22942d.svg,Besok,https://deo.shopeemobile.com/shopee/modules-federation/live/0/shopee__item-card-standard-v2/0.2.8/pc/5dd7b4560d0e2d3190e8.svg,Surabaya,Besok,,https://deo.shopeemobile.com/shopee/modules-federation/live/0/shopee__item-card-standard-v2/0.2.8/pc/0614b8f0a8fdde22942d.svg,"Promo Laptop Murah Axioo MyBook pro H5 Core i5 Gen8 SSD 512GB windows 11
Rp
2.899.000
Besok
Surabaya",https://shopee.co.id/Promo-Laptop-Murah-Axioo-MyBook-pro-H5-Core-i5-Gen8-SSD-512GB-windows-11-i.23355627.53958228876?extraParams=%7B%22display_model_id%22%3A292506840195%2C%22model_selection_logic%22%3A3%7D&sp_atk=aafb62f4-e734-4d4f-9077-09ec0e7c8fc1&xptdk=aafb62f4-e734-4d4f-9077-09ec0e7c8fc1
https://down-id.img.susercontent.com/file/id-11134207-82250-mj5cvmoqfnr83b,https://down-id.img.susercontent.com/file/id-11134258-8224q-mkvvibsp8oowa6,Axioo Hype 5 Ryzen 5 16GB 1TB SSD Backlit,https://deo.shopeemobile.com/shopee/modules-federation/live/0/shopee__item-card-standard-v2/0.2.8/pc/e4734dab67ee2f9ebd5a.png,Rp,6.293.000,-2%,https://deo.shopeemobile.com/shopee/modules-federation/live/0/shopee__item-card-standard-v2/0.2.8/pc/b4d1b8a78b3621dbdf4a.svg,5.0,https://deo.shopeemobile.com/shopee/modules-federation/live/0/shopee__item-card-standard-v2/0.2.8/pc/38e203dc86172a6c6560.svg,https://deo.shopeemobile.com/shopee/modules-federation/live/0/shopee__item-card-standard-v2/0.2.8/pc/0614b8f0a8fdde22942d.svg,< 2 Hari,https://deo.shopeemobile.com/shopee/modules-federation/live/0/shopee__item-card-standard-v2/0.2.8/pc/5dd7b4560d0e2d3190e8.svg,Jakarta Selatan,231 Terjual,Pilih Lokal,https://deo.shopeemobile.com/shopee/modules-federation/live/0/shopee__item-card-standard-v2/0.2.8/pc/d7099d3fd1dfdaf705ab.svg,"Axioo Hype 5 Ryzen 5 16GB 1TB SSD Backlit
Rp
6.293.000
-2%
Pilih Lokal
Cicilan
5.0
231 Terjual
< 2 Hari
Jakarta Selatan",https://shopee.co.id/Axioo-Hype-5-Ryzen-5-16GB-1TB-SSD-Backlit-i.257997524.8865303021?extraParams=%7B%22display_model_id%22%3A161838012467%2C%22model_selection_logic%22%3A3%7D&sp_atk=0dd33f4d-d51e-456b-8009-1f62f6264777&xptdk=0dd33f4d-d51e-456b-8009-1f62f6264777
https://down-id.img.susercontent.com/file/id-11134207-8224y-mj9jzp2tcx6r53,https://down-id.img.susercontent.com/file/id-11134258-8224v-mkvw0cu9r7k1a5,Laptop Axioo Hype 5 X3 AMD Ryzen 5 3500 8GB 256GB Win 11 14.0 Full HD IPS BLIT,https://deo.shopeemobile.com/shopee/modules-federation/live/0/shopee__item-card-standard-v2/0.2.8/pc/7c9110f78e069acbced7.png,Rp,6.293.000,-33%,https://deo.shopeemobile.com/shopee/modules-federation/live/0/shopee__item-card-standard-v2/0.2.8/pc/b4d1b8a78b3621dbdf4a.svg,5.0,https://deo.shopeemobile.com/shopee/modules-federation/live/0/shopee__item-card-standard-v2/0.2.8/pc/38e203dc86172a6c6560.svg,https://deo.shopeemobile.com/shopee/modules-federation/live/0/shopee__item-card-standard-v2/0.2.8/pc/0614b8f0a8fdde22942d.svg,< 2 Hari,https://deo.shopeemobile.com/shopee/modules-federation/live/0/shopee__item-card-standard-v2/0.2.8/pc/5dd7b4560d0e2d3190e8.svg,Depok,35 Terjual,,https://deo.shopeemobile.com/shopee/modules-federation/live/0/shopee__item-card-standard-v2/0.2.8/pc/d7099d3fd1dfdaf705ab.svg,"Laptop Axioo Hype 5 X3 AMD Ryzen 5 3500 8GB 256GB Win 11 14.0 Full HD IPS BLIT
Rp
6.293.000
-33%
5.0
35 Terjual
< 2 Hari
Depok",https://shopee.co.id/Laptop-Axioo-Hype-5-X3-AMD-Ryzen-5-3500-8GB-256GB-Win-11-14.0-Full-HD-IPS-BLIT-i.1274014683.29252291828?extraParams=%7B%22display_model_id%22%3A400797099751%2C%22model_selection_logic%22%3A3%7D&sp_atk=98a66625-be42-465f-a71b-1350f353a69e&xptdk=98a66625-be42-465f-a71b-1350f353a69e
https://down-id.img.susercontent.com/file/sg-11134201-7rau7-majpg80jx4s662,https://down-id.img.susercontent.com/file/id-11134258-8224v-mkvw0cu9r7k1a5,Axioo Hype 5 Ryzen 5 32GB 2TB SSD Windows 11,,Rp,5.875.000,,,,https://deo.shopeemobile.com/shopee/modules-federation/live/0/shopee__item-card-standard-v2/0.2.8/pc/38e203dc86172a6c6560.svg,https://deo.shopeemobile.com/shopee/modules-federation/live/0/shopee__item-card-standard-v2/0.2.8/pc/0614b8f0a8fdde22942d.svg,< 2 Hari,https://deo.shopeemobile.com/shopee/modules-federation/live/0/shopee__item-card-standard-v2/0.2.8/pc/5dd7b4560d0e2d3190e8.svg,Malang,< 2 Hari,,https://deo.shopeemobile.com/shopee/modules-federation/live/0/shopee__item-card-standard-v2/0.2.8/pc/0614b8f0a8fdde22942d.svg,"Axioo Hype 5 Ryzen 5 32GB 2TB SSD Windows 11
Rp
5.875.000
< 2 Hari
Malang",https://shopee.co.id/Axioo-Hype-5-Ryzen-5-32GB-2TB-SSD-Windows-11-i.44435356.40103077761?extraParams=%7B%22display_model_id%22%3A243479042236%2C%22model_selection_logic%22%3A3%7D&sp_atk=4ddf101d-3d15-4b47-bbf7-c82aa6ca03dd&xptdk=4ddf101d-3d15-4b47-bbf7-c82aa6ca03dd
https://down-id.img.susercontent.com/file/id-11134207-8224u-mjaw274cxn9dca,https://down-id.img.susercontent.com/file/id-11134258-822wr-mlx5y0tebegw04,Axioo Hype 10 8GB 512GB SSD Windows 11 Laptop,https://deo.shopeemobile.com/shopee/modules-federation/live/0/shopee__item-card-standard-v2/0.2.8/pc/e4734dab67ee2f9ebd5a.png,Rp,3.554.000,-4%,https://deo.shopeemobile.com/shopee/modules-federation/live/0/shopee__item-card-standard-v2/0.2.8/pc/b4d1b8a78b3621dbdf4a.svg,4.9,https://deo.shopeemobile.com/shopee/modules-federation/live/0/shopee__item-card-standard-v2/0.2.8/pc/38e203dc86172a6c6560.svg,https://deo.shopeemobile.com/shopee/modules-federation/live/0/shopee__item-card-standard-v2/0.2.8/pc/0614b8f0a8fdde22942d.svg,< 2 Hari,https://deo.shopeemobile.com/shopee/modules-federation/live/0/shopee__item-card-standard-v2/0.2.8/pc/5dd7b4560d0e2d3190e8.svg,Jakarta Selatan,727 Terjual,Hadiah Gratis,https://deo.shopeemobile.com/shopee/modules-federation/live/0/shopee__item-card-standard-v2/0.2.8/pc/d7099d3fd1dfdaf705ab.svg,"Axioo Hype 10 8GB 512GB SSD Windows 11 Laptop
Rp
3.554.000
-4%
Hadiah Gratis
4.9
727 Terjual
< 2 Hari
Jakarta Selatan",https://shopee.co.id/Axioo-Hype-10-8GB-512GB-SSD-Windows-11-Laptop-i.256652736.22324016407?extraParams=%7B%22display_model_id%22%3A242286239002%2C%22model_selection_logic%22%3A3%7D&sp_atk=32618534-1f87-4750-8706-191e952fdd0b&xptdk=32618534-1f87-4750-8706-191e952fdd0b
https://down-id.img.susercontent.com/file/id-11134207-822ws-mn2e144373ew45,https://down-id.img.susercontent.com/file/id-11134258-822wr-mlx67rtd6r602f,Axioo Hype 5 AMD X3 AMD Ryzen 5 3500U RAM 8GB SSD 256GB mjk,https://deo.shopeemobile.com/shopee/modules-federation/live/0/shopee__item-card-standard-v2/0.2.8/pc/e4734dab67ee2f9ebd5a.png,Rp,4.828.500,,,,https://deo.shopeemobile.com/shopee/modules-federation/live/0/shopee__item-card-standard-v2/0.2.8/pc/76dff349290d20891fc1.svg,,,https://deo.shopeemobile.com/shopee/modules-federation/live/0/shopee__item-card-standard-v2/0.2.8/pc/5dd7b4560d0e2d3190e8.svg,Kab. Sidoarjo,2-3 Hari,,,"Axioo Hype 5 AMD X3 AMD Ryzen 5 3500U RAM 8GB SSD 256GB mjk
Rp
4.828.500
2-3 Hari
Kab. Sidoarjo",https://shopee.co.id/Axioo-Hype-5-AMD-X3-AMD-Ryzen-5-3500U-RAM-8GB-SSD-256GB-mjk-i.191946330.47108870055?extraParams=%7B%22display_model_id%22%3A390785203172%2C%22model_selection_logic%22%3A3%7D&sp_atk=a8a3eb2f-a753-4086-8774-80d507ac9dd3&xptdk=a8a3eb2f-a753-4086-8774-80d507ac9dd3
https://down-id.img.susercontent.com/file/id-11134207-7rbk3-mambcyt6stxue6,https://down-id.img.susercontent.com/file/id-11134258-8224v-mkvw0cu9r7k1a5,"Laptop Axioo Hype 1 N4020 RAM 4GB/8GB SSD 128GB/512GB Windows 11 14"" HD",https://deo.shopeemobile.com/shopee/modules-federation/live/0/shopee__item-card-standard-v2/0.2.8/pc/e4734dab67ee2f9ebd5a.png,Rp,4.719.000,,,5.0,https://deo.shopeemobile.com/shopee/modules-federation/live/0/shopee__item-card-standard-v2/0.2.8/pc/38e203dc86172a6c6560.svg,https://deo.shopeemobile.com/shopee/modules-federation/live/0/shopee__item-card-standard-v2/0.2.8/pc/0614b8f0a8fdde22942d.svg,< 2 Hari,https://deo.shopeemobile.com/shopee/modules-federation/live/0/shopee__item-card-standard-v2/0.2.8/pc/5dd7b4560d0e2d3190e8.svg,Malang,98 Terjual,,https://deo.shopeemobile.com/shopee/modules-federation/live/0/shopee__item-card-standard-v2/0.2.8/pc/d7099d3fd1dfdaf705ab.svg,"Laptop Axioo Hype 1 N4020 RAM 4GB/8GB SSD 128GB/512GB Windows 11 14"" HD
Rp
4.719.000
5.0
98 Terjual
< 2 Hari
Malang",https://shopee.co.id/Laptop-Axioo-Hype-1-N4020-RAM-4GB-8GB-SSD-128GB-512GB-Windows-11-14-HD-i.10625226.25764574830?extraParams=%7B%22display_model_id%22%3A207667474345%2C%22model_selection_logic%22%3A3%7D&sp_atk=830cb968-360d-436d-99de-597b8040332f&xptdk=830cb968-360d-436d-99de-597b8040332f
https://down-id.img.susercontent.com/file/id-11134207-7ra0m-mdg68h8okosve3,https://down-id.img.susercontent.com/file/id-11134258-8224v-mkvw0cu9r7k1a5,AXIOO Hype 3 G11 Intel Core i3 1125G4 RAM32GB SSD1TB 14'' FHD IPS Windows 11,https://deo.shopeemobile.com/shopee/modules-federation/live/0/shopee__item-card-standard-v2/0.2.8/pc/7c9110f78e069acbced7.png,Rp,5.799.000,,,5.0,https://deo.shopeemobile.com/shopee/modules-federation/live/0/shopee__item-card-standard-v2/0.2.8/pc/38e203dc86172a6c6560.svg,https://deo.shopeemobile.com/shopee/modules-federation/live/0/shopee__item-card-standard-v2/0.2.8/pc/0614b8f0a8fdde22942d.svg,< 2 Hari,https://deo.shopeemobile.com/shopee/modules-federation/live/0/shopee__item-card-standard-v2/0.2.8/pc/5dd7b4560d0e2d3190e8.svg,Jakarta Pusat,60 Terjual,,https://deo.shopeemobile.com/shopee/modules-federation/live/0/shopee__item-card-standard-v2/0.2.8/pc/d7099d3fd1dfdaf705ab.svg,"AXIOO Hype 3 G11 Intel Core i3 1125G4 RAM32GB SSD1TB 14'' FHD IPS Windows 11
Rp
5.799.000
5.0
60 Terjual
< 2 Hari
Jakarta Pusat",https://shopee.co.id/AXIOO-Hype-3-G11-Intel-Core-i3-1125G4-RAM32GB-SSD1TB-14''-FHD-IPS-Windows-11-i.32829345.23561529681?extraParams=%7B%22display_model_id%22%3A285887595321%2C%22model_selection_logic%22%3A3%7D&sp_atk=3cf69a3d-3cc2-4afe-a2af-1bc6f55268c9&xptdk=3cf69a3d-3cc2-4afe-a2af-1bc6f55268c9
https://down-id.img.susercontent.com/file/id-11134207-7rbk5-m8u8hlr0327h79,https://down-id.img.susercontent.com/file/id-11134258-822wr-mlx5y0tebegw04,Termurah Laptop Sekolah AXIOO MYBOOK HYPE 1 Intel N4020 8GB 384GB SSD Win11 Home Original,https://deo.shopeemobile.com/shopee/modules-federation/live/0/shopee__item-card-standard-v2/0.2.8/pc/e4734dab67ee2f9ebd5a.png,Rp,4.199.000,,,4.9,https://deo.shopeemobile.com/shopee/modules-federation/live/0/shopee__item-card-standard-v2/0.2.8/pc/38e203dc86172a6c6560.svg,https://deo.shopeemobile.com/shopee/modules-federation/live/0/shopee__item-card-standard-v2/0.2.8/pc/0614b8f0a8fdde22942d.svg,< 2 Hari,https://deo.shopeemobile.com/shopee/modules-federation/live/0/shopee__item-card-standard-v2/0.2.8/pc/5dd7b4560d0e2d3190e8.svg,Tangerang,122 Terjual,Hadiah Gratis,https://deo.shopeemobile.com/shopee/modules-federation/live/0/shopee__item-card-standard-v2/0.2.8/pc/d7099d3fd1dfdaf705ab.svg,"Termurah Laptop Sekolah AXIOO MYBOOK HYPE 1 Intel N4020 8GB 384GB SSD Win11 Home Original
Rp
4.199.000
Hadiah Gratis
4.9
122 Terjual
< 2 Hari
Tangerang",https://shopee.co.id/Termurah-Laptop-Sekolah-AXIOO-MYBOOK-HYPE-1-Intel-N4020-8GB-384GB-SSD-Win11-Home-Original-i.290474546.24467928982?extraParams=%7B%22display_model_id%22%3A226113803494%2C%22model_selection_logic%22%3A3%7D&sp_atk=e19da724-3c04-4481-acec-2dad2d51547e&xptdk=e19da724-3c04-4481-acec-2dad2d51547e
https://down-id.img.susercontent.com/file/id-11134207-7r990-lr5injffxqo967,https://down-id.img.susercontent.com/file/id-11134258-8224q-mkvvibsp8oowa6,LAPTOP AXIOO HYPE 1  N4020 8GB 384GB Windows 11 14 HD,https://deo.shopeemobile.com/shopee/modules-federation/live/0/shopee__item-card-standard-v2/0.2.8/pc/7c9110f78e069acbced7.png,Rp,5.225.000,-25%,https://deo.shopeemobile.com/shopee/modules-federation/live/0/shopee__item-card-standard-v2/0.2.8/pc/b4d1b8a78b3621dbdf4a.svg,4.9,https://deo.shopeemobile.com/shopee/modules-federation/live/0/shopee__item-card-standard-v2/0.2.8/pc/38e203dc86172a6c6560.svg,https://deo.shopeemobile.com/shopee/modules-federation/live/0/shopee__item-card-standard-v2/0.2.8/pc/0614b8f0a8fdde22942d.svg,< 2 Hari,https://deo.shopeemobile.com/shopee/modules-federation/live/0/shopee__item-card-standard-v2/0.2.8/pc/5dd7b4560d0e2d3190e8.svg,Jakarta Utara,540 Terjual,Pilih Lokal,https://deo.shopeemobile.com/shopee/modules-federation/live/0/shopee__item-card-standard-v2/0.2.8/pc/d7099d3fd1dfdaf705ab.svg,"LAPTOP AXIOO HYPE 1 N4020 8GB 384GB Windows 11 14 HD
Rp
5.225.000
-25%
Pilih Lokal
Kombo Hemat
4.9
540 Terjual
< 2 Hari
Jakarta Utara",https://shopee.co.id/LAPTOP-AXIOO-HYPE-1-N4020-8GB-384GB-Windows-11-14-HD-i.608012662.25011687779?extraParams=%7B%22display_model_id%22%3A207301634490%2C%22model_selection_logic%22%3A3%7D&sp_atk=a8eb9b5c-798c-40c7-997c-496a21b98a75&xptdk=a8eb9b5c-798c-40c7-997c-496a21b98a75
https://down-id.img.susercontent.com/file/id-11134207-822wo-mmky2bvjfgg614,https://down-id.img.susercontent.com/file/id-11134258-7r98w-lyezzaurybot13,"Axioo Hype 5 Ryzen 5 8GB 256GB SSD 14"" IPS",,Rp,5.450.000,,,,https://deo.shopeemobile.com/shopee/modules-federation/live/0/shopee__item-card-standard-v2/0.2.8/pc/38e203dc86172a6c6560.svg,https://deo.shopeemobile.com/shopee/modules-federation/live/0/shopee__item-card-standard-v2/0.2.8/pc/0614b8f0a8fdde22942d.svg,< 2 Hari,https://deo.shopeemobile.com/shopee/modules-federation/live/0/shopee__item-card-standard-v2/0.2.8/pc/5dd7b4560d0e2d3190e8.svg,Bandung,< 2 Hari,Produk Baru,https://deo.shopeemobile.com/shopee/modules-federation/live/0/shopee__item-card-standard-v2/0.2.8/pc/0614b8f0a8fdde22942d.svg,"Axioo Hype 5 Ryzen 5 8GB 256GB SSD 14"" IPS
Rp
5.450.000
Produk Baru
< 2 Hari
Bandung",https://shopee.co.id/Axioo-Hype-5-Ryzen-5-8GB-256GB-SSD-14-IPS-i.135178572.52803812472?extraParams=%7B%22display_model_id%22%3A307292738351%2C%22model_selection_logic%22%3A3%7D&sp_atk=0b04f9e0-c877-4192-bc24-5f0a530cc154&xptdk=0b04f9e0-c877-4192-bc24-5f0a530cc154
https://down-id.img.susercontent.com/file/id-11134207-7ra0u-mdr3x0ky6etr56,https://down-id.img.susercontent.com/file/id-11134258-8224v-mkvw0cu9r7k1a5,Axioo Hype-R 3 OLED I3 24GB 256GB W11 Office,https://deo.shopeemobile.com/shopee/modules-federation/live/0/shopee__item-card-standard-v2/0.2.8/pc/7c9110f78e069acbced7.png,Rp,7.460.000,-56%,https://deo.shopeemobile.com/shopee/modules-federation/live/0/shopee__item-card-standard-v2/0.2.8/pc/b4d1b8a78b3621dbdf4a.svg,4.9,https://deo.shopeemobile.com/shopee/modules-federation/live/0/shopee__item-card-standard-v2/0.2.8/pc/38e203dc86172a6c6560.svg,https://deo.shopeemobile.com/shopee/modules-federation/live/0/shopee__item-card-standard-v2/0.2.8/pc/0614b8f0a8fdde22942d.svg,< 2 Hari,https://deo.shopeemobile.com/shopee/modules-federation/live/0/shopee__item-card-standard-v2/0.2.8/pc/5dd7b4560d0e2d3190e8.svg,Jakarta Utara,352 Terjual,Cicilan,https://deo.shopeemobile.com/shopee/modules-federation/live/0/shopee__item-card-standard-v2/0.2.8/pc/d7099d3fd1dfdaf705ab.svg,"Axioo Hype-R 3 OLED I3 24GB 256GB W11 Office
Rp
7.460.000
-56%
Cicilan
Hadiah Gratis
4.9
352 Terjual
< 2 Hari
Jakarta Utara",https://shopee.co.id/Axioo-Hype-R-3-OLED-I3-24GB-256GB-W11-Office-i.250649369.11350715484?extraParams=%7B%22display_model_id%22%3A149053153385%2C%22model_selection_logic%22%3A3%7D&sp_atk=316d5c84-0e23-471c-9b09-c16b2766c88b&xptdk=316d5c84-0e23-471c-9b09-c16b2766c88b
https://down-id.img.susercontent.com/file/id-11134207-822wn-mn5kmldy6bygf6,https://down-id.img.susercontent.com/file/id-11134258-8224v-mkvw0cu9r7k1a5,"Laptop Axioo Hype 5 AMD X5-2 Ryzen 5 7430U Ram 8GB 256GB SSD Windows 11 14"" Full HD IPS",,Rp,7.358.000,,,5.0,https://deo.shopeemobile.com/shopee/modules-federation/live/0/shopee__item-card-standard-v2/0.2.8/pc/38e203dc86172a6c6560.svg,https://deo.shopeemobile.com/shopee/modules-federation/live/0/shopee__item-card-standard-v2/0.2.8/pc/0614b8f0a8fdde22942d.svg,< 2 Hari,https://deo.shopeemobile.com/shopee/modules-federation/live/0/shopee__item-card-standard-v2/0.2.8/pc/5dd7b4560d0e2d3190e8.svg,Kab. Bogor,11 Terjual,,https://deo.shopeemobile.com/shopee/modules-federation/live/0/shopee__item-card-standard-v2/0.2.8/pc/d7099d3fd1dfdaf705ab.svg,"Laptop Axioo Hype 5 AMD X5-2 Ryzen 5 7430U Ram 8GB 256GB SSD Windows 11 14"" Full HD IPS
Rp
7.358.000
5.0
11 Terjual
< 2 Hari
Kab. Bogor",https://shopee.co.id/Laptop-Axioo-Hype-5-AMD-X5-2-Ryzen-5-7430U-Ram-8GB-256GB-SSD-Windows-11-14-Full-HD-IPS-i.1463038349.27976312765?extraParams=%7B%22display_model_id%22%3A29569771314%2C%22model_selection_logic%22%3A3%7D&sp_atk=1d2d2185-a8f2-49ed-8729-4217bd05a6ec&xptdk=1d2d2185-a8f2-49ed-8729-4217bd05a6ec
https://down-id.img.susercontent.com/file/id-11134207-7rbk7-m6f7ms4i8alp9e,https://down-id.img.susercontent.com/file/id-11134258-8224q-mkvvibsp8oowa6,Axioo Laptop Hype 3 G11 Intel Core i3-1125G4/8GB/256GB/FHD IPS - Windows 11,https://deo.shopeemobile.com/shopee/modules-federation/live/0/shopee__item-card-standard-v2/0.2.8/pc/7c9110f78e069acbced7.png,Rp,6.999.000,-24%,,4.9,https://deo.shopeemobile.com/shopee/modules-federation/live/0/shopee__item-card-standard-v2/0.2.8/pc/38e203dc86172a6c6560.svg,https://deo.shopeemobile.com/shopee/modules-federation/live/0/shopee__item-card-standard-v2/0.2.8/pc/0614b8f0a8fdde22942d.svg,< 2 Hari,https://deo.shopeemobile.com/shopee/modules-federation/live/0/shopee__item-card-standard-v2/0.2.8/pc/5dd7b4560d0e2d3190e8.svg,Jakarta Timur,384 Terjual,Pilih Lokal,https://deo.shopeemobile.com/shopee/modules-federation/live/0/shopee__item-card-standard-v2/0.2.8/pc/d7099d3fd1dfdaf705ab.svg,"Axioo Laptop Hype 3 G11 Intel Core i3-1125G4/8GB/256GB/FHD IPS - Windows 11
Rp
6.999.000
-24%
Pilih Lokal
4.9
384 Terjual
< 2 Hari
Jakarta Timur",https://shopee.co.id/Axioo-Laptop-Hype-3-G11-Intel-Core-i3-1125G4-8GB-256GB-FHD-IPS-Windows-11-i.14454427.23651351142?extraParams=%7B%22display_model_id%22%3A420728828729%2C%22model_selection_logic%22%3A3%7D&sp_atk=c60d05f6-365d-439d-9f5a-52633789d4a6&xptdk=c60d05f6-365d-439d-9f5a-52633789d4a6
https://down-id.img.susercontent.com/file/id-11134207-822wm-mn5gepayv40045,https://down-id.img.susercontent.com/file/id-11134258-8224v-mkvw0cu9r7k1a5,PROMO Laptop Axioo Mybook Hype 3 Core i3 ram 16GB ssd 512GB FHD IPS Windows 11 Original Resmi,https://deo.shopeemobile.com/shopee/modules-federation/live/0/shopee__item-card-standard-v2/0.2.8/pc/e4734dab67ee2f9ebd5a.png,Rp,4.198.000,-1%,https://deo.shopeemobile.com/shopee/modules-federation/live/0/shopee__item-card-standard-v2/0.2.8/pc/b4d1b8a78b3621dbdf4a.svg,4.9,https://deo.shopeemobile.com/shopee/modules-federation/live/0/shopee__item-card-standard-v2/0.2.8/pc/38e203dc86172a6c6560.svg,https://deo.shopeemobile.com/shopee/modules-federation/live/0/shopee__item-card-standard-v2/0.2.8/pc/0614b8f0a8fdde22942d.svg,< 2 Hari,https://deo.shopeemobile.com/shopee/modules-federation/live/0/shopee__item-card-standard-v2/0.2.8/pc/5dd7b4560d0e2d3190e8.svg,Depok,122 Terjual,Cicilan,https://deo.shopeemobile.com/shopee/modules-federation/live/0/shopee__item-card-standard-v2/0.2.8/pc/d7099d3fd1dfdaf705ab.svg,"PROMO Laptop Axioo Mybook Hype 3 Core i3 ram 16GB ssd 512GB FHD IPS Windows 11 Original Resmi
Rp
4.198.000
-1%
Cicilan
4.9
122 Terjual
< 2 Hari
Depok",https://shopee.co.id/PROMO-Laptop-Axioo-Mybook-Hype-3-Core-i3-ram-16GB-ssd-512GB-FHD-IPS-Windows-11-Original-Resmi-i.253117043.17146484777?extraParams=%7B%22display_model_id%22%3A232575405616%2C%22model_selection_logic%22%3A3%7D&sp_atk=0cfc9de4-6d44-4142-8230-262a9cb60072&xptdk=0cfc9de4-6d44-4142-8230-262a9cb60072
https://down-id.img.susercontent.com/file/id-11134207-7rasj-m2vx6x4dt4sxeb,https://down-id.img.susercontent.com/file/id-11134258-8224v-mkvw0cu9r7k1a5,Laptop AXIOO Mybook HYPE 1 - 4/128- Garansi Resmi,https://deo.shopeemobile.com/shopee/modules-federation/live/0/shopee__item-card-standard-v2/0.2.8/pc/e4734dab67ee2f9ebd5a.png,Rp,3.516.000,-31%,,4.8,https://deo.shopeemobile.com/shopee/modules-federation/live/0/shopee__item-card-standard-v2/0.2.8/pc/76dff349290d20891fc1.svg,,,https://deo.shopeemobile.com/shopee/modules-federation/live/0/shopee__item-card-standard-v2/0.2.8/pc/5dd7b4560d0e2d3190e8.svg,Madiun,31 Terjual,,https://deo.shopeemobile.com/shopee/modules-federation/live/0/shopee__item-card-standard-v2/0.2.8/pc/d7099d3fd1dfdaf705ab.svg,"Laptop AXIOO Mybook HYPE 1 - 4/128- Garansi Resmi
Rp
3.516.000
-31%
4.8
31 Terjual
2-4 Hari
Madiun",https://shopee.co.id/Laptop-AXIOO-Mybook-HYPE-1-4-128-Garansi-Resmi-i.55231304.24819245897?extraParams=%7B%22display_model_id%22%3A224678585145%2C%22model_selection_logic%22%3A3%7D&sp_atk=2e769537-9448-4d2a-8a59-ef73758cea4b&xptdk=2e769537-9448-4d2a-8a59-ef73758cea4b
https://down-id.img.susercontent.com/file/id-11134207-7ra0n-mbxaga0mri72fe,https://down-id.img.susercontent.com/file/id-11134258-8224q-mkvvibsp8oowa6,Axioo Laptop Hype 1 Intel Celeron N4020/4GB/128GB/HD - Windows 11,https://deo.shopeemobile.com/shopee/modules-federation/live/0/shopee__item-card-standard-v2/0.2.8/pc/7c9110f78e069acbced7.png,Rp,4.189.000,-25%,,4.9,https://deo.shopeemobile.com/shopee/modules-federation/live/0/shopee__item-card-standard-v2/0.2.8/pc/38e203dc86172a6c6560.svg,https://deo.shopeemobile.com/shopee/modules-federation/live/0/shopee__item-card-standard-v2/0.2.8/pc/0614b8f0a8fdde22942d.svg,< 2 Hari,https://deo.shopeemobile.com/shopee/modules-federation/live/0/shopee__item-card-standard-v2/0.2.8/pc/5dd7b4560d0e2d3190e8.svg,Jakarta Timur,1RB+ Terjual,Pilih Lokal,https://deo.shopeemobile.com/shopee/modules-federation/live/0/shopee__item-card-standard-v2/0.2.8/pc/d7099d3fd1dfdaf705ab.svg,"Axioo Laptop Hype 1 Intel Celeron N4020/4GB/128GB/HD - Windows 11
Rp
4.189.000
-25%
Pilih Lokal
4.9
1RB+ Terjual
< 2 Hari
Jakarta Timur",https://shopee.co.id/Axioo-Laptop-Hype-1-Intel-Celeron-N4020-4GB-128GB-HD-Windows-11-i.14454427.25661565720?extraParams=%7B%22display_model_id%22%3A99912063057%2C%22model_selection_logic%22%3A3%7D&sp_atk=a4b202fb-6c92-48cf-9ec1-3719625941a8&xptdk=a4b202fb-6c92-48cf-9ec1-3719625941a8
https://down-id.img.susercontent.com/file/id-11134207-7rbka-madt7fpdh11u44,https://down-id.img.susercontent.com/file/id-11134258-8224v-mkvw0cu9r7k1a5,Axioo Hype 5 Ryzen 5 16GB 512GB W11 Office,https://deo.shopeemobile.com/shopee/modules-federation/live/0/shopee__item-card-standard-v2/0.2.8/pc/7c9110f78e069acbced7.png,Rp,7.107.000,-46%,https://deo.shopeemobile.com/shopee/modules-federation/live/0/shopee__item-card-standard-v2/0.2.8/pc/b4d1b8a78b3621dbdf4a.svg,4.9,https://deo.shopeemobile.com/shopee/modules-federation/live/0/shopee__item-card-standard-v2/0.2.8/pc/38e203dc86172a6c6560.svg,https://deo.shopeemobile.com/shopee/modules-federation/live/0/shopee__item-card-standard-v2/0.2.8/pc/0614b8f0a8fdde22942d.svg,< 2 Hari,https://deo.shopeemobile.com/shopee/modules-federation/live/0/shopee__item-card-standard-v2/0.2.8/pc/5dd7b4560d0e2d3190e8.svg,Jakarta Utara,873 Terjual,Cicilan,https://deo.shopeemobile.com/shopee/modules-federation/live/0/shopee__item-card-standard-v2/0.2.8/pc/d7099d3fd1dfdaf705ab.svg,"Axioo Hype 5 Ryzen 5 16GB 512GB W11 Office
Rp
7.107.000
-46%
Cicilan
Hadiah Gratis
4.9
873 Terjual
< 2 Hari
Jakarta Utara",https://shopee.co.id/Axioo-Hype-5-Ryzen-5-16GB-512GB-W11-Office-i.250649369.10429591741?extraParams=%7B%22display_model_id%22%3A440473879332%2C%22model_selection_logic%22%3A3%7D&sp_atk=a1033770-276e-4092-971d-56a382419b70&xptdk=a1033770-276e-4092-971d-56a382419b70
https://down-id.img.susercontent.com/file/id-11134207-7rasa-m4olt9u59myg54,https://down-id.img.susercontent.com/file/id-11134258-822wr-mlx67rtd6r602f,AXIOO HYPE 5 AMD X6 Ryzen 5 6600H 16GB 512GB 14.0FHD IPS Backlit,https://deo.shopeemobile.com/shopee/modules-federation/live/0/shopee__item-card-standard-v2/0.2.8/pc/e4734dab67ee2f9ebd5a.png,Rp,8.999.000,,,5.0,https://deo.shopeemobile.com/shopee/modules-federation/live/0/shopee__item-card-standard-v2/0.2.8/pc/38e203dc86172a6c6560.svg,https://deo.shopeemobile.com/shopee/modules-federation/live/0/shopee__item-card-standard-v2/0.2.8/pc/0614b8f0a8fdde22942d.svg,Besok 12:00,https://deo.shopeemobile.com/shopee/modules-federation/live/0/shopee__item-card-standard-v2/0.2.8/pc/5dd7b4560d0e2d3190e8.svg,Surabaya,11 Terjual,,https://deo.shopeemobile.com/shopee/modules-federation/live/0/shopee__item-card-standard-v2/0.2.8/pc/d7099d3fd1dfdaf705ab.svg,"AXIOO HYPE 5 AMD X6 Ryzen 5 6600H 16GB 512GB 14.0FHD IPS Backlit
Rp
8.999.000
5.0
11 Terjual
Besok 12:00
Surabaya",https://shopee.co.id/AXIOO-HYPE-5-AMD-X6-Ryzen-5-6600H-16GB-512GB-14.0FHD-IPS-Backlit-i.868515270.24190210402?extraParams=%7B%22display_model_id%22%3A227243815530%2C%22model_selection_logic%22%3A3%7D&sp_atk=e90508b3-bad3-4778-9298-b0b2693da004&xptdk=e90508b3-bad3-4778-9298-b0b2693da004
https://down-id.img.susercontent.com/file/id-11134207-7rbkc-m9po9hprf0ua91,https://down-id.img.susercontent.com/file/id-11134258-8224v-mkvw0cu9r7k1a5,"AXIOO HYPE 3 G11 CORE  I3-1125G4 RAM 8GB SSD256 LAYAR 14""FHD IPS",https://deo.shopeemobile.com/shopee/modules-federation/live/0/shopee__item-card-standard-v2/0.2.8/pc/e4734dab67ee2f9ebd5a.png,Rp,6.513.000,-1%,https://deo.shopeemobile.com/shopee/modules-federation/live/0/shopee__item-card-standard-v2/0.2.8/pc/b4d1b8a78b3621dbdf4a.svg,5.0,https://deo.shopeemobile.com/shopee/modules-federation/live/0/shopee__item-card-standard-v2/0.2.8/pc/38e203dc86172a6c6560.svg,https://deo.shopeemobile.com/shopee/modules-federation/live/0/shopee__item-card-standard-v2/0.2.8/pc/0614b8f0a8fdde22942d.svg,Besok 12:00,https://deo.shopeemobile.com/shopee/modules-federation/live/0/shopee__item-card-standard-v2/0.2.8/pc/5dd7b4560d0e2d3190e8.svg,Surabaya,3 Terjual,,https://deo.shopeemobile.com/shopee/modules-federation/live/0/shopee__item-card-standard-v2/0.2.8/pc/d7099d3fd1dfdaf705ab.svg,"AXIOO HYPE 3 G11 CORE I3-1125G4 RAM 8GB SSD256 LAYAR 14""FHD IPS
Rp
6.513.000
-1%
5.0
3 Terjual
Besok 12:00
Surabaya",https://shopee.co.id/AXIOO-HYPE-3-G11-CORE-I3-1125G4-RAM-8GB-SSD256-LAYAR-14-FHD-IPS-i.348905854.27986534220?extraParams=%7B%22display_model_id%22%3A400627086401%2C%22model_selection_logic%22%3A3%7D&sp_atk=7e5cfe94-fb5c-4b1e-80b1-2805153b6cf9&xptdk=7e5cfe94-fb5c-4b1e-80b1-2805153b6cf9
https://down-id.img.susercontent.com/file/id-11134207-8224p-mh7e2vx1nmrs19,https://down-id.img.susercontent.com/file/id-11134258-8224v-mkvw0cu9r7k1a5,"Axioo Hype 5 Ryzen 5 14"" FHD IPS Windows 11",,Rp,6.858.000,,,5.0,https://deo.shopeemobile.com/shopee/modules-federation/live/0/shopee__item-card-standard-v2/0.2.8/pc/38e203dc86172a6c6560.svg,https://deo.shopeemobile.com/shopee/modules-federation/live/0/shopee__item-card-standard-v2/0.2.8/pc/0614b8f0a8fdde22942d.svg,Besok 12:00,https://deo.shopeemobile.com/shopee/modules-federation/live/0/shopee__item-card-standard-v2/0.2.8/pc/5dd7b4560d0e2d3190e8.svg,Surabaya,2 Terjual,,https://deo.shopeemobile.com/shopee/modules-federation/live/0/shopee__item-card-standard-v2/0.2.8/pc/d7099d3fd1dfdaf705ab.svg,"Axioo Hype 5 Ryzen 5 14"" FHD IPS Windows 11
Rp
6.858.000
5.0
2 Terjual
Besok 12:00
Surabaya",https://shopee.co.id/Axioo-Hype-5-Ryzen-5-14-FHD-IPS-Windows-11-i.9026510.52651618777?extraParams=%7B%22display_model_id%22%3A249090875925%2C%22model_selection_logic%22%3A3%7D&sp_atk=12dde194-bc2f-4b3c-b8f3-e6d39c9958f7&xptdk=12dde194-bc2f-4b3c-b8f3-e6d39c9958f7
https://down-id.img.susercontent.com/file/id-11134207-7r98u-lmfw4t2i51yc9b,,AXIOO MYBOOK HYPE 3 INTEL i3 1005G1 8GB 256SSD W11,,Rp,4.950.000,,,5.0,https://deo.shopeemobile.com/shopee/modules-federation/live/0/shopee__item-card-standard-v2/0.2.8/pc/38e203dc86172a6c6560.svg,https://deo.shopeemobile.com/shopee/modules-federation/live/0/shopee__item-card-standard-v2/0.2.8/pc/0614b8f0a8fdde22942d.svg,Besok 11:00,https://deo.shopeemobile.com/shopee/modules-federation/live/0/shopee__item-card-standard-v2/0.2.8/pc/5dd7b4560d0e2d3190e8.svg,Surabaya,41 Terjual,,https://deo.shopeemobile.com/shopee/modules-federation/live/0/shopee__item-card-standard-v2/0.2.8/pc/d7099d3fd1dfdaf705ab.svg,"AXIOO MYBOOK HYPE 3 INTEL i3 1005G1 8GB 256SSD W11
Rp
4.950.000
5.0
41 Terjual
Besok 11:00
Surabaya",https://shopee.co.id/AXIOO-MYBOOK-HYPE-3-INTEL-i3-1005G1-8GB-256SSD-W11-i.1058807.22456744877?extraParams=%7B%22display_model_id%22%3A184627952140%2C%22model_selection_logic%22%3A3%7D&sp_atk=b03fc8f6-a5f5-4b85-8688-e50e0ff2757b&xptdk=b03fc8f6-a5f5-4b85-8688-e50e0ff2757b
https://down-id.img.susercontent.com/file/id-11134207-7ra0h-mcixvqkee2t4b9,https://down-id.img.susercontent.com/file/id-11134258-8224q-mkvvibsp8oowa6,Axioo Laptop Hype 5 AMD X5-2 Ryzen 5-7430U/16GB/256GB/FHD IPS - Windows 11,https://deo.shopeemobile.com/shopee/modules-federation/live/0/shopee__item-card-standard-v2/0.2.8/pc/7c9110f78e069acbced7.png,Rp,8.769.000,-26%,,4.9,https://deo.shopeemobile.com/shopee/modules-federation/live/0/shopee__item-card-standard-v2/0.2.8/pc/38e203dc86172a6c6560.svg,https://deo.shopeemobile.com/shopee/modules-federation/live/0/shopee__item-card-standard-v2/0.2.8/pc/0614b8f0a8fdde22942d.svg,< 2 Hari,https://deo.shopeemobile.com/shopee/modules-federation/live/0/shopee__item-card-standard-v2/0.2.8/pc/5dd7b4560d0e2d3190e8.svg,Jakarta Timur,289 Terjual,Pilih Lokal,https://deo.shopeemobile.com/shopee/modules-federation/live/0/shopee__item-card-standard-v2/0.2.8/pc/d7099d3fd1dfdaf705ab.svg,"Axioo Laptop Hype 5 AMD X5-2 Ryzen 5-7430U/16GB/256GB/FHD IPS - Windows 11
Rp
8.769.000
-26%
Pilih Lokal
4.9
289 Terjual
< 2 Hari
Jakarta Timur",https://shopee.co.id/Axioo-Laptop-Hype-5-AMD-X5-2-Ryzen-5-7430U-16GB-256GB-FHD-IPS-Windows-11-i.14454427.27104616664?extraParams=%7B%22display_model_id%22%3A370728936132%2C%22model_selection_logic%22%3A3%7D&sp_atk=422b85d1-6bc3-407e-8f03-ce4663712b21&xptdk=422b85d1-6bc3-407e-8f03-ce4663712b21
https://down-id.img.susercontent.com/file/id-11134207-82251-mk4pcgtex69z41,https://down-id.img.susercontent.com/file/id-11134258-8224v-mkvw0cu9r7k1a5,LAPTOP SEKOLAH AXIOO INTEL CELERON HYPE RAM 8GB SSD 384GB W11 14.0 HD,https://deo.shopeemobile.com/shopee/modules-federation/live/0/shopee__item-card-standard-v2/0.2.8/pc/7c9110f78e069acbced7.png,Rp,3.703.000,-54%,https://deo.shopeemobile.com/shopee/modules-federation/live/0/shopee__item-card-standard-v2/0.2.8/pc/b4d1b8a78b3621dbdf4a.svg,4.9,https://deo.shopeemobile.com/shopee/modules-federation/live/0/shopee__item-card-standard-v2/0.2.8/pc/38e203dc86172a6c6560.svg,https://deo.shopeemobile.com/shopee/modules-federation/live/0/shopee__item-card-standard-v2/0.2.8/pc/0614b8f0a8fdde22942d.svg,< 2 Hari,https://deo.shopeemobile.com/shopee/modules-federation/live/0/shopee__item-card-standard-v2/0.2.8/pc/5dd7b4560d0e2d3190e8.svg,Jakarta Utara,766 Terjual,Cicilan,https://deo.shopeemobile.com/shopee/modules-federation/live/0/shopee__item-card-standard-v2/0.2.8/pc/d7099d3fd1dfdaf705ab.svg,"LAPTOP SEKOLAH AXIOO INTEL CELERON HYPE RAM 8GB SSD 384GB W11 14.0 HD
Rp
3.703.000
-54%
Cicilan
Kombo Hemat
4.9
766 Terjual
< 2 Hari
Jakarta Utara",https://shopee.co.id/LAPTOP-SEKOLAH-AXIOO-INTEL-CELERON-HYPE-RAM-8GB-SSD-384GB-W11-14.0-HD-i.608012662.15910009426?extraParams=%7B%22display_model_id%22%3A277418083638%2C%22model_selection_logic%22%3A3%7D&sp_atk=fc09b37a-f945-4533-b390-8cb70bed66a4&xptdk=fc09b37a-f945-4533-b390-8cb70bed66a4
https://down-id.img.susercontent.com/file/id-11134207-7ra0n-mdfwqy2n3pfz24,https://down-id.img.susercontent.com/file/id-11134258-8224v-mkvw0cu9r7k1a5,Axioo Hype 5 i5 1235U 16GB 512GB Windows 11,https://deo.shopeemobile.com/shopee/modules-federation/live/0/shopee__item-card-standard-v2/0.2.8/pc/e4734dab67ee2f9ebd5a.png,Rp,4.199.000,,,4.9,https://deo.shopeemobile.com/shopee/modules-federation/live/0/shopee__item-card-standard-v2/0.2.8/pc/38e203dc86172a6c6560.svg,https://deo.shopeemobile.com/shopee/modules-federation/live/0/shopee__item-card-standard-v2/0.2.8/pc/0614b8f0a8fdde22942d.svg,< 2 Hari,https://deo.shopeemobile.com/shopee/modules-federation/live/0/shopee__item-card-standard-v2/0.2.8/pc/5dd7b4560d0e2d3190e8.svg,Jakarta Selatan,41 Terjual,Kombo Hemat,https://deo.shopeemobile.com/shopee/modules-federation/live/0/shopee__item-card-standard-v2/0.2.8/pc/d7099d3fd1dfdaf705ab.svg,"Axioo Hype 5 i5 1235U 16GB 512GB Windows 11
Rp
4.199.000
Kombo Hemat
4.9
41 Terjual
< 2 Hari
Jakarta Selatan",https://shopee.co.id/Axioo-Hype-5-i5-1235U-16GB-512GB-Windows-11-i.1552037264.41552892120?extraParams=%7B%22display_model_id%22%3A425622602350%2C%22model_selection_logic%22%3A3%7D&sp_atk=67e881d3-e354-4525-961c-5f564b25bdcf&xptdk=67e881d3-e354-4525-961c-5f564b25bdcf
https://down-id.img.susercontent.com/file/sg-11134201-7rfh4-m9i4w0c3n4b52c,https://down-id.img.susercontent.com/file/id-11134258-8224v-mkvw0cu9r7k1a5,"LAPTOP AXIOO HYPE 5 INTEL CORE I5 1035G4 16GB 512GB 1tb SSD 14"" FHD W11 OHS",,Rp,4.100.000,,,,https://deo.shopeemobile.com/shopee/modules-federation/live/0/shopee__item-card-standard-v2/0.2.8/pc/38e203dc86172a6c6560.svg,https://deo.shopeemobile.com/shopee/modules-federation/live/0/shopee__item-card-standard-v2/0.2.8/pc/0614b8f0a8fdde22942d.svg,< 2 Hari,https://deo.shopeemobile.com/shopee/modules-federation/live/0/shopee__item-card-standard-v2/0.2.8/pc/5dd7b4560d0e2d3190e8.svg,Malang,1 Terjual,,https://deo.shopeemobile.com/shopee/modules-federation/live/0/shopee__item-card-standard-v2/0.2.8/pc/0614b8f0a8fdde22942d.svg,"LAPTOP AXIOO HYPE 5 INTEL CORE I5 1035G4 16GB 512GB 1tb SSD 14"" FHD W11 OHS
Rp
4.100.000
1 Terjual
< 2 Hari
Malang",https://shopee.co.id/LAPTOP-AXIOO-HYPE-5-INTEL-CORE-I5-1035G4-16GB-512GB-1tb-SSD-14-FHD-W11-OHS-i.44435356.42100111180?extraParams=%7B%22display_model_id%22%3A270008836679%2C%22model_selection_logic%22%3A3%7D&sp_atk=a9ccf111-e850-441c-9909-a98045fe83c3&xptdk=a9ccf111-e850-441c-9909-a98045fe83c3
https://down-id.img.susercontent.com/file/id-11134207-822wo-mlbz0ut4s6is15,https://down-id.img.susercontent.com/file/id-11134258-8224v-mkvw0cu9r7k1a5,AXIOO HYPE 7 AMD X7-2 RYZEN 7 5825 8GB 512GB 14.0FHD IPS BLIT HDMI Windows 11,https://deo.shopeemobile.com/shopee/modules-federation/live/0/shopee__item-card-standard-v2/0.2.8/pc/7c9110f78e069acbced7.png,Rp,8.073.000,-4%,https://deo.shopeemobile.com/shopee/modules-federation/live/0/shopee__item-card-standard-v2/0.2.8/pc/b4d1b8a78b3621dbdf4a.svg,5.0,https://deo.shopeemobile.com/shopee/modules-federation/live/0/shopee__item-card-standard-v2/0.2.8/pc/38e203dc86172a6c6560.svg,https://deo.shopeemobile.com/shopee/modules-federation/live/0/shopee__item-card-standard-v2/0.2.8/pc/0614b8f0a8fdde22942d.svg,Besok 12:00,https://deo.shopeemobile.com/shopee/modules-federation/live/0/shopee__item-card-standard-v2/0.2.8/pc/5dd7b4560d0e2d3190e8.svg,Surabaya,36 Terjual,,https://deo.shopeemobile.com/shopee/modules-federation/live/0/shopee__item-card-standard-v2/0.2.8/pc/d7099d3fd1dfdaf705ab.svg,"AXIOO HYPE 7 AMD X7-2 RYZEN 7 5825 8GB 512GB 14.0FHD IPS BLIT HDMI Windows 11
Rp
8.073.000
-4%
5.0
36 Terjual
Besok 12:00
Surabaya",https://shopee.co.id/AXIOO-HYPE-7-AMD-X7-2-RYZEN-7-5825-8GB-512GB-14.0FHD-IPS-BLIT-HDMI-Windows-11-i.1039970542.29219713500?extraParams=%7B%22display_model_id%22%3A89706090698%2C%22model_selection_logic%22%3A3%7D&sp_atk=79928503-507e-4b49-9baa-e538b123fbcc&xptdk=79928503-507e-4b49-9baa-e538b123fbcc
https://down-id.img.susercontent.com/file/id-11134207-8224p-mgz6kgd8dl3i62,https://down-id.img.susercontent.com/file/id-11134258-8224v-mkvw0cu9r7k1a5,Axioo MyBook Hype 3 G11 Core i3-1125G4 16GB / 8GB 256GB SSD Windows 11 FREE ADP,https://deo.shopeemobile.com/shopee/modules-federation/live/0/shopee__item-card-standard-v2/0.2.8/pc/e4734dab67ee2f9ebd5a.png,Rp,7.303.000,,,5.0,https://deo.shopeemobile.com/shopee/modules-federation/live/0/shopee__item-card-standard-v2/0.2.8/pc/38e203dc86172a6c6560.svg,https://deo.shopeemobile.com/shopee/modules-federation/live/0/shopee__item-card-standard-v2/0.2.8/pc/0614b8f0a8fdde22942d.svg,Besok 11:00,https://deo.shopeemobile.com/shopee/modules-federation/live/0/shopee__item-card-standard-v2/0.2.8/pc/5dd7b4560d0e2d3190e8.svg,Surabaya,20 Terjual,,https://deo.shopeemobile.com/shopee/modules-federation/live/0/shopee__item-card-standard-v2/0.2.8/pc/d7099d3fd1dfdaf705ab.svg,"Axioo MyBook Hype 3 G11 Core i3-1125G4 16GB / 8GB 256GB SSD Windows 11 FREE ADP
Rp
7.303.000
5.0
20 Terjual
Besok 11:00
Surabaya",https://shopee.co.id/Axioo-MyBook-Hype-3-G11-Core-i3-1125G4-16GB-8GB-256GB-SSD-Windows-11-FREE-ADP-i.96950295.20891233518?extraParams=%7B%22display_model_id%22%3A245207151669%2C%22model_selection_logic%22%3A3%7D&sp_atk=5f6e7788-d14d-4b24-82a2-1fd03e52a53d&xptdk=5f6e7788-d14d-4b24-82a2-1fd03e52a53d
https://down-id.img.susercontent.com/file/id-11134207-8224x-mkerr1urqps6d4,https://down-id.img.susercontent.com/file/id-11134258-822wr-mlx5y0tebegw04,Laptop Axioo Hype 10 Hype 1 N4020 8GB 512SSD 14 inch Windows 11 OHS,https://deo.shopeemobile.com/shopee/modules-federation/live/0/shopee__item-card-standard-v2/0.2.8/pc/e4734dab67ee2f9ebd5a.png,Rp,3.554.000,-4%,https://deo.shopeemobile.com/shopee/modules-federation/live/0/shopee__item-card-standard-v2/0.2.8/pc/b4d1b8a78b3621dbdf4a.svg,5.0,https://deo.shopeemobile.com/shopee/modules-federation/live/0/shopee__item-card-standard-v2/0.2.8/pc/38e203dc86172a6c6560.svg,https://deo.shopeemobile.com/shopee/modules-federation/live/0/shopee__item-card-standard-v2/0.2.8/pc/0614b8f0a8fdde22942d.svg,< 2 Hari,https://deo.shopeemobile.com/shopee/modules-federation/live/0/shopee__item-card-standard-v2/0.2.8/pc/5dd7b4560d0e2d3190e8.svg,Jakarta Selatan,57 Terjual,Cicilan,https://deo.shopeemobile.com/shopee/modules-federation/live/0/shopee__item-card-standard-v2/0.2.8/pc/d7099d3fd1dfdaf705ab.svg,"Laptop Axioo Hype 10 Hype 1 N4020 8GB 512SSD 14 inch Windows 11 OHS
Rp
3.554.000
-4%
Cicilan
Hadiah Gratis
5.0
57 Terjual
< 2 Hari
Jakarta Selatan",https://shopee.co.id/Laptop-Axioo-Hype-10-Hype-1-N4020-8GB-512SSD-14-inch-Windows-11-OHS-i.217781231.7779396766?extraParams=%7B%22display_model_id%22%3A195302395321%2C%22model_selection_logic%22%3A3%7D&sp_atk=da0032a9-190e-4795-85f0-c1a31fec24ea&xptdk=da0032a9-190e-4795-85f0-c1a31fec24ea
https://down-id.img.susercontent.com/file/id-11134207-7r98r-lsnyaz0n9mkda1,,AXIOO HYPE 5 RYZEN 5 5500U 8GB 256SSD WINDOWS,,Rp,7.450.000,,,4.9,https://deo.shopeemobile.com/shopee/modules-federation/live/0/shopee__item-card-standard-v2/0.2.8/pc/38e203dc86172a6c6560.svg,https://deo.shopeemobile.com/shopee/modules-federation/live/0/shopee__item-card-standard-v2/0.2.8/pc/0614b8f0a8fdde22942d.svg,Besok 11:00,https://deo.shopeemobile.com/shopee/modules-federation/live/0/shopee__item-card-standard-v2/0.2.8/pc/5dd7b4560d0e2d3190e8.svg,Surabaya,83 Terjual,Cicilan,https://deo.shopeemobile.com/shopee/modules-federation/live/0/shopee__item-card-standard-v2/0.2.8/pc/d7099d3fd1dfdaf705ab.svg,"AXIOO HYPE 5 RYZEN 5 5500U 8GB 256SSD WINDOWS
Rp
7.450.000
Cicilan
4.9
83 Terjual
Besok 11:00
Surabaya",https://shopee.co.id/AXIOO-HYPE-5-RYZEN-5-5500U-8GB-256SSD-WINDOWS-i.1058807.4748557014?extraParams=%7B%22display_model_id%22%3A148544147778%2C%22model_selection_logic%22%3A3%7D&sp_atk=670210b5-a865-4f47-a013-9d38143d44f5&xptdk=670210b5-a865-4f47-a013-9d38143d44f5
https://down-id.img.susercontent.com/file/id-11134207-82252-mfwgvcw7q61919,https://down-id.img.susercontent.com/file/id-11134258-822wr-mlx5y0tebegw04,Laptop Axioo Hype 5 X3 AMD Ryzen 5 3500 32GB 1TB 14 Inch FHD IPS,https://deo.shopeemobile.com/shopee/modules-federation/live/0/shopee__item-card-standard-v2/0.2.8/pc/e4734dab67ee2f9ebd5a.png,Rp,6.293.000,-2%,https://deo.shopeemobile.com/shopee/modules-federation/live/0/shopee__item-card-standard-v2/0.2.8/pc/b4d1b8a78b3621dbdf4a.svg,4.9,https://deo.shopeemobile.com/shopee/modules-federation/live/0/shopee__item-card-standard-v2/0.2.8/pc/38e203dc86172a6c6560.svg,https://deo.shopeemobile.com/shopee/modules-federation/live/0/shopee__item-card-standard-v2/0.2.8/pc/0614b8f0a8fdde22942d.svg,< 2 Hari,https://deo.shopeemobile.com/shopee/modules-federation/live/0/shopee__item-card-standard-v2/0.2.8/pc/5dd7b4560d0e2d3190e8.svg,Jakarta Selatan,489 Terjual,Hadiah Gratis,https://deo.shopeemobile.com/shopee/modules-federation/live/0/shopee__item-card-standard-v2/0.2.8/pc/d7099d3fd1dfdaf705ab.svg,"Laptop Axioo Hype 5 X3 AMD Ryzen 5 3500 32GB 1TB 14 Inch FHD IPS
Rp
6.293.000
-2%
Hadiah Gratis
4.9
489 Terjual
< 2 Hari
Jakarta Selatan",https://shopee.co.id/Laptop-Axioo-Hype-5-X3-AMD-Ryzen-5-3500-32GB-1TB-14-Inch-FHD-IPS-i.256652736.23053010070?extraParams=%7B%22display_model_id%22%3A127692597095%2C%22model_selection_logic%22%3A3%7D&sp_atk=0682fd97-9ff4-438a-9407-c24fbb3e0306&xptdk=0682fd97-9ff4-438a-9407-c24fbb3e0306
https://down-id.img.susercontent.com/file/id-11134207-7rask-m251v4xfu3ug7e,,AXIOO MYBOOK HYPE 5 INTEL i5 1235U 16GB 256SSD W11,,Rp,7.750.000,,,5.0,https://deo.shopeemobile.com/shopee/modules-federation/live/0/shopee__item-card-standard-v2/0.2.8/pc/38e203dc86172a6c6560.svg,https://deo.shopeemobile.com/shopee/modules-federation/live/0/shopee__item-card-standard-v2/0.2.8/pc/0614b8f0a8fdde22942d.svg,Besok 11:00,https://deo.shopeemobile.com/shopee/modules-federation/live/0/shopee__item-card-standard-v2/0.2.8/pc/5dd7b4560d0e2d3190e8.svg,Surabaya,10 Terjual,,https://deo.shopeemobile.com/shopee/modules-federation/live/0/shopee__item-card-standard-v2/0.2.8/pc/d7099d3fd1dfdaf705ab.svg,"AXIOO MYBOOK HYPE 5 INTEL i5 1235U 16GB 256SSD W11
Rp
7.750.000
5.0
10 Terjual
Besok 11:00
Surabaya",https://shopee.co.id/AXIOO-MYBOOK-HYPE-5-INTEL-i5-1235U-16GB-256SSD-W11-i.1058807.17196257493?extraParams=%7B%22display_model_id%22%3A246941709581%2C%22model_selection_logic%22%3A3%7D&sp_atk=9847b51a-aea4-47f8-bf52-1aa8c147b7df&xptdk=9847b51a-aea4-47f8-bf52-1aa8c147b7df
https://down-id.img.susercontent.com/file/id-11134207-7rasb-m2duo72qkz4333,https://down-id.img.susercontent.com/file/id-11134258-8224v-mkvw0cu9r7k1a5,LAPTOP AXIOO HYPE 5 AMD X3 RYZEN 5 3500U 8GB RAM 256GB SSD WINDOWS 11,https://deo.shopeemobile.com/shopee/modules-federation/live/0/shopee__item-card-standard-v2/0.2.8/pc/7c9110f78e069acbced7.png,Rp,6.293.000,-2%,https://deo.shopeemobile.com/shopee/modules-federation/live/0/shopee__item-card-standard-v2/0.2.8/pc/b4d1b8a78b3621dbdf4a.svg,5.0,https://deo.shopeemobile.com/shopee/modules-federation/live/0/shopee__item-card-standard-v2/0.2.8/pc/38e203dc86172a6c6560.svg,https://deo.shopeemobile.com/shopee/modules-federation/live/0/shopee__item-card-standard-v2/0.2.8/pc/0614b8f0a8fdde22942d.svg,< 2 Hari,https://deo.shopeemobile.com/shopee/modules-federation/live/0/shopee__item-card-standard-v2/0.2.8/pc/5dd7b4560d0e2d3190e8.svg,Depok,166 Terjual,,https://deo.shopeemobile.com/shopee/modules-federation/live/0/shopee__item-card-standard-v2/0.2.8/pc/d7099d3fd1dfdaf705ab.svg,"LAPTOP AXIOO HYPE 5 AMD X3 RYZEN 5 3500U 8GB RAM 256GB SSD WINDOWS 11
Rp
6.293.000
-2%
5.0
166 Terjual
< 2 Hari
Depok",https://shopee.co.id/LAPTOP-AXIOO-HYPE-5-AMD-X3-RYZEN-5-3500U-8GB-RAM-256GB-SSD-WINDOWS-11-i.1367937206.28767101445?extraParams=%7B%22display_model_id%22%3A119315163836%2C%22model_selection_logic%22%3A3%7D&sp_atk=5e2cea73-d900-49bb-85cd-b3bbaae746f8&xptdk=5e2cea73-d900-49bb-85cd-b3bbaae746f8
https://down-id.img.susercontent.com/file/id-11134207-8224v-mghpyvcw11xr04,https://down-id.img.susercontent.com/file/id-11134258-8224v-mkvw0cu9r7k1a5,Axioo Laptop Hype 5 AMD X5-2 Lollipop Edition AMD Ryzen 5 7430U/8GB/256GB/FHD IPS - Windows 11,https://deo.shopeemobile.com/shopee/modules-federation/live/0/shopee__item-card-standard-v2/0.2.8/pc/7c9110f78e069acbced7.png,Rp,7.719.000,-26%,,4.9,https://deo.shopeemobile.com/shopee/modules-federation/live/0/shopee__item-card-standard-v2/0.2.8/pc/38e203dc86172a6c6560.svg,https://deo.shopeemobile.com/shopee/modules-federation/live/0/shopee__item-card-standard-v2/0.2.8/pc/0614b8f0a8fdde22942d.svg,< 2 Hari,https://deo.shopeemobile.com/shopee/modules-federation/live/0/shopee__item-card-standard-v2/0.2.8/pc/5dd7b4560d0e2d3190e8.svg,Jakarta Timur,339 Terjual,,https://deo.shopeemobile.com/shopee/modules-federation/live/0/shopee__item-card-standard-v2/0.2.8/pc/d7099d3fd1dfdaf705ab.svg,"Axioo Laptop Hype 5 AMD X5-2 Lollipop Edition AMD Ryzen 5 7430U/8GB/256GB/FHD IPS - Windows 11
Rp
7.719.000
-26%
4.9
339 Terjual
< 2 Hari
Jakarta Timur",https://shopee.co.id/Axioo-Laptop-Hype-5-AMD-X5-2-Lollipop-Edition-AMD-Ryzen-5-7430U-8GB-256GB-FHD-IPS-Windows-11-i.14454427.27318018876?extraParams=%7B%22display_model_id%22%3A315729525642%2C%22model_selection_logic%22%3A3%7D&sp_atk=b34772e7-5737-45d7-b8fd-d79b888e4ed5&xptdk=b34772e7-5737-45d7-b8fd-d79b888e4ed5
https://down-id.img.susercontent.com/file/id-11134207-81ztp-mdzrdqm7gdms5d,https://down-id.img.susercontent.com/file/id-11134258-8224v-mkvw0cu9r7k1a5,Axioo MyBook Hype 5 X3 AMD Ryzen 5 3500U 16GB / 8GB RAM 256GB SSD Windows 11 Original Laptop Pink Purple Blue LOLLIPOP,https://deo.shopeemobile.com/shopee/modules-federation/live/0/shopee__item-card-standard-v2/0.2.8/pc/7c9110f78e069acbced7.png,Rp,7.313.000,,,5.0,https://deo.shopeemobile.com/shopee/modules-federation/live/0/shopee__item-card-standard-v2/0.2.8/pc/38e203dc86172a6c6560.svg,https://deo.shopeemobile.com/shopee/modules-federation/live/0/shopee__item-card-standard-v2/0.2.8/pc/0614b8f0a8fdde22942d.svg,Besok 11:00,https://deo.shopeemobile.com/shopee/modules-federation/live/0/shopee__item-card-standard-v2/0.2.8/pc/5dd7b4560d0e2d3190e8.svg,Surabaya,57 Terjual,,https://deo.shopeemobile.com/shopee/modules-federation/live/0/shopee__item-card-standard-v2/0.2.8/pc/d7099d3fd1dfdaf705ab.svg,"Axioo MyBook Hype 5 X3 AMD Ryzen 5 3500U 16GB / 8GB RAM 256GB SSD Windows 11 Original Laptop Pink Purple Blue LOLLIPOP
Rp
7.313.000
5.0
57 Terjual
Besok 11:00
Surabaya",https://shopee.co.id/Axioo-MyBook-Hype-5-X3-AMD-Ryzen-5-3500U-16GB-8GB-RAM-256GB-SSD-Windows-11-Original-Laptop-Pink-Purple-Blue-LOLLIPOP-i.26681244.27227285069?extraParams=%7B%22display_model_id%22%3A296157250233%2C%22model_selection_logic%22%3A3%7D&sp_atk=86f3db51-7c64-43a6-818b-365510428d79&xptdk=86f3db51-7c64-43a6-818b-365510428d79
https://down-id.img.susercontent.com/file/id-11134207-8224p-mfry95veje2wb7,https://down-id.img.susercontent.com/file/id-11134258-8224v-mkvw0cu9r7k1a5,"Axioo Hype 5 X5-2 Ryzen 5 32GB 1TB 14"" FHD IPS",https://deo.shopeemobile.com/shopee/modules-federation/live/0/shopee__item-card-standard-v2/0.2.8/pc/e4734dab67ee2f9ebd5a.png,Rp,7.358.000,-1%,https://deo.shopeemobile.com/shopee/modules-federation/live/0/shopee__item-card-standard-v2/0.2.8/pc/b4d1b8a78b3621dbdf4a.svg,5.0,https://deo.shopeemobile.com/shopee/modules-federation/live/0/shopee__item-card-standard-v2/0.2.8/pc/38e203dc86172a6c6560.svg,https://deo.shopeemobile.com/shopee/modules-federation/live/0/shopee__item-card-standard-v2/0.2.8/pc/0614b8f0a8fdde22942d.svg,< 2 Hari,https://deo.shopeemobile.com/shopee/modules-federation/live/0/shopee__item-card-standard-v2/0.2.8/pc/5dd7b4560d0e2d3190e8.svg,Jakarta Selatan,277 Terjual,Hadiah Gratis,https://deo.shopeemobile.com/shopee/modules-federation/live/0/shopee__item-card-standard-v2/0.2.8/pc/d7099d3fd1dfdaf705ab.svg,"Axioo Hype 5 X5-2 Ryzen 5 32GB 1TB 14"" FHD IPS
Rp
7.358.000
-1%
Hadiah Gratis
5.0
277 Terjual
< 2 Hari
Jakarta Selatan",https://shopee.co.id/Axioo-Hype-5-X5-2-Ryzen-5-32GB-1TB-14-FHD-IPS-i.256652736.10869429070?extraParams=%7B%22display_model_id%22%3A214913381831%2C%22model_selection_logic%22%3A3%7D&sp_atk=0682f579-cbdc-4be5-b0bc-81acff59aa93&xptdk=0682f579-cbdc-4be5-b0bc-81acff59aa93
https://down-id.img.susercontent.com/file/id-11134207-7rasl-m1tozb6aspu70c,https://down-id.img.susercontent.com/file/id-11134258-8224v-mkvw0cu9r7k1a5,Axioo Hype 5 G12 i5 16GB 512GB SSD Win11 IPS,https://deo.shopeemobile.com/shopee/modules-federation/live/0/shopee__item-card-standard-v2/0.2.8/pc/e4734dab67ee2f9ebd5a.png,Rp,4.196.000,-1%,https://deo.shopeemobile.com/shopee/modules-federation/live/0/shopee__item-card-standard-v2/0.2.8/pc/b4d1b8a78b3621dbdf4a.svg,5.0,https://deo.shopeemobile.com/shopee/modules-federation/live/0/shopee__item-card-standard-v2/0.2.8/pc/38e203dc86172a6c6560.svg,https://deo.shopeemobile.com/shopee/modules-federation/live/0/shopee__item-card-standard-v2/0.2.8/pc/0614b8f0a8fdde22942d.svg,< 2 Hari,https://deo.shopeemobile.com/shopee/modules-federation/live/0/shopee__item-card-standard-v2/0.2.8/pc/5dd7b4560d0e2d3190e8.svg,Depok,63 Terjual,,https://deo.shopeemobile.com/shopee/modules-federation/live/0/shopee__item-card-standard-v2/0.2.8/pc/d7099d3fd1dfdaf705ab.svg,"Axioo Hype 5 G12 i5 16GB 512GB SSD Win11 IPS
Rp
4.196.000
-1%
5.0
63 Terjual
< 2 Hari
Depok",https://shopee.co.id/Axioo-Hype-5-G12-i5-16GB-512GB-SSD-Win11-IPS-i.445258003.27315511720?extraParams=%7B%22display_model_id%22%3A307293311680%2C%22model_selection_logic%22%3A3%7D&sp_atk=51858224-39b0-4d44-bbc6-74e4dc2aa7d2&xptdk=51858224-39b0-4d44-bbc6-74e4dc2aa7d2
https://down-id.img.susercontent.com/file/id-11134207-7rbk9-m6j742tvw1m27e,https://down-id.img.susercontent.com/file/id-11134258-8224v-mkvw0cu9r7k1a5,"Axioo MYBOOK HYPE 3 14"" ; i3-1125G4; 8GB; 256GB NVME; WIN 11 + OPI",https://deo.shopeemobile.com/shopee/modules-federation/live/0/shopee__item-card-standard-v2/0.2.8/pc/a425c915798471b33e5d.png,Rp,6.999.000,,,5.0,https://deo.shopeemobile.com/shopee/modules-federation/live/0/shopee__item-card-standard-v2/0.2.8/pc/38e203dc86172a6c6560.svg,https://deo.shopeemobile.com/shopee/modules-federation/live/0/shopee__item-card-standard-v2/0.2.8/pc/0614b8f0a8fdde22942d.svg,< 2 Hari,https://deo.shopeemobile.com/shopee/modules-federation/live/0/shopee__item-card-standard-v2/0.2.8/pc/5dd7b4560d0e2d3190e8.svg,Yogyakarta,9 Terjual,,https://deo.shopeemobile.com/shopee/modules-federation/live/0/shopee__item-card-standard-v2/0.2.8/pc/d7099d3fd1dfdaf705ab.svg,"Axioo MYBOOK HYPE 3 14"" ; i3-1125G4; 8GB; 256GB NVME; WIN 11 + OPI
Rp
6.999.000
5.0
9 Terjual
< 2 Hari
Yogyakarta",https://shopee.co.id/Axioo-MYBOOK-HYPE-3-14-i3-1125G4-8GB-256GB-NVME-WIN-11-OPI-i.259775845.27127014660?extraParams=%7B%22display_model_id%22%3A89759529601%2C%22model_selection_logic%22%3A3%7D&sp_atk=97e7e302-53b0-47f3-a9e1-6b85ebb36505&xptdk=97e7e302-53b0-47f3-a9e1-6b85ebb36505
https://down-id.img.susercontent.com/file/id-11134207-7rbk5-m9o0r5fx98k25c,https://down-id.img.susercontent.com/file/id-11134258-822wr-mlx5y0tebegw04,Laptop Murah Axioo Mybook Hype 1 Ram 8gb 512gb Ssd 14 inch Windows 11 Original,https://deo.shopeemobile.com/shopee/modules-federation/live/0/shopee__item-card-standard-v2/0.2.8/pc/e4734dab67ee2f9ebd5a.png,Rp,4.198.000,-1%,https://deo.shopeemobile.com/shopee/modules-federation/live/0/shopee__item-card-standard-v2/0.2.8/pc/b4d1b8a78b3621dbdf4a.svg,5.0,https://deo.shopeemobile.com/shopee/modules-federation/live/0/shopee__item-card-standard-v2/0.2.8/pc/38e203dc86172a6c6560.svg,https://deo.shopeemobile.com/shopee/modules-federation/live/0/shopee__item-card-standard-v2/0.2.8/pc/0614b8f0a8fdde22942d.svg,< 2 Hari,https://deo.shopeemobile.com/shopee/modules-federation/live/0/shopee__item-card-standard-v2/0.2.8/pc/5dd7b4560d0e2d3190e8.svg,Depok,111 Terjual,,https://deo.shopeemobile.com/shopee/modules-federation/live/0/shopee__item-card-standard-v2/0.2.8/pc/d7099d3fd1dfdaf705ab.svg,"Laptop Murah Axioo Mybook Hype 1 Ram 8gb 512gb Ssd 14 inch Windows 11 Original
Rp
4.198.000
-1%
5.0
111 Terjual
< 2 Hari
Depok",https://shopee.co.id/Laptop-Murah-Axioo-Mybook-Hype-1-Ram-8gb-512gb-Ssd-14-inch-Windows-11-Original-i.714573455.18432656517?extraParams=%7B%22display_model_id%22%3A128878802877%2C%22model_selection_logic%22%3A3%7D&sp_atk=8346dfe5-a821-4e88-824c-6a08f2125fc8&xptdk=8346dfe5-a821-4e88-824c-6a08f2125fc8
https://down-id.img.susercontent.com/file/id-11134207-8224q-mikkcub5dzwi6d,https://down-id.img.susercontent.com/file/id-11134258-8224v-mkvw0cu9r7k1a5,Axioo Hype 5 Ryzen 5 8GB 256GB FHD IPS Windows 11,https://deo.shopeemobile.com/shopee/modules-federation/live/0/shopee__item-card-standard-v2/0.2.8/pc/a425c915798471b33e5d.png,Rp,6.578.900,,,,https://deo.shopeemobile.com/shopee/modules-federation/live/0/shopee__item-card-standard-v2/0.2.8/pc/38e203dc86172a6c6560.svg,https://deo.shopeemobile.com/shopee/modules-federation/live/0/shopee__item-card-standard-v2/0.2.8/pc/0614b8f0a8fdde22942d.svg,Besok,https://deo.shopeemobile.com/shopee/modules-federation/live/0/shopee__item-card-standard-v2/0.2.8/pc/5dd7b4560d0e2d3190e8.svg,Surabaya,Besok,Produk Baru,https://deo.shopeemobile.com/shopee/modules-federation/live/0/shopee__item-card-standard-v2/0.2.8/pc/0614b8f0a8fdde22942d.svg,"Axioo Hype 5 Ryzen 5 8GB 256GB FHD IPS Windows 11
Rp
6.578.900
Produk Baru
Besok
Surabaya",https://shopee.co.id/Axioo-Hype-5-Ryzen-5-8GB-256GB-FHD-IPS-Windows-11-i.1699994016.54753476514?extraParams=%7B%22display_model_id%22%3A425516873799%2C%22model_selection_logic%22%3A3%7D&sp_atk=263b2651-c391-4b28-9529-5806e9fcaa1d&xptdk=263b2651-c391-4b28-9529-5806e9fcaa1d
https://down-id.img.susercontent.com/file/id-11134207-8224o-mk7nforoadq98e,https://down-id.img.susercontent.com/file/id-11134258-8224v-mkvw0cu9r7k1a5,LAPTOP AXIOO HYPE 10/ HYPE X CORE N4020 8GB 256GB SSD W11 14.0,https://deo.shopeemobile.com/shopee/modules-federation/live/0/shopee__item-card-standard-v2/0.2.8/pc/a425c915798471b33e5d.png,Rp,4.210.000,,,,https://deo.shopeemobile.com/shopee/modules-federation/live/0/shopee__item-card-standard-v2/0.2.8/pc/38e203dc86172a6c6560.svg,https://deo.shopeemobile.com/shopee/modules-federation/live/0/shopee__item-card-standard-v2/0.2.8/pc/0614b8f0a8fdde22942d.svg,Besok 12:00,https://deo.shopeemobile.com/shopee/modules-federation/live/0/shopee__item-card-standard-v2/0.2.8/pc/5dd7b4560d0e2d3190e8.svg,Surabaya,1 Terjual,,https://deo.shopeemobile.com/shopee/modules-federation/live/0/shopee__item-card-standard-v2/0.2.8/pc/0614b8f0a8fdde22942d.svg,"LAPTOP AXIOO HYPE 10/ HYPE X CORE N4020 8GB 256GB SSD W11 14.0
Rp
4.210.000
1 Terjual
Besok 12:00
Surabaya",https://shopee.co.id/LAPTOP-AXIOO-HYPE-10-HYPE-X-CORE-N4020-8GB-256GB-SSD-W11-14.0-i.1699994016.56455720254?extraParams=%7B%22display_model_id%22%3A330574877597%2C%22model_selection_logic%22%3A3%7D&sp_atk=d46a21ab-9191-425f-8981-71a77931d05d&xptdk=d46a21ab-9191-425f-8981-71a77931d05d
https://down-id.img.susercontent.com/file/id-11134207-82252-mgz6851f29lbcc,https://down-id.img.susercontent.com/file/id-11134258-8224v-mkvw0cu9r7k1a5,Axioo Intel Core i3 1125G4 16GB / 8GB RAM | 512GB / 256GB SSD Hype 3 G11 Windows 11,https://deo.shopeemobile.com/shopee/modules-federation/live/0/shopee__item-card-standard-v2/0.2.8/pc/7c9110f78e069acbced7.png,Rp,7.303.000,,,5.0,https://deo.shopeemobile.com/shopee/modules-federation/live/0/shopee__item-card-standard-v2/0.2.8/pc/38e203dc86172a6c6560.svg,https://deo.shopeemobile.com/shopee/modules-federation/live/0/shopee__item-card-standard-v2/0.2.8/pc/0614b8f0a8fdde22942d.svg,Besok 11:00,https://deo.shopeemobile.com/shopee/modules-federation/live/0/shopee__item-card-standard-v2/0.2.8/pc/5dd7b4560d0e2d3190e8.svg,Surabaya,12 Terjual,,https://deo.shopeemobile.com/shopee/modules-federation/live/0/shopee__item-card-standard-v2/0.2.8/pc/d7099d3fd1dfdaf705ab.svg,"Axioo Intel Core i3 1125G4 16GB / 8GB RAM | 512GB / 256GB SSD Hype 3 G11 Windows 11
Rp
7.303.000
5.0
12 Terjual
Besok 11:00
Surabaya",https://shopee.co.id/Axioo-Intel-Core-i3-1125G4-16GB-8GB-RAM-512GB-256GB-SSD-Hype-3-G11-Windows-11-i.26681244.26175166968?extraParams=%7B%22display_model_id%22%3A167103458263%2C%22model_selection_logic%22%3A3%7D&sp_atk=2079ea99-aad7-4154-95d4-15e7293f360c&xptdk=2079ea99-aad7-4154-95d4-15e7293f360c