-image-yazkc-11,-image-yazkc-11_2,text-sm,text-xs/sp14,font-medium,pointer-events-none,text-shopee-green,pointer-events-none_2,align-middle,w-auto,text-white,inline-block,img,text-xs/sp14_2,text-shopee-primary,truncate,pointer-events-none_3,_container,_container_link
https://down-id.img.susercontent.com/file/id-11134207-8224o-mhcxmcxedrt7a4,https://down-id.img.susercontent.com/file/id-11134258-7r98w-lyezzaurybot13,MacBook Air M2 13 inch 2022 | Chip Apple M2 | RAM 16 GB SSD 256 GB,Rp,11.200.000,https://deo.shopeemobile.com/shopee/modules-federation/live/0/shopee__item-card-standard-v2/0.2.8/pc/76dff349290d20891fc1.svg,4-8 Hari,https://deo.shopeemobile.com/shopee/modules-federation/live/0/shopee__item-card-standard-v2/0.2.8/pc/5dd7b4560d0e2d3190e8.svg,Jakarta Pusat,,,,,,,,,"MacBook Air M2 13 inch 2022 | Chip Apple M2 | RAM 16 GB SSD 256 GB
Rp
11.200.000
4-8 Hari
Jakarta Pusat",https://shopee.co.id/MacBook-Air-M2-13-inch-2022-Chip-Apple-M2-RAM-16-GB-SSD-256-GB-i.1555793230.52851933390?extraParams=%7B%22display_model_id%22%3A315189029882%2C%22model_selection_logic%22%3A3%7D&sp_atk=94f156ad-c8db-433d-92c8-7ca292a45f8c&xptdk=94f156ad-c8db-433d-92c8-7ca292a45f8c
https://down-id.img.susercontent.com/file/id-11134207-8224s-mjy9aht35mh273,https://down-id.img.susercontent.com/file/id-11134258-8224v-mkvw0cu9r7k1a5,MacBook Air M4 16/256 GB Resmi iBox / New Segel,Rp,15.799.000,https://deo.shopeemobile.com/shopee/modules-federation/live/0/shopee__item-card-standard-v2/0.2.8/pc/38e203dc86172a6c6560.svg,< 2 Hari,https://deo.shopeemobile.com/shopee/modules-federation/live/0/shopee__item-card-standard-v2/0.2.8/pc/5dd7b4560d0e2d3190e8.svg,Surakarta (Solo),https://deo.shopeemobile.com/shopee/modules-federation/live/0/shopee__item-card-standard-v2/0.2.8/pc/0614b8f0a8fdde22942d.svg,< 2 Hari,,https://deo.shopeemobile.com/shopee/modules-federation/live/0/shopee__item-card-standard-v2/0.2.8/pc/0614b8f0a8fdde22942d.svg,,,,,"MacBook Air M4 16/256 GB Resmi iBox / New Segel
Rp
15.799.000
< 2 Hari
Surakarta (Solo)",https://shopee.co.id/MacBook-Air-M4-16-256-GB-Resmi-iBox-New-Segel-i.473081429.41478354445?extraParams=%7B%22display_model_id%22%3A186360380793%2C%22model_selection_logic%22%3A3%7D&sp_atk=3ddbd3f5-ca91-475c-8a30-409d2b4fbbd2&xptdk=3ddbd3f5-ca91-475c-8a30-409d2b4fbbd2
https://down-id.img.susercontent.com/file/id-11134207-7rbkb-mawdf0ozi2lw87,https://down-id.img.susercontent.com/file/id-11134258-8224v-mkvw0cu9r7k1a5,"Macbook Pro 14"" M4 24GB 512GB XDR Display",Rp,34.850.000,https://deo.shopeemobile.com/shopee/modules-federation/live/0/shopee__item-card-standard-v2/0.2.8/pc/38e203dc86172a6c6560.svg,2 Terjual,https://deo.shopeemobile.com/shopee/modules-federation/live/0/shopee__item-card-standard-v2/0.2.8/pc/5dd7b4560d0e2d3190e8.svg,Jakarta Timur,https://deo.shopeemobile.com/shopee/modules-federation/live/0/shopee__item-card-standard-v2/0.2.8/pc/0614b8f0a8fdde22942d.svg,< 2 Hari,https://deo.shopeemobile.com/shopee/modules-federation/live/0/shopee__item-card-standard-v2/0.2.8/pc/a425c915798471b33e5d.png,https://deo.shopeemobile.com/shopee/modules-federation/live/0/shopee__item-card-standard-v2/0.2.8/pc/d7099d3fd1dfdaf705ab.svg,5.0,,,,"Macbook Pro 14"" M4 24GB 512GB XDR Display
Rp
34.850.000
5.0
2 Terjual
< 2 Hari
Jakarta Timur",https://shopee.co.id/Macbook-Pro-14-M4-24GB-512GB-XDR-Display-i.180134181.28882487639?extraParams=%7B%22display_model_id%22%3A265336177431%2C%22model_selection_logic%22%3A3%7D&sp_atk=40206553-545f-4ced-8ce2-deb25343e9b4&xptdk=40206553-545f-4ced-8ce2-deb25343e9b4
https://down-id.img.susercontent.com/file/id-11134207-82250-mi18slbqlipx97,https://down-id.img.susercontent.com/file/id-11134258-7r98w-lyezzaurybot13,MacBook Pro M1 Max 64/2TB 16 inch 2021,Rp,30.200.000,https://deo.shopeemobile.com/shopee/modules-federation/live/0/shopee__item-card-standard-v2/0.2.8/pc/38e203dc86172a6c6560.svg,< 2 Hari,https://deo.shopeemobile.com/shopee/modules-federation/live/0/shopee__item-card-standard-v2/0.2.8/pc/5dd7b4560d0e2d3190e8.svg,Jakarta Selatan,https://deo.shopeemobile.com/shopee/modules-federation/live/0/shopee__item-card-standard-v2/0.2.8/pc/0614b8f0a8fdde22942d.svg,< 2 Hari,,https://deo.shopeemobile.com/shopee/modules-federation/live/0/shopee__item-card-standard-v2/0.2.8/pc/0614b8f0a8fdde22942d.svg,,,,,"MacBook Pro M1 Max 64/2TB 16 inch 2021
Rp
30.200.000
< 2 Hari
Jakarta Selatan",https://shopee.co.id/MacBook-Pro-M1-Max-64-2TB-16-inch-2021-i.465142118.55652800970?extraParams=%7B%22display_model_id%22%3A188787191166%2C%22model_selection_logic%22%3A3%7D&sp_atk=42520073-4cdc-4d6a-98a1-a9003a0b9e76&xptdk=42520073-4cdc-4d6a-98a1-a9003a0b9e76
https://down-id.img.susercontent.com/file/id-11134207-7r992-lqprz80ny4921d,https://down-id.img.susercontent.com/file/id-11134258-8224v-mkvw0cu9r7k1a5,"Macbook Pro M3Pro 2023, 18/512 & 18/1TB, 14""/16"" , Black / Silver",Rp,40.499.000,https://deo.shopeemobile.com/shopee/modules-federation/live/0/shopee__item-card-standard-v2/0.2.8/pc/38e203dc86172a6c6560.svg,Besok 12:00,https://deo.shopeemobile.com/shopee/modules-federation/live/0/shopee__item-card-standard-v2/0.2.8/pc/5dd7b4560d0e2d3190e8.svg,Surabaya,https://deo.shopeemobile.com/shopee/modules-federation/live/0/shopee__item-card-standard-v2/0.2.8/pc/0614b8f0a8fdde22942d.svg,Besok 12:00,,https://deo.shopeemobile.com/shopee/modules-federation/live/0/shopee__item-card-standard-v2/0.2.8/pc/0614b8f0a8fdde22942d.svg,,-21%,,,"Macbook Pro M3Pro 2023, 18/512 & 18/1TB, 14""/16"" , Black / Silver
Rp
40.499.000
-21%
Besok 12:00
Surabaya",https://shopee.co.id/Macbook-Pro-M3Pro-2023-18-512-18-1TB-14-16-Black-Silver-i.239661779.25209503558?extraParams=%7B%22display_model_id%22%3A119088472173%2C%22model_selection_logic%22%3A3%7D&sp_atk=d8773a48-3abe-445a-9c9c-b81e4f8aac05&xptdk=d8773a48-3abe-445a-9c9c-b81e4f8aac05
https://down-id.img.susercontent.com/file/id-11134207-7rbke-m86eghivgqohfd,https://down-id.img.susercontent.com/file/id-11134258-7r98w-lyezzaurybot13,MACBOOK PRO 16INCH  2019 CORE I7/I9 16/32GB+512/1TB SSD A2141MULUS,Rp,10.900.000,https://deo.shopeemobile.com/shopee/modules-federation/live/0/shopee__item-card-standard-v2/0.2.8/pc/76dff349290d20891fc1.svg,4-7 Hari,https://deo.shopeemobile.com/shopee/modules-federation/live/0/shopee__item-card-standard-v2/0.2.8/pc/5dd7b4560d0e2d3190e8.svg,Jakarta Barat,,,,,,,,,"MACBOOK PRO 16INCH 2019 CORE I7/I9 16/32GB+512/1TB SSD A2141MULUS
Rp
10.900.000
4-7 Hari
Jakarta Barat",https://shopee.co.id/MACBOOK-PRO-16INCH-2019-CORE-I7-I9-16-32GB-512-1TB-SSD-A2141MULUS-i.206283113.26959746475?extraParams=%7B%22display_model_id%22%3A138031561709%2C%22model_selection_logic%22%3A3%7D&sp_atk=174ff6e9-c3f3-4f0d-b441-06b0e15d3528&xptdk=174ff6e9-c3f3-4f0d-b441-06b0e15d3528
https://down-id.img.susercontent.com/file/id-11134207-822wl-mmcse4o0w4qrc8,,MacBook Pro M1 8/256GB 13 inch 2020,Rp,8.500.000,https://deo.shopeemobile.com/shopee/modules-federation/live/0/shopee__item-card-standard-v2/0.2.8/pc/38e203dc86172a6c6560.svg,< 2 Hari,https://deo.shopeemobile.com/shopee/modules-federation/live/0/shopee__item-card-standard-v2/0.2.8/pc/5dd7b4560d0e2d3190e8.svg,Jakarta Selatan,https://deo.shopeemobile.com/shopee/modules-federation/live/0/shopee__item-card-standard-v2/0.2.8/pc/0614b8f0a8fdde22942d.svg,< 2 Hari,,https://deo.shopeemobile.com/shopee/modules-federation/live/0/shopee__item-card-standard-v2/0.2.8/pc/0614b8f0a8fdde22942d.svg,,,,,"MacBook Pro M1 8/256GB 13 inch 2020
Rp
8.500.000
< 2 Hari
Jakarta Selatan",https://shopee.co.id/MacBook-Pro-M1-8-256GB-13-inch-2020-i.1580709256.50257829946?extraParams=%7B%22display_model_id%22%3A395696084586%2C%22model_selection_logic%22%3A3%7D&sp_atk=14b5dbc2-dd4a-46db-8d63-a8cd7bd14430&xptdk=14b5dbc2-dd4a-46db-8d63-a8cd7bd14430
https://down-id.img.susercontent.com/file/id-11134207-8224p-mkx8uvz0l9mq08,https://down-id.img.susercontent.com/file/id-11134258-7r98w-lyezzaurybot13,"MacBook Pro 13"" 2020 Apple M1/8-16/256-512",Rp,10.450.000,https://deo.shopeemobile.com/shopee/modules-federation/live/0/shopee__item-card-standard-v2/0.2.8/pc/76dff349290d20891fc1.svg,4-7 Hari,https://deo.shopeemobile.com/shopee/modules-federation/live/0/shopee__item-card-standard-v2/0.2.8/pc/5dd7b4560d0e2d3190e8.svg,Kab. Sleman,,,,,,,,,"MacBook Pro 13"" 2020 Apple M1/8-16/256-512
Rp
10.450.000
4-7 Hari
Kab. Sleman",https://shopee.co.id/MacBook-Pro-13-2020-Apple-M1-8-16-256-512-i.1522873323.44125802502?extraParams=%7B%22display_model_id%22%3A254091170734%2C%22model_selection_logic%22%3A3%7D&sp_atk=177d8609-7c0d-40ef-aaaa-8f61b4d9de9d&xptdk=177d8609-7c0d-40ef-aaaa-8f61b4d9de9d
https://down-id.img.susercontent.com/file/id-11134207-822wk-mmveh8zha2h2b8,https://down-id.img.susercontent.com/file/id-11134258-8224v-mkvw0cu9r7k1a5,"Apple MacBook Air (13 inci, M3, 8GB) 256 GB",Rp,18.999.000,https://deo.shopeemobile.com/shopee/modules-federation/live/0/shopee__item-card-standard-v2/0.2.8/pc/38e203dc86172a6c6560.svg,26 Terjual,https://deo.shopeemobile.com/shopee/modules-federation/live/0/shopee__item-card-standard-v2/0.2.8/pc/5dd7b4560d0e2d3190e8.svg,Bekasi,https://deo.shopeemobile.com/shopee/modules-federation/live/0/shopee__item-card-standard-v2/0.2.8/pc/0614b8f0a8fdde22942d.svg,< 2 Hari,https://deo.shopeemobile.com/shopee/modules-federation/live/0/shopee__item-card-standard-v2/0.2.8/pc/7c9110f78e069acbced7.png,https://deo.shopeemobile.com/shopee/modules-federation/live/0/shopee__item-card-standard-v2/0.2.8/pc/d7099d3fd1dfdaf705ab.svg,5.0,,,,"Apple MacBook Air (13 inci, M3, 8GB) 256 GB
Rp
18.999.000
5.0
26 Terjual
< 2 Hari
Bekasi",https://shopee.co.id/Apple-MacBook-Air-(13-inci-M3-8GB)-256-GB-i.1269032741.28653735244?extraParams=%7B%22display_model_id%22%3A137964903016%2C%22model_selection_logic%22%3A3%7D&sp_atk=c8c2c0a8-8b64-4606-a27f-07ee2390cfb4&xptdk=c8c2c0a8-8b64-4606-a27f-07ee2390cfb4
https://down-id.img.susercontent.com/file/id-11134207-7rasd-m5cctvpaddd475,https://down-id.img.susercontent.com/file/id-11134258-822wr-mlx67rtd6r602f,"MacBook Air M3 8GB 256GB 13"" Midnight Garansi",Rp,16.320.000,https://deo.shopeemobile.com/shopee/modules-federation/live/0/shopee__item-card-standard-v2/0.2.8/pc/38e203dc86172a6c6560.svg,3 Terjual,https://deo.shopeemobile.com/shopee/modules-federation/live/0/shopee__item-card-standard-v2/0.2.8/pc/5dd7b4560d0e2d3190e8.svg,Kab. Bojonegoro,https://deo.shopeemobile.com/shopee/modules-federation/live/0/shopee__item-card-standard-v2/0.2.8/pc/0614b8f0a8fdde22942d.svg,< 2 Hari,https://deo.shopeemobile.com/shopee/modules-federation/live/0/shopee__item-card-standard-v2/0.2.8/pc/e4734dab67ee2f9ebd5a.png,https://deo.shopeemobile.com/shopee/modules-federation/live/0/shopee__item-card-standard-v2/0.2.8/pc/d7099d3fd1dfdaf705ab.svg,5.0,,,,"MacBook Air M3 8GB 256GB 13"" Midnight Garansi
Rp
16.320.000
5.0
3 Terjual
< 2 Hari
Kab. Bojonegoro",https://shopee.co.id/MacBook-Air-M3-8GB-256GB-13-Midnight-Garansi-i.75943389.27474214229?extraParams=%7B%22display_model_id%22%3A49863797388%2C%22model_selection_logic%22%3A3%7D&sp_atk=75a260e2-8128-4b49-92eb-5a3c2f3f80d6&xptdk=75a260e2-8128-4b49-92eb-5a3c2f3f80d6
https://down-id.img.susercontent.com/file/sg-11134201-82614-mkhtv9xncr9fed,https://down-id.img.susercontent.com/file/id-11134258-822wr-mlx5y0tebegw04,Apple MacBook Air M4 2025 13-Inch 24/512GB 16/512GB 10-Core GPU | 16/256GB 8-Core GPU Garansi Resmi,Rp,17.180.000,https://deo.shopeemobile.com/shopee/modules-federation/live/0/shopee__item-card-standard-v2/0.2.8/pc/76dff349290d20891fc1.svg,459 Terjual,https://deo.shopeemobile.com/shopee/modules-federation/live/0/shopee__item-card-standard-v2/0.2.8/pc/5dd7b4560d0e2d3190e8.svg,Jakarta Pusat,,,https://deo.shopeemobile.com/shopee/modules-federation/live/0/shopee__item-card-standard-v2/0.2.8/pc/e4734dab67ee2f9ebd5a.png,https://deo.shopeemobile.com/shopee/modules-federation/live/0/shopee__item-card-standard-v2/0.2.8/pc/d7099d3fd1dfdaf705ab.svg,4.9,,Hadiah Gratis,,"Apple MacBook Air M4 2025 13-Inch 24/512GB 16/512GB 10-Core GPU | 16/256GB 8-Core GPU Garansi Resmi
Rp
17.180.000
Hadiah Gratis
4.9
459 Terjual
3-4 Hari
Jakarta Pusat",https://shopee.co.id/Apple-MacBook-Air-M4-2025-13-Inch-24-512GB-16-512GB-10-Core-GPU-16-256GB-8-Core-GPU-Garansi-Resmi-i.304902524.20043243744?extraParams=%7B%22display_model_id%22%3A370543686032%2C%22model_selection_logic%22%3A3%7D&sp_atk=dba831dd-015a-436d-a1e0-d2b50d7d4e37&xptdk=dba831dd-015a-436d-a1e0-d2b50d7d4e37
https://down-id.img.susercontent.com/file/id-11134207-822wg-mmcsfwmonytkd9,https://down-id.img.susercontent.com/file/id-11134258-7r98w-lyezzaurybot13,MacBook Pro M5 14-inch 16/512GB | Garansi Resmi 1 Tahun,Rp,27.329.000,https://deo.shopeemobile.com/shopee/modules-federation/live/0/shopee__item-card-standard-v2/0.2.8/pc/38e203dc86172a6c6560.svg,< 2 Hari,https://deo.shopeemobile.com/shopee/modules-federation/live/0/shopee__item-card-standard-v2/0.2.8/pc/5dd7b4560d0e2d3190e8.svg,Tangerang,https://deo.shopeemobile.com/shopee/modules-federation/live/0/shopee__item-card-standard-v2/0.2.8/pc/0614b8f0a8fdde22942d.svg,< 2 Hari,https://deo.shopeemobile.com/shopee/modules-federation/live/0/shopee__item-card-standard-v2/0.2.8/pc/7c9110f78e069acbced7.png,https://deo.shopeemobile.com/shopee/modules-federation/live/0/shopee__item-card-standard-v2/0.2.8/pc/0614b8f0a8fdde22942d.svg,,-2%,,https://deo.shopeemobile.com/shopee/modules-federation/live/0/shopee__item-card-standard-v2/0.2.8/pc/b4d1b8a78b3621dbdf4a.svg,"MacBook Pro M5 14-inch 16/512GB | Garansi Resmi 1 Tahun
Rp
27.329.000
-2%
< 2 Hari
Tangerang",https://shopee.co.id/MacBook-Pro-M5-14-inch-16-512GB-Garansi-Resmi-1-Tahun-i.286955452.56807838054?extraParams=%7B%22display_model_id%22%3A410696932186%2C%22model_selection_logic%22%3A3%7D&sp_atk=b78e40df-247b-4d84-b426-69896013ed40&xptdk=b78e40df-247b-4d84-b426-69896013ed40
https://down-id.img.susercontent.com/file/id-11134207-822wm-mlcbtbntl72d4c,https://down-id.img.susercontent.com/file/id-11134258-8224v-mkvw0cu9r7k1a5,"Macbook Air M2 13"" Retina 16GB 256GB 36 Bulan",Rp,14.179.000,https://deo.shopeemobile.com/shopee/modules-federation/live/0/shopee__item-card-standard-v2/0.2.8/pc/76dff349290d20891fc1.svg,2 Terjual,https://deo.shopeemobile.com/shopee/modules-federation/live/0/shopee__item-card-standard-v2/0.2.8/pc/5dd7b4560d0e2d3190e8.svg,Semarang,,,,https://deo.shopeemobile.com/shopee/modules-federation/live/0/shopee__item-card-standard-v2/0.2.8/pc/d7099d3fd1dfdaf705ab.svg,5.0,-17%,,https://deo.shopeemobile.com/shopee/modules-federation/live/0/shopee__item-card-standard-v2/0.2.8/pc/b4d1b8a78b3621dbdf4a.svg,"Macbook Air M2 13"" Retina 16GB 256GB 36 Bulan
Rp
14.179.000
-17%
5.0
2 Terjual
4-7 Hari
Semarang",https://shopee.co.id/Macbook-Air-M2-13-Retina-16GB-256GB-36-Bulan-i.166334921.17522439765?extraParams=%7B%22display_model_id%22%3A380598755968%2C%22model_selection_logic%22%3A3%7D&sp_atk=0ef3f54d-6cdb-4dad-94e6-ab08e1839046&xptdk=0ef3f54d-6cdb-4dad-94e6-ab08e1839046
https://down-id.img.susercontent.com/file/id-11134207-822ws-mlptrskt7p4y0f,https://down-id.img.susercontent.com/file/id-11134258-8224v-mkvw0cu9r7k1a5,Apple MacBook Air M4 2025 13-Inch 16/512GB 10-Core GPU,Rp,17.043.000,https://deo.shopeemobile.com/shopee/modules-federation/live/0/shopee__item-card-standard-v2/0.2.8/pc/38e203dc86172a6c6560.svg,6 Terjual,https://deo.shopeemobile.com/shopee/modules-federation/live/0/shopee__item-card-standard-v2/0.2.8/pc/5dd7b4560d0e2d3190e8.svg,Jakarta Pusat,https://deo.shopeemobile.com/shopee/modules-federation/live/0/shopee__item-card-standard-v2/0.2.8/pc/0614b8f0a8fdde22942d.svg,< 2 Hari,https://deo.shopeemobile.com/shopee/modules-federation/live/0/shopee__item-card-standard-v2/0.2.8/pc/7c9110f78e069acbced7.png,https://deo.shopeemobile.com/shopee/modules-federation/live/0/shopee__item-card-standard-v2/0.2.8/pc/d7099d3fd1dfdaf705ab.svg,5.0,-15%,,,"Apple MacBook Air M4 2025 13-Inch 16/512GB 10-Core GPU
Rp
17.043.000
-15%
5.0
6 Terjual
< 2 Hari
Jakarta Pusat",https://shopee.co.id/Apple-MacBook-Air-M4-2025-13-Inch-16-512GB-10-Core-GPU-i.1648296247.57707207732?extraParams=%7B%22display_model_id%22%3A440640551125%2C%22model_selection_logic%22%3A3%7D&sp_atk=91f07c27-9edf-4ab2-a6a0-932c5cb30e41&xptdk=91f07c27-9edf-4ab2-a6a0-932c5cb30e41
https://down-id.img.susercontent.com/file/id-11134207-7rbk5-m9fma8g9bd7604,https://down-id.img.susercontent.com/file/id-11134258-8224v-mkvw0cu9r7k1a5,MacBook Pro M1 Pro 2021 14/16 inch Ram 16 GB | SSD 512/1 TB,Rp,16.000.000,https://deo.shopeemobile.com/shopee/modules-federation/live/0/shopee__item-card-standard-v2/0.2.8/pc/38e203dc86172a6c6560.svg,15 Terjual,https://deo.shopeemobile.com/shopee/modules-federation/live/0/shopee__item-card-standard-v2/0.2.8/pc/5dd7b4560d0e2d3190e8.svg,Tangerang Selatan,https://deo.shopeemobile.com/shopee/modules-federation/live/0/shopee__item-card-standard-v2/0.2.8/pc/0614b8f0a8fdde22942d.svg,< 2 Hari,https://deo.shopeemobile.com/shopee/modules-federation/live/0/shopee__item-card-standard-v2/0.2.8/pc/a425c915798471b33e5d.png,https://deo.shopeemobile.com/shopee/modules-federation/live/0/shopee__item-card-standard-v2/0.2.8/pc/d7099d3fd1dfdaf705ab.svg,5.0,,,,"MacBook Pro M1 Pro 2021 14/16 inch Ram 16 GB | SSD 512/1 TB
Rp
16.000.000
5.0
15 Terjual
< 2 Hari
Tangerang Selatan",https://shopee.co.id/MacBook-Pro-M1-Pro-2021-14-16-inch-Ram-16-GB-SSD-512-1-TB-i.913271336.27052707522?extraParams=%7B%22display_model_id%22%3A236439064658%2C%22model_selection_logic%22%3A3%7D&sp_atk=9841a14d-2cf6-47ff-aecc-dea335f0c355&xptdk=9841a14d-2cf6-47ff-aecc-dea335f0c355
https://down-id.img.susercontent.com/file/id-11134207-81ztc-mf51jkv2b2mke1,https://down-id.img.susercontent.com/file/id-11134258-822wr-mlx67rtd6r602f,New Macbook Air Chip Apple M4 2025 13 inch 16 GB || Ssd 256 512 GB Original,Rp,16.800.000,https://deo.shopeemobile.com/shopee/modules-federation/live/0/shopee__item-card-standard-v2/0.2.8/pc/38e203dc86172a6c6560.svg,< 2 Hari,https://deo.shopeemobile.com/shopee/modules-federation/live/0/shopee__item-card-standard-v2/0.2.8/pc/5dd7b4560d0e2d3190e8.svg,Kab. Sleman,https://deo.shopeemobile.com/shopee/modules-federation/live/0/shopee__item-card-standard-v2/0.2.8/pc/0614b8f0a8fdde22942d.svg,< 2 Hari,,https://deo.shopeemobile.com/shopee/modules-federation/live/0/shopee__item-card-standard-v2/0.2.8/pc/0614b8f0a8fdde22942d.svg,,,,,"New Macbook Air Chip Apple M4 2025 13 inch 16 GB || Ssd 256 512 GB Original
Rp
16.800.000
< 2 Hari
Kab. Sleman",https://shopee.co.id/New-Macbook-Air-Chip-Apple-M4-2025-13-inch-16-GB-Ssd-256-512-GB-Original-i.792737460.26992282926?extraParams=%7B%22display_model_id%22%3A296775191951%2C%22model_selection_logic%22%3A3%7D&sp_atk=b89cb72a-63f7-4b0d-914c-6808759d8f92&xptdk=b89cb72a-63f7-4b0d-914c-6808759d8f92
https://down-id.img.susercontent.com/file/id-11134207-822wi-mlg3t651yio855,https://down-id.img.susercontent.com/file/id-11134258-8224v-mkvw0cu9r7k1a5,"MacBook Air (13 inci, M4, 2025) MW123ID/A M4 CHIP WITH 10-CORE CPU AND 8-CORE GPU 16GB/256GB/13.0/MIDNIGHT",Rp,16.994.000,https://deo.shopeemobile.com/shopee/modules-federation/live/0/shopee__item-card-standard-v2/0.2.8/pc/76dff349290d20891fc1.svg,3-4 Hari,https://deo.shopeemobile.com/shopee/modules-federation/live/0/shopee__item-card-standard-v2/0.2.8/pc/5dd7b4560d0e2d3190e8.svg,Tangerang Selatan,,,https://deo.shopeemobile.com/shopee/modules-federation/live/0/shopee__item-card-standard-v2/0.2.8/pc/7c9110f78e069acbced7.png,,,-1%,,https://deo.shopeemobile.com/shopee/modules-federation/live/0/shopee__item-card-standard-v2/0.2.8/pc/b4d1b8a78b3621dbdf4a.svg,"MacBook Air (13 inci, M4, 2025) MW123ID/A M4 CHIP WITH 10-CORE CPU AND 8-CORE GPU 16GB/256GB/13.0/MIDNIGHT
Rp
16.994.000
-1%
3-4 Hari
Tangerang Selatan",https://shopee.co.id/MacBook-Air-(13-inci-M4-2025)-MW123ID-A-M4-CHIP-WITH-10-CORE-CPU-AND-8-CORE-GPU-16GB-256GB-13.0-MIDNIGHT-i.155149633.55706901085?extraParams=%7B%22display_model_id%22%3A375616418640%2C%22model_selection_logic%22%3A3%7D&sp_atk=f517966a-c222-4edc-b28d-2a03c308fc1c&xptdk=f517966a-c222-4edc-b28d-2a03c308fc1c
https://down-id.img.susercontent.com/file/id-11134207-7ra0k-mdbkvkkbr4h08b,https://down-id.img.susercontent.com/file/id-11134258-8224v-mkvw0cu9r7k1a5,New Macbook Pro M4 14 inch Ram 16/512 GB Garansi Resmi GDN Apple Original 2025,Rp,27.979.000,https://deo.shopeemobile.com/shopee/modules-federation/live/0/shopee__item-card-standard-v2/0.2.8/pc/76dff349290d20891fc1.svg,33 Terjual,https://deo.shopeemobile.com/shopee/modules-federation/live/0/shopee__item-card-standard-v2/0.2.8/pc/5dd7b4560d0e2d3190e8.svg,Kab. Sleman,,,,https://deo.shopeemobile.com/shopee/modules-federation/live/0/shopee__item-card-standard-v2/0.2.8/pc/d7099d3fd1dfdaf705ab.svg,5.0,-1%,Cicilan,https://deo.shopeemobile.com/shopee/modules-federation/live/0/shopee__item-card-standard-v2/0.2.8/pc/b4d1b8a78b3621dbdf4a.svg,"New Macbook Pro M4 14 inch Ram 16/512 GB Garansi Resmi GDN Apple Original 2025
Rp
27.979.000
-1%
Cicilan
5.0
33 Terjual
7-10 Hari
Kab. Sleman",https://shopee.co.id/New-Macbook-Pro-M4-14-inch-Ram-16-512-GB-Garansi-Resmi-GDN-Apple-Original-2025-i.27687459.1654869401?extraParams=%7B%22display_model_id%22%3A271037475004%2C%22model_selection_logic%22%3A3%7D&sp_atk=8fea9f16-47dd-4693-8c78-c12b53fd4733&xptdk=8fea9f16-47dd-4693-8c78-c12b53fd4733
https://down-id.img.susercontent.com/file/id-11134207-822wm-mmsospfji39fd3,https://down-id.img.susercontent.com/file/id-11134258-7ra0q-mbesqwmkb0gu9c,"New MacBook Neo 13"" Ram 8/256Gb dengan Chip A18 Pro",Rp,13.350.000,https://deo.shopeemobile.com/shopee/modules-federation/live/0/shopee__item-card-standard-v2/0.2.8/pc/76dff349290d20891fc1.svg,3-5 Hari,https://deo.shopeemobile.com/shopee/modules-federation/live/0/shopee__item-card-standard-v2/0.2.8/pc/5dd7b4560d0e2d3190e8.svg,Banjarmasin,,,https://deo.shopeemobile.com/shopee/modules-federation/live/0/shopee__item-card-standard-v2/0.2.8/pc/a425c915798471b33e5d.png,,,,,,"New MacBook Neo 13"" Ram 8/256Gb dengan Chip A18 Pro
Rp
13.350.000
3-5 Hari
Banjarmasin",https://shopee.co.id/New-MacBook-Neo-13-Ram-8-256Gb-dengan-Chip-A18-Pro-i.413273480.40629839895?extraParams=%7B%22display_model_id%22%3A370745502160%2C%22model_selection_logic%22%3A3%7D&sp_atk=a5b335b1-1cc4-4ec5-92ff-d7e5299d50fc&xptdk=a5b335b1-1cc4-4ec5-92ff-d7e5299d50fc
https://down-id.img.susercontent.com/file/sg-11134201-7rd4m-m6w1s2ze9e1g5e,https://down-id.img.susercontent.com/file/id-11134258-8224v-mkvw0cu9r7k1a5,Apple MacBook Air M3 2024 13-Inch 512GB 256GB RAM 16GB,Rp,20.096.000,https://deo.shopeemobile.com/shopee/modules-federation/live/0/shopee__item-card-standard-v2/0.2.8/pc/38e203dc86172a6c6560.svg,< 2 Hari,https://deo.shopeemobile.com/shopee/modules-federation/live/0/shopee__item-card-standard-v2/0.2.8/pc/5dd7b4560d0e2d3190e8.svg,Jakarta Timur,https://deo.shopeemobile.com/shopee/modules-federation/live/0/shopee__item-card-standard-v2/0.2.8/pc/0614b8f0a8fdde22942d.svg,< 2 Hari,https://deo.shopeemobile.com/shopee/modules-federation/live/0/shopee__item-card-standard-v2/0.2.8/pc/7c9110f78e069acbced7.png,https://deo.shopeemobile.com/shopee/modules-federation/live/0/shopee__item-card-standard-v2/0.2.8/pc/0614b8f0a8fdde22942d.svg,,,,,"Apple MacBook Air M3 2024 13-Inch 512GB 256GB RAM 16GB
Rp
20.096.000
< 2 Hari
Jakarta Timur",https://shopee.co.id/Apple-MacBook-Air-M3-2024-13-Inch-512GB-256GB-RAM-16GB-i.28377910.28078124379?extraParams=%7B%22display_model_id%22%3A208267120461%2C%22model_selection_logic%22%3A3%7D&sp_atk=0e429d2f-0c04-4cdf-ab96-2aeb0e5996b3&xptdk=0e429d2f-0c04-4cdf-ab96-2aeb0e5996b3
https://down-id.img.susercontent.com/file/id-11134207-7ra0g-mdsr88usnfkfb8,https://down-id.img.susercontent.com/file/id-11134258-822wr-mlx67rtd6r602f,Laptop Macbook Air 13 MC6U4ID – Sky Blue (16GB/512GB) Chip M4,Rp,20.279.000,https://deo.shopeemobile.com/shopee/modules-federation/live/0/shopee__item-card-standard-v2/0.2.8/pc/76dff349290d20891fc1.svg,2-4 Hari,https://deo.shopeemobile.com/shopee/modules-federation/live/0/shopee__item-card-standard-v2/0.2.8/pc/5dd7b4560d0e2d3190e8.svg,Kab. Banyumas,,,https://deo.shopeemobile.com/shopee/modules-federation/live/0/shopee__item-card-standard-v2/0.2.8/pc/e4734dab67ee2f9ebd5a.png,,,,,,"Laptop Macbook Air 13 MC6U4ID – Sky Blue (16GB/512GB) Chip M4
Rp
20.279.000
2-4 Hari
Kab. Banyumas",https://shopee.co.id/Laptop-Macbook-Air-13-MC6U4ID-%E2%80%93-Sky-Blue-(16GB-512GB)-Chip-M4-i.252631325.41064895614?extraParams=%7B%22display_model_id%22%3A206223681555%2C%22model_selection_logic%22%3A3%7D&sp_atk=4f4580fd-8e02-49e5-80d0-1c14d887a5ab&xptdk=4f4580fd-8e02-49e5-80d0-1c14d887a5ab
https://down-id.img.susercontent.com/file/id-11134207-822wt-mmveh8zgw0smff,https://down-id.img.susercontent.com/file/id-11134258-8224v-mkvw0cu9r7k1a5,"Apple MacBook Air (15 inci, M3, 16GB/256GB)",Rp,19.499.000,https://deo.shopeemobile.com/shopee/modules-federation/live/0/shopee__item-card-standard-v2/0.2.8/pc/38e203dc86172a6c6560.svg,7 Terjual,https://deo.shopeemobile.com/shopee/modules-federation/live/0/shopee__item-card-standard-v2/0.2.8/pc/5dd7b4560d0e2d3190e8.svg,Bekasi,https://deo.shopeemobile.com/shopee/modules-federation/live/0/shopee__item-card-standard-v2/0.2.8/pc/0614b8f0a8fdde22942d.svg,< 2 Hari,https://deo.shopeemobile.com/shopee/modules-federation/live/0/shopee__item-card-standard-v2/0.2.8/pc/7c9110f78e069acbced7.png,https://deo.shopeemobile.com/shopee/modules-federation/live/0/shopee__item-card-standard-v2/0.2.8/pc/d7099d3fd1dfdaf705ab.svg,5.0,-13%,,,"Apple MacBook Air (15 inci, M3, 16GB/256GB)
Rp
19.499.000
-13%
5.0
7 Terjual
< 2 Hari
Bekasi",https://shopee.co.id/Apple-MacBook-Air-(15-inci-M3-16GB-256GB)-i.1269032741.26917970174?extraParams=%7B%22display_model_id%22%3A242054276385%2C%22model_selection_logic%22%3A3%7D&sp_atk=2254426c-aa3b-4718-a9de-3977ba0df040&xptdk=2254426c-aa3b-4718-a9de-3977ba0df040
https://down-id.img.susercontent.com/file/sg-11134201-82631-mkrr2dqws07726,https://down-id.img.susercontent.com/file/id-11134258-7r98w-lyezzaurybot13,MACBOOK PRO 14 M5 24GB 1TB CPU 10C - GPU 10C GARANSI RESMI,Rp,27.846.000,https://deo.shopeemobile.com/shopee/modules-federation/live/0/shopee__item-card-standard-v2/0.2.8/pc/76dff349290d20891fc1.svg,3-5 Hari,https://deo.shopeemobile.com/shopee/modules-federation/live/0/shopee__item-card-standard-v2/0.2.8/pc/5dd7b4560d0e2d3190e8.svg,Jakarta Utara,,,https://deo.shopeemobile.com/shopee/modules-federation/live/0/shopee__item-card-standard-v2/0.2.8/pc/7c9110f78e069acbced7.png,,,-1%,,https://deo.shopeemobile.com/shopee/modules-federation/live/0/shopee__item-card-standard-v2/0.2.8/pc/b4d1b8a78b3621dbdf4a.svg,"MACBOOK PRO 14 M5 24GB 1TB CPU 10C - GPU 10C GARANSI RESMI
Rp
27.846.000
-1%
3-5 Hari
Jakarta Utara",https://shopee.co.id/MACBOOK-PRO-14-M5-24GB-1TB-CPU-10C-GPU-10C-GARANSI-RESMI-i.1640101372.56706240841?extraParams=%7B%22display_model_id%22%3A335565524375%2C%22model_selection_logic%22%3A3%7D&sp_atk=1b3c3caf-7c84-4002-8a68-6a0e302da1cc&xptdk=1b3c3caf-7c84-4002-8a68-6a0e302da1cc
https://down-id.img.susercontent.com/file/id-11134207-7ras9-m3d41lm6q50ud0,https://down-id.img.susercontent.com/file/id-11134258-8224v-mkvw0cu9r7k1a5,"Macbook Air M3 , 13,6"" , 2024 , 16/512 , Variant Color",Rp,21.999.000,https://deo.shopeemobile.com/shopee/modules-federation/live/0/shopee__item-card-standard-v2/0.2.8/pc/38e203dc86172a6c6560.svg,Besok 12:00,https://deo.shopeemobile.com/shopee/modules-federation/live/0/shopee__item-card-standard-v2/0.2.8/pc/5dd7b4560d0e2d3190e8.svg,Surabaya,https://deo.shopeemobile.com/shopee/modules-federation/live/0/shopee__item-card-standard-v2/0.2.8/pc/0614b8f0a8fdde22942d.svg,Besok 12:00,,https://deo.shopeemobile.com/shopee/modules-federation/live/0/shopee__item-card-standard-v2/0.2.8/pc/0614b8f0a8fdde22942d.svg,,-37%,,,"Macbook Air M3 , 13,6"" , 2024 , 16/512 , Variant Color
Rp
21.999.000
-37%
Besok 12:00
Surabaya",https://shopee.co.id/Macbook-Air-M3-13-6-2024-16-512-Variant-Color-i.239661779.24089085935?extraParams=%7B%22display_model_id%22%3A252851099324%2C%22model_selection_logic%22%3A3%7D&sp_atk=41a59ce5-a237-492f-b3da-26c5826c45fa&xptdk=41a59ce5-a237-492f-b3da-26c5826c45fa
https://down-id.img.susercontent.com/file/id-11134207-822wt-mn4ifw979zpc4c,https://down-id.img.susercontent.com/file/id-11134258-8224v-mkvw0cu9r7k1a5,Apple Macbook Air 13 M4 RAM 24GB SSD 512GB Garansi Resmi Indonesia,Rp,23.300.000,https://deo.shopeemobile.com/shopee/modules-federation/live/0/shopee__item-card-standard-v2/0.2.8/pc/76dff349290d20891fc1.svg,3 Terjual,https://deo.shopeemobile.com/shopee/modules-federation/live/0/shopee__item-card-standard-v2/0.2.8/pc/5dd7b4560d0e2d3190e8.svg,Tangerang,,,https://deo.shopeemobile.com/shopee/modules-federation/live/0/shopee__item-card-standard-v2/0.2.8/pc/7c9110f78e069acbced7.png,https://deo.shopeemobile.com/shopee/modules-federation/live/0/shopee__item-card-standard-v2/0.2.8/pc/d7099d3fd1dfdaf705ab.svg,5.0,-8%,,,"Apple Macbook Air 13 M4 RAM 24GB SSD 512GB Garansi Resmi Indonesia
Rp
23.300.000
-8%
5.0
3 Terjual
4-5 Hari
Tangerang",https://shopee.co.id/Apple-Macbook-Air-13-M4-RAM-24GB-SSD-512GB-Garansi-Resmi-Indonesia-i.1517186678.47951500163?extraParams=%7B%22display_model_id%22%3A282543533678%2C%22model_selection_logic%22%3A3%7D&sp_atk=b396e493-4aa4-4098-a046-37eb5d7bb0e3&xptdk=b396e493-4aa4-4098-a046-37eb5d7bb0e3
https://down-id.img.susercontent.com/file/id-11134207-82251-mfw6lduu9o2279,https://down-id.img.susercontent.com/file/id-11134258-7r98w-lyezzaurybot13,Macbook Air M4 ibox 512gb midnight 13 inch september 2026 16/512,Rp,18.800.000,https://deo.shopeemobile.com/shopee/modules-federation/live/0/shopee__item-card-standard-v2/0.2.8/pc/76dff349290d20891fc1.svg,4-8 Hari,https://deo.shopeemobile.com/shopee/modules-federation/live/0/shopee__item-card-standard-v2/0.2.8/pc/5dd7b4560d0e2d3190e8.svg,Kab. Bandung,,,,,,,,,"Macbook Air M4 ibox 512gb midnight 13 inch september 2026 16/512
Rp
18.800.000
4-8 Hari
Kab. Bandung",https://shopee.co.id/Macbook-Air-M4-ibox-512gb-midnight-13-inch-september-2026-16-512-i.2745705.43824451727?extraParams=%7B%22display_model_id%22%3A266983255828%2C%22model_selection_logic%22%3A3%7D&sp_atk=c11f63f4-ff6c-4600-ad6b-9d95679856b6&xptdk=c11f63f4-ff6c-4600-ad6b-9d95679856b6
https://down-id.img.susercontent.com/file/sg-11134201-81zv6-mmu2tu5642kg58,https://down-id.img.susercontent.com/file/id-11134258-8224v-mkvw0cu9r7k1a5,Macbook Air M3 13.6Inch 24/512GB [Garansi Resmi],Rp,25.999.000,https://deo.shopeemobile.com/shopee/modules-federation/live/0/shopee__item-card-standard-v2/0.2.8/pc/38e203dc86172a6c6560.svg,< 2 Hari,https://deo.shopeemobile.com/shopee/modules-federation/live/0/shopee__item-card-standard-v2/0.2.8/pc/5dd7b4560d0e2d3190e8.svg,Denpasar,https://deo.shopeemobile.com/shopee/modules-federation/live/0/shopee__item-card-standard-v2/0.2.8/pc/0614b8f0a8fdde22942d.svg,< 2 Hari,https://deo.shopeemobile.com/shopee/modules-federation/live/0/shopee__item-card-standard-v2/0.2.8/pc/7c9110f78e069acbced7.png,https://deo.shopeemobile.com/shopee/modules-federation/live/0/shopee__item-card-standard-v2/0.2.8/pc/0614b8f0a8fdde22942d.svg,,,,,"Macbook Air M3 13.6Inch 24/512GB [Garansi Resmi]
Rp
25.999.000
< 2 Hari
Denpasar",https://shopee.co.id/Macbook-Air-M3-13.6Inch-24-512GB-Garansi-Resmi--i.136745204.46808502032?extraParams=%7B%22display_model_id%22%3A287519323552%2C%22model_selection_logic%22%3A3%7D&sp_atk=e0e9f568-6e0e-4caa-9c8a-adb43ae847ed&xptdk=e0e9f568-6e0e-4caa-9c8a-adb43ae847ed
https://down-id.img.susercontent.com/file/id-11134207-822wr-mn0z1lm33g941f,https://down-id.img.susercontent.com/file/id-11134258-8224v-mkvw0cu9r7k1a5,Apple MacBook Pro 14 M5 Chip 10C GPU 16/24/32GB 512GB/1TB SSD 10C CPU 14.0 OS Mac ( Garansi Resmi ),Rp,27.901.000,https://deo.shopeemobile.com/shopee/modules-federation/live/0/shopee__item-card-standard-v2/0.2.8/pc/76dff349290d20891fc1.svg,3-5 Hari,https://deo.shopeemobile.com/shopee/modules-federation/live/0/shopee__item-card-standard-v2/0.2.8/pc/5dd7b4560d0e2d3190e8.svg,Jakarta Pusat,,,https://deo.shopeemobile.com/shopee/modules-federation/live/0/shopee__item-card-standard-v2/0.2.8/pc/a425c915798471b33e5d.png,,,,,,"Apple MacBook Pro 14 M5 Chip 10C GPU 16/24/32GB 512GB/1TB SSD 10C CPU 14.0 OS Mac ( Garansi Resmi )
Rp
27.901.000
3-5 Hari
Jakarta Pusat",https://shopee.co.id/Apple-MacBook-Pro-14-M5-Chip-10C-GPU-16-24-32GB-512GB-1TB-SSD-10C-CPU-14.0-OS-Mac-(-Garansi-Resmi-)-i.1491513665.51158777422?extraParams=%7B%22display_model_id%22%3A310780653527%2C%22model_selection_logic%22%3A3%7D&sp_atk=220cc713-8c05-4d6c-bdfb-d97c2c7c4623&xptdk=220cc713-8c05-4d6c-bdfb-d97c2c7c4623
https://down-id.img.susercontent.com/file/id-11134207-7ra0o-mdeikb37uwk814,https://down-id.img.susercontent.com/file/id-11134258-8224v-mkvw0cu9r7k1a5,MACBOOK AIR M4 10C GPU 16GB 256GB GARANSI RESMI,Rp,16.739.500,https://deo.shopeemobile.com/shopee/modules-federation/live/0/shopee__item-card-standard-v2/0.2.8/pc/76dff349290d20891fc1.svg,5 Terjual,https://deo.shopeemobile.com/shopee/modules-federation/live/0/shopee__item-card-standard-v2/0.2.8/pc/5dd7b4560d0e2d3190e8.svg,Depok,,,https://deo.shopeemobile.com/shopee/modules-federation/live/0/shopee__item-card-standard-v2/0.2.8/pc/e4734dab67ee2f9ebd5a.png,https://deo.shopeemobile.com/shopee/modules-federation/live/0/shopee__item-card-standard-v2/0.2.8/pc/d7099d3fd1dfdaf705ab.svg,5.0,-1%,,https://deo.shopeemobile.com/shopee/modules-federation/live/0/shopee__item-card-standard-v2/0.2.8/pc/b4d1b8a78b3621dbdf4a.svg,"MACBOOK AIR M4 10C GPU 16GB 256GB GARANSI RESMI
Rp
16.739.500
-1%
5.0
5 Terjual
3-4 Hari
Depok",https://shopee.co.id/MACBOOK-AIR-M4-10C-GPU-16GB-256GB-GARANSI-RESMI-i.243265767.27691234324?extraParams=%7B%22display_model_id%22%3A261475856969%2C%22model_selection_logic%22%3A3%7D&sp_atk=153a5f16-888d-497e-a6ef-690759fa18fc&xptdk=153a5f16-888d-497e-a6ef-690759fa18fc
https://down-id.img.susercontent.com/file/id-11134207-7ra0q-mdcxw4q1kc6w8a,https://down-id.img.susercontent.com/file/id-11134258-8224v-mkvw0cu9r7k1a5,Macbook Pro M3 Pro BNIB 2024 14inch Ram 8/512GB 18/512GB Garansi Resmi Apple,Rp,28.979.000,https://deo.shopeemobile.com/shopee/modules-federation/live/0/shopee__item-card-standard-v2/0.2.8/pc/38e203dc86172a6c6560.svg,3 Terjual,https://deo.shopeemobile.com/shopee/modules-federation/live/0/shopee__item-card-standard-v2/0.2.8/pc/5dd7b4560d0e2d3190e8.svg,Malang,https://deo.shopeemobile.com/shopee/modules-federation/live/0/shopee__item-card-standard-v2/0.2.8/pc/0614b8f0a8fdde22942d.svg,< 2 Hari,https://deo.shopeemobile.com/shopee/modules-federation/live/0/shopee__item-card-standard-v2/0.2.8/pc/a425c915798471b33e5d.png,https://deo.shopeemobile.com/shopee/modules-federation/live/0/shopee__item-card-standard-v2/0.2.8/pc/d7099d3fd1dfdaf705ab.svg,5.0,-1%,,https://deo.shopeemobile.com/shopee/modules-federation/live/0/shopee__item-card-standard-v2/0.2.8/pc/b4d1b8a78b3621dbdf4a.svg,"Macbook Pro M3 Pro BNIB 2024 14inch Ram 8/512GB 18/512GB Garansi Resmi Apple
Rp
28.979.000
-1%
5.0
3 Terjual
< 2 Hari
Malang",https://shopee.co.id/Macbook-Pro-M3-Pro-BNIB-2024-14inch-Ram-8-512GB-18-512GB-Garansi-Resmi-Apple-i.324462083.13901842432?extraParams=%7B%22display_model_id%22%3A281052072796%2C%22model_selection_logic%22%3A3%7D&sp_atk=8a1920fe-b47f-4ad1-a517-e724d958ff2e&xptdk=8a1920fe-b47f-4ad1-a517-e724d958ff2e
https://down-id.img.susercontent.com/file/id-11134207-82252-mk7swyul3fuo89,https://down-id.img.susercontent.com/file/id-11134258-8224v-mkvw0cu9r7k1a5,Apple Macbook Air 13 Inch M410C CPU 16GB 256GB 512GB 8C GPU - Garansi Resmi,Rp,17.137.000,https://deo.shopeemobile.com/shopee/modules-federation/live/0/shopee__item-card-standard-v2/0.2.8/pc/38e203dc86172a6c6560.svg,Besok 12:00,https://deo.shopeemobile.com/shopee/modules-federation/live/0/shopee__item-card-standard-v2/0.2.8/pc/5dd7b4560d0e2d3190e8.svg,Surabaya,https://deo.shopeemobile.com/shopee/modules-federation/live/0/shopee__item-card-standard-v2/0.2.8/pc/0614b8f0a8fdde22942d.svg,Besok 12:00,https://deo.shopeemobile.com/shopee/modules-federation/live/0/shopee__item-card-standard-v2/0.2.8/pc/7c9110f78e069acbced7.png,https://deo.shopeemobile.com/shopee/modules-federation/live/0/shopee__item-card-standard-v2/0.2.8/pc/0614b8f0a8fdde22942d.svg,,,,,"Apple Macbook Air 13 Inch M410C CPU 16GB 256GB 512GB 8C GPU - Garansi Resmi
Rp
17.137.000
Besok 12:00
Surabaya",https://shopee.co.id/Apple-Macbook-Air-13-Inch-M410C-CPU-16GB-256GB-512GB-8C-GPU-Garansi-Resmi-i.1109456199.50555725281?extraParams=%7B%22display_model_id%22%3A340517452566%2C%22model_selection_logic%22%3A3%7D&sp_atk=83df8d22-bfbd-4a0e-ac6f-01d40d40278e&xptdk=83df8d22-bfbd-4a0e-ac6f-01d40d40278e
https://down-id.img.susercontent.com/file/id-11134207-7ra0u-mbfep47cajqcb1,https://down-id.img.susercontent.com/file/id-11134258-8224v-mkvw0cu9r7k1a5,MacBook Pro 16” 2019 - i9,Rp,10.250.000,https://deo.shopeemobile.com/shopee/modules-federation/live/0/shopee__item-card-standard-v2/0.2.8/pc/38e203dc86172a6c6560.svg,< 2 Hari,https://deo.shopeemobile.com/shopee/modules-federation/live/0/shopee__item-card-standard-v2/0.2.8/pc/5dd7b4560d0e2d3190e8.svg,Tangerang Selatan,https://deo.shopeemobile.com/shopee/modules-federation/live/0/shopee__item-card-standard-v2/0.2.8/pc/0614b8f0a8fdde22942d.svg,< 2 Hari,,https://deo.shopeemobile.com/shopee/modules-federation/live/0/shopee__item-card-standard-v2/0.2.8/pc/0614b8f0a8fdde22942d.svg,,,,,"MacBook Pro 16” 2019 - i9
Rp
10.250.000
< 2 Hari
Tangerang Selatan",https://shopee.co.id/MacBook-Pro-16%E2%80%9D-2019-i9-i.8586324.26588015553?extraParams=%7B%22display_model_id%22%3A300508434132%2C%22model_selection_logic%22%3A3%7D&sp_atk=95b206b9-5061-4965-afa6-83ad99f26991&xptdk=95b206b9-5061-4965-afa6-83ad99f26991
https://down-id.img.susercontent.com/file/id-11134207-8224t-mj9dnovjw9om67,https://down-id.img.susercontent.com/file/id-11134258-8224v-mkvw0cu9r7k1a5,New Macbook Air M2 2022 13 inch Ram 16/256 GB Garansi Resmi GDN Apple Original,Rp,14.179.000,https://deo.shopeemobile.com/shopee/modules-federation/live/0/shopee__item-card-standard-v2/0.2.8/pc/76dff349290d20891fc1.svg,9 Terjual,https://deo.shopeemobile.com/shopee/modules-federation/live/0/shopee__item-card-standard-v2/0.2.8/pc/5dd7b4560d0e2d3190e8.svg,Kab. Sleman,,,,https://deo.shopeemobile.com/shopee/modules-federation/live/0/shopee__item-card-standard-v2/0.2.8/pc/d7099d3fd1dfdaf705ab.svg,5.0,-17%,,https://deo.shopeemobile.com/shopee/modules-federation/live/0/shopee__item-card-standard-v2/0.2.8/pc/b4d1b8a78b3621dbdf4a.svg,"New Macbook Air M2 2022 13 inch Ram 16/256 GB Garansi Resmi GDN Apple Original
Rp
14.179.000
-17%
5.0
9 Terjual
3-4 Hari
Kab. Sleman",https://shopee.co.id/New-Macbook-Air-M2-2022-13-inch-Ram-16-256-GB-Garansi-Resmi-GDN-Apple-Original-i.27687459.19353445899?extraParams=%7B%22display_model_id%22%3A266012676044%2C%22model_selection_logic%22%3A3%7D&sp_atk=400b3190-5e13-4ef9-ade5-d3776a4ea42c&xptdk=400b3190-5e13-4ef9-ade5-d3776a4ea42c
https://down-id.img.susercontent.com/file/id-11134207-822wo-mn429futfy839c,https://down-id.img.susercontent.com/file/id-11134258-8224v-mkvw0cu9r7k1a5,"Apple [MacBook] Air 13"" M5 10-Core CPU 8-Core GPU 16GB 512GB SSD Liquid Retina macOS Garansi Apple",Rp,23.928.000,https://deo.shopeemobile.com/shopee/modules-federation/live/0/shopee__item-card-standard-v2/0.2.8/pc/76dff349290d20891fc1.svg,3-4 Hari,https://deo.shopeemobile.com/shopee/modules-federation/live/0/shopee__item-card-standard-v2/0.2.8/pc/5dd7b4560d0e2d3190e8.svg,Jakarta Pusat,,,https://deo.shopeemobile.com/shopee/modules-federation/live/0/shopee__item-card-standard-v2/0.2.8/pc/7c9110f78e069acbced7.png,,,-35%,,https://deo.shopeemobile.com/shopee/modules-federation/live/0/shopee__item-card-standard-v2/0.2.8/pc/b4d1b8a78b3621dbdf4a.svg,"Apple [MacBook] Air 13"" M5 10-Core CPU 8-Core GPU 16GB 512GB SSD Liquid Retina macOS Garansi Apple
Rp
23.928.000
-35%
3-4 Hari
Jakarta Pusat",https://shopee.co.id/Apple-MacBook-Air-13-M5-10-Core-CPU-8-Core-GPU-16GB-512GB-SSD-Liquid-Retina-macOS-Garansi-Apple-i.1639279615.44079887818?extraParams=%7B%22display_model_id%22%3A330753133014%2C%22model_selection_logic%22%3A3%7D&sp_atk=8593e763-2e95-4f7a-832e-4cf325a16230&xptdk=8593e763-2e95-4f7a-832e-4cf325a16230
https://down-id.img.susercontent.com/file/id-11134207-7ra0n-mcoc46vqhgf7cf,https://down-id.img.susercontent.com/file/id-11134258-822wr-mlx5y0tebegw04,"Macbook Pro M5 14"" 16/512GB New Garansi resmi IBOX BNIB",Rp,29.200.000,https://deo.shopeemobile.com/shopee/modules-federation/live/0/shopee__item-card-standard-v2/0.2.8/pc/38e203dc86172a6c6560.svg,1 Terjual,https://deo.shopeemobile.com/shopee/modules-federation/live/0/shopee__item-card-standard-v2/0.2.8/pc/5dd7b4560d0e2d3190e8.svg,Semarang,https://deo.shopeemobile.com/shopee/modules-federation/live/0/shopee__item-card-standard-v2/0.2.8/pc/0614b8f0a8fdde22942d.svg,< 2 Hari,,https://deo.shopeemobile.com/shopee/modules-federation/live/0/shopee__item-card-standard-v2/0.2.8/pc/d7099d3fd1dfdaf705ab.svg,5.0,,,,"Macbook Pro M5 14"" 16/512GB New Garansi resmi IBOX BNIB
Rp
29.200.000
5.0
1 Terjual
< 2 Hari
Semarang",https://shopee.co.id/Macbook-Pro-M5-14-16-512GB-New-Garansi-resmi-IBOX-BNIB-i.512313677.41460502301?extraParams=%7B%22display_model_id%22%3A290883100732%2C%22model_selection_logic%22%3A3%7D&sp_atk=f2532997-fd6c-41d4-8651-9f7e56387afc&xptdk=f2532997-fd6c-41d4-8651-9f7e56387afc
https://down-id.img.susercontent.com/file/id-11134207-822wt-mmx7ocs3lpmr08,https://down-id.img.susercontent.com/file/id-11134258-8224v-mkvw0cu9r7k1a5,"Apple MacBook Air/Pro 13 MGN63 M1 8GB/16GB 256GB SSD 13.3"" Retina Mac os",Rp,9.099.000,https://deo.shopeemobile.com/shopee/modules-federation/live/0/shopee__item-card-standard-v2/0.2.8/pc/38e203dc86172a6c6560.svg,< 2 Hari,https://deo.shopeemobile.com/shopee/modules-federation/live/0/shopee__item-card-standard-v2/0.2.8/pc/5dd7b4560d0e2d3190e8.svg,Tangerang Selatan,https://deo.shopeemobile.com/shopee/modules-federation/live/0/shopee__item-card-standard-v2/0.2.8/pc/0614b8f0a8fdde22942d.svg,< 2 Hari,https://deo.shopeemobile.com/shopee/modules-federation/live/0/shopee__item-card-standard-v2/0.2.8/pc/a425c915798471b33e5d.png,https://deo.shopeemobile.com/shopee/modules-federation/live/0/shopee__item-card-standard-v2/0.2.8/pc/0614b8f0a8fdde22942d.svg,,-1%,,https://deo.shopeemobile.com/shopee/modules-federation/live/0/shopee__item-card-standard-v2/0.2.8/pc/b4d1b8a78b3621dbdf4a.svg,"Apple MacBook Air/Pro 13 MGN63 M1 8GB/16GB 256GB SSD 13.3"" Retina Mac os
Rp
9.099.000
-1%
< 2 Hari
Tangerang Selatan",https://shopee.co.id/Apple-MacBook-Air-Pro-13-MGN63-M1-8GB-16GB-256GB-SSD-13.3-Retina-Mac-os-i.1667818525.54858641783?extraParams=%7B%22display_model_id%22%3A405766173145%2C%22model_selection_logic%22%3A3%7D&sp_atk=d05b9eef-51e7-4ccb-9756-d0897a717c9a&xptdk=d05b9eef-51e7-4ccb-9756-d0897a717c9a
https://down-id.img.susercontent.com/file/id-11134207-8224u-mjpd5p9zhh509c,https://down-id.img.susercontent.com/file/id-11134258-8224v-mkvw0cu9r7k1a5,Macbook Pro 13 MYDA2 M1 8 16GB Ram 512GB SSD 13 Inch Liquid Retina Silver,Rp,11.200.000,https://deo.shopeemobile.com/shopee/modules-federation/live/0/shopee__item-card-standard-v2/0.2.8/pc/38e203dc86172a6c6560.svg,< 2 Hari,https://deo.shopeemobile.com/shopee/modules-federation/live/0/shopee__item-card-standard-v2/0.2.8/pc/5dd7b4560d0e2d3190e8.svg,Bogor,https://deo.shopeemobile.com/shopee/modules-federation/live/0/shopee__item-card-standard-v2/0.2.8/pc/0614b8f0a8fdde22942d.svg,< 2 Hari,https://deo.shopeemobile.com/shopee/modules-federation/live/0/shopee__item-card-standard-v2/0.2.8/pc/e4734dab67ee2f9ebd5a.png,https://deo.shopeemobile.com/shopee/modules-federation/live/0/shopee__item-card-standard-v2/0.2.8/pc/0614b8f0a8fdde22942d.svg,,,,,"Macbook Pro 13 MYDA2 M1 8 16GB Ram 512GB SSD 13 Inch Liquid Retina Silver
Rp
11.200.000
< 2 Hari
Bogor",https://shopee.co.id/Macbook-Pro-13-MYDA2-M1-8-16GB-Ram-512GB-SSD-13-Inch-Liquid-Retina-Silver-i.1415162945.54004965260?extraParams=%7B%22display_model_id%22%3A380457867943%2C%22model_selection_logic%22%3A3%7D&sp_atk=0c92c0e7-7517-4052-a9ae-6f54c149057a&xptdk=0c92c0e7-7517-4052-a9ae-6f54c149057a
https://down-id.img.susercontent.com/file/id-11134207-7r98p-lxwe32kott7u03,https://down-id.img.susercontent.com/file/id-11134258-8224v-mkvw0cu9r7k1a5,Apple MacBook Air M3 2024 Garansi Resmi TAM/GDN Indonesia,Rp,15.499.000,https://deo.shopeemobile.com/shopee/modules-federation/live/0/shopee__item-card-standard-v2/0.2.8/pc/38e203dc86172a6c6560.svg,< 2 Hari,https://deo.shopeemobile.com/shopee/modules-federation/live/0/shopee__item-card-standard-v2/0.2.8/pc/5dd7b4560d0e2d3190e8.svg,Tasikmalaya,https://deo.shopeemobile.com/shopee/modules-federation/live/0/shopee__item-card-standard-v2/0.2.8/pc/0614b8f0a8fdde22942d.svg,< 2 Hari,,https://deo.shopeemobile.com/shopee/modules-federation/live/0/shopee__item-card-standard-v2/0.2.8/pc/0614b8f0a8fdde22942d.svg,,,,,"Apple MacBook Air M3 2024 Garansi Resmi TAM/GDN Indonesia
Rp
15.499.000
< 2 Hari
Tasikmalaya",https://shopee.co.id/Apple-MacBook-Air-M3-2024-Garansi-Resmi-TAM-GDN-Indonesia-i.427460714.28405735697?extraParams=%7B%22display_model_id%22%3A224403189333%2C%22model_selection_logic%22%3A3%7D&sp_atk=59995182-bcb5-4371-b02f-279375667ca7&xptdk=59995182-bcb5-4371-b02f-279375667ca7
https://down-id.img.susercontent.com/file/id-11134207-822wr-mmu3ct7dg8hy30,https://down-id.img.susercontent.com/file/id-11134258-8224v-mkvw0cu9r7k1a5,Apple [MacBook] Pro M5 Chip 2025 14-Inch 1TB 512GB SSD 24GB 16GB 10-Core GPU CPU Grey Silver,Rp,28.070.000,https://deo.shopeemobile.com/shopee/modules-federation/live/0/shopee__item-card-standard-v2/0.2.8/pc/76dff349290d20891fc1.svg,1 Terjual,https://deo.shopeemobile.com/shopee/modules-federation/live/0/shopee__item-card-standard-v2/0.2.8/pc/5dd7b4560d0e2d3190e8.svg,Jakarta Pusat,,,https://deo.shopeemobile.com/shopee/modules-federation/live/0/shopee__item-card-standard-v2/0.2.8/pc/7c9110f78e069acbced7.png,,,-26%,,https://deo.shopeemobile.com/shopee/modules-federation/live/0/shopee__item-card-standard-v2/0.2.8/pc/b4d1b8a78b3621dbdf4a.svg,"Apple [MacBook] Pro M5 Chip 2025 14-Inch 1TB 512GB SSD 24GB 16GB 10-Core GPU CPU Grey Silver
Rp
28.070.000
-26%
1 Terjual
3-4 Hari
Jakarta Pusat",https://shopee.co.id/Apple-MacBook-Pro-M5-Chip-2025-14-Inch-1TB-512GB-SSD-24GB-16GB-10-Core-GPU-CPU-Grey-Silver-i.1639279615.45258232504?extraParams=%7B%22display_model_id%22%3A335729987163%2C%22model_selection_logic%22%3A3%7D&sp_atk=54491324-c346-4996-8be5-8a719499bbe0&xptdk=54491324-c346-4996-8be5-8a719499bbe0
https://down-id.img.susercontent.com/file/id-11134207-822wg-mmipbcun16v8e8,https://down-id.img.susercontent.com/file/id-11134258-8224v-mkvw0cu9r7k1a5,"Apple MacBook Pro M5 2025 14 inch 14"" 14-inch 512GB 1TB 16GB 24GB Garansi Resmi",Rp,27.999.000,https://deo.shopeemobile.com/shopee/modules-federation/live/0/shopee__item-card-standard-v2/0.2.8/pc/76dff349290d20891fc1.svg,3 Terjual,https://deo.shopeemobile.com/shopee/modules-federation/live/0/shopee__item-card-standard-v2/0.2.8/pc/5dd7b4560d0e2d3190e8.svg,Denpasar,,,https://deo.shopeemobile.com/shopee/modules-federation/live/0/shopee__item-card-standard-v2/0.2.8/pc/e4734dab67ee2f9ebd5a.png,https://deo.shopeemobile.com/shopee/modules-federation/live/0/shopee__item-card-standard-v2/0.2.8/pc/d7099d3fd1dfdaf705ab.svg,5.0,,,,"Apple MacBook Pro M5 2025 14 inch 14"" 14-inch 512GB 1TB 16GB 24GB Garansi Resmi
Rp
27.999.000
5.0
3 Terjual
3-5 Hari
Denpasar",https://shopee.co.id/Apple-MacBook-Pro-M5-2025-14-inch-14-14-inch-512GB-1TB-16GB-24GB-Garansi-Resmi-i.25468108.54600741218?extraParams=%7B%22display_model_id%22%3A385281237075%2C%22model_selection_logic%22%3A3%7D&sp_atk=62711d5b-d97f-447b-9111-ac7cbf50ffb9&xptdk=62711d5b-d97f-447b-9111-ac7cbf50ffb9
https://down-id.img.susercontent.com/file/id-11134207-81zte-mdzhoq7q27erff,https://down-id.img.susercontent.com/file/id-11134258-8224v-mkvw0cu9r7k1a5,"Apple MacBook Pro 2021 M1 Pro 16"" 14"" RAM 16 GB / Storage 512 GB, 1 TB",Rp,13.000.000,https://deo.shopeemobile.com/shopee/modules-federation/live/0/shopee__item-card-standard-v2/0.2.8/pc/38e203dc86172a6c6560.svg,1 Terjual,https://deo.shopeemobile.com/shopee/modules-federation/live/0/shopee__item-card-standard-v2/0.2.8/pc/5dd7b4560d0e2d3190e8.svg,Semarang,https://deo.shopeemobile.com/shopee/modules-federation/live/0/shopee__item-card-standard-v2/0.2.8/pc/0614b8f0a8fdde22942d.svg,< 2 Hari,,https://deo.shopeemobile.com/shopee/modules-federation/live/0/shopee__item-card-standard-v2/0.2.8/pc/0614b8f0a8fdde22942d.svg,,,,,"Apple MacBook Pro 2021 M1 Pro 16"" 14"" RAM 16 GB / Storage 512 GB, 1 TB
Rp
13.000.000
1 Terjual
< 2 Hari
Semarang",https://shopee.co.id/Apple-MacBook-Pro-2021-M1-Pro-16-14-RAM-16-GB-Storage-512-GB-1-TB-i.68244991.18192242937?extraParams=%7B%22display_model_id%22%3A300690315918%2C%22model_selection_logic%22%3A3%7D&sp_atk=077740db-4fb8-439d-8035-f806179938b7&xptdk=077740db-4fb8-439d-8035-f806179938b7
https://down-id.img.susercontent.com/file/id-11134207-7r98u-lztz5bgny79hdf,https://down-id.img.susercontent.com/file/id-11134258-822wr-mlx67rtd6r602f,"Apple MacBook Air M1 8GB 256GB Retina 13""",Rp,13.064.000,https://deo.shopeemobile.com/shopee/modules-federation/live/0/shopee__item-card-standard-v2/0.2.8/pc/76dff349290d20891fc1.svg,2-4 Hari,https://deo.shopeemobile.com/shopee/modules-federation/live/0/shopee__item-card-standard-v2/0.2.8/pc/5dd7b4560d0e2d3190e8.svg,Balikpapan,,,https://deo.shopeemobile.com/shopee/modules-federation/live/0/shopee__item-card-standard-v2/0.2.8/pc/e4734dab67ee2f9ebd5a.png,,,,,,"Apple MacBook Air M1 8GB 256GB Retina 13""
Rp
13.064.000
2-4 Hari
Balikpapan",https://shopee.co.id/Apple-MacBook-Air-M1-8GB-256GB-Retina-13--i.27051321.27460399399?extraParams=%7B%22display_model_id%22%3A185371114704%2C%22model_selection_logic%22%3A3%7D&sp_atk=11f026f4-afd6-4eb9-81b9-7e99f6a8abb2&xptdk=11f026f4-afd6-4eb9-81b9-7e99f6a8abb2
https://down-id.img.susercontent.com/file/sg-11134201-8262w-mlhgnt9cbgg361,https://down-id.img.susercontent.com/file/id-11134258-8224v-mkvw0cu9r7k1a5,Ibox Apple Macbook 14 M4 PRO 20 GPU (24GB 1TB) 14 CPU Chip M4 14.0 Inch Garansi Resmi Ibox Indonesia,Rp,40.269.000,https://deo.shopeemobile.com/shopee/modules-federation/live/0/shopee__item-card-standard-v2/0.2.8/pc/76dff349290d20891fc1.svg,4-7 Hari,https://deo.shopeemobile.com/shopee/modules-federation/live/0/shopee__item-card-standard-v2/0.2.8/pc/5dd7b4560d0e2d3190e8.svg,Jakarta Utara,,,https://deo.shopeemobile.com/shopee/modules-federation/live/0/shopee__item-card-standard-v2/0.2.8/pc/7c9110f78e069acbced7.png,,,-50%,,https://deo.shopeemobile.com/shopee/modules-federation/live/0/shopee__item-card-standard-v2/0.2.8/pc/b4d1b8a78b3621dbdf4a.svg,"Ibox Apple Macbook 14 M4 PRO 20 GPU (24GB 1TB) 14 CPU Chip M4 14.0 Inch Garansi Resmi Ibox Indonesia
Rp
40.269.000
-50%
4-7 Hari
Jakarta Utara",https://shopee.co.id/Ibox-Apple-Macbook-14-M4-PRO-20-GPU-(24GB-1TB)-14-CPU-Chip-M4-14.0-Inch-Garansi-Resmi-Ibox-Indonesia-i.1273188903.53056860268?extraParams=%7B%22display_model_id%22%3A330612949568%2C%22model_selection_logic%22%3A3%7D&sp_atk=f401f7f6-2201-4ba4-9f44-d1914d3456ed&xptdk=f401f7f6-2201-4ba4-9f44-d1914d3456ed
https://down-id.img.susercontent.com/file/id-11134207-8224y-mk3gkftuud4zfe,https://down-id.img.susercontent.com/file/id-11134258-8224v-mkvw0cu9r7k1a5,IBOX APPLE MACBOOK AIR 13 M4 10C GPU 16GB 512GB 10C CPU MIDNIGHT -MW133ID,Rp,19.883.000,https://deo.shopeemobile.com/shopee/modules-federation/live/0/shopee__item-card-standard-v2/0.2.8/pc/76dff349290d20891fc1.svg,5 Terjual,https://deo.shopeemobile.com/shopee/modules-federation/live/0/shopee__item-card-standard-v2/0.2.8/pc/5dd7b4560d0e2d3190e8.svg,Bandung,,,https://deo.shopeemobile.com/shopee/modules-federation/live/0/shopee__item-card-standard-v2/0.2.8/pc/a425c915798471b33e5d.png,https://deo.shopeemobile.com/shopee/modules-federation/live/0/shopee__item-card-standard-v2/0.2.8/pc/d7099d3fd1dfdaf705ab.svg,5.0,-1%,,https://deo.shopeemobile.com/shopee/modules-federation/live/0/shopee__item-card-standard-v2/0.2.8/pc/b4d1b8a78b3621dbdf4a.svg,"IBOX APPLE MACBOOK AIR 13 M4 10C GPU 16GB 512GB 10C CPU MIDNIGHT -MW133ID
Rp
19.883.000
-1%
5.0
5 Terjual
3-4 Hari
Bandung",https://shopee.co.id/IBOX-APPLE-MACBOOK-AIR-13-M4-10C-GPU-16GB-512GB-10C-CPU-MIDNIGHT-MW133ID-i.1477936025.26493285780?extraParams=%7B%22display_model_id%22%3A340724856778%2C%22model_selection_logic%22%3A3%7D&sp_atk=6e80573f-f93c-41fa-bd27-aa57fb2820ae&xptdk=6e80573f-f93c-41fa-bd27-aa57fb2820ae
https://down-id.img.susercontent.com/file/id-11134207-822wk-ml7gczjj2f42bb,https://down-id.img.susercontent.com/file/id-11134258-8224v-mkvw0cu9r7k1a5,Apple Macbook Pro M5 Pro 14 inch RAM 24GB 16GB Garansi Resmi IBOX,Rp,28.330.000,https://deo.shopeemobile.com/shopee/modules-federation/live/0/shopee__item-card-standard-v2/0.2.8/pc/38e203dc86172a6c6560.svg,93 Terjual,https://deo.shopeemobile.com/shopee/modules-federation/live/0/shopee__item-card-standard-v2/0.2.8/pc/5dd7b4560d0e2d3190e8.svg,Jakarta Pusat,https://deo.shopeemobile.com/shopee/modules-federation/live/0/shopee__item-card-standard-v2/0.2.8/pc/0614b8f0a8fdde22942d.svg,< 2 Hari,,https://deo.shopeemobile.com/shopee/modules-federation/live/0/shopee__item-card-standard-v2/0.2.8/pc/d7099d3fd1dfdaf705ab.svg,5.0,-1%,Hadiah Gratis,https://deo.shopeemobile.com/shopee/modules-federation/live/0/shopee__item-card-standard-v2/0.2.8/pc/b4d1b8a78b3621dbdf4a.svg,"Apple Macbook Pro M5 Pro 14 inch RAM 24GB 16GB Garansi Resmi IBOX
Rp
28.330.000
-1%
Hadiah Gratis
5.0
93 Terjual
< 2 Hari
Jakarta Pusat",https://shopee.co.id/Apple-Macbook-Pro-M5-Pro-14-inch-RAM-24GB-16GB-Garansi-Resmi-IBOX-i.183936263.18471619597?extraParams=%7B%22display_model_id%22%3A165492724436%2C%22model_selection_logic%22%3A3%7D&sp_atk=9b2fc642-e546-4528-8902-944c3a3c11ac&xptdk=9b2fc642-e546-4528-8902-944c3a3c11ac
https://down-id.img.susercontent.com/file/id-11134207-8224z-mfs1sqwo2i3200,https://down-id.img.susercontent.com/file/id-11134258-8224v-mkvw0cu9r7k1a5,"Macbook Air M4 2025 13"" 16/512GB Brand New Resmi",Rp,21.738.000,https://deo.shopeemobile.com/shopee/modules-federation/live/0/shopee__item-card-standard-v2/0.2.8/pc/38e203dc86172a6c6560.svg,1 Terjual,https://deo.shopeemobile.com/shopee/modules-federation/live/0/shopee__item-card-standard-v2/0.2.8/pc/5dd7b4560d0e2d3190e8.svg,Kab. Sleman,https://deo.shopeemobile.com/shopee/modules-federation/live/0/shopee__item-card-standard-v2/0.2.8/pc/0614b8f0a8fdde22942d.svg,< 2 Hari,https://deo.shopeemobile.com/shopee/modules-federation/live/0/shopee__item-card-standard-v2/0.2.8/pc/e4734dab67ee2f9ebd5a.png,https://deo.shopeemobile.com/shopee/modules-federation/live/0/shopee__item-card-standard-v2/0.2.8/pc/d7099d3fd1dfdaf705ab.svg,5.0,-1%,,https://deo.shopeemobile.com/shopee/modules-federation/live/0/shopee__item-card-standard-v2/0.2.8/pc/b4d1b8a78b3621dbdf4a.svg,"Macbook Air M4 2025 13"" 16/512GB Brand New Resmi
Rp
21.738.000
-1%
5.0
1 Terjual
< 2 Hari
Kab. Sleman",https://shopee.co.id/Macbook-Air-M4-2025-13-16-512GB-Brand-New-Resmi-i.313018280.44073930260?extraParams=%7B%22display_model_id%22%3A228163309509%2C%22model_selection_logic%22%3A3%7D&sp_atk=f7218685-d03c-4077-ab76-4eadd8139ce2&xptdk=f7218685-d03c-4077-ab76-4eadd8139ce2
https://down-id.img.susercontent.com/file/id-11134207-822wn-mmva8ojyfdhh53,https://down-id.img.susercontent.com/file/id-11134258-8224v-mkvw0cu9r7k1a5,APPLE MACBOOK AIR 13 M4 16GB 256GB 10C CPU 8C GPU IBOX TAM GARANSI RESMI INDONESIA,Rp,16.736.000,https://deo.shopeemobile.com/shopee/modules-federation/live/0/shopee__item-card-standard-v2/0.2.8/pc/38e203dc86172a6c6560.svg,< 2 Hari,https://deo.shopeemobile.com/shopee/modules-federation/live/0/shopee__item-card-standard-v2/0.2.8/pc/5dd7b4560d0e2d3190e8.svg,Jakarta Pusat,https://deo.shopeemobile.com/shopee/modules-federation/live/0/shopee__item-card-standard-v2/0.2.8/pc/0614b8f0a8fdde22942d.svg,< 2 Hari,,https://deo.shopeemobile.com/shopee/modules-federation/live/0/shopee__item-card-standard-v2/0.2.8/pc/0614b8f0a8fdde22942d.svg,,-1%,,https://deo.shopeemobile.com/shopee/modules-federation/live/0/shopee__item-card-standard-v2/0.2.8/pc/b4d1b8a78b3621dbdf4a.svg,"APPLE MACBOOK AIR 13 M4 16GB 256GB 10C CPU 8C GPU IBOX TAM GARANSI RESMI INDONESIA
Rp
16.736.000
-1%
< 2 Hari
Jakarta Pusat",https://shopee.co.id/APPLE-MACBOOK-AIR-13-M4-16GB-256GB-10C-CPU-8C-GPU-IBOX-TAM-GARANSI-RESMI-INDONESIA-i.896428874.49758549584?extraParams=%7B%22display_model_id%22%3A425756776159%2C%22model_selection_logic%22%3A3%7D&sp_atk=9194cb37-1d51-4e31-bef3-b6840a25bfc8&xptdk=9194cb37-1d51-4e31-bef3-b6840a25bfc8
https://down-id.img.susercontent.com/file/id-11134207-822wt-mlstfzmtrrb7e9,https://down-id.img.susercontent.com/file/id-11134258-8224v-mkvw0cu9r7k1a5,Laptop Apple MacBook Air 13 M1 MGN63 Ram 8GB 256GB SSD 13.3'' Retina Display Space Grey,Rp,9.100.000,https://deo.shopeemobile.com/shopee/modules-federation/live/0/shopee__item-card-standard-v2/0.2.8/pc/38e203dc86172a6c6560.svg,< 2 Hari,https://deo.shopeemobile.com/shopee/modules-federation/live/0/shopee__item-card-standard-v2/0.2.8/pc/5dd7b4560d0e2d3190e8.svg,Kab. Tangerang,https://deo.shopeemobile.com/shopee/modules-federation/live/0/shopee__item-card-standard-v2/0.2.8/pc/0614b8f0a8fdde22942d.svg,< 2 Hari,https://deo.shopeemobile.com/shopee/modules-federation/live/0/shopee__item-card-standard-v2/0.2.8/pc/a425c915798471b33e5d.png,https://deo.shopeemobile.com/shopee/modules-federation/live/0/shopee__item-card-standard-v2/0.2.8/pc/0614b8f0a8fdde22942d.svg,,,Hadiah Gratis,,"Laptop Apple MacBook Air 13 M1 MGN63 Ram 8GB 256GB SSD 13.3'' Retina Display Space Grey
Rp
9.100.000
Hadiah Gratis
< 2 Hari
Kab. Tangerang",https://shopee.co.id/Laptop-Apple-MacBook-Air-13-M1-MGN63-Ram-8GB-256GB-SSD-13.3''-Retina-Display-Space-Grey-i.1689609507.50957201318?extraParams=%7B%22display_model_id%22%3A395641806358%2C%22model_selection_logic%22%3A3%7D&sp_atk=aa519cea-276f-47e9-847c-241dd0a281ff&xptdk=aa519cea-276f-47e9-847c-241dd0a281ff
https://down-id.img.susercontent.com/file/id-11134207-7rbkc-m84cnzbgqmma11,https://down-id.img.susercontent.com/file/id-11134258-8224v-mkvw0cu9r7k1a5,Apple MacBook Air 15 M2 Chip 512GB SSD 8GB IPS Mac,Rp,23.024.000,https://deo.shopeemobile.com/shopee/modules-federation/live/0/shopee__item-card-standard-v2/0.2.8/pc/38e203dc86172a6c6560.svg,9 Terjual,https://deo.shopeemobile.com/shopee/modules-federation/live/0/shopee__item-card-standard-v2/0.2.8/pc/5dd7b4560d0e2d3190e8.svg,Jakarta Barat,https://deo.shopeemobile.com/shopee/modules-federation/live/0/shopee__item-card-standard-v2/0.2.8/pc/0614b8f0a8fdde22942d.svg,< 2 Hari,https://deo.shopeemobile.com/shopee/modules-federation/live/0/shopee__item-card-standard-v2/0.2.8/pc/7c9110f78e069acbced7.png,https://deo.shopeemobile.com/shopee/modules-federation/live/0/shopee__item-card-standard-v2/0.2.8/pc/d7099d3fd1dfdaf705ab.svg,5.0,-11%,,https://deo.shopeemobile.com/shopee/modules-federation/live/0/shopee__item-card-standard-v2/0.2.8/pc/b4d1b8a78b3621dbdf4a.svg,"Apple MacBook Air 15 M2 Chip 512GB SSD 8GB IPS Mac
Rp
23.024.000
-11%
5.0
9 Terjual
< 2 Hari
Jakarta Barat",https://shopee.co.id/Apple-MacBook-Air-15-M2-Chip-512GB-SSD-8GB-IPS-Mac-i.30121154.25783876512?extraParams=%7B%22display_model_id%22%3A139011559294%2C%22model_selection_logic%22%3A3%7D&sp_atk=f5d2c39d-9fba-450b-abc9-cfad0d0758b1&xptdk=f5d2c39d-9fba-450b-abc9-cfad0d0758b1
https://down-id.img.susercontent.com/file/id-11134207-822wr-mllmgkd9nl6odd,https://down-id.img.susercontent.com/file/id-11134258-8224v-mkvw0cu9r7k1a5,Apple Macbook Air 13 MGN63 M1 8GB 256GB 13.3 Retina Space  Gray,Rp,9.100.000,https://deo.shopeemobile.com/shopee/modules-federation/live/0/shopee__item-card-standard-v2/0.2.8/pc/38e203dc86172a6c6560.svg,< 2 Hari,https://deo.shopeemobile.com/shopee/modules-federation/live/0/shopee__item-card-standard-v2/0.2.8/pc/5dd7b4560d0e2d3190e8.svg,Bandung,https://deo.shopeemobile.com/shopee/modules-federation/live/0/shopee__item-card-standard-v2/0.2.8/pc/0614b8f0a8fdde22942d.svg,< 2 Hari,https://deo.shopeemobile.com/shopee/modules-federation/live/0/shopee__item-card-standard-v2/0.2.8/pc/e4734dab67ee2f9ebd5a.png,https://deo.shopeemobile.com/shopee/modules-federation/live/0/shopee__item-card-standard-v2/0.2.8/pc/0614b8f0a8fdde22942d.svg,,,,,"Apple Macbook Air 13 MGN63 M1 8GB 256GB 13.3 Retina Space Gray
Rp
9.100.000
< 2 Hari
Bandung",https://shopee.co.id/Apple-Macbook-Air-13-MGN63-M1-8GB-256GB-13.3-Retina-Space-Gray-i.1413953445.54356965213?extraParams=%7B%22display_model_id%22%3A390621994283%2C%22model_selection_logic%22%3A3%7D&sp_atk=6e8aaa45-c39a-411c-9fc3-75eecb3e26b9&xptdk=6e8aaa45-c39a-411c-9fc3-75eecb3e26b9
https://down-id.img.susercontent.com/file/id-11134207-7rasl-m41o58cejc0ad9,https://down-id.img.susercontent.com/file/id-11134258-7r98w-lyezzaurybot13,"MacBook Pro 13"" M1 Ram 16gb 2020 Fullbox Murah",Rp,10.990.000,https://deo.shopeemobile.com/shopee/modules-federation/live/0/shopee__item-card-standard-v2/0.2.8/pc/38e203dc86172a6c6560.svg,4 Terjual,https://deo.shopeemobile.com/shopee/modules-federation/live/0/shopee__item-card-standard-v2/0.2.8/pc/5dd7b4560d0e2d3190e8.svg,Kab. Sleman,https://deo.shopeemobile.com/shopee/modules-federation/live/0/shopee__item-card-standard-v2/0.2.8/pc/0614b8f0a8fdde22942d.svg,< 2 Hari,,https://deo.shopeemobile.com/shopee/modules-federation/live/0/shopee__item-card-standard-v2/0.2.8/pc/d7099d3fd1dfdaf705ab.svg,5.0,,,,"MacBook Pro 13"" M1 Ram 16gb 2020 Fullbox Murah
Rp
10.990.000
5.0
4 Terjual
< 2 Hari
Kab. Sleman",https://shopee.co.id/MacBook-Pro-13-M1-Ram-16gb-2020-Fullbox-Murah-i.1059957426.18084451019?extraParams=%7B%22display_model_id%22%3A205521153585%2C%22model_selection_logic%22%3A3%7D&sp_atk=43b65bb4-5275-49ee-a6b1-f52f3d1deecc&xptdk=43b65bb4-5275-49ee-a6b1-f52f3d1deecc
https://down-id.img.susercontent.com/file/id-11134207-822wl-mmjy6kjpsmx089,https://down-id.img.susercontent.com/file/id-11134258-8224v-mkvw0cu9r7k1a5,APPLE MACBOOK PRO 14 M5 10 CORE GPU 10 CORE CPU 16GB 512GB / 1TB 14.2 INCH LIQUID RETINA XDR,Rp,27.911.000,https://deo.shopeemobile.com/shopee/modules-federation/live/0/shopee__item-card-standard-v2/0.2.8/pc/38e203dc86172a6c6560.svg,4 Terjual,https://deo.shopeemobile.com/shopee/modules-federation/live/0/shopee__item-card-standard-v2/0.2.8/pc/5dd7b4560d0e2d3190e8.svg,Bandung,https://deo.shopeemobile.com/shopee/modules-federation/live/0/shopee__item-card-standard-v2/0.2.8/pc/0614b8f0a8fdde22942d.svg,< 2 Hari,https://deo.shopeemobile.com/shopee/modules-federation/live/0/shopee__item-card-standard-v2/0.2.8/pc/7c9110f78e069acbced7.png,https://deo.shopeemobile.com/shopee/modules-federation/live/0/shopee__item-card-standard-v2/0.2.8/pc/d7099d3fd1dfdaf705ab.svg,5.0,,,,"APPLE MACBOOK PRO 14 M5 10 CORE GPU 10 CORE CPU 16GB 512GB / 1TB 14.2 INCH LIQUID RETINA XDR
Rp
27.911.000
5.0
4 Terjual
< 2 Hari
Bandung",https://shopee.co.id/APPLE-MACBOOK-PRO-14-M5-10-CORE-GPU-10-CORE-CPU-16GB-512GB-1TB-14.2-INCH-LIQUID-RETINA-XDR-i.1031896757.42329301133?extraParams=%7B%22display_model_id%22%3A415647347933%2C%22model_selection_logic%22%3A3%7D&sp_atk=952f81fd-4023-4f09-a1a2-dc90cea7597a&xptdk=952f81fd-4023-4f09-a1a2-dc90cea7597a
https://down-id.img.susercontent.com/file/id-11134207-7rbkb-ma0phtlehv5n20,https://down-id.img.susercontent.com/file/id-11134258-8224v-mkvw0cu9r7k1a5,"Macbook Air M4 2025 13"" 16/24GB 256/512GB SSD",Rp,17.500.000,https://deo.shopeemobile.com/shopee/modules-federation/live/0/shopee__item-card-standard-v2/0.2.8/pc/38e203dc86172a6c6560.svg,5 Terjual,https://deo.shopeemobile.com/shopee/modules-federation/live/0/shopee__item-card-standard-v2/0.2.8/pc/5dd7b4560d0e2d3190e8.svg,Jakarta Timur,https://deo.shopeemobile.com/shopee/modules-federation/live/0/shopee__item-card-standard-v2/0.2.8/pc/0614b8f0a8fdde22942d.svg,< 2 Hari,https://deo.shopeemobile.com/shopee/modules-federation/live/0/shopee__item-card-standard-v2/0.2.8/pc/a425c915798471b33e5d.png,https://deo.shopeemobile.com/shopee/modules-federation/live/0/shopee__item-card-standard-v2/0.2.8/pc/d7099d3fd1dfdaf705ab.svg,5.0,,,,"Macbook Air M4 2025 13"" 16/24GB 256/512GB SSD
Rp
17.500.000
5.0
5 Terjual
< 2 Hari
Jakarta Timur",https://shopee.co.id/Macbook-Air-M4-2025-13-16-24GB-256-512GB-SSD-i.180134181.28532341094?extraParams=%7B%22display_model_id%22%3A295145419394%2C%22model_selection_logic%22%3A3%7D&sp_atk=0a863fa8-8c6b-4d40-9533-a28e9d3655b9&xptdk=0a863fa8-8c6b-4d40-9533-a28e9d3655b9
https://down-id.img.susercontent.com/file/id-11134207-8224o-mg2bcmz3zk7ede,https://down-id.img.susercontent.com/file/id-11134258-7r98w-lyezzaurybot13,Macbook Pro M3 14 inch 2023 Ram 16GB Ssd 1TB Garansi Resmi iBox 1 Tahun,Rp,24.950.000,https://deo.shopeemobile.com/shopee/modules-federation/live/0/shopee__item-card-standard-v2/0.2.8/pc/38e203dc86172a6c6560.svg,< 2 Hari,https://deo.shopeemobile.com/shopee/modules-federation/live/0/shopee__item-card-standard-v2/0.2.8/pc/5dd7b4560d0e2d3190e8.svg,Jakarta Selatan,https://deo.shopeemobile.com/shopee/modules-federation/live/0/shopee__item-card-standard-v2/0.2.8/pc/0614b8f0a8fdde22942d.svg,< 2 Hari,,https://deo.shopeemobile.com/shopee/modules-federation/live/0/shopee__item-card-standard-v2/0.2.8/pc/0614b8f0a8fdde22942d.svg,,,,,"Macbook Pro M3 14 inch 2023 Ram 16GB Ssd 1TB Garansi Resmi iBox 1 Tahun
Rp
24.950.000
< 2 Hari
Jakarta Selatan",https://shopee.co.id/Macbook-Pro-M3-14-inch-2023-Ram-16GB-Ssd-1TB-Garansi-Resmi-iBox-1-Tahun-i.1378284675.41425187217?extraParams=%7B%22display_model_id%22%3A228181432840%2C%22model_selection_logic%22%3A3%7D&sp_atk=5dad374f-8e0a-464f-b170-616d0f7dc069&xptdk=5dad374f-8e0a-464f-b170-616d0f7dc069
https://down-id.img.susercontent.com/file/id-11134207-822ws-mmfv5opwphc201,https://down-id.img.susercontent.com/file/id-11134258-7r98w-lyezzaurybot13,MacBook Pro M5 14-inch 16/512GB | Garansi Resmi 1 Tahun,Rp,27.314.000,https://deo.shopeemobile.com/shopee/modules-federation/live/0/shopee__item-card-standard-v2/0.2.8/pc/38e203dc86172a6c6560.svg,< 2 Hari,https://deo.shopeemobile.com/shopee/modules-federation/live/0/shopee__item-card-standard-v2/0.2.8/pc/5dd7b4560d0e2d3190e8.svg,Jakarta Barat,https://deo.shopeemobile.com/shopee/modules-federation/live/0/shopee__item-card-standard-v2/0.2.8/pc/0614b8f0a8fdde22942d.svg,< 2 Hari,https://deo.shopeemobile.com/shopee/modules-federation/live/0/shopee__item-card-standard-v2/0.2.8/pc/7c9110f78e069acbced7.png,https://deo.shopeemobile.com/shopee/modules-federation/live/0/shopee__item-card-standard-v2/0.2.8/pc/0614b8f0a8fdde22942d.svg,,-2%,,https://deo.shopeemobile.com/shopee/modules-federation/live/0/shopee__item-card-standard-v2/0.2.8/pc/b4d1b8a78b3621dbdf4a.svg,"MacBook Pro M5 14-inch 16/512GB | Garansi Resmi 1 Tahun
Rp
27.314.000
-2%
< 2 Hari
Jakarta Barat",https://shopee.co.id/MacBook-Pro-M5-14-inch-16-512GB-Garansi-Resmi-1-Tahun-i.21617072.55257949501?extraParams=%7B%22display_model_id%22%3A330706490886%2C%22model_selection_logic%22%3A3%7D&sp_atk=cf460e0d-90f8-43f6-bace-840b39d7e868&xptdk=cf460e0d-90f8-43f6-bace-840b39d7e868
https://down-id.img.susercontent.com/file/id-11134207-822wq-mmjrpva4w74451,https://down-id.img.susercontent.com/file/id-11134258-8224v-mkvw0cu9r7k1a5,"Apple MacBook Pro 16"" M4 Max 2024 Promo",Rp,58.499.000,https://deo.shopeemobile.com/shopee/modules-federation/live/0/shopee__item-card-standard-v2/0.2.8/pc/76dff349290d20891fc1.svg,3-5 Hari,https://deo.shopeemobile.com/shopee/modules-federation/live/0/shopee__item-card-standard-v2/0.2.8/pc/5dd7b4560d0e2d3190e8.svg,Denpasar,,,https://deo.shopeemobile.com/shopee/modules-federation/live/0/shopee__item-card-standard-v2/0.2.8/pc/e4734dab67ee2f9ebd5a.png,,,,,,"Apple MacBook Pro 16"" M4 Max 2024 Promo
Rp
58.499.000
3-5 Hari
Denpasar",https://shopee.co.id/Apple-MacBook-Pro-16-M4-Max-2024-Promo-i.25468108.24690501028?extraParams=%7B%22display_model_id%22%3A208395048983%2C%22model_selection_logic%22%3A3%7D&sp_atk=2c635514-ae7e-464c-b5ef-b58f9b6084e0&xptdk=2c635514-ae7e-464c-b5ef-b58f9b6084e0
https://down-id.img.susercontent.com/file/id-11134207-82252-mhjwm7e9ybk568,https://down-id.img.susercontent.com/file/id-11134258-8224v-mkvw0cu9r7k1a5,"Apple MAC BOOK AIR M3 13"" - U3ID 13-inch MacBook Air: Apple M3 chip with 8-core CPU and 10-core GPU / 16GB / 512GB SSD - Starlight",Rp,18.999.000,https://deo.shopeemobile.com/shopee/modules-federation/live/0/shopee__item-card-standard-v2/0.2.8/pc/38e203dc86172a6c6560.svg,< 2 Hari,https://deo.shopeemobile.com/shopee/modules-federation/live/0/shopee__item-card-standard-v2/0.2.8/pc/5dd7b4560d0e2d3190e8.svg,Yogyakarta,https://deo.shopeemobile.com/shopee/modules-federation/live/0/shopee__item-card-standard-v2/0.2.8/pc/0614b8f0a8fdde22942d.svg,< 2 Hari,https://deo.shopeemobile.com/shopee/modules-federation/live/0/shopee__item-card-standard-v2/0.2.8/pc/a425c915798471b33e5d.png,https://deo.shopeemobile.com/shopee/modules-federation/live/0/shopee__item-card-standard-v2/0.2.8/pc/0614b8f0a8fdde22942d.svg,,,,,"Apple MAC BOOK AIR M3 13"" - U3ID 13-inch MacBook Air: Apple M3 chip with 8-core CPU and 10-core GPU / 16GB / 512GB SSD - Starlight
Rp
18.999.000
< 2 Hari
Yogyakarta",https://shopee.co.id/Apple-MAC-BOOK-AIR-M3-13-U3ID-13-inch-MacBook-Air-Apple-M3-chip-with-8-core-CPU-and-10-core-GPU-16GB-512GB-SSD-Starlight-i.259775845.52002192371?extraParams=%7B%22display_model_id%22%3A390212593056%2C%22model_selection_logic%22%3A3%7D&sp_atk=392cc36a-4fd6-4222-a9f2-b1ff13c40a47&xptdk=392cc36a-4fd6-4222-a9f2-b1ff13c40a47
https://down-id.img.susercontent.com/file/id-11134207-81zti-mfc0u88el7nv42,https://down-id.img.susercontent.com/file/id-11134258-8224v-mkvw0cu9r7k1a5,"APPLE MACBOOK AIR  M4 2025 8C GPU, 16GB/256GB SKY BLUE",Rp,17.499.000,https://deo.shopeemobile.com/shopee/modules-federation/live/0/shopee__item-card-standard-v2/0.2.8/pc/76dff349290d20891fc1.svg,4-7 Hari,https://deo.shopeemobile.com/shopee/modules-federation/live/0/shopee__item-card-standard-v2/0.2.8/pc/5dd7b4560d0e2d3190e8.svg,Palembang,,,https://deo.shopeemobile.com/shopee/modules-federation/live/0/shopee__item-card-standard-v2/0.2.8/pc/a425c915798471b33e5d.png,,,-3%,,,"APPLE MACBOOK AIR M4 2025 8C GPU, 16GB/256GB SKY BLUE
Rp
17.499.000
-3%
4-7 Hari
Palembang",https://shopee.co.id/APPLE-MACBOOK-AIR-M4-2025-8C-GPU-16GB-256GB-SKY-BLUE-i.13885226.43372599139?extraParams=%7B%22display_model_id%22%3A266839034578%2C%22model_selection_logic%22%3A3%7D&sp_atk=16f9ef2e-1126-42c1-8723-0d7bf8443bbf&xptdk=16f9ef2e-1126-42c1-8723-0d7bf8443bbf
https://down-id.img.susercontent.com/file/id-11134207-822wq-mmha1j4anim81d,https://down-id.img.susercontent.com/file/id-11134258-8224v-mkvw0cu9r7k1a5,Apple Macbook Air M1 MGN63 RAM 8GB 512GB SSD 13.3 Retina Mac OS,Rp,9.099.000,https://deo.shopeemobile.com/shopee/modules-federation/live/0/shopee__item-card-standard-v2/0.2.8/pc/38e203dc86172a6c6560.svg,< 2 Hari,https://deo.shopeemobile.com/shopee/modules-federation/live/0/shopee__item-card-standard-v2/0.2.8/pc/5dd7b4560d0e2d3190e8.svg,Bogor,https://deo.shopeemobile.com/shopee/modules-federation/live/0/shopee__item-card-standard-v2/0.2.8/pc/0614b8f0a8fdde22942d.svg,< 2 Hari,https://deo.shopeemobile.com/shopee/modules-federation/live/0/shopee__item-card-standard-v2/0.2.8/pc/e4734dab67ee2f9ebd5a.png,https://deo.shopeemobile.com/shopee/modules-federation/live/0/shopee__item-card-standard-v2/0.2.8/pc/0614b8f0a8fdde22942d.svg,,-1%,,https://deo.shopeemobile.com/shopee/modules-federation/live/0/shopee__item-card-standard-v2/0.2.8/pc/b4d1b8a78b3621dbdf4a.svg,"Apple Macbook Air M1 MGN63 RAM 8GB 512GB SSD 13.3 Retina Mac OS
Rp
9.099.000
-1%
< 2 Hari
Bogor",https://shopee.co.id/Apple-Macbook-Air-M1-MGN63-RAM-8GB-512GB-SSD-13.3-Retina-Mac-OS-i.1584405779.49958028326?extraParams=%7B%22display_model_id%22%3A425711477694%2C%22model_selection_logic%22%3A3%7D&sp_atk=ffc74b51-e6fc-4590-9771-c6e3fdf962bc&xptdk=ffc74b51-e6fc-4590-9771-c6e3fdf962bc