-image-yazkc-11,-image-yazkc-11_2,text-sm,inline-block,text-xs/sp14,font-medium,text-shopee-primary,text-xs/sp14_2,pointer-events-none,text-shopee-green,pointer-events-none_2,align-middle,truncate,img_2,w-auto,text-white,pointer-events-none_3,_container,_container_link
https://down-id.img.susercontent.com/file/id-11134207-81ztk-meqv0d6a5qmda5,https://down-id.img.susercontent.com/file/id-11134258-8224v-mkvw0cu9r7k1a5,ADVAN Soulmate X | 14 Inch FHD | AMD 3020e | 4GB/128GB Upgradable | Slim & Elegant Design | Charger Type C | Free WINDOWS 11 Original | Garansi Resmi 1 Tahun,https://deo.shopeemobile.com/shopee/modules-federation/live/0/shopee__item-card-standard-v2/0.2.8/pc/7c9110f78e069acbced7.png,Rp,3.399.000,-43%,4.8,https://deo.shopeemobile.com/shopee/modules-federation/live/0/shopee__item-card-standard-v2/0.2.8/pc/76dff349290d20891fc1.svg,3RB+ Terjual,https://deo.shopeemobile.com/shopee/modules-federation/live/0/shopee__item-card-standard-v2/0.2.8/pc/5dd7b4560d0e2d3190e8.svg,Semarang,,https://deo.shopeemobile.com/shopee/modules-federation/live/0/shopee__item-card-standard-v2/0.2.8/pc/d7099d3fd1dfdaf705ab.svg,,,,"ADVAN Soulmate X | 14 Inch FHD | AMD 3020e | 4GB/128GB Upgradable | Slim & Elegant Design | Charger Type C | Free WINDOWS 11 Original | Garansi Resmi 1 Tahun
Rp
3.399.000
-43%
4.8
3RB+ Terjual
3-4 Hari
Semarang",https://shopee.co.id/ADVAN-Soulmate-X-14-Inch-FHD-AMD-3020e-4GB-128GB-Upgradable-Slim-Elegant-Design-Charger-Type-C-Free-WINDOWS-11-Original-Garansi-Resmi-1-Tahun-i.919692407.40719373929?extraParams=%7B%22display_model_id%22%3A360396160484%2C%22model_selection_logic%22%3A3%7D&sp_atk=e0d04dab-2df9-4a40-80b5-041f6b230654&xptdk=e0d04dab-2df9-4a40-80b5-041f6b230654
https://down-id.img.susercontent.com/file/id-11134207-8224o-mh2uyqv3v30s30,https://down-id.img.susercontent.com/file/id-11134258-8224v-mkvw0cu9r7k1a5,[BEST SELLER] ADVAN Laptop WorkMate | AMD Ryzen 5 3500U / Intel i3-1215U | 14 Inch FHD+ 16:10 IPS | 8GB/256GB Upgradable | WIFI 5 | Garansi Resmi 1 Tahun,https://deo.shopeemobile.com/shopee/modules-federation/live/0/shopee__item-card-standard-v2/0.2.8/pc/7c9110f78e069acbced7.png,Rp,6.199.000,-23%,4.9,https://deo.shopeemobile.com/shopee/modules-federation/live/0/shopee__item-card-standard-v2/0.2.8/pc/76dff349290d20891fc1.svg,5RB+ Terjual,https://deo.shopeemobile.com/shopee/modules-federation/live/0/shopee__item-card-standard-v2/0.2.8/pc/5dd7b4560d0e2d3190e8.svg,Semarang,,https://deo.shopeemobile.com/shopee/modules-federation/live/0/shopee__item-card-standard-v2/0.2.8/pc/d7099d3fd1dfdaf705ab.svg,,,,"[BEST SELLER] ADVAN Laptop WorkMate | AMD Ryzen 5 3500U / Intel i3-1215U | 14 Inch FHD+ 16:10 IPS | 8GB/256GB Upgradable | WIFI 5 | Garansi Resmi 1 Tahun
Rp
6.199.000
-23%
4.9
5RB+ Terjual
3-4 Hari
Semarang",https://shopee.co.id/-BEST-SELLER-ADVAN-Laptop-WorkMate-AMD-Ryzen-5-3500U-Intel-i3-1215U-14-Inch-FHD-16-10-IPS-8GB-256GB-Upgradable-WIFI-5-Garansi-Resmi-1-Tahun-i.919692407.44210886492?extraParams=%7B%22display_model_id%22%3A285914571025%2C%22model_selection_logic%22%3A3%7D&sp_atk=4b4f8da1-2076-4546-8f7d-d1148bac7c3a&xptdk=4b4f8da1-2076-4546-8f7d-d1148bac7c3a
https://down-id.img.susercontent.com/file/id-11134207-81ztk-mf8hu5rx4g7efd,https://down-id.img.susercontent.com/file/id-11134258-8224q-mkvvibsp8oowa6,ADVAN Soulmate X Amd Athlon 3020e RAM16GB SSD512GB Windows 11 Original,https://deo.shopeemobile.com/shopee/modules-federation/live/0/shopee__item-card-standard-v2/0.2.8/pc/7c9110f78e069acbced7.png,Rp,3.549.000,,4.9,https://deo.shopeemobile.com/shopee/modules-federation/live/0/shopee__item-card-standard-v2/0.2.8/pc/38e203dc86172a6c6560.svg,1RB+ Terjual,https://deo.shopeemobile.com/shopee/modules-federation/live/0/shopee__item-card-standard-v2/0.2.8/pc/5dd7b4560d0e2d3190e8.svg,Jakarta Pusat,Pilih Lokal,https://deo.shopeemobile.com/shopee/modules-federation/live/0/shopee__item-card-standard-v2/0.2.8/pc/d7099d3fd1dfdaf705ab.svg,https://deo.shopeemobile.com/shopee/modules-federation/live/0/shopee__item-card-standard-v2/0.2.8/pc/0614b8f0a8fdde22942d.svg,< 2 Hari,,"ADVAN Soulmate X Amd Athlon 3020e RAM16GB SSD512GB Windows 11 Original
Rp
3.549.000
Pilih Lokal
4.9
1RB+ Terjual
< 2 Hari
Jakarta Pusat",https://shopee.co.id/ADVAN-Soulmate-X-Amd-Athlon-3020e-RAM16GB-SSD512GB-Windows-11-Original-i.32829345.20680689826?extraParams=%7B%22display_model_id%22%3A260188664700%2C%22model_selection_logic%22%3A3%7D&sp_atk=5bfe7d7e-0927-41b4-a8dc-5a5d1fe0c00f&xptdk=5bfe7d7e-0927-41b4-a8dc-5a5d1fe0c00f
https://down-id.img.susercontent.com/file/id-11134207-7rbk7-m9jnsfc6ym0r29,https://down-id.img.susercontent.com/file/id-11134258-8224q-mkvvibsp8oowa6,"ADVAN Laptop Workplus Heritage Ryzen 5 7535HS | 16GB/1TB | Desain Eksklusif Batik Megamendung |  14"" IPS Full HD Plus WUXGA 1920x1200 Display 16:10 | 1.55 KG Weigth | Windows 11 | Garansi Resmi 2 Tahun",https://deo.shopeemobile.com/shopee/modules-federation/live/0/shopee__item-card-standard-v2/0.2.8/pc/7c9110f78e069acbced7.png,Rp,7.699.000,-30%,4.9,https://deo.shopeemobile.com/shopee/modules-federation/live/0/shopee__item-card-standard-v2/0.2.8/pc/76dff349290d20891fc1.svg,1RB+ Terjual,https://deo.shopeemobile.com/shopee/modules-federation/live/0/shopee__item-card-standard-v2/0.2.8/pc/5dd7b4560d0e2d3190e8.svg,Semarang,Pilih Lokal,https://deo.shopeemobile.com/shopee/modules-federation/live/0/shopee__item-card-standard-v2/0.2.8/pc/d7099d3fd1dfdaf705ab.svg,,,,"ADVAN Laptop Workplus Heritage Ryzen 5 7535HS | 16GB/1TB | Desain Eksklusif Batik Megamendung | 14"" IPS Full HD Plus WUXGA 1920x1200 Display 16:10 | 1.55 KG Weigth | Windows 11 | Garansi Resmi 2 Tahun
Rp
7.699.000
-30%
Pilih Lokal
4.9
1RB+ Terjual
3-4 Hari
Semarang",https://shopee.co.id/ADVAN-Laptop-Workplus-Heritage-Ryzen-5-7535HS-16GB-1TB-Desain-Eksklusif-Batik-Megamendung-14-IPS-Full-HD-Plus-WUXGA-1920x1200-Display-16-10-1.55-KG-Weigth-Windows-11-Garansi-Resmi-2-Tahun-i.919692407.27885387223?extraParams=%7B%22display_model_id%22%3A186048778351%2C%22model_selection_logic%22%3A3%7D&sp_atk=b2f0966c-6799-47d3-87db-ac83de889147&xptdk=b2f0966c-6799-47d3-87db-ac83de889147
https://down-id.img.susercontent.com/file/id-11134207-82252-mjo8azgyt1qc42,https://down-id.img.susercontent.com/file/id-11134258-8224q-mkvvibsp8oowa6,Advan Soulmate X Amd 3020e RAM16GB SSD512GB 14'' HD Windows 11,https://deo.shopeemobile.com/shopee/modules-federation/live/0/shopee__item-card-standard-v2/0.2.8/pc/7c9110f78e069acbced7.png,Rp,3.549.000,,4.9,https://deo.shopeemobile.com/shopee/modules-federation/live/0/shopee__item-card-standard-v2/0.2.8/pc/38e203dc86172a6c6560.svg,1RB+ Terjual,https://deo.shopeemobile.com/shopee/modules-federation/live/0/shopee__item-card-standard-v2/0.2.8/pc/5dd7b4560d0e2d3190e8.svg,Jakarta Pusat,Pilih Lokal,https://deo.shopeemobile.com/shopee/modules-federation/live/0/shopee__item-card-standard-v2/0.2.8/pc/d7099d3fd1dfdaf705ab.svg,https://deo.shopeemobile.com/shopee/modules-federation/live/0/shopee__item-card-standard-v2/0.2.8/pc/0614b8f0a8fdde22942d.svg,< 2 Hari,,"Advan Soulmate X Amd 3020e RAM16GB SSD512GB 14'' HD Windows 11
Rp
3.549.000
Pilih Lokal
4.9
1RB+ Terjual
< 2 Hari
Jakarta Pusat",https://shopee.co.id/Advan-Soulmate-X-Amd-3020e-RAM16GB-SSD512GB-14''-HD-Windows-11-i.186855095.22270594690?extraParams=%7B%22display_model_id%22%3A286814674200%2C%22model_selection_logic%22%3A3%7D&sp_atk=8e3eee99-dbb2-449d-afc4-b37aecb93977&xptdk=8e3eee99-dbb2-449d-afc4-b37aecb93977
https://down-id.img.susercontent.com/file/id-11134207-822wi-mmm04mo1hrsx75,https://down-id.img.susercontent.com/file/id-11134258-8224q-mkvvibsp8oowa6,ADVAN Workpro Intel core i5 12450H RAM32GB SSD1TB 14'' Fhd Ips Windows 11,https://deo.shopeemobile.com/shopee/modules-federation/live/0/shopee__item-card-standard-v2/0.2.8/pc/7c9110f78e069acbced7.png,Rp,7.099.000,,4.9,https://deo.shopeemobile.com/shopee/modules-federation/live/0/shopee__item-card-standard-v2/0.2.8/pc/38e203dc86172a6c6560.svg,1RB+ Terjual,https://deo.shopeemobile.com/shopee/modules-federation/live/0/shopee__item-card-standard-v2/0.2.8/pc/5dd7b4560d0e2d3190e8.svg,Jakarta Pusat,Pilih Lokal,https://deo.shopeemobile.com/shopee/modules-federation/live/0/shopee__item-card-standard-v2/0.2.8/pc/d7099d3fd1dfdaf705ab.svg,https://deo.shopeemobile.com/shopee/modules-federation/live/0/shopee__item-card-standard-v2/0.2.8/pc/0614b8f0a8fdde22942d.svg,< 2 Hari,,"ADVAN Workpro Intel core i5 12450H RAM32GB SSD1TB 14'' Fhd Ips Windows 11
Rp
7.099.000
Pilih Lokal
4.9
1RB+ Terjual
< 2 Hari
Jakarta Pusat",https://shopee.co.id/ADVAN-Workpro-Intel-core-i5-12450H-RAM32GB-SSD1TB-14''-Fhd-Ips-Windows-11-i.186855095.20182930512?extraParams=%7B%22display_model_id%22%3A234369883020%2C%22model_selection_logic%22%3A3%7D&sp_atk=07f6b416-226b-489b-99a2-0c68345883de&xptdk=07f6b416-226b-489b-99a2-0c68345883de
https://down-id.img.susercontent.com/file/id-11134207-82250-mh2uyquzvt3hca,https://down-id.img.susercontent.com/file/id-11134258-8224v-mkvw0cu9r7k1a5,ADVAN Laptop WorkMate | Intel i3-1215U | 14 Inch FHD+ 16:10 IPS | 8GB/256GB Upgradable | WIFI 5 | Free WIndows 11 | Garansi Resmi 1 Tahun,https://deo.shopeemobile.com/shopee/modules-federation/live/0/shopee__item-card-standard-v2/0.2.8/pc/7c9110f78e069acbced7.png,Rp,6.199.000,-23%,4.9,https://deo.shopeemobile.com/shopee/modules-federation/live/0/shopee__item-card-standard-v2/0.2.8/pc/76dff349290d20891fc1.svg,3RB+ Terjual,https://deo.shopeemobile.com/shopee/modules-federation/live/0/shopee__item-card-standard-v2/0.2.8/pc/5dd7b4560d0e2d3190e8.svg,Kab. Tangerang,,https://deo.shopeemobile.com/shopee/modules-federation/live/0/shopee__item-card-standard-v2/0.2.8/pc/d7099d3fd1dfdaf705ab.svg,,,,"ADVAN Laptop WorkMate | Intel i3-1215U | 14 Inch FHD+ 16:10 IPS | 8GB/256GB Upgradable | WIFI 5 | Free WIndows 11 | Garansi Resmi 1 Tahun
Rp
6.199.000
-23%
4.9
3RB+ Terjual
3-5 Hari
Kab. Tangerang",https://shopee.co.id/ADVAN-Laptop-WorkMate-Intel-i3-1215U-14-Inch-FHD-16-10-IPS-8GB-256GB-Upgradable-WIFI-5-Free-WIndows-11-Garansi-Resmi-1-Tahun-i.919692407.26869436951?extraParams=%7B%22display_model_id%22%3A262149319867%2C%22model_selection_logic%22%3A3%7D&sp_atk=25ab6121-df3d-4397-ae11-81066c6b5afd&xptdk=25ab6121-df3d-4397-ae11-81066c6b5afd
https://down-id.img.susercontent.com/file/id-11134207-7ra0l-md1vl4vras3cbf,https://down-id.img.susercontent.com/file/id-11134258-8224q-mkvvibsp8oowa6,ADVAN Workmate AMD RYZEN 5 3500U RAM32GB SSD1TB 14'' FHD+ IPS Windows 11,https://deo.shopeemobile.com/shopee/modules-federation/live/0/shopee__item-card-standard-v2/0.2.8/pc/7c9110f78e069acbced7.png,Rp,5.549.000,,4.9,https://deo.shopeemobile.com/shopee/modules-federation/live/0/shopee__item-card-standard-v2/0.2.8/pc/38e203dc86172a6c6560.svg,598 Terjual,https://deo.shopeemobile.com/shopee/modules-federation/live/0/shopee__item-card-standard-v2/0.2.8/pc/5dd7b4560d0e2d3190e8.svg,Jakarta Pusat,Pilih Lokal,https://deo.shopeemobile.com/shopee/modules-federation/live/0/shopee__item-card-standard-v2/0.2.8/pc/d7099d3fd1dfdaf705ab.svg,https://deo.shopeemobile.com/shopee/modules-federation/live/0/shopee__item-card-standard-v2/0.2.8/pc/0614b8f0a8fdde22942d.svg,< 2 Hari,,"ADVAN Workmate AMD RYZEN 5 3500U RAM32GB SSD1TB 14'' FHD+ IPS Windows 11
Rp
5.549.000
Pilih Lokal
4.9
598 Terjual
< 2 Hari
Jakarta Pusat",https://shopee.co.id/ADVAN-Workmate-AMD-RYZEN-5-3500U-RAM32GB-SSD1TB-14''-FHD-IPS-Windows-11-i.186855095.27210345844?extraParams=%7B%22display_model_id%22%3A241537065360%2C%22model_selection_logic%22%3A3%7D&sp_atk=868dcd2b-bf58-4796-a5c4-3be636b03a80&xptdk=868dcd2b-bf58-4796-a5c4-3be636b03a80
https://down-id.img.susercontent.com/file/id-11134207-7quky-lhyhrteukimz70,,LAPTOP ADVAN SOULMATE INTEL N4020 4GB 384GB WINDOWS,,Rp,3.650.000,,5.0,https://deo.shopeemobile.com/shopee/modules-federation/live/0/shopee__item-card-standard-v2/0.2.8/pc/38e203dc86172a6c6560.svg,235 Terjual,https://deo.shopeemobile.com/shopee/modules-federation/live/0/shopee__item-card-standard-v2/0.2.8/pc/5dd7b4560d0e2d3190e8.svg,Surabaya,,https://deo.shopeemobile.com/shopee/modules-federation/live/0/shopee__item-card-standard-v2/0.2.8/pc/d7099d3fd1dfdaf705ab.svg,https://deo.shopeemobile.com/shopee/modules-federation/live/0/shopee__item-card-standard-v2/0.2.8/pc/0614b8f0a8fdde22942d.svg,Besok 11:00,,"LAPTOP ADVAN SOULMATE INTEL N4020 4GB 384GB WINDOWS
Rp
3.650.000
5.0
235 Terjual
Besok 11:00
Surabaya",https://shopee.co.id/LAPTOP-ADVAN-SOULMATE-INTEL-N4020-4GB-384GB-WINDOWS-i.1058807.20889784508?extraParams=%7B%22display_model_id%22%3A165940862354%2C%22model_selection_logic%22%3A3%7D&sp_atk=aaf384e8-4007-4d85-aeed-a6345e9f5038&xptdk=aaf384e8-4007-4d85-aeed-a6345e9f5038
https://down-id.img.susercontent.com/file/id-11134207-7r98o-lkrwj8gyfmvj63,,LAPTOP ADVAN WORKPRO INTEL i5 1035G7 8GB 256SSD W11,,Rp,5.850.000,,4.8,https://deo.shopeemobile.com/shopee/modules-federation/live/0/shopee__item-card-standard-v2/0.2.8/pc/38e203dc86172a6c6560.svg,32 Terjual,https://deo.shopeemobile.com/shopee/modules-federation/live/0/shopee__item-card-standard-v2/0.2.8/pc/5dd7b4560d0e2d3190e8.svg,Surabaya,,https://deo.shopeemobile.com/shopee/modules-federation/live/0/shopee__item-card-standard-v2/0.2.8/pc/d7099d3fd1dfdaf705ab.svg,https://deo.shopeemobile.com/shopee/modules-federation/live/0/shopee__item-card-standard-v2/0.2.8/pc/0614b8f0a8fdde22942d.svg,Besok 11:00,,"LAPTOP ADVAN WORKPRO INTEL i5 1035G7 8GB 256SSD W11
Rp
5.850.000
4.8
32 Terjual
Besok 11:00
Surabaya",https://shopee.co.id/LAPTOP-ADVAN-WORKPRO-INTEL-i5-1035G7-8GB-256SSD-W11-i.1058807.21592241070?extraParams=%7B%22display_model_id%22%3A265172139610%2C%22model_selection_logic%22%3A3%7D&sp_atk=fa89a93c-3e2c-4272-914d-7f19d9e18803&xptdk=fa89a93c-3e2c-4272-914d-7f19d9e18803
https://down-id.img.susercontent.com/file/sg-11134201-824hu-mf7zp3cy3i1401,https://down-id.img.susercontent.com/file/id-11134258-8224v-mkvw0cu9r7k1a5,[NEW LAUNCH] ADVAN Soulmate X | 14 Inch FHD | AMD 3020e | 4GB/128GB Upgradable | Slim & Elegant Design | FREE WINDOWS 11 Original | Garansi Resmi 1 Tahun,https://deo.shopeemobile.com/shopee/modules-federation/live/0/shopee__item-card-standard-v2/0.2.8/pc/7c9110f78e069acbced7.png,Rp,3.399.000,-43%,4.9,https://deo.shopeemobile.com/shopee/modules-federation/live/0/shopee__item-card-standard-v2/0.2.8/pc/76dff349290d20891fc1.svg,254 Terjual,https://deo.shopeemobile.com/shopee/modules-federation/live/0/shopee__item-card-standard-v2/0.2.8/pc/5dd7b4560d0e2d3190e8.svg,Semarang,,https://deo.shopeemobile.com/shopee/modules-federation/live/0/shopee__item-card-standard-v2/0.2.8/pc/d7099d3fd1dfdaf705ab.svg,,,,"[NEW LAUNCH] ADVAN Soulmate X | 14 Inch FHD | AMD 3020e | 4GB/128GB Upgradable | Slim & Elegant Design | FREE WINDOWS 11 Original | Garansi Resmi 1 Tahun
Rp
3.399.000
-43%
4.9
254 Terjual
3-4 Hari
Semarang",https://shopee.co.id/-NEW-LAUNCH-ADVAN-Soulmate-X-14-Inch-FHD-AMD-3020e-4GB-128GB-Upgradable-Slim-Elegant-Design-FREE-WINDOWS-11-Original-Garansi-Resmi-1-Tahun-i.284666524.43672231389?extraParams=%7B%22display_model_id%22%3A355396311658%2C%22model_selection_logic%22%3A3%7D&sp_atk=8d58f149-776f-4610-acd8-d4516cc3171c&xptdk=8d58f149-776f-4610-acd8-d4516cc3171c
https://down-id.img.susercontent.com/file/id-11134207-7r98w-luptmfcyiyyxe0,https://down-id.img.susercontent.com/file/id-11134258-8224q-mkvvibsp8oowa6,ADVAN Laptop Workplus AMD Ryzen 5 6600H | Ryzen 7 7735HS | 16Gb/512Gb 1TB | 14'' FHD IPS 16:10 | Fingerprint | Windows 11 | Garansi Resmi 1 Tahun,https://deo.shopeemobile.com/shopee/modules-federation/live/0/shopee__item-card-standard-v2/0.2.8/pc/7c9110f78e069acbced7.png,Rp,7.699.000,-11%,4.9,https://deo.shopeemobile.com/shopee/modules-federation/live/0/shopee__item-card-standard-v2/0.2.8/pc/76dff349290d20891fc1.svg,10RB+ Terjual,https://deo.shopeemobile.com/shopee/modules-federation/live/0/shopee__item-card-standard-v2/0.2.8/pc/5dd7b4560d0e2d3190e8.svg,Semarang,Pilih Lokal,https://deo.shopeemobile.com/shopee/modules-federation/live/0/shopee__item-card-standard-v2/0.2.8/pc/d7099d3fd1dfdaf705ab.svg,,,,"ADVAN Laptop Workplus AMD Ryzen 5 6600H | Ryzen 7 7735HS | 16Gb/512Gb 1TB | 14'' FHD IPS 16:10 | Fingerprint | Windows 11 | Garansi Resmi 1 Tahun
Rp
7.699.000
-11%
Pilih Lokal
4.9
10RB+ Terjual
3-4 Hari
Semarang",https://shopee.co.id/ADVAN-Laptop-Workplus-AMD-Ryzen-5-6600H-Ryzen-7-7735HS-16Gb-512Gb-1TB-14''-FHD-IPS-16-10-Fingerprint-Windows-11-Garansi-Resmi-1-Tahun-i.919692407.20591880461?extraParams=%7B%22display_model_id%22%3A223237095714%2C%22model_selection_logic%22%3A3%7D&sp_atk=0b3c43c0-e1cc-4bca-859f-4ec4add6ce57&xptdk=0b3c43c0-e1cc-4bca-859f-4ec4add6ce57
https://down-id.img.susercontent.com/file/id-11134207-7ra0o-md1vlpjx1s7r74,https://down-id.img.susercontent.com/file/id-11134258-8224v-mkvw0cu9r7k1a5,ADVAN Workmate AMD RYZEN 5 3500U RAM32GB SSD1TB 14'' FHD+ IPS Windows 11,https://deo.shopeemobile.com/shopee/modules-federation/live/0/shopee__item-card-standard-v2/0.2.8/pc/7c9110f78e069acbced7.png,Rp,5.549.000,,5.0,https://deo.shopeemobile.com/shopee/modules-federation/live/0/shopee__item-card-standard-v2/0.2.8/pc/38e203dc86172a6c6560.svg,206 Terjual,https://deo.shopeemobile.com/shopee/modules-federation/live/0/shopee__item-card-standard-v2/0.2.8/pc/5dd7b4560d0e2d3190e8.svg,Jakarta Pusat,,https://deo.shopeemobile.com/shopee/modules-federation/live/0/shopee__item-card-standard-v2/0.2.8/pc/d7099d3fd1dfdaf705ab.svg,https://deo.shopeemobile.com/shopee/modules-federation/live/0/shopee__item-card-standard-v2/0.2.8/pc/0614b8f0a8fdde22942d.svg,< 2 Hari,,"ADVAN Workmate AMD RYZEN 5 3500U RAM32GB SSD1TB 14'' FHD+ IPS Windows 11
Rp
5.549.000
5.0
206 Terjual
< 2 Hari
Jakarta Pusat",https://shopee.co.id/ADVAN-Workmate-AMD-RYZEN-5-3500U-RAM32GB-SSD1TB-14''-FHD-IPS-Windows-11-i.32829345.23482830123?extraParams=%7B%22display_model_id%22%3A205369579983%2C%22model_selection_logic%22%3A3%7D&sp_atk=42e41cb7-4507-4b0d-a5b5-07656ea1427d&xptdk=42e41cb7-4507-4b0d-a5b5-07656ea1427d
https://down-id.img.susercontent.com/file/id-11134207-82250-ml0h4wcevm6807,https://down-id.img.susercontent.com/file/id-11134258-8224v-mkvw0cu9r7k1a5,ADVAN WORKPLUS HERITAGE BATIK RYZEN 5 7535HS 8GB 512GB 14.0 WUXGA IPS Windows 11,https://deo.shopeemobile.com/shopee/modules-federation/live/0/shopee__item-card-standard-v2/0.2.8/pc/7c9110f78e069acbced7.png,Rp,7.510.000,,5.0,https://deo.shopeemobile.com/shopee/modules-federation/live/0/shopee__item-card-standard-v2/0.2.8/pc/38e203dc86172a6c6560.svg,2 Terjual,https://deo.shopeemobile.com/shopee/modules-federation/live/0/shopee__item-card-standard-v2/0.2.8/pc/5dd7b4560d0e2d3190e8.svg,Surabaya,,https://deo.shopeemobile.com/shopee/modules-federation/live/0/shopee__item-card-standard-v2/0.2.8/pc/d7099d3fd1dfdaf705ab.svg,https://deo.shopeemobile.com/shopee/modules-federation/live/0/shopee__item-card-standard-v2/0.2.8/pc/0614b8f0a8fdde22942d.svg,Besok 12:00,,"ADVAN WORKPLUS HERITAGE BATIK RYZEN 5 7535HS 8GB 512GB 14.0 WUXGA IPS Windows 11
Rp
7.510.000
5.0
2 Terjual
Besok 12:00
Surabaya",https://shopee.co.id/ADVAN-WORKPLUS-HERITAGE-BATIK-RYZEN-5-7535HS-8GB-512GB-14.0-WUXGA-IPS-Windows-11-i.1039970542.46456337915?extraParams=%7B%22display_model_id%22%3A360571614074%2C%22model_selection_logic%22%3A3%7D&sp_atk=bfeb86a2-05df-477a-a563-7b7f6f5bd8a5&xptdk=bfeb86a2-05df-477a-a563-7b7f6f5bd8a5
https://down-id.img.susercontent.com/file/id-11134207-81ztn-mfknu8bthwjsf2,https://down-id.img.susercontent.com/file/id-11134258-8224v-mkvw0cu9r7k1a5,ADVAN Soulmate X AMD 3020e 8GB 128GB SSD Upgradable 14 Inch FHD Windows 11 Original Charger Type C,https://deo.shopeemobile.com/shopee/modules-federation/live/0/shopee__item-card-standard-v2/0.2.8/pc/7c9110f78e069acbced7.png,Rp,3.896.000,-22%,4.9,https://deo.shopeemobile.com/shopee/modules-federation/live/0/shopee__item-card-standard-v2/0.2.8/pc/38e203dc86172a6c6560.svg,77 Terjual,https://deo.shopeemobile.com/shopee/modules-federation/live/0/shopee__item-card-standard-v2/0.2.8/pc/5dd7b4560d0e2d3190e8.svg,Surabaya,,https://deo.shopeemobile.com/shopee/modules-federation/live/0/shopee__item-card-standard-v2/0.2.8/pc/d7099d3fd1dfdaf705ab.svg,https://deo.shopeemobile.com/shopee/modules-federation/live/0/shopee__item-card-standard-v2/0.2.8/pc/0614b8f0a8fdde22942d.svg,Besok,https://deo.shopeemobile.com/shopee/modules-federation/live/0/shopee__item-card-standard-v2/0.2.8/pc/b4d1b8a78b3621dbdf4a.svg,"ADVAN Soulmate X AMD 3020e 8GB 128GB SSD Upgradable 14 Inch FHD Windows 11 Original Charger Type C
Rp
3.896.000
-22%
4.9
77 Terjual
Besok
Surabaya",https://shopee.co.id/ADVAN-Soulmate-X-AMD-3020e-8GB-128GB-SSD-Upgradable-14-Inch-FHD-Windows-11-Original-Charger-Type-C-i.318218543.43373181821?extraParams=%7B%22display_model_id%22%3A380411297522%2C%22model_selection_logic%22%3A3%7D&sp_atk=452ffc4e-6dbd-4a89-a1b8-d4694318ba93&xptdk=452ffc4e-6dbd-4a89-a1b8-d4694318ba93
https://down-id.img.susercontent.com/file/id-11134207-8224s-mjvd4616fshz8d,https://down-id.img.susercontent.com/file/id-11134258-8224q-mkvvibsp8oowa6,ADVAN Workmate Intel Core i3 1215u RAM32GB SSD1TB 14 FHD+ IPS Windows 11,https://deo.shopeemobile.com/shopee/modules-federation/live/0/shopee__item-card-standard-v2/0.2.8/pc/7c9110f78e069acbced7.png,Rp,6.349.000,,5.0,https://deo.shopeemobile.com/shopee/modules-federation/live/0/shopee__item-card-standard-v2/0.2.8/pc/38e203dc86172a6c6560.svg,402 Terjual,https://deo.shopeemobile.com/shopee/modules-federation/live/0/shopee__item-card-standard-v2/0.2.8/pc/5dd7b4560d0e2d3190e8.svg,Jakarta Pusat,Pilih Lokal,https://deo.shopeemobile.com/shopee/modules-federation/live/0/shopee__item-card-standard-v2/0.2.8/pc/d7099d3fd1dfdaf705ab.svg,https://deo.shopeemobile.com/shopee/modules-federation/live/0/shopee__item-card-standard-v2/0.2.8/pc/0614b8f0a8fdde22942d.svg,< 2 Hari,,"ADVAN Workmate Intel Core i3 1215u RAM32GB SSD1TB 14 FHD+ IPS Windows 11
Rp
6.349.000
Pilih Lokal
5.0
402 Terjual
< 2 Hari
Jakarta Pusat",https://shopee.co.id/ADVAN-Workmate-Intel-Core-i3-1215u-RAM32GB-SSD1TB-14-FHD-IPS-Windows-11-i.32829345.18282951456?extraParams=%7B%22display_model_id%22%3A290871192270%2C%22model_selection_logic%22%3A3%7D&sp_atk=ba795293-0ab0-408b-85da-55ac07dbe9e3&xptdk=ba795293-0ab0-408b-85da-55ac07dbe9e3
https://down-id.img.susercontent.com/file/id-11134207-81ztf-mfrs2jg3bj0s87,https://down-id.img.susercontent.com/file/id-11134258-8224v-mkvw0cu9r7k1a5,Laptop Advan TBOOK Intel N100 8GB 256GB SSD + 128GB eMMC Storage 14 inch Windows 11 Laptop Baru Sekolah Dan Bekerja setara core i3 8130U,https://deo.shopeemobile.com/shopee/modules-federation/live/0/shopee__item-card-standard-v2/0.2.8/pc/7c9110f78e069acbced7.png,Rp,4.599.000,,4.9,https://deo.shopeemobile.com/shopee/modules-federation/live/0/shopee__item-card-standard-v2/0.2.8/pc/38e203dc86172a6c6560.svg,33 Terjual,https://deo.shopeemobile.com/shopee/modules-federation/live/0/shopee__item-card-standard-v2/0.2.8/pc/5dd7b4560d0e2d3190e8.svg,Surabaya,,https://deo.shopeemobile.com/shopee/modules-federation/live/0/shopee__item-card-standard-v2/0.2.8/pc/d7099d3fd1dfdaf705ab.svg,https://deo.shopeemobile.com/shopee/modules-federation/live/0/shopee__item-card-standard-v2/0.2.8/pc/0614b8f0a8fdde22942d.svg,Besok 11:00,,"Laptop Advan TBOOK Intel N100 8GB 256GB SSD + 128GB eMMC Storage 14 inch Windows 11 Laptop Baru Sekolah Dan Bekerja setara core i3 8130U
Rp
4.599.000
4.9
33 Terjual
Besok 11:00
Surabaya",https://shopee.co.id/Laptop-Advan-TBOOK-Intel-N100-8GB-256GB-SSD-128GB-eMMC-Storage-14-inch-Windows-11-Laptop-Baru-Sekolah-Dan-Bekerja-setara-core-i3-8130U-i.26681244.28168943372?extraParams=%7B%22display_model_id%22%3A253613022980%2C%22model_selection_logic%22%3A3%7D&sp_atk=63a9a005-03fd-44cb-b673-7ed7ff511103&xptdk=63a9a005-03fd-44cb-b673-7ed7ff511103
https://down-id.img.susercontent.com/file/id-11134207-8224u-ml0h4wcjlkw696,https://down-id.img.susercontent.com/file/id-11134258-8224v-mkvw0cu9r7k1a5,ADVAN SOULMATE X2 AMD 3020 8GB 128GB 14.0 IPS Windows 11,https://deo.shopeemobile.com/shopee/modules-federation/live/0/shopee__item-card-standard-v2/0.2.8/pc/7c9110f78e069acbced7.png,Rp,3.754.000,,5.0,https://deo.shopeemobile.com/shopee/modules-federation/live/0/shopee__item-card-standard-v2/0.2.8/pc/38e203dc86172a6c6560.svg,5 Terjual,https://deo.shopeemobile.com/shopee/modules-federation/live/0/shopee__item-card-standard-v2/0.2.8/pc/5dd7b4560d0e2d3190e8.svg,Surabaya,,https://deo.shopeemobile.com/shopee/modules-federation/live/0/shopee__item-card-standard-v2/0.2.8/pc/d7099d3fd1dfdaf705ab.svg,https://deo.shopeemobile.com/shopee/modules-federation/live/0/shopee__item-card-standard-v2/0.2.8/pc/0614b8f0a8fdde22942d.svg,Besok 12:00,,"ADVAN SOULMATE X2 AMD 3020 8GB 128GB 14.0 IPS Windows 11
Rp
3.754.000
5.0
5 Terjual
Besok 12:00
Surabaya",https://shopee.co.id/ADVAN-SOULMATE-X2-AMD-3020-8GB-128GB-14.0-IPS-Windows-11-i.1039970542.41778819992?extraParams=%7B%22display_model_id%22%3A410583290228%2C%22model_selection_logic%22%3A3%7D&sp_atk=e0a40f97-e700-4a08-b0eb-aea11aaabec6&xptdk=e0a40f97-e700-4a08-b0eb-aea11aaabec6
https://down-id.img.susercontent.com/file/id-11134207-822wq-mmldk5p268sl9a,https://down-id.img.susercontent.com/file/id-11134258-8224v-mkvw0cu9r7k1a5,ADVAN WORKMATE ULTRA WORK MATE INTEL CORE ULTRA 5-115U RAM 8GB 256 SSD 14'' FHD Windows 11 Home Light Blue AI Boost,https://deo.shopeemobile.com/shopee/modules-federation/live/0/shopee__item-card-standard-v2/0.2.8/pc/7c9110f78e069acbced7.png,Rp,8.339.000,,5.0,https://deo.shopeemobile.com/shopee/modules-federation/live/0/shopee__item-card-standard-v2/0.2.8/pc/76dff349290d20891fc1.svg,1 Terjual,https://deo.shopeemobile.com/shopee/modules-federation/live/0/shopee__item-card-standard-v2/0.2.8/pc/5dd7b4560d0e2d3190e8.svg,Malang,,https://deo.shopeemobile.com/shopee/modules-federation/live/0/shopee__item-card-standard-v2/0.2.8/pc/d7099d3fd1dfdaf705ab.svg,,,,"ADVAN WORKMATE ULTRA WORK MATE INTEL CORE ULTRA 5-115U RAM 8GB 256 SSD 14'' FHD Windows 11 Home Light Blue AI Boost
Rp
8.339.000
5.0
1 Terjual
2-3 Hari
Malang",https://shopee.co.id/ADVAN-WORKMATE-ULTRA-WORK-MATE-INTEL-CORE-ULTRA-5-115U-RAM-8GB-256-SSD-14''-FHD-Windows-11-Home-Light-Blue-AI-Boost-i.26681244.47908179242?extraParams=%7B%22display_model_id%22%3A360725572685%2C%22model_selection_logic%22%3A3%7D&sp_atk=5542c06a-39fe-4575-8b51-b696510ae483&xptdk=5542c06a-39fe-4575-8b51-b696510ae483
https://down-id.img.susercontent.com/file/id-11134207-7ra0j-md9zt7qo99ug07,https://down-id.img.susercontent.com/file/id-11134258-8224q-mkvvibsp8oowa6,ADVAN Workmate Intel Core i3 1215u RAM32GB SSD1TB 14 FHD+ Wuxga Windows 11,https://deo.shopeemobile.com/shopee/modules-federation/live/0/shopee__item-card-standard-v2/0.2.8/pc/7c9110f78e069acbced7.png,Rp,6.349.000,,4.9,https://deo.shopeemobile.com/shopee/modules-federation/live/0/shopee__item-card-standard-v2/0.2.8/pc/38e203dc86172a6c6560.svg,174 Terjual,https://deo.shopeemobile.com/shopee/modules-federation/live/0/shopee__item-card-standard-v2/0.2.8/pc/5dd7b4560d0e2d3190e8.svg,Jakarta Pusat,Pilih Lokal,https://deo.shopeemobile.com/shopee/modules-federation/live/0/shopee__item-card-standard-v2/0.2.8/pc/d7099d3fd1dfdaf705ab.svg,https://deo.shopeemobile.com/shopee/modules-federation/live/0/shopee__item-card-standard-v2/0.2.8/pc/0614b8f0a8fdde22942d.svg,< 2 Hari,,"ADVAN Workmate Intel Core i3 1215u RAM32GB SSD1TB 14 FHD+ Wuxga Windows 11
Rp
6.349.000
Pilih Lokal
4.9
174 Terjual
< 2 Hari
Jakarta Pusat",https://shopee.co.id/ADVAN-Workmate-Intel-Core-i3-1215u-RAM32GB-SSD1TB-14-FHD-Wuxga-Windows-11-i.186855095.29712362004?extraParams=%7B%22display_model_id%22%3A236815054385%2C%22model_selection_logic%22%3A3%7D&sp_atk=8f0593a5-7af4-47d3-ae68-a978227c2702&xptdk=8f0593a5-7af4-47d3-ae68-a978227c2702
https://down-id.img.susercontent.com/file/sg-11134201-824jj-mf7r4pyleoeg29,https://down-id.img.susercontent.com/file/id-11134258-8224q-mkvvibsp8oowa6,[NEW LAUNCH] ADVAN Soulmate X | 14 Inch FHD | AMD 3020e | 4GB/128GB Upgradable | Slim & Elegant Design | FREE WINDOWS 11 Original | Garansi Resmi 1 Tahun,https://deo.shopeemobile.com/shopee/modules-federation/live/0/shopee__item-card-standard-v2/0.2.8/pc/7c9110f78e069acbced7.png,Rp,3.399.000,-43%,5.0,https://deo.shopeemobile.com/shopee/modules-federation/live/0/shopee__item-card-standard-v2/0.2.8/pc/76dff349290d20891fc1.svg,126 Terjual,https://deo.shopeemobile.com/shopee/modules-federation/live/0/shopee__item-card-standard-v2/0.2.8/pc/5dd7b4560d0e2d3190e8.svg,Kab. Tangerang,Pilih Lokal,https://deo.shopeemobile.com/shopee/modules-federation/live/0/shopee__item-card-standard-v2/0.2.8/pc/d7099d3fd1dfdaf705ab.svg,,,,"[NEW LAUNCH] ADVAN Soulmate X | 14 Inch FHD | AMD 3020e | 4GB/128GB Upgradable | Slim & Elegant Design | FREE WINDOWS 11 Original | Garansi Resmi 1 Tahun
Rp
3.399.000
-43%
Pilih Lokal
5.0
126 Terjual
3-5 Hari
Kab. Tangerang",https://shopee.co.id/-NEW-LAUNCH-ADVAN-Soulmate-X-14-Inch-FHD-AMD-3020e-4GB-128GB-Upgradable-Slim-Elegant-Design-FREE-WINDOWS-11-Original-Garansi-Resmi-1-Tahun-i.478083269.42822205121?extraParams=%7B%22display_model_id%22%3A405396292185%2C%22model_selection_logic%22%3A3%7D&sp_atk=43b2fc76-9bb1-4373-8332-a105e4b0e2f0&xptdk=43b2fc76-9bb1-4373-8332-a105e4b0e2f0
https://down-id.img.susercontent.com/file/id-11134207-822wt-mm3c7sm54miw3d,https://down-id.img.susercontent.com/file/id-11134258-8224q-mkvvibsp8oowa6,ADVAN Workplus HERITAGE AMD Ryzen 5 7535HS RAM32GB SSD2TB 14'' IPS Wuxga Windows 11,https://deo.shopeemobile.com/shopee/modules-federation/live/0/shopee__item-card-standard-v2/0.2.8/pc/7c9110f78e069acbced7.png,Rp,7.349.000,,4.9,https://deo.shopeemobile.com/shopee/modules-federation/live/0/shopee__item-card-standard-v2/0.2.8/pc/38e203dc86172a6c6560.svg,339 Terjual,https://deo.shopeemobile.com/shopee/modules-federation/live/0/shopee__item-card-standard-v2/0.2.8/pc/5dd7b4560d0e2d3190e8.svg,Jakarta Pusat,Pilih Lokal,https://deo.shopeemobile.com/shopee/modules-federation/live/0/shopee__item-card-standard-v2/0.2.8/pc/d7099d3fd1dfdaf705ab.svg,https://deo.shopeemobile.com/shopee/modules-federation/live/0/shopee__item-card-standard-v2/0.2.8/pc/0614b8f0a8fdde22942d.svg,< 2 Hari,,"ADVAN Workplus HERITAGE AMD Ryzen 5 7535HS RAM32GB SSD2TB 14'' IPS Wuxga Windows 11
Rp
7.349.000
Pilih Lokal
4.9
339 Terjual
< 2 Hari
Jakarta Pusat",https://shopee.co.id/ADVAN-Workplus-HERITAGE-AMD-Ryzen-5-7535HS-RAM32GB-SSD2TB-14''-IPS-Wuxga-Windows-11-i.186855095.43350581351?extraParams=%7B%22display_model_id%22%3A237815376440%2C%22model_selection_logic%22%3A3%7D&sp_atk=83a8cffe-4072-4cd9-bb2d-186a616e0893&xptdk=83a8cffe-4072-4cd9-bb2d-186a616e0893
https://down-id.img.susercontent.com/file/id-11134207-8224z-mhjyibfsyl8j5a,https://down-id.img.susercontent.com/file/id-11134258-8224v-mkvw0cu9r7k1a5,Advan WorkMate Ryzen 5 16GB 512GB WUXGA IPS,https://deo.shopeemobile.com/shopee/modules-federation/live/0/shopee__item-card-standard-v2/0.2.8/pc/e4734dab67ee2f9ebd5a.png,Rp,5.798.000,-1%,5.0,https://deo.shopeemobile.com/shopee/modules-federation/live/0/shopee__item-card-standard-v2/0.2.8/pc/38e203dc86172a6c6560.svg,56 Terjual,https://deo.shopeemobile.com/shopee/modules-federation/live/0/shopee__item-card-standard-v2/0.2.8/pc/5dd7b4560d0e2d3190e8.svg,Bekasi,Produk Baru,https://deo.shopeemobile.com/shopee/modules-federation/live/0/shopee__item-card-standard-v2/0.2.8/pc/d7099d3fd1dfdaf705ab.svg,https://deo.shopeemobile.com/shopee/modules-federation/live/0/shopee__item-card-standard-v2/0.2.8/pc/0614b8f0a8fdde22942d.svg,< 2 Hari,https://deo.shopeemobile.com/shopee/modules-federation/live/0/shopee__item-card-standard-v2/0.2.8/pc/b4d1b8a78b3621dbdf4a.svg,"Advan WorkMate Ryzen 5 16GB 512GB WUXGA IPS
Rp
5.798.000
-1%
Produk Baru
5.0
56 Terjual
< 2 Hari
Bekasi",https://shopee.co.id/Advan-WorkMate-Ryzen-5-16GB-512GB-WUXGA-IPS-i.121972254.49153199080?extraParams=%7B%22display_model_id%22%3A400306424218%2C%22model_selection_logic%22%3A3%7D&sp_atk=c0cb998b-a775-4df0-9790-47c72cfa89c0&xptdk=c0cb998b-a775-4df0-9790-47c72cfa89c0
https://down-id.img.susercontent.com/file/id-11134207-8224u-mh9zkz1ur47d4c,https://down-id.img.susercontent.com/file/id-11134258-8224v-mkvw0cu9r7k1a5,ADVAN WORKMATE RYZEN 5 3500 - 16GB 256GB WINDOWS11 14.0FHD+ IPS,https://deo.shopeemobile.com/shopee/modules-federation/live/0/shopee__item-card-standard-v2/0.2.8/pc/7c9110f78e069acbced7.png,Rp,5.682.000,-48%,5.0,https://deo.shopeemobile.com/shopee/modules-federation/live/0/shopee__item-card-standard-v2/0.2.8/pc/38e203dc86172a6c6560.svg,127 Terjual,https://deo.shopeemobile.com/shopee/modules-federation/live/0/shopee__item-card-standard-v2/0.2.8/pc/5dd7b4560d0e2d3190e8.svg,Jakarta Utara,Hadiah Gratis,https://deo.shopeemobile.com/shopee/modules-federation/live/0/shopee__item-card-standard-v2/0.2.8/pc/d7099d3fd1dfdaf705ab.svg,https://deo.shopeemobile.com/shopee/modules-federation/live/0/shopee__item-card-standard-v2/0.2.8/pc/0614b8f0a8fdde22942d.svg,< 2 Hari,https://deo.shopeemobile.com/shopee/modules-federation/live/0/shopee__item-card-standard-v2/0.2.8/pc/b4d1b8a78b3621dbdf4a.svg,"ADVAN WORKMATE RYZEN 5 3500 - 16GB 256GB WINDOWS11 14.0FHD+ IPS
Rp
5.682.000
-48%
Hadiah Gratis
5.0
127 Terjual
< 2 Hari
Jakarta Utara",https://shopee.co.id/ADVAN-WORKMATE-RYZEN-5-3500-16GB-256GB-WINDOWS11-14.0FHD-IPS-i.250649369.13459113664?extraParams=%7B%22display_model_id%22%3A315412202614%2C%22model_selection_logic%22%3A3%7D&sp_atk=66688895-b3fc-4d7c-b9d5-9d8e0d05ce33&xptdk=66688895-b3fc-4d7c-b9d5-9d8e0d05ce33
https://down-id.img.susercontent.com/file/id-11134207-7r98v-lzkmwfehbsxx22,https://down-id.img.susercontent.com/file/id-11134258-8224q-mkvvibsp8oowa6,ADVAN TBook Intel Celeron N100 4 Core RAM16GB SSD512GB 14'' Hd Windows 11,https://deo.shopeemobile.com/shopee/modules-federation/live/0/shopee__item-card-standard-v2/0.2.8/pc/7c9110f78e069acbced7.png,Rp,4.299.000,,4.9,https://deo.shopeemobile.com/shopee/modules-federation/live/0/shopee__item-card-standard-v2/0.2.8/pc/38e203dc86172a6c6560.svg,429 Terjual,https://deo.shopeemobile.com/shopee/modules-federation/live/0/shopee__item-card-standard-v2/0.2.8/pc/5dd7b4560d0e2d3190e8.svg,Jakarta Pusat,Pilih Lokal,https://deo.shopeemobile.com/shopee/modules-federation/live/0/shopee__item-card-standard-v2/0.2.8/pc/d7099d3fd1dfdaf705ab.svg,https://deo.shopeemobile.com/shopee/modules-federation/live/0/shopee__item-card-standard-v2/0.2.8/pc/0614b8f0a8fdde22942d.svg,< 2 Hari,,"ADVAN TBook Intel Celeron N100 4 Core RAM16GB SSD512GB 14'' Hd Windows 11
Rp
4.299.000
Pilih Lokal
4.9
429 Terjual
< 2 Hari
Jakarta Pusat",https://shopee.co.id/ADVAN-TBook-Intel-Celeron-N100-4-Core-RAM16GB-SSD512GB-14''-Hd-Windows-11-i.186855095.26959691546?extraParams=%7B%22display_model_id%22%3A119250950637%2C%22model_selection_logic%22%3A3%7D&sp_atk=340fc8f0-ad53-497f-9a6c-9b5c9a59559b&xptdk=340fc8f0-ad53-497f-9a6c-9b5c9a59559b
https://down-id.img.susercontent.com/file/id-11134207-8224w-mfxqd8l812q07b,https://down-id.img.susercontent.com/file/id-11134258-8224v-mkvw0cu9r7k1a5,Laptop Murah Advan Soulmate X2 AMD 3020E Ram 16GB DDR 512GB SSD 14'' FHD IPS Windows 11 Original,https://deo.shopeemobile.com/shopee/modules-federation/live/0/shopee__item-card-standard-v2/0.2.8/pc/e4734dab67ee2f9ebd5a.png,Rp,3.699.000,,5.0,https://deo.shopeemobile.com/shopee/modules-federation/live/0/shopee__item-card-standard-v2/0.2.8/pc/38e203dc86172a6c6560.svg,13 Terjual,https://deo.shopeemobile.com/shopee/modules-federation/live/0/shopee__item-card-standard-v2/0.2.8/pc/5dd7b4560d0e2d3190e8.svg,Tangerang Selatan,,https://deo.shopeemobile.com/shopee/modules-federation/live/0/shopee__item-card-standard-v2/0.2.8/pc/d7099d3fd1dfdaf705ab.svg,https://deo.shopeemobile.com/shopee/modules-federation/live/0/shopee__item-card-standard-v2/0.2.8/pc/0614b8f0a8fdde22942d.svg,< 2 Hari,,"Laptop Murah Advan Soulmate X2 AMD 3020E Ram 16GB DDR 512GB SSD 14'' FHD IPS Windows 11 Original
Rp
3.699.000
5.0
13 Terjual
< 2 Hari
Tangerang Selatan",https://shopee.co.id/Laptop-Murah-Advan-Soulmate-X2-AMD-3020E-Ram-16GB-DDR-512GB-SSD-14''-FHD-IPS-Windows-11-Original-i.1632612180.28643091964?extraParams=%7B%22display_model_id%22%3A262490404791%2C%22model_selection_logic%22%3A3%7D&sp_atk=2820c69a-df2c-4bc1-a0f6-2517f9bb9553&xptdk=2820c69a-df2c-4bc1-a0f6-2517f9bb9553
https://down-id.img.susercontent.com/file/id-11134207-8224p-mh0ab4zg7qx7f1,https://down-id.img.susercontent.com/file/id-11134258-8224v-mkvw0cu9r7k1a5,"Advan Workmate Core i3-1215U 16GB 256GB SSD 14"" Windows 11 Work Mate Intel",https://deo.shopeemobile.com/shopee/modules-federation/live/0/shopee__item-card-standard-v2/0.2.8/pc/7c9110f78e069acbced7.png,Rp,7.141.000,,5.0,https://deo.shopeemobile.com/shopee/modules-federation/live/0/shopee__item-card-standard-v2/0.2.8/pc/38e203dc86172a6c6560.svg,8 Terjual,https://deo.shopeemobile.com/shopee/modules-federation/live/0/shopee__item-card-standard-v2/0.2.8/pc/5dd7b4560d0e2d3190e8.svg,Surabaya,,https://deo.shopeemobile.com/shopee/modules-federation/live/0/shopee__item-card-standard-v2/0.2.8/pc/d7099d3fd1dfdaf705ab.svg,https://deo.shopeemobile.com/shopee/modules-federation/live/0/shopee__item-card-standard-v2/0.2.8/pc/0614b8f0a8fdde22942d.svg,Besok 11:00,,"Advan Workmate Core i3-1215U 16GB 256GB SSD 14"" Windows 11 Work Mate Intel
Rp
7.141.000
5.0
8 Terjual
Besok 11:00
Surabaya",https://shopee.co.id/Advan-Workmate-Core-i3-1215U-16GB-256GB-SSD-14-Windows-11-Work-Mate-Intel-i.26681244.43262622816?extraParams=%7B%22display_model_id%22%3A445431555905%2C%22model_selection_logic%22%3A3%7D&sp_atk=b3ecd905-fcfe-4c6f-af18-9314567ed7a4&xptdk=b3ecd905-fcfe-4c6f-af18-9314567ed7a4
https://down-id.img.susercontent.com/file/id-11134207-8224s-mg1ui6706iofbc,https://down-id.img.susercontent.com/file/id-11134258-8224v-mkvw0cu9r7k1a5,ADVAN WORKPLUS WORK PLUS AIR AMD Ryzen 5-7535HS 16GB SSD 512GB  14 inch OLED Windows 11  GRAPHITE BLUE rekomendasi laptop sekolah tugas kuliah kerja ringan spesifikasi kencang gesit multitasking editing desain,https://deo.shopeemobile.com/shopee/modules-federation/live/0/shopee__item-card-standard-v2/0.2.8/pc/7c9110f78e069acbced7.png,Rp,8.973.000,,5.0,https://deo.shopeemobile.com/shopee/modules-federation/live/0/shopee__item-card-standard-v2/0.2.8/pc/38e203dc86172a6c6560.svg,5 Terjual,https://deo.shopeemobile.com/shopee/modules-federation/live/0/shopee__item-card-standard-v2/0.2.8/pc/5dd7b4560d0e2d3190e8.svg,Surabaya,,https://deo.shopeemobile.com/shopee/modules-federation/live/0/shopee__item-card-standard-v2/0.2.8/pc/d7099d3fd1dfdaf705ab.svg,https://deo.shopeemobile.com/shopee/modules-federation/live/0/shopee__item-card-standard-v2/0.2.8/pc/0614b8f0a8fdde22942d.svg,Besok 11:00,,"ADVAN WORKPLUS WORK PLUS AIR AMD Ryzen 5-7535HS 16GB SSD 512GB 14 inch OLED Windows 11 GRAPHITE BLUE rekomendasi laptop sekolah tugas kuliah kerja ringan spesifikasi kencang gesit multitasking editing desain
Rp
8.973.000
5.0
5 Terjual
Besok 11:00
Surabaya",https://shopee.co.id/ADVAN-WORKPLUS-WORK-PLUS-AIR-AMD-Ryzen-5-7535HS-16GB-SSD-512GB-14-inch-OLED-Windows-11-GRAPHITE-BLUE-rekomendasi-laptop-sekolah-tugas-kuliah-kerja-ringan-spesifikasi-kencang-gesit-multitasking-editing-desain-i.26681244.43125117742?extraParams=%7B%22display_model_id%22%3A395407344520%2C%22model_selection_logic%22%3A3%7D&sp_atk=c2b256c7-02f3-4f52-956b-54189a7a5628&xptdk=c2b256c7-02f3-4f52-956b-54189a7a5628
https://down-id.img.susercontent.com/file/id-11134207-7ra0i-md20lcqz3br0df,https://down-id.img.susercontent.com/file/id-11134258-822wr-mlx67rtd6r602f,Laptop ADVAN Workmate AMD  RYZEN 5 3500U 8GB 256GB W11 FHD+IPS,https://deo.shopeemobile.com/shopee/modules-federation/live/0/shopee__item-card-standard-v2/0.2.8/pc/e4734dab67ee2f9ebd5a.png,Rp,6.399.000,,4.9,https://deo.shopeemobile.com/shopee/modules-federation/live/0/shopee__item-card-standard-v2/0.2.8/pc/38e203dc86172a6c6560.svg,46 Terjual,https://deo.shopeemobile.com/shopee/modules-federation/live/0/shopee__item-card-standard-v2/0.2.8/pc/5dd7b4560d0e2d3190e8.svg,Surabaya,,https://deo.shopeemobile.com/shopee/modules-federation/live/0/shopee__item-card-standard-v2/0.2.8/pc/d7099d3fd1dfdaf705ab.svg,https://deo.shopeemobile.com/shopee/modules-federation/live/0/shopee__item-card-standard-v2/0.2.8/pc/0614b8f0a8fdde22942d.svg,Besok,,"Laptop ADVAN Workmate AMD RYZEN 5 3500U 8GB 256GB W11 FHD+IPS
Rp
6.399.000
4.9
46 Terjual
Besok
Surabaya",https://shopee.co.id/Laptop-ADVAN-Workmate-AMD-RYZEN-5-3500U-8GB-256GB-W11-FHD-IPS-i.868515270.26277561906?extraParams=%7B%22display_model_id%22%3A242733480311%2C%22model_selection_logic%22%3A3%7D&sp_atk=efc93c82-3897-4e1d-a568-8b768c3290bf&xptdk=efc93c82-3897-4e1d-a568-8b768c3290bf
https://down-id.img.susercontent.com/file/id-11134207-822wn-mmlebi1cs1s4ae,https://down-id.img.susercontent.com/file/id-11134258-8224v-mkvw0cu9r7k1a5,Laptop Murah ADVAN Soulmate X2 8GB 128GB SSD AMD 3020e 14 FHD,https://deo.shopeemobile.com/shopee/modules-federation/live/0/shopee__item-card-standard-v2/0.2.8/pc/a425c915798471b33e5d.png,Rp,3.698.000,-1%,5.0,https://deo.shopeemobile.com/shopee/modules-federation/live/0/shopee__item-card-standard-v2/0.2.8/pc/38e203dc86172a6c6560.svg,6 Terjual,https://deo.shopeemobile.com/shopee/modules-federation/live/0/shopee__item-card-standard-v2/0.2.8/pc/5dd7b4560d0e2d3190e8.svg,Bandung,Hadiah Gratis,https://deo.shopeemobile.com/shopee/modules-federation/live/0/shopee__item-card-standard-v2/0.2.8/pc/d7099d3fd1dfdaf705ab.svg,https://deo.shopeemobile.com/shopee/modules-federation/live/0/shopee__item-card-standard-v2/0.2.8/pc/0614b8f0a8fdde22942d.svg,< 2 Hari,https://deo.shopeemobile.com/shopee/modules-federation/live/0/shopee__item-card-standard-v2/0.2.8/pc/b4d1b8a78b3621dbdf4a.svg,"Laptop Murah ADVAN Soulmate X2 8GB 128GB SSD AMD 3020e 14 FHD
Rp
3.698.000
-1%
Hadiah Gratis
5.0
6 Terjual
< 2 Hari
Bandung",https://shopee.co.id/Laptop-Murah-ADVAN-Soulmate-X2-8GB-128GB-SSD-AMD-3020e-14-FHD-i.1413681782.57006116751?extraParams=%7B%22display_model_id%22%3A410725710703%2C%22model_selection_logic%22%3A3%7D&sp_atk=af0c7ae0-4d41-4c06-a96a-8a68e682b1e7&xptdk=af0c7ae0-4d41-4c06-a96a-8a68e682b1e7
https://down-id.img.susercontent.com/file/id-11134207-822wn-mm3c7sm63qq791,https://down-id.img.susercontent.com/file/id-11134258-8224q-mkvvibsp8oowa6,ADVAN Workplus Heritage Batik AMD Ryzen 5 7535HS RAM16GB SSD1TB 14'' FHD IPS Windows 11,https://deo.shopeemobile.com/shopee/modules-federation/live/0/shopee__item-card-standard-v2/0.2.8/pc/7c9110f78e069acbced7.png,Rp,7.349.000,,4.9,https://deo.shopeemobile.com/shopee/modules-federation/live/0/shopee__item-card-standard-v2/0.2.8/pc/38e203dc86172a6c6560.svg,537 Terjual,https://deo.shopeemobile.com/shopee/modules-federation/live/0/shopee__item-card-standard-v2/0.2.8/pc/5dd7b4560d0e2d3190e8.svg,Jakarta Pusat,Pilih Lokal,https://deo.shopeemobile.com/shopee/modules-federation/live/0/shopee__item-card-standard-v2/0.2.8/pc/d7099d3fd1dfdaf705ab.svg,https://deo.shopeemobile.com/shopee/modules-federation/live/0/shopee__item-card-standard-v2/0.2.8/pc/0614b8f0a8fdde22942d.svg,< 2 Hari,,"ADVAN Workplus Heritage Batik AMD Ryzen 5 7535HS RAM16GB SSD1TB 14'' FHD IPS Windows 11
Rp
7.349.000
Pilih Lokal
4.9
537 Terjual
< 2 Hari
Jakarta Pusat",https://shopee.co.id/ADVAN-Workplus-Heritage-Batik-AMD-Ryzen-5-7535HS-RAM16GB-SSD1TB-14''-FHD-IPS-Windows-11-i.186855095.20192592032?extraParams=%7B%22display_model_id%22%3A365557355866%2C%22model_selection_logic%22%3A3%7D&sp_atk=2cf2c0a5-d747-4b92-a15b-5074ce149237&xptdk=2cf2c0a5-d747-4b92-a15b-5074ce149237
https://down-id.img.susercontent.com/file/id-11134207-8224o-mji3ffcar5s566,https://down-id.img.susercontent.com/file/id-11134258-822wr-mlx5y0tebegw04,Laptop Murah Advan Workmate Soulmate Ryzen 5 3500U Ram 16GB DDR4 512GB SSD FHD IPS Windows 11 Original,https://deo.shopeemobile.com/shopee/modules-federation/live/0/shopee__item-card-standard-v2/0.2.8/pc/a425c915798471b33e5d.png,Rp,3.697.000,-1%,5.0,https://deo.shopeemobile.com/shopee/modules-federation/live/0/shopee__item-card-standard-v2/0.2.8/pc/38e203dc86172a6c6560.svg,5 Terjual,https://deo.shopeemobile.com/shopee/modules-federation/live/0/shopee__item-card-standard-v2/0.2.8/pc/5dd7b4560d0e2d3190e8.svg,Jakarta Pusat,,https://deo.shopeemobile.com/shopee/modules-federation/live/0/shopee__item-card-standard-v2/0.2.8/pc/d7099d3fd1dfdaf705ab.svg,https://deo.shopeemobile.com/shopee/modules-federation/live/0/shopee__item-card-standard-v2/0.2.8/pc/0614b8f0a8fdde22942d.svg,< 2 Hari,https://deo.shopeemobile.com/shopee/modules-federation/live/0/shopee__item-card-standard-v2/0.2.8/pc/b4d1b8a78b3621dbdf4a.svg,"Laptop Murah Advan Workmate Soulmate Ryzen 5 3500U Ram 16GB DDR4 512GB SSD FHD IPS Windows 11 Original
Rp
3.697.000
-1%
5.0
5 Terjual
< 2 Hari
Jakarta Pusat",https://shopee.co.id/Laptop-Murah-Advan-Workmate-Soulmate-Ryzen-5-3500U-Ram-16GB-DDR4-512GB-SSD-FHD-IPS-Windows-11-Original-i.1392409125.45254727180?extraParams=%7B%22display_model_id%22%3A365719820403%2C%22model_selection_logic%22%3A3%7D&sp_atk=c8916e0d-4d7f-4ce0-9002-0f51f9256e5e&xptdk=c8916e0d-4d7f-4ce0-9002-0f51f9256e5e
https://down-id.img.susercontent.com/file/id-11134207-7rasi-m5azej1tivtp0a,,ADVAN Workpro Lite Laptop Intel Core i3 1215U 8GB 256GB 14 FHD W11,,Rp,4.895.000,,5.0,https://deo.shopeemobile.com/shopee/modules-federation/live/0/shopee__item-card-standard-v2/0.2.8/pc/38e203dc86172a6c6560.svg,4 Terjual,https://deo.shopeemobile.com/shopee/modules-federation/live/0/shopee__item-card-standard-v2/0.2.8/pc/5dd7b4560d0e2d3190e8.svg,Surabaya,,https://deo.shopeemobile.com/shopee/modules-federation/live/0/shopee__item-card-standard-v2/0.2.8/pc/d7099d3fd1dfdaf705ab.svg,https://deo.shopeemobile.com/shopee/modules-federation/live/0/shopee__item-card-standard-v2/0.2.8/pc/0614b8f0a8fdde22942d.svg,Besok 11:00,,"ADVAN Workpro Lite Laptop Intel Core i3 1215U 8GB 256GB 14 FHD W11
Rp
4.895.000
5.0
4 Terjual
Besok 11:00
Surabaya",https://shopee.co.id/ADVAN-Workpro-Lite-Laptop-Intel-Core-i3-1215U-8GB-256GB-14-FHD-W11-i.1058807.25190712912?extraParams=%7B%22display_model_id%22%3A99741221149%2C%22model_selection_logic%22%3A3%7D&sp_atk=16061dde-d096-4a8a-848f-6935bf1e8349&xptdk=16061dde-d096-4a8a-848f-6935bf1e8349
https://down-id.img.susercontent.com/file/id-11134207-82252-mjo74xkn6jnra7,https://down-id.img.susercontent.com/file/id-11134258-8224v-mkvw0cu9r7k1a5,ADVAN Soulmate X AMD 3020e RAM16GB SSD512Gb 14 FHD IPS Windows 11,https://deo.shopeemobile.com/shopee/modules-federation/live/0/shopee__item-card-standard-v2/0.2.8/pc/7c9110f78e069acbced7.png,Rp,3.549.000,,5.0,https://deo.shopeemobile.com/shopee/modules-federation/live/0/shopee__item-card-standard-v2/0.2.8/pc/38e203dc86172a6c6560.svg,36 Terjual,https://deo.shopeemobile.com/shopee/modules-federation/live/0/shopee__item-card-standard-v2/0.2.8/pc/5dd7b4560d0e2d3190e8.svg,Jakarta Pusat,,https://deo.shopeemobile.com/shopee/modules-federation/live/0/shopee__item-card-standard-v2/0.2.8/pc/d7099d3fd1dfdaf705ab.svg,https://deo.shopeemobile.com/shopee/modules-federation/live/0/shopee__item-card-standard-v2/0.2.8/pc/0614b8f0a8fdde22942d.svg,< 2 Hari,,"ADVAN Soulmate X AMD 3020e RAM16GB SSD512Gb 14 FHD IPS Windows 11
Rp
3.549.000
5.0
36 Terjual
< 2 Hari
Jakarta Pusat",https://shopee.co.id/ADVAN-Soulmate-X-AMD-3020e-RAM16GB-SSD512Gb-14-FHD-IPS-Windows-11-i.32829345.27791550048?extraParams=%7B%22display_model_id%22%3A281703390482%2C%22model_selection_logic%22%3A3%7D&sp_atk=14122bc3-e407-467d-8bf3-5f2d49fe2ffe&xptdk=14122bc3-e407-467d-8bf3-5f2d49fe2ffe
https://down-id.img.susercontent.com/file/id-11134207-8224s-mhadzu7wgkjv7c,https://down-id.img.susercontent.com/file/id-11134258-8224v-mkvw0cu9r7k1a5,Laptop Advan Soulmate X2 AMD Athlon 3020e 16GB 128GB SSD 14 Inch FHD Windows 11 White Garansi Resmi,https://deo.shopeemobile.com/shopee/modules-federation/live/0/shopee__item-card-standard-v2/0.2.8/pc/7c9110f78e069acbced7.png,Rp,3.789.000,,5.0,https://deo.shopeemobile.com/shopee/modules-federation/live/0/shopee__item-card-standard-v2/0.2.8/pc/38e203dc86172a6c6560.svg,11 Terjual,https://deo.shopeemobile.com/shopee/modules-federation/live/0/shopee__item-card-standard-v2/0.2.8/pc/5dd7b4560d0e2d3190e8.svg,Surabaya,,https://deo.shopeemobile.com/shopee/modules-federation/live/0/shopee__item-card-standard-v2/0.2.8/pc/d7099d3fd1dfdaf705ab.svg,https://deo.shopeemobile.com/shopee/modules-federation/live/0/shopee__item-card-standard-v2/0.2.8/pc/0614b8f0a8fdde22942d.svg,Besok 11:00,,"Laptop Advan Soulmate X2 AMD Athlon 3020e 16GB 128GB SSD 14 Inch FHD Windows 11 White Garansi Resmi
Rp
3.789.000
5.0
11 Terjual
Besok 11:00
Surabaya",https://shopee.co.id/Laptop-Advan-Soulmate-X2-AMD-Athlon-3020e-16GB-128GB-SSD-14-Inch-FHD-Windows-11-White-Garansi-Resmi-i.26681244.40076634748?extraParams=%7B%22display_model_id%22%3A430427632927%2C%22model_selection_logic%22%3A3%7D&sp_atk=80a17bc8-ac0f-4e6d-b20c-8f53ae29cbc2&xptdk=80a17bc8-ac0f-4e6d-b20c-8f53ae29cbc2
https://down-id.img.susercontent.com/file/id-11134207-81zth-meh0ndmux0qqd8,https://down-id.img.susercontent.com/file/id-11134258-8224v-mkvw0cu9r7k1a5,"Advan Workplus Ryzen 7 16GB 512GB SSD 14"" FHD IPS",https://deo.shopeemobile.com/shopee/modules-federation/live/0/shopee__item-card-standard-v2/0.2.8/pc/7c9110f78e069acbced7.png,Rp,8.849.000,-26%,5.0,https://deo.shopeemobile.com/shopee/modules-federation/live/0/shopee__item-card-standard-v2/0.2.8/pc/38e203dc86172a6c6560.svg,13 Terjual,https://deo.shopeemobile.com/shopee/modules-federation/live/0/shopee__item-card-standard-v2/0.2.8/pc/5dd7b4560d0e2d3190e8.svg,Bogor,,https://deo.shopeemobile.com/shopee/modules-federation/live/0/shopee__item-card-standard-v2/0.2.8/pc/d7099d3fd1dfdaf705ab.svg,https://deo.shopeemobile.com/shopee/modules-federation/live/0/shopee__item-card-standard-v2/0.2.8/pc/0614b8f0a8fdde22942d.svg,< 2 Hari,,"Advan Workplus Ryzen 7 16GB 512GB SSD 14"" FHD IPS
Rp
8.849.000
-26%
5.0
13 Terjual
< 2 Hari
Bogor",https://shopee.co.id/Advan-Workplus-Ryzen-7-16GB-512GB-SSD-14-FHD-IPS-i.1572885969.28341182682?extraParams=%7B%22display_model_id%22%3A385126679019%2C%22model_selection_logic%22%3A3%7D&sp_atk=cd977047-fb48-433f-91c7-e68c4e13377f&xptdk=cd977047-fb48-433f-91c7-e68c4e13377f
https://down-id.img.susercontent.com/file/id-11134207-822wk-mmrdjkyf5czk4b,https://down-id.img.susercontent.com/file/id-11134258-822wr-mlx5y0tebegw04,Advan Workmate 14 Ryzen 5 8GB 256GB SSD IPS,https://deo.shopeemobile.com/shopee/modules-federation/live/0/shopee__item-card-standard-v2/0.2.8/pc/a425c915798471b33e5d.png,Rp,5.798.000,-1%,4.8,https://deo.shopeemobile.com/shopee/modules-federation/live/0/shopee__item-card-standard-v2/0.2.8/pc/38e203dc86172a6c6560.svg,12 Terjual,https://deo.shopeemobile.com/shopee/modules-federation/live/0/shopee__item-card-standard-v2/0.2.8/pc/5dd7b4560d0e2d3190e8.svg,Bogor,,https://deo.shopeemobile.com/shopee/modules-federation/live/0/shopee__item-card-standard-v2/0.2.8/pc/d7099d3fd1dfdaf705ab.svg,https://deo.shopeemobile.com/shopee/modules-federation/live/0/shopee__item-card-standard-v2/0.2.8/pc/0614b8f0a8fdde22942d.svg,< 2 Hari,https://deo.shopeemobile.com/shopee/modules-federation/live/0/shopee__item-card-standard-v2/0.2.8/pc/b4d1b8a78b3621dbdf4a.svg,"Advan Workmate 14 Ryzen 5 8GB 256GB SSD IPS
Rp
5.798.000
-1%
4.8
12 Terjual
< 2 Hari
Bogor",https://shopee.co.id/Advan-Workmate-14-Ryzen-5-8GB-256GB-SSD-IPS-i.1622863032.26741222210?extraParams=%7B%22display_model_id%22%3A310656283531%2C%22model_selection_logic%22%3A3%7D&sp_atk=98c77bff-fe93-41c3-86d4-83fca317fc8f&xptdk=98c77bff-fe93-41c3-86d4-83fca317fc8f
https://down-id.img.susercontent.com/file/sg-11134201-7rd3u-m77jw47wjv35be,https://down-id.img.susercontent.com/file/id-11134258-8224v-mkvw0cu9r7k1a5,[BEST DEAL] ADVAN Laptop 2 in 1 EVO-X 16” Touch Screen Detachable 2.5K Display Intel i3-1215U 12GB/512GB Windows 11 - Free Stylus Pen,https://deo.shopeemobile.com/shopee/modules-federation/live/0/shopee__item-card-standard-v2/0.2.8/pc/7c9110f78e069acbced7.png,Rp,7.999.000,-47%,4.6,https://deo.shopeemobile.com/shopee/modules-federation/live/0/shopee__item-card-standard-v2/0.2.8/pc/76dff349290d20891fc1.svg,96 Terjual,https://deo.shopeemobile.com/shopee/modules-federation/live/0/shopee__item-card-standard-v2/0.2.8/pc/5dd7b4560d0e2d3190e8.svg,Kab. Tangerang,,https://deo.shopeemobile.com/shopee/modules-federation/live/0/shopee__item-card-standard-v2/0.2.8/pc/d7099d3fd1dfdaf705ab.svg,,,,"[BEST DEAL] ADVAN Laptop 2 in 1 EVO-X 16” Touch Screen Detachable 2.5K Display Intel i3-1215U 12GB/512GB Windows 11 - Free Stylus Pen
Rp
7.999.000
-47%
4.6
96 Terjual
3-5 Hari
Kab. Tangerang",https://shopee.co.id/-BEST-DEAL-ADVAN-Laptop-2-in-1-EVO-X-16%E2%80%9D-Touch-Screen-Detachable-2.5K-Display-Intel-i3-1215U-12GB-512GB-Windows-11-Free-Stylus-Pen-i.919692407.26029213287?extraParams=%7B%22display_model_id%22%3A129274712296%2C%22model_selection_logic%22%3A3%7D&sp_atk=b364d4c9-287c-428f-bb9a-d4a6791384c5&xptdk=b364d4c9-287c-428f-bb9a-d4a6791384c5
https://down-id.img.susercontent.com/file/id-11134207-8224y-mg4sqojkim177e,https://down-id.img.susercontent.com/file/id-11134258-8224v-mkvw0cu9r7k1a5,ADVAN SOULMATE X2 AMD 3020 8GB 128GB Windows11 14.0 IPS,https://deo.shopeemobile.com/shopee/modules-federation/live/0/shopee__item-card-standard-v2/0.2.8/pc/7c9110f78e069acbced7.png,Rp,3.729.000,-1%,,https://deo.shopeemobile.com/shopee/modules-federation/live/0/shopee__item-card-standard-v2/0.2.8/pc/38e203dc86172a6c6560.svg,2 Terjual,https://deo.shopeemobile.com/shopee/modules-federation/live/0/shopee__item-card-standard-v2/0.2.8/pc/5dd7b4560d0e2d3190e8.svg,Surabaya,,https://deo.shopeemobile.com/shopee/modules-federation/live/0/shopee__item-card-standard-v2/0.2.8/pc/0614b8f0a8fdde22942d.svg,https://deo.shopeemobile.com/shopee/modules-federation/live/0/shopee__item-card-standard-v2/0.2.8/pc/0614b8f0a8fdde22942d.svg,Besok,https://deo.shopeemobile.com/shopee/modules-federation/live/0/shopee__item-card-standard-v2/0.2.8/pc/b4d1b8a78b3621dbdf4a.svg,"ADVAN SOULMATE X2 AMD 3020 8GB 128GB Windows11 14.0 IPS
Rp
3.729.000
-1%
2 Terjual
Besok
Surabaya",https://shopee.co.id/ADVAN-SOULMATE-X2-AMD-3020-8GB-128GB-Windows11-14.0-IPS-i.1471949508.40875444816?extraParams=%7B%22display_model_id%22%3A410693503214%2C%22model_selection_logic%22%3A3%7D&sp_atk=c245e194-63bb-440a-a933-acfee6f14fae&xptdk=c245e194-63bb-440a-a933-acfee6f14fae
https://down-id.img.susercontent.com/file/id-11134207-81ztd-mf2a2lp2p5vu59,,ADVAN LAPTOP WORKMATE INTEL CORE i3 1215U 8GB 256SSD W11,,Rp,6.500.000,,4.9,https://deo.shopeemobile.com/shopee/modules-federation/live/0/shopee__item-card-standard-v2/0.2.8/pc/38e203dc86172a6c6560.svg,22 Terjual,https://deo.shopeemobile.com/shopee/modules-federation/live/0/shopee__item-card-standard-v2/0.2.8/pc/5dd7b4560d0e2d3190e8.svg,Surabaya,,https://deo.shopeemobile.com/shopee/modules-federation/live/0/shopee__item-card-standard-v2/0.2.8/pc/d7099d3fd1dfdaf705ab.svg,https://deo.shopeemobile.com/shopee/modules-federation/live/0/shopee__item-card-standard-v2/0.2.8/pc/0614b8f0a8fdde22942d.svg,Besok 11:00,,"ADVAN LAPTOP WORKMATE INTEL CORE i3 1215U 8GB 256SSD W11
Rp
6.500.000
4.9
22 Terjual
Besok 11:00
Surabaya",https://shopee.co.id/ADVAN-LAPTOP-WORKMATE-INTEL-CORE-i3-1215U-8GB-256SSD-W11-i.1058807.26807873260?extraParams=%7B%22display_model_id%22%3A179080167134%2C%22model_selection_logic%22%3A3%7D&sp_atk=3fa4e52c-bab7-4472-8bd7-6a6ea5dc2f80&xptdk=3fa4e52c-bab7-4472-8bd7-6a6ea5dc2f80
https://down-id.img.susercontent.com/file/id-11134207-7rbkc-m9vg86g4chni9b,https://down-id.img.susercontent.com/file/id-11134258-8224v-mkvw0cu9r7k1a5,ADVAN TBOOK N100 4gb 128gb Windows11 14.0,https://deo.shopeemobile.com/shopee/modules-federation/live/0/shopee__item-card-standard-v2/0.2.8/pc/7c9110f78e069acbced7.png,Rp,4.262.000,,5.0,https://deo.shopeemobile.com/shopee/modules-federation/live/0/shopee__item-card-standard-v2/0.2.8/pc/38e203dc86172a6c6560.svg,22 Terjual,https://deo.shopeemobile.com/shopee/modules-federation/live/0/shopee__item-card-standard-v2/0.2.8/pc/5dd7b4560d0e2d3190e8.svg,Surabaya,,https://deo.shopeemobile.com/shopee/modules-federation/live/0/shopee__item-card-standard-v2/0.2.8/pc/d7099d3fd1dfdaf705ab.svg,https://deo.shopeemobile.com/shopee/modules-federation/live/0/shopee__item-card-standard-v2/0.2.8/pc/0614b8f0a8fdde22942d.svg,Besok 12:00,,"ADVAN TBOOK N100 4gb 128gb Windows11 14.0
Rp
4.262.000
5.0
22 Terjual
Besok 12:00
Surabaya",https://shopee.co.id/ADVAN-TBOOK-N100-4gb-128gb-Windows11-14.0-i.1039970542.29874654008?extraParams=%7B%22display_model_id%22%3A300157007267%2C%22model_selection_logic%22%3A3%7D&sp_atk=4282157c-9549-457e-96c6-abecbc0e3c9b&xptdk=4282157c-9549-457e-96c6-abecbc0e3c9b
https://down-id.img.susercontent.com/file/id-11134207-8224q-mkbtcj1c54w02e,https://down-id.img.susercontent.com/file/id-11134258-8224v-mkvw0cu9r7k1a5,"ADVAN Laptop Gaming Pixwar Touchscreen | Ryzen 7 8745HS / 6800H | 16GB/512GB | Display 15,6 Inch FHD Touchscreen | Garansi Resmi 2 Tahun",https://deo.shopeemobile.com/shopee/modules-federation/live/0/shopee__item-card-standard-v2/0.2.8/pc/7c9110f78e069acbced7.png,Rp,9.199.000,-49%,4.9,https://deo.shopeemobile.com/shopee/modules-federation/live/0/shopee__item-card-standard-v2/0.2.8/pc/76dff349290d20891fc1.svg,262 Terjual,https://deo.shopeemobile.com/shopee/modules-federation/live/0/shopee__item-card-standard-v2/0.2.8/pc/5dd7b4560d0e2d3190e8.svg,Semarang,Produk Baru,https://deo.shopeemobile.com/shopee/modules-federation/live/0/shopee__item-card-standard-v2/0.2.8/pc/d7099d3fd1dfdaf705ab.svg,,,,"ADVAN Laptop Gaming Pixwar Touchscreen | Ryzen 7 8745HS / 6800H | 16GB/512GB | Display 15,6 Inch FHD Touchscreen | Garansi Resmi 2 Tahun
Rp
9.199.000
-49%
Produk Baru
4.9
262 Terjual
3-4 Hari
Semarang",https://shopee.co.id/ADVAN-Laptop-Gaming-Pixwar-Touchscreen-Ryzen-7-8745HS-6800H-16GB-512GB-Display-15-6-Inch-FHD-Touchscreen-Garansi-Resmi-2-Tahun-i.919692407.44804311444?extraParams=%7B%22display_model_id%22%3A350402964441%2C%22model_selection_logic%22%3A3%7D&sp_atk=40f6c141-9f4d-48eb-ae9f-21d9c21d7218&xptdk=40f6c141-9f4d-48eb-ae9f-21d9c21d7218
https://down-id.img.susercontent.com/file/id-11134207-822wk-mm78k6jok64o2e,https://down-id.img.susercontent.com/file/id-11134258-822wr-mlx67rtd6r602f,"Advan Workplus Heritage AMD Ryzen 5 7535HS 16GB SSD 512GB 14"" IPS W11 (Batik Design)",https://deo.shopeemobile.com/shopee/modules-federation/live/0/shopee__item-card-standard-v2/0.2.8/pc/e4734dab67ee2f9ebd5a.png,Rp,8.819.000,,,https://deo.shopeemobile.com/shopee/modules-federation/live/0/shopee__item-card-standard-v2/0.2.8/pc/76dff349290d20891fc1.svg,2 Terjual,https://deo.shopeemobile.com/shopee/modules-federation/live/0/shopee__item-card-standard-v2/0.2.8/pc/5dd7b4560d0e2d3190e8.svg,Yogyakarta,,,,,,"Advan Workplus Heritage AMD Ryzen 5 7535HS 16GB SSD 512GB 14"" IPS W11 (Batik Design)
Rp
8.819.000
2 Terjual
3-4 Hari
Yogyakarta",https://shopee.co.id/Advan-Workplus-Heritage-AMD-Ryzen-5-7535HS-16GB-SSD-512GB-14-IPS-W11-(Batik-Design)-i.29339583.53207613398?extraParams=%7B%22display_model_id%22%3A395678012712%2C%22model_selection_logic%22%3A3%7D&sp_atk=cf190bf0-b648-4676-825d-2c513c24ccad&xptdk=cf190bf0-b648-4676-825d-2c513c24ccad
https://down-id.img.susercontent.com/file/id-11134207-8224r-mhfyedzmrc3w62,https://down-id.img.susercontent.com/file/id-11134258-8224v-mkvw0cu9r7k1a5,"Advan Laptop WorkMate Ryzen 5 16GB 1TB SSD 14""",https://deo.shopeemobile.com/shopee/modules-federation/live/0/shopee__item-card-standard-v2/0.2.8/pc/e4734dab67ee2f9ebd5a.png,Rp,5.798.000,-1%,5.0,https://deo.shopeemobile.com/shopee/modules-federation/live/0/shopee__item-card-standard-v2/0.2.8/pc/38e203dc86172a6c6560.svg,39 Terjual,https://deo.shopeemobile.com/shopee/modules-federation/live/0/shopee__item-card-standard-v2/0.2.8/pc/5dd7b4560d0e2d3190e8.svg,Bogor,,https://deo.shopeemobile.com/shopee/modules-federation/live/0/shopee__item-card-standard-v2/0.2.8/pc/d7099d3fd1dfdaf705ab.svg,https://deo.shopeemobile.com/shopee/modules-federation/live/0/shopee__item-card-standard-v2/0.2.8/pc/0614b8f0a8fdde22942d.svg,< 2 Hari,https://deo.shopeemobile.com/shopee/modules-federation/live/0/shopee__item-card-standard-v2/0.2.8/pc/b4d1b8a78b3621dbdf4a.svg,"Advan Laptop WorkMate Ryzen 5 16GB 1TB SSD 14""
Rp
5.798.000
-1%
5.0
39 Terjual
< 2 Hari
Bogor",https://shopee.co.id/Advan-Laptop-WorkMate-Ryzen-5-16GB-1TB-SSD-14--i.757795871.20768130469?extraParams=%7B%22display_model_id%22%3A395163549112%2C%22model_selection_logic%22%3A3%7D&sp_atk=a1afbb61-79f0-4ec7-b184-b040a8ca4347&xptdk=a1afbb61-79f0-4ec7-b184-b040a8ca4347
https://down-id.img.susercontent.com/file/id-11134207-8224z-mie5e70jigp215,https://down-id.img.susercontent.com/file/id-11134258-822wr-mlx67rtd6r602f,"ADVAN Laptop | Workmate R5 8GB 256GB Win11 14"" Laptop",,Rp,5.599.000,-15%,5.0,https://deo.shopeemobile.com/shopee/modules-federation/live/0/shopee__item-card-standard-v2/0.2.8/pc/38e203dc86172a6c6560.svg,18 Terjual,https://deo.shopeemobile.com/shopee/modules-federation/live/0/shopee__item-card-standard-v2/0.2.8/pc/5dd7b4560d0e2d3190e8.svg,Jakarta Selatan,,https://deo.shopeemobile.com/shopee/modules-federation/live/0/shopee__item-card-standard-v2/0.2.8/pc/d7099d3fd1dfdaf705ab.svg,https://deo.shopeemobile.com/shopee/modules-federation/live/0/shopee__item-card-standard-v2/0.2.8/pc/0614b8f0a8fdde22942d.svg,< 2 Hari,,"ADVAN Laptop | Workmate R5 8GB 256GB Win11 14"" Laptop
Rp
5.599.000
-15%
5.0
18 Terjual
< 2 Hari
Jakarta Selatan",https://shopee.co.id/ADVAN-Laptop-Workmate-R5-8GB-256GB-Win11-14-Laptop-i.45695884.27039618166?extraParams=%7B%22display_model_id%22%3A375135948021%2C%22model_selection_logic%22%3A3%7D&sp_atk=430a2d9a-f327-460c-a8b1-1211a062eba5&xptdk=430a2d9a-f327-460c-a8b1-1211a062eba5
https://down-id.img.susercontent.com/file/id-11134207-81ztp-mfcatjki3ggd5c,https://down-id.img.susercontent.com/file/id-11134258-822wr-mlx67rtd6r602f,"Advan Soulmate X2 AMD Athlon 3020e 8GB SSD 128GB 14"" W11",https://deo.shopeemobile.com/shopee/modules-federation/live/0/shopee__item-card-standard-v2/0.2.8/pc/e4734dab67ee2f9ebd5a.png,Rp,4.065.000,,,https://deo.shopeemobile.com/shopee/modules-federation/live/0/shopee__item-card-standard-v2/0.2.8/pc/76dff349290d20891fc1.svg,3 Terjual,https://deo.shopeemobile.com/shopee/modules-federation/live/0/shopee__item-card-standard-v2/0.2.8/pc/5dd7b4560d0e2d3190e8.svg,Yogyakarta,,,,,,"Advan Soulmate X2 AMD Athlon 3020e 8GB SSD 128GB 14"" W11
Rp
4.065.000
3 Terjual
3-4 Hari
Yogyakarta",https://shopee.co.id/Advan-Soulmate-X2-AMD-Athlon-3020e-8GB-SSD-128GB-14-W11-i.29339583.27742516660?extraParams=%7B%22display_model_id%22%3A420465143594%2C%22model_selection_logic%22%3A3%7D&sp_atk=e0ba25af-d820-46f7-b29d-dabdb757985e&xptdk=e0ba25af-d820-46f7-b29d-dabdb757985e
https://down-id.img.susercontent.com/file/id-11134207-7ra0q-mdbig0vjijh3ef,,ADVAN WORKMATE RYZEN 5 3500U 16GB 256SSD W11,,Rp,5.800.000,,5.0,https://deo.shopeemobile.com/shopee/modules-federation/live/0/shopee__item-card-standard-v2/0.2.8/pc/38e203dc86172a6c6560.svg,39 Terjual,https://deo.shopeemobile.com/shopee/modules-federation/live/0/shopee__item-card-standard-v2/0.2.8/pc/5dd7b4560d0e2d3190e8.svg,Surabaya,,https://deo.shopeemobile.com/shopee/modules-federation/live/0/shopee__item-card-standard-v2/0.2.8/pc/d7099d3fd1dfdaf705ab.svg,https://deo.shopeemobile.com/shopee/modules-federation/live/0/shopee__item-card-standard-v2/0.2.8/pc/0614b8f0a8fdde22942d.svg,Besok 11:00,,"ADVAN WORKMATE RYZEN 5 3500U 16GB 256SSD W11
Rp
5.800.000
5.0
39 Terjual
Besok 11:00
Surabaya",https://shopee.co.id/ADVAN-WORKMATE-RYZEN-5-3500U-16GB-256SSD-W11-i.1058807.25741607350?extraParams=%7B%22display_model_id%22%3A271036293377%2C%22model_selection_logic%22%3A3%7D&sp_atk=52e09f68-6d22-47ca-be8c-7e8cded7ed4b&xptdk=52e09f68-6d22-47ca-be8c-7e8cded7ed4b
https://down-id.img.susercontent.com/file/id-11134207-8224w-mjup9fr6vy0w03,https://down-id.img.susercontent.com/file/id-11134258-8224v-mkvw0cu9r7k1a5,ADVAN Laptop 2 In 1 360 Go Touchscreen AMD Ryzen 3-3200U 14 Inch IPS FHD 8GB 256GB Win 11 Original Garansi Resmi,https://deo.shopeemobile.com/shopee/modules-federation/live/0/shopee__item-card-standard-v2/0.2.8/pc/7c9110f78e069acbced7.png,Rp,5.396.000,-40%,5.0,https://deo.shopeemobile.com/shopee/modules-federation/live/0/shopee__item-card-standard-v2/0.2.8/pc/38e203dc86172a6c6560.svg,11 Terjual,https://deo.shopeemobile.com/shopee/modules-federation/live/0/shopee__item-card-standard-v2/0.2.8/pc/5dd7b4560d0e2d3190e8.svg,Surabaya,,https://deo.shopeemobile.com/shopee/modules-federation/live/0/shopee__item-card-standard-v2/0.2.8/pc/d7099d3fd1dfdaf705ab.svg,https://deo.shopeemobile.com/shopee/modules-federation/live/0/shopee__item-card-standard-v2/0.2.8/pc/0614b8f0a8fdde22942d.svg,Besok,https://deo.shopeemobile.com/shopee/modules-federation/live/0/shopee__item-card-standard-v2/0.2.8/pc/b4d1b8a78b3621dbdf4a.svg,"ADVAN Laptop 2 In 1 360 Go Touchscreen AMD Ryzen 3-3200U 14 Inch IPS FHD 8GB 256GB Win 11 Original Garansi Resmi
Rp
5.396.000
-40%
5.0
11 Terjual
Besok
Surabaya",https://shopee.co.id/ADVAN-Laptop-2-In-1-360-Go-Touchscreen-AMD-Ryzen-3-3200U-14-Inch-IPS-FHD-8GB-256GB-Win-11-Original-Garansi-Resmi-i.318218543.55555236824?extraParams=%7B%22display_model_id%22%3A315479082014%2C%22model_selection_logic%22%3A3%7D&sp_atk=40118cee-d740-4f34-9b50-2f456b9c1602&xptdk=40118cee-d740-4f34-9b50-2f456b9c1602
https://down-id.img.susercontent.com/file/id-11134207-822wj-mne1surxiepwc8,https://down-id.img.susercontent.com/file/id-11134258-8224v-mkvw0cu9r7k1a5,Laptop Advan Workmate AMD Ryzen 5 3500U 16GB 512GB SSD 14.0 WUXGA IPS Windows 11 Home,https://deo.shopeemobile.com/shopee/modules-federation/live/0/shopee__item-card-standard-v2/0.2.8/pc/a425c915798471b33e5d.png,Rp,3.698.000,-1%,,https://deo.shopeemobile.com/shopee/modules-federation/live/0/shopee__item-card-standard-v2/0.2.8/pc/38e203dc86172a6c6560.svg,< 2 Hari,https://deo.shopeemobile.com/shopee/modules-federation/live/0/shopee__item-card-standard-v2/0.2.8/pc/5dd7b4560d0e2d3190e8.svg,Tangerang Selatan,Hadiah Gratis,https://deo.shopeemobile.com/shopee/modules-federation/live/0/shopee__item-card-standard-v2/0.2.8/pc/0614b8f0a8fdde22942d.svg,https://deo.shopeemobile.com/shopee/modules-federation/live/0/shopee__item-card-standard-v2/0.2.8/pc/0614b8f0a8fdde22942d.svg,< 2 Hari,https://deo.shopeemobile.com/shopee/modules-federation/live/0/shopee__item-card-standard-v2/0.2.8/pc/b4d1b8a78b3621dbdf4a.svg,"Laptop Advan Workmate AMD Ryzen 5 3500U 16GB 512GB SSD 14.0 WUXGA IPS Windows 11 Home
Rp
3.698.000
-1%
Hadiah Gratis
< 2 Hari
Tangerang Selatan",https://shopee.co.id/Laptop-Advan-Workmate-AMD-Ryzen-5-3500U-16GB-512GB-SSD-14.0-WUXGA-IPS-Windows-11-Home-i.1667818525.52750908815?extraParams=%7B%22display_model_id%22%3A380828833285%2C%22model_selection_logic%22%3A3%7D&sp_atk=2e0e6a2c-7be5-46f0-bf06-8095fecffcd7&xptdk=2e0e6a2c-7be5-46f0-bf06-8095fecffcd7
https://down-id.img.susercontent.com/file/id-11134207-7ra0k-md4w98nxhzbsaf,https://down-id.img.susercontent.com/file/id-11134258-8224v-mkvw0cu9r7k1a5,Advan Workmate Ryzen 5 16GB 1TB SSD Windows 11,https://deo.shopeemobile.com/shopee/modules-federation/live/0/shopee__item-card-standard-v2/0.2.8/pc/e4734dab67ee2f9ebd5a.png,Rp,5.633.000,-1%,4.9,https://deo.shopeemobile.com/shopee/modules-federation/live/0/shopee__item-card-standard-v2/0.2.8/pc/38e203dc86172a6c6560.svg,29 Terjual,https://deo.shopeemobile.com/shopee/modules-federation/live/0/shopee__item-card-standard-v2/0.2.8/pc/5dd7b4560d0e2d3190e8.svg,Jakarta Selatan,Cicilan,https://deo.shopeemobile.com/shopee/modules-federation/live/0/shopee__item-card-standard-v2/0.2.8/pc/d7099d3fd1dfdaf705ab.svg,https://deo.shopeemobile.com/shopee/modules-federation/live/0/shopee__item-card-standard-v2/0.2.8/pc/0614b8f0a8fdde22942d.svg,< 2 Hari,https://deo.shopeemobile.com/shopee/modules-federation/live/0/shopee__item-card-standard-v2/0.2.8/pc/b4d1b8a78b3621dbdf4a.svg,"Advan Workmate Ryzen 5 16GB 1TB SSD Windows 11
Rp
5.633.000
-1%
Cicilan
4.9
29 Terjual
< 2 Hari
Jakarta Selatan",https://shopee.co.id/Advan-Workmate-Ryzen-5-16GB-1TB-SSD-Windows-11-i.256652736.15300435508?extraParams=%7B%22display_model_id%22%3A207252898645%2C%22model_selection_logic%22%3A3%7D&sp_atk=44d77b32-73a6-4b09-b4fb-ec581ef93b12&xptdk=44d77b32-73a6-4b09-b4fb-ec581ef93b12
https://down-id.img.susercontent.com/file/id-11134207-8224v-mhjy5a059uki91,https://down-id.img.susercontent.com/file/id-11134258-8224v-mkvw0cu9r7k1a5,"Advan Workmate Ryzen 5 32GB SSD 14"" IPS Windows 11",https://deo.shopeemobile.com/shopee/modules-federation/live/0/shopee__item-card-standard-v2/0.2.8/pc/e4734dab67ee2f9ebd5a.png,Rp,5.979.000,,4.9,https://deo.shopeemobile.com/shopee/modules-federation/live/0/shopee__item-card-standard-v2/0.2.8/pc/38e203dc86172a6c6560.svg,636 Terjual,https://deo.shopeemobile.com/shopee/modules-federation/live/0/shopee__item-card-standard-v2/0.2.8/pc/5dd7b4560d0e2d3190e8.svg,Surabaya,Cicilan,https://deo.shopeemobile.com/shopee/modules-federation/live/0/shopee__item-card-standard-v2/0.2.8/pc/d7099d3fd1dfdaf705ab.svg,https://deo.shopeemobile.com/shopee/modules-federation/live/0/shopee__item-card-standard-v2/0.2.8/pc/0614b8f0a8fdde22942d.svg,Besok 11:00,,"Advan Workmate Ryzen 5 32GB SSD 14"" IPS Windows 11
Rp
5.979.000
Cicilan
4.9
636 Terjual
Besok 11:00
Surabaya",https://shopee.co.id/Advan-Workmate-Ryzen-5-32GB-SSD-14-IPS-Windows-11-i.96950295.12212386301?extraParams=%7B%22display_model_id%22%3A227570918862%2C%22model_selection_logic%22%3A3%7D&sp_atk=e57f3597-102f-47f8-8091-1372cc23981e&xptdk=e57f3597-102f-47f8-8091-1372cc23981e
https://down-id.img.susercontent.com/file/sg-11134201-7rfg5-m3af61k0lykr15,https://down-id.img.susercontent.com/file/id-11134258-8224v-mkvw0cu9r7k1a5,LAPTOP - ADVAN TBOOK X TRANSFORMERS GARANSI RESMI,,Rp,3.030.000,,,https://deo.shopeemobile.com/shopee/modules-federation/live/0/shopee__item-card-standard-v2/0.2.8/pc/76dff349290d20891fc1.svg,4-7 Hari,https://deo.shopeemobile.com/shopee/modules-federation/live/0/shopee__item-card-standard-v2/0.2.8/pc/5dd7b4560d0e2d3190e8.svg,Jakarta Pusat,,,,,,"LAPTOP - ADVAN TBOOK X TRANSFORMERS GARANSI RESMI
Rp
3.030.000
4-7 Hari
Jakarta Pusat",https://shopee.co.id/LAPTOP-ADVAN-TBOOK-X-TRANSFORMERS-GARANSI-RESMI-i.1362772826.29666154195?extraParams=%7B%22display_model_id%22%3A223403084358%2C%22model_selection_logic%22%3A3%7D&sp_atk=4320ae62-7719-426e-806e-fd4bb12c9d25&xptdk=4320ae62-7719-426e-806e-fd4bb12c9d25
https://down-id.img.susercontent.com/file/id-11134207-8224u-mha8hmavrcpacb,https://down-id.img.susercontent.com/file/id-11134258-8224q-mkvvibsp8oowa6,"Advan Workmate Ryzen 5 14"" FHD+ IPS Win 11",https://deo.shopeemobile.com/shopee/modules-federation/live/0/shopee__item-card-standard-v2/0.2.8/pc/e4734dab67ee2f9ebd5a.png,Rp,5.899.000,-31%,5.0,https://deo.shopeemobile.com/shopee/modules-federation/live/0/shopee__item-card-standard-v2/0.2.8/pc/38e203dc86172a6c6560.svg,183 Terjual,https://deo.shopeemobile.com/shopee/modules-federation/live/0/shopee__item-card-standard-v2/0.2.8/pc/5dd7b4560d0e2d3190e8.svg,Semarang,Pilih Lokal,https://deo.shopeemobile.com/shopee/modules-federation/live/0/shopee__item-card-standard-v2/0.2.8/pc/d7099d3fd1dfdaf705ab.svg,https://deo.shopeemobile.com/shopee/modules-federation/live/0/shopee__item-card-standard-v2/0.2.8/pc/0614b8f0a8fdde22942d.svg,< 2 Hari,,"Advan Workmate Ryzen 5 14"" FHD+ IPS Win 11
Rp
5.899.000
-31%
Pilih Lokal
5.0
183 Terjual
< 2 Hari
Semarang",https://shopee.co.id/Advan-Workmate-Ryzen-5-14-FHD-IPS-Win-11-i.1084083096.19484824739?extraParams=%7B%22display_model_id%22%3A276184197497%2C%22model_selection_logic%22%3A3%7D&sp_atk=54ef347b-8c25-4f6e-93f7-bc5d529e2c42&xptdk=54ef347b-8c25-4f6e-93f7-bc5d529e2c42
https://down-id.img.susercontent.com/file/id-11134207-8224y-mjpqkxwhdou9fb,https://down-id.img.susercontent.com/file/id-11134258-8224q-mkvvibsp8oowa6,ADVAN 2 in 1 Flip 360 Go AMD RYZEN 3 3200U RAM16GB SSD1TB 14inc FHD IPS Touchscreen Windows 11,https://deo.shopeemobile.com/shopee/modules-federation/live/0/shopee__item-card-standard-v2/0.2.8/pc/7c9110f78e069acbced7.png,Rp,5.493.510,-1%,5.0,https://deo.shopeemobile.com/shopee/modules-federation/live/0/shopee__item-card-standard-v2/0.2.8/pc/38e203dc86172a6c6560.svg,227 Terjual,https://deo.shopeemobile.com/shopee/modules-federation/live/0/shopee__item-card-standard-v2/0.2.8/pc/5dd7b4560d0e2d3190e8.svg,Jakarta Pusat,Pilih Lokal,https://deo.shopeemobile.com/shopee/modules-federation/live/0/shopee__item-card-standard-v2/0.2.8/pc/d7099d3fd1dfdaf705ab.svg,https://deo.shopeemobile.com/shopee/modules-federation/live/0/shopee__item-card-standard-v2/0.2.8/pc/0614b8f0a8fdde22942d.svg,< 2 Hari,,"ADVAN 2 in 1 Flip 360 Go AMD RYZEN 3 3200U RAM16GB SSD1TB 14inc FHD IPS Touchscreen Windows 11
Rp
5.493.510
-1%
Pilih Lokal
5.0
227 Terjual
< 2 Hari
Jakarta Pusat",https://shopee.co.id/ADVAN-2-in-1-Flip-360-Go-AMD-RYZEN-3-3200U-RAM16GB-SSD1TB-14inc-FHD-IPS-Touchscreen-Windows-11-i.186855095.22574512541?extraParams=%7B%22display_model_id%22%3A325460726042%2C%22model_selection_logic%22%3A3%7D&sp_atk=3e258250-6e66-44f8-bb4e-86f506cf7f23&xptdk=3e258250-6e66-44f8-bb4e-86f506cf7f23
https://down-id.img.susercontent.com/file/id-11134207-8224q-mha3bfmv589476,https://down-id.img.susercontent.com/file/id-11134258-8224v-mkvw0cu9r7k1a5,ADVAN WORKMATE - AMD RYZEN 5 3500U RAM 8GB 256GB W11 14.0WUXGA IPS,https://deo.shopeemobile.com/shopee/modules-federation/live/0/shopee__item-card-standard-v2/0.2.8/pc/7c9110f78e069acbced7.png,Rp,5.682.000,-69%,4.9,https://deo.shopeemobile.com/shopee/modules-federation/live/0/shopee__item-card-standard-v2/0.2.8/pc/38e203dc86172a6c6560.svg,112 Terjual,https://deo.shopeemobile.com/shopee/modules-federation/live/0/shopee__item-card-standard-v2/0.2.8/pc/5dd7b4560d0e2d3190e8.svg,Jakarta Utara,Cicilan,https://deo.shopeemobile.com/shopee/modules-federation/live/0/shopee__item-card-standard-v2/0.2.8/pc/d7099d3fd1dfdaf705ab.svg,https://deo.shopeemobile.com/shopee/modules-federation/live/0/shopee__item-card-standard-v2/0.2.8/pc/0614b8f0a8fdde22942d.svg,< 2 Hari,https://deo.shopeemobile.com/shopee/modules-federation/live/0/shopee__item-card-standard-v2/0.2.8/pc/b4d1b8a78b3621dbdf4a.svg,"ADVAN WORKMATE - AMD RYZEN 5 3500U RAM 8GB 256GB W11 14.0WUXGA IPS
Rp
5.682.000
-69%
Cicilan
4.9
112 Terjual
< 2 Hari
Jakarta Utara",https://shopee.co.id/ADVAN-WORKMATE-AMD-RYZEN-5-3500U-RAM-8GB-256GB-W11-14.0WUXGA-IPS-i.78730497.5000874326?extraParams=%7B%22display_model_id%22%3A282486138372%2C%22model_selection_logic%22%3A3%7D&sp_atk=4fc00e4c-4e7d-4581-8ef4-83dbabef9737&xptdk=4fc00e4c-4e7d-4581-8ef4-83dbabef9737
https://down-id.img.susercontent.com/file/id-11134207-7rbk8-ma2b6yr921vxe1,https://down-id.img.susercontent.com/file/id-11134258-8224q-mkvvibsp8oowa6,"Advan WORKPLUS HERITAGE AMD Ryzen 5 7535HS 8GB 512GB Radeon 660M 14"" WUXGA IPS Windows 11 Laptop",https://deo.shopeemobile.com/shopee/modules-federation/live/0/shopee__item-card-standard-v2/0.2.8/pc/e4734dab67ee2f9ebd5a.png,Rp,7.499.000,-35%,4.9,https://deo.shopeemobile.com/shopee/modules-federation/live/0/shopee__item-card-standard-v2/0.2.8/pc/38e203dc86172a6c6560.svg,28 Terjual,https://deo.shopeemobile.com/shopee/modules-federation/live/0/shopee__item-card-standard-v2/0.2.8/pc/5dd7b4560d0e2d3190e8.svg,Semarang,Pilih Lokal,https://deo.shopeemobile.com/shopee/modules-federation/live/0/shopee__item-card-standard-v2/0.2.8/pc/d7099d3fd1dfdaf705ab.svg,https://deo.shopeemobile.com/shopee/modules-federation/live/0/shopee__item-card-standard-v2/0.2.8/pc/0614b8f0a8fdde22942d.svg,< 2 Hari,,"Advan WORKPLUS HERITAGE AMD Ryzen 5 7535HS 8GB 512GB Radeon 660M 14"" WUXGA IPS Windows 11 Laptop
Rp
7.499.000
-35%
Pilih Lokal
4.9
28 Terjual
< 2 Hari
Semarang",https://shopee.co.id/Advan-WORKPLUS-HERITAGE-AMD-Ryzen-5-7535HS-8GB-512GB-Radeon-660M-14-WUXGA-IPS-Windows-11-Laptop-i.1084083096.28836824425?extraParams=%7B%22display_model_id%22%3A276485046130%2C%22model_selection_logic%22%3A3%7D&sp_atk=7b5751dd-b1e4-4fe0-95a7-5f2a45bbb873&xptdk=7b5751dd-b1e4-4fe0-95a7-5f2a45bbb873
https://down-id.img.susercontent.com/file/sg-11134201-7rd5e-m782ef32ofqh1e,https://down-id.img.susercontent.com/file/id-11134258-8224q-mkvvibsp8oowa6,"[FREE STYLUS PEN +KEYBOARD] ADVAN Laptop 2 in 1 EVO-X 16” / 13"" Touchscreen Detachable 2.5K Display Intel i3-1215U/Intel N100/Intel N100 12GB/512GB Windows 11 - Garansi Resmi 1 Tahun",https://deo.shopeemobile.com/shopee/modules-federation/live/0/shopee__item-card-standard-v2/0.2.8/pc/7c9110f78e069acbced7.png,Rp,7.499.000,-50%,4.9,https://deo.shopeemobile.com/shopee/modules-federation/live/0/shopee__item-card-standard-v2/0.2.8/pc/76dff349290d20891fc1.svg,65 Terjual,https://deo.shopeemobile.com/shopee/modules-federation/live/0/shopee__item-card-standard-v2/0.2.8/pc/5dd7b4560d0e2d3190e8.svg,Kab. Tangerang,Pilih Lokal,https://deo.shopeemobile.com/shopee/modules-federation/live/0/shopee__item-card-standard-v2/0.2.8/pc/d7099d3fd1dfdaf705ab.svg,,,,"[FREE STYLUS PEN +KEYBOARD] ADVAN Laptop 2 in 1 EVO-X 16” / 13"" Touchscreen Detachable 2.5K Display Intel i3-1215U/Intel N100/Intel N100 12GB/512GB Windows 11 - Garansi Resmi 1 Tahun
Rp
7.499.000
-50%
Pilih Lokal
4.9
65 Terjual
3-5 Hari
Kab. Tangerang",https://shopee.co.id/-FREE-STYLUS-PEN-KEYBOARD-ADVAN-Laptop-2-in-1-EVO-X-16%E2%80%9D-13-Touchscreen-Detachable-2.5K-Display-Intel-i3-1215U-Intel-N100-Intel-N100-12GB-512GB-Windows-11-Garansi-Resmi-1-Tahun-i.478083269.26029269748?extraParams=%7B%22display_model_id%22%3A258138907215%2C%22model_selection_logic%22%3A3%7D&sp_atk=6223a73c-3ac2-4b62-bbab-6a9f502fdc66&xptdk=6223a73c-3ac2-4b62-bbab-6a9f502fdc66
https://down-id.img.susercontent.com/file/id-11134207-822wo-mmwrrorkgoi029,https://down-id.img.susercontent.com/file/id-11134258-8224v-mkvw0cu9r7k1a5,ADVAN SOULMATE X2 AMD 3020 - RAM 8GB 128GB WINDOWS 11 14.0 IPS,https://deo.shopeemobile.com/shopee/modules-federation/live/0/shopee__item-card-standard-v2/0.2.8/pc/7c9110f78e069acbced7.png,Rp,3.753.000,-50%,4.9,https://deo.shopeemobile.com/shopee/modules-federation/live/0/shopee__item-card-standard-v2/0.2.8/pc/38e203dc86172a6c6560.svg,43 Terjual,https://deo.shopeemobile.com/shopee/modules-federation/live/0/shopee__item-card-standard-v2/0.2.8/pc/5dd7b4560d0e2d3190e8.svg,Jakarta Utara,Cicilan,https://deo.shopeemobile.com/shopee/modules-federation/live/0/shopee__item-card-standard-v2/0.2.8/pc/d7099d3fd1dfdaf705ab.svg,https://deo.shopeemobile.com/shopee/modules-federation/live/0/shopee__item-card-standard-v2/0.2.8/pc/0614b8f0a8fdde22942d.svg,< 2 Hari,https://deo.shopeemobile.com/shopee/modules-federation/live/0/shopee__item-card-standard-v2/0.2.8/pc/b4d1b8a78b3621dbdf4a.svg,"ADVAN SOULMATE X2 AMD 3020 - RAM 8GB 128GB WINDOWS 11 14.0 IPS
Rp
3.753.000
-50%
Cicilan
Hadiah Gratis
4.9
43 Terjual
< 2 Hari
Jakarta Utara",https://shopee.co.id/ADVAN-SOULMATE-X2-AMD-3020-RAM-8GB-128GB-WINDOWS-11-14.0-IPS-i.250649369.15014278387?extraParams=%7B%22display_model_id%22%3A355773132874%2C%22model_selection_logic%22%3A3%7D&sp_atk=15a654ea-34b4-4e9a-a68c-a418bca84750&xptdk=15a654ea-34b4-4e9a-a68c-a418bca84750
https://down-id.img.susercontent.com/file/id-11134207-8224p-mjf8qqk3fqpu18,https://down-id.img.susercontent.com/file/id-11134258-8224v-mkvw0cu9r7k1a5,ADVAN Laptop Tbook Intel Core N100 8GB 128GB+512GB Win 11 14.0 Inch,https://deo.shopeemobile.com/shopee/modules-federation/live/0/shopee__item-card-standard-v2/0.2.8/pc/7c9110f78e069acbced7.png,Rp,4.262.000,-26%,4.9,https://deo.shopeemobile.com/shopee/modules-federation/live/0/shopee__item-card-standard-v2/0.2.8/pc/38e203dc86172a6c6560.svg,25 Terjual,https://deo.shopeemobile.com/shopee/modules-federation/live/0/shopee__item-card-standard-v2/0.2.8/pc/5dd7b4560d0e2d3190e8.svg,Depok,,https://deo.shopeemobile.com/shopee/modules-federation/live/0/shopee__item-card-standard-v2/0.2.8/pc/d7099d3fd1dfdaf705ab.svg,https://deo.shopeemobile.com/shopee/modules-federation/live/0/shopee__item-card-standard-v2/0.2.8/pc/0614b8f0a8fdde22942d.svg,< 2 Hari,,"ADVAN Laptop Tbook Intel Core N100 8GB 128GB+512GB Win 11 14.0 Inch
Rp
4.262.000
-26%
4.9
25 Terjual
< 2 Hari
Depok",https://shopee.co.id/ADVAN-Laptop-Tbook-Intel-Core-N100-8GB-128GB-512GB-Win-11-14.0-Inch-i.1274014683.28966862342?extraParams=%7B%22display_model_id%22%3A440426818152%2C%22model_selection_logic%22%3A3%7D&sp_atk=17007035-9f96-4ff6-9b0d-89fc068be1bd&xptdk=17007035-9f96-4ff6-9b0d-89fc068be1bd
https://down-id.img.susercontent.com/file/id-11134207-82250-mg7n4m0xp5ah88,https://down-id.img.susercontent.com/file/id-11134258-822wk-mlx5wnmfz7k3dd,"Laptop Advan Workmate R5-3500U 8GB/256GB 14"" FHD IPS Win11",https://deo.shopeemobile.com/shopee/modules-federation/live/0/shopee__item-card-standard-v2/0.2.8/pc/e4734dab67ee2f9ebd5a.png,Rp,5.890.000,-26%,4.9,https://deo.shopeemobile.com/shopee/modules-federation/live/0/shopee__item-card-standard-v2/0.2.8/pc/38e203dc86172a6c6560.svg,1RB+ Terjual,https://deo.shopeemobile.com/shopee/modules-federation/live/0/shopee__item-card-standard-v2/0.2.8/pc/5dd7b4560d0e2d3190e8.svg,Jakarta Pusat,Pilih Lokal,https://deo.shopeemobile.com/shopee/modules-federation/live/0/shopee__item-card-standard-v2/0.2.8/pc/d7099d3fd1dfdaf705ab.svg,https://deo.shopeemobile.com/shopee/modules-federation/live/0/shopee__item-card-standard-v2/0.2.8/pc/0614b8f0a8fdde22942d.svg,< 2 Hari,,"Laptop Advan Workmate R5-3500U 8GB/256GB 14"" FHD IPS Win11
Rp
5.890.000
-26%
Pilih Lokal
Cicilan
4.9
1RB+ Terjual
< 2 Hari
Jakarta Pusat",https://shopee.co.id/Laptop-Advan-Workmate-R5-3500U-8GB-256GB-14-FHD-IPS-Win11-i.148846460.7432686911?extraParams=%7B%22display_model_id%22%3A301153194409%2C%22model_selection_logic%22%3A3%7D&sp_atk=0cfb38d0-b4d8-4922-9ba3-3d9c709fb6a3&xptdk=0cfb38d0-b4d8-4922-9ba3-3d9c709fb6a3